profile,model,budget,strategy,time_seconds,useful_eflop,wasted_eflop,accepted_rollouts,extra_rollouts
aime24__model=qwen2_5_32b,qwen2_5_32b,8,uniform,393.685032915,0.016771609201844225,0,240,0
aime24__model=qwen2_5_32b,qwen2_5_32b,8,hbn-sync,779.412449008,0.017802789774102528,0.0,240,0
aime24__model=qwen2_5_32b,qwen2_5_32b,8,hbn-async,76.07738199,0.015269771823220736,0.002711257053442048,240,47
aime24__model=qwen2_5_32b,qwen2_5_32b,16,uniform,428.716402783,0.03686903758505984,0,480,0
aime24__model=qwen2_5_32b,qwen2_5_32b,16,hbn-sync,855.267263708,0.040230327571951614,0.0,480,0
aime24__model=qwen2_5_32b,qwen2_5_32b,16,hbn-async,461.152944677,0.04030742877288858,0.003882121037907968,480,35
aime24__model=qwen2_5_32b,qwen2_5_32b,32,uniform,513.413211779,0.07453275848058266,0,960,0
aime24__model=qwen2_5_32b,qwen2_5_32b,32,hbn-sync,942.416405376,0.07925956767570125,0.0,960,0
aime24__model=qwen2_5_32b,qwen2_5_32b,32,hbn-async,507.054977561,0.06962467034524877,0.000379584375058432,960,5
aime24__model=qwen2_5_32b,qwen2_5_32b,64,uniform,716.792739438,0.14708172617883034,0,1920,0
aime24__model=qwen2_5_32b,qwen2_5_32b,64,hbn-sync,1052.624895576,0.15265680852237107,0.0,1920,0
aime24__model=qwen2_5_32b,qwen2_5_32b,64,hbn-async,1023.178256343,0.1510786350324142,0.001980821869125632,1920,11
aime24__model=qwen2_5_3b,qwen2_5_3b,8,uniform,76.909978732,0.003927436019884032,0,240,0
aime24__model=qwen2_5_3b,qwen2_5_3b,8,hbn-sync,136.672232448,0.003193841035534336,0.0,240,0
aime24__model=qwen2_5_3b,qwen2_5_3b,8,hbn-async,89.756770176,0.003588125602545664,0.000541126987227136,240,34
aime24__model=qwen2_5_3b,qwen2_5_3b,16,uniform,85.351270541,0.007682370179571712,0,480,0
aime24__model=qwen2_5_3b,qwen2_5_3b,16,hbn-sync,155.73618534,0.007466592253239296,0.0,480,0
aime24__model=qwen2_5_3b,qwen2_5_3b,16,hbn-async,98.147218348,0.007547683347521536,0.00085048574705664,480,37
aime24__model=qwen2_5_3b,qwen2_5_3b,32,uniform,113.828984243,0.012936782952538112,0,960,0
aime24__model=qwen2_5_3b,qwen2_5_3b,32,hbn-sync,164.97454243,0.012763056050700288,0.0,960,0
aime24__model=qwen2_5_3b,qwen2_5_3b,32,hbn-async,164.118942929,0.014413045219278848,0.001268395036884992,960,45
aime24__model=qwen2_5_3b,qwen2_5_3b,64,uniform,184.015319872,0.028482624231686144,0,1920,0
aime24__model=qwen2_5_3b,qwen2_5_3b,64,hbn-sync,206.047827821,0.024228724985430015,0.0,1920,0
aime24__model=qwen2_5_3b,qwen2_5_3b,64,hbn-async,164.946334238,0.025555981232472064,0.00045324083341721604,1920,17
aime24__model=qwen2_5_7b,qwen2_5_7b,8,uniform,108.974391642,0.00572829571209728,0,240,0
aime24__model=qwen2_5_7b,qwen2_5_7b,8,hbn-sync,199.456805374,0.00628656930517504,0.0,240,0
aime24__model=qwen2_5_7b,qwen2_5_7b,8,hbn-async,137.959218548,0.005520934045892608,0.000839459565615104,240,31
aime24__model=qwen2_5_7b,qwen2_5_7b,16,uniform,118.936057267,0.010941511301697536,0,480,0
aime24__model=qwen2_5_7b,qwen2_5_7b,16,hbn-sync,204.768515767,0.009581798608370688,0.0,480,0
aime24__model=qwen2_5_7b,qwen2_5_7b,16,hbn-async,124.265860712,0.009005591007909888,0.000578353978682368,480,18
aime24__model=qwen2_5_7b,qwen2_5_7b,32,uniform,156.961679971,0.021855230706491393,0,960,0
aime24__model=qwen2_5_7b,qwen2_5_7b,32,hbn-sync,225.506333685,0.01851176913144832,0.0,960,0
aime24__model=qwen2_5_7b,qwen2_5_7b,32,hbn-async,138.81554601,0.018985126997738497,0.001027606972084224,960,18
aime24__model=qwen2_5_7b,qwen2_5_7b,64,uniform,211.464700089,0.04118111125108736,0,1920,0
aime24__model=qwen2_5_7b,qwen2_5_7b,64,hbn-sync,300.411198745,0.03697832703684403,0.0,1920,0
aime24__model=qwen2_5_7b,qwen2_5_7b,64,hbn-async,193.779315324,0.037557072867328,0.000220907752282112,1920,8
aime24__model=qwen3_5_27b,qwen3_5_27b,8,uniform,595.024956524,0.15073013202334926,0,240,0
aime24__model=qwen3_5_27b,qwen3_5_27b,8,hbn-sync,911.487977078,0.15747012004982683,0.0,240,0
aime24__model=qwen3_5_27b,qwen3_5_27b,8,hbn-async,899.726248867,0.15570138573290598,0.013978503116042238,240,39
aime24__model=qwen3_5_27b,qwen3_5_27b,16,uniform,1183.66566568,0.3041536298820854,0,480,0
aime24__model=qwen3_5_27b,qwen3_5_27b,16,hbn-sync,1399.536773961,0.3191273003936041,0.0,480,0
aime24__model=qwen3_5_27b,qwen3_5_27b,16,hbn-async,1206.390352676,0.31584860986384383,0.003070953754338304,480,28
aime24__model=qwen3_5_27b,qwen3_5_27b,32,uniform,2027.211939172,0.6058595051549799,0,960,0
aime24__model=qwen3_5_27b,qwen3_5_27b,32,hbn-sync,2459.302226409,0.6387913120229591,0.0,960,0
aime24__model=qwen3_5_27b,qwen3_5_27b,32,hbn-async,2114.363955066,0.6396871817386927,0.0,960,0
aime24__model=qwen3_5_27b,qwen3_5_27b,64,uniform,3969.542496692,1.2281528121129799,0,1920,0
aime24__model=qwen3_5_27b,qwen3_5_27b,64,hbn-sync,4441.188495501,1.2966879750190787,0.0,1920,0
aime24__model=qwen3_5_27b,qwen3_5_27b,64,hbn-async,4246.540680451,1.2958213059780301,0.0,1920,0
aime24__model=qwen3_5_4b,qwen3_5_4b,8,uniform,241.483957674,0.029355777885288446,0,240,0
aime24__model=qwen3_5_4b,qwen3_5_4b,8,hbn-sync,315.712718656,0.02916041328901939,0.0,240,0
aime24__model=qwen3_5_4b,qwen3_5_4b,8,hbn-async,324.073378235,0.028606020595183617,0.003585056521897984,240,49
aime24__model=qwen3_5_4b,qwen3_5_4b,16,uniform,496.690627487,0.058107410775617534,0,480,0
aime24__model=qwen3_5_4b,qwen3_5_4b,16,hbn-sync,540.916149958,0.05881505747390669,0.0,480,0
aime24__model=qwen3_5_4b,qwen3_5_4b,16,hbn-async,476.205378538,0.059095072994512894,0.000410071019933696,480,23
aime24__model=qwen3_5_4b,qwen3_5_4b,32,uniform,851.053678495,0.1140906820260352,0,960,0
aime24__model=qwen3_5_4b,qwen3_5_4b,32,hbn-sync,956.616335498,0.11737470098092646,0.0,960,0
aime24__model=qwen3_5_4b,qwen3_5_4b,32,hbn-async,864.696716509,0.11729761054618829,0.0,960,0
aime24__model=qwen3_5_4b,qwen3_5_4b,64,uniform,1645.094381794,0.2326687369375662,0,1920,0
aime24__model=qwen3_5_4b,qwen3_5_4b,64,hbn-sync,1801.289877336,0.24136800899676775,0.0,1920,0
aime24__model=qwen3_5_4b,qwen3_5_4b,64,hbn-async,1768.050999625,0.2435548618569257,0.0,1920,0
aime24__model=qwen3_5_9b,qwen3_5_9b,8,uniform,276.877400626,0.05233322132333568,0,240,0
aime24__model=qwen3_5_9b,qwen3_5_9b,8,hbn-sync,389.147390657,0.05152365003109376,0.0,240,0
aime24__model=qwen3_5_9b,qwen3_5_9b,8,hbn-async,387.800395305,0.05371720531805184,0.004615675977355264,240,32
aime24__model=qwen3_5_9b,qwen3_5_9b,16,uniform,542.998148761,0.10355792534247117,0,480,0
aime24__model=qwen3_5_9b,qwen3_5_9b,16,hbn-sync,620.796251519,0.10438421049016013,0.0,480,0
aime24__model=qwen3_5_9b,qwen3_5_9b,16,hbn-async,541.839987035,0.10559333824456908,0.000257718352094208,480,12
aime24__model=qwen3_5_9b,qwen3_5_9b,32,uniform,993.70226264,0.20914239896683418,0,960,0
aime24__model=qwen3_5_9b,qwen3_5_9b,32,hbn-sync,1092.413807636,0.21060161696482305,0.0,960,0
aime24__model=qwen3_5_9b,qwen3_5_9b,32,hbn-async,1002.285876354,0.21053982543686145,0.0,960,0
aime24__model=qwen3_5_9b,qwen3_5_9b,64,uniform,1883.794979447,0.4188566610185656,0,1920,0
aime24__model=qwen3_5_9b,qwen3_5_9b,64,hbn-sync,1961.341791208,0.416984327196286,0.0,1920,0
aime24__model=qwen3_5_9b,qwen3_5_9b,64,hbn-async,1896.367402899,0.4211445626648248,0.0,1920,0
aime25__model=qwen2_5_32b,qwen2_5_32b,8,uniform,55.968776991,0.016625226934853632,0,240,0
aime25__model=qwen2_5_32b,qwen2_5_32b,8,hbn-sync,421.109348615,0.017477190267262976,0.0,240,0
aime25__model=qwen2_5_32b,qwen2_5_32b,8,hbn-async,61.537162023,0.016284459899860992,0.002711667151931392,240,40
aime25__model=qwen2_5_32b,qwen2_5_32b,16,uniform,428.132331402,0.037537616749019134,0,480,0
aime25__model=qwen2_5_32b,qwen2_5_32b,16,hbn-sync,779.257988429,0.0374647173983191,0.0,480,0
aime25__model=qwen2_5_32b,qwen2_5_32b,16,hbn-async,411.528758888,0.03385783890431181,0.000727822940280832,480,17
aime25__model=qwen2_5_32b,qwen2_5_32b,32,uniform,478.572527313,0.07349306200526644,0,960,0
aime25__model=qwen2_5_32b,qwen2_5_32b,32,hbn-sync,835.454817677,0.07043088151867596,0.0,960,0
aime25__model=qwen2_5_32b,qwen2_5_32b,32,hbn-async,829.756192657,0.07564820192058777,0.000134827206293504,960,2
aime25__model=qwen2_5_32b,qwen2_5_32b,64,uniform,666.203156436,0.15046011963582054,0,1920,0
aime25__model=qwen2_5_32b,qwen2_5_32b,64,hbn-sync,932.457250462,0.14511726724507237,0.0,1920,0
aime25__model=qwen2_5_32b,qwen2_5_32b,64,hbn-async,661.76926031,0.14475188766774683,0.000887246006321152,1920,2
aime25__model=qwen2_5_3b,qwen2_5_3b,8,uniform,70.045911762,0.002047727096168448,0,240,0
aime25__model=qwen2_5_3b,qwen2_5_3b,8,hbn-sync,72.888226262,0.001754530989850624,0.0,240,0
aime25__model=qwen2_5_3b,qwen2_5_3b,8,hbn-async,74.271374067,0.002435098738925568,0.000187045201403904,240,29
aime25__model=qwen2_5_3b,qwen2_5_3b,16,uniform,76.668387371,0.004669171697934336,0,480,0
aime25__model=qwen2_5_3b,qwen2_5_3b,16,hbn-sync,145.262736985,0.005149437569753088,0.0,480,0
aime25__model=qwen2_5_3b,qwen2_5_3b,16,hbn-async,76.294949497,0.004081514908106752,0.000281874913271808,480,21
aime25__model=qwen2_5_3b,qwen2_5_3b,32,uniform,84.294162203,0.007861123131154432,0,960,0
aime25__model=qwen2_5_3b,qwen2_5_3b,32,hbn-sync,152.453218687,0.009307138855673856,0.0,960,0
aime25__model=qwen2_5_3b,qwen2_5_3b,32,hbn-async,90.964772848,0.008987669931040767,1.821635252224e-05,960,3
aime25__model=qwen2_5_3b,qwen2_5_3b,64,uniform,111.90624837,0.016716165110407168,0,1920,0
aime25__model=qwen2_5_3b,qwen2_5_3b,64,hbn-sync,173.320117376,0.017074248411185152,0.0,1920,0
aime25__model=qwen2_5_3b,qwen2_5_3b,64,hbn-async,110.215147675,0.016509142185926657,9.246060961792e-05,1920,14
aime25__model=qwen2_5_7b,qwen2_5_7b,8,uniform,110.091269421,0.004342407692392448,0,240,0
aime25__model=qwen2_5_7b,qwen2_5_7b,8,hbn-sync,123.819175859,0.004398390797043712,0.0,240,0
aime25__model=qwen2_5_7b,qwen2_5_7b,8,hbn-async,102.595890853,0.004278976476665856,0.000655279088049152,240,42
aime25__model=qwen2_5_7b,qwen2_5_7b,16,uniform,114.388014263,0.008749627758434304,0,480,0
aime25__model=qwen2_5_7b,qwen2_5_7b,16,hbn-sync,197.02104724,0.008559322470300673,0.0,480,0
aime25__model=qwen2_5_7b,qwen2_5_7b,16,hbn-async,104.239643733,0.008201236617140223,0.000182886963796992,480,10
aime25__model=qwen2_5_7b,qwen2_5_7b,32,uniform,135.656554811,0.017690377897342974,0,960,0
aime25__model=qwen2_5_7b,qwen2_5_7b,32,hbn-sync,211.510000934,0.01715677912987853,0.0,960,0
aime25__model=qwen2_5_7b,qwen2_5_7b,32,hbn-async,125.204114804,0.017394150617460736,9.8299764011008e-05,960,6
aime25__model=qwen2_5_7b,qwen2_5_7b,64,uniform,168.280220237,0.03547474362406195,0,1920,0
aime25__model=qwen2_5_7b,qwen2_5_7b,64,hbn-sync,257.789639433,0.03421340540396441,0.0,1920,0
aime25__model=qwen2_5_7b,qwen2_5_7b,64,hbn-async,156.390340833,0.032664091381684225,3.1321651293184e-05,1920,2
aime25__model=qwen3_5_27b,qwen3_5_27b,8,uniform,598.248895622,0.1672181133914788,0,240,0
aime25__model=qwen3_5_27b,qwen3_5_27b,8,hbn-sync,955.516688875,0.16819218088589413,0.0,240,0
aime25__model=qwen3_5_27b,qwen3_5_27b,8,hbn-async,924.681411937,0.1673613122980741,0.015216765594615808,240,38
aime25__model=qwen3_5_27b,qwen3_5_27b,16,uniform,1217.759486123,0.3277576629403904,0,480,0
aime25__model=qwen3_5_27b,qwen3_5_27b,16,hbn-sync,1486.938249543,0.3408413194997238,0.0,480,0
aime25__model=qwen3_5_27b,qwen3_5_27b,16,hbn-async,1279.375878854,0.33748515005244106,0.000488885301788672,480,11
aime25__model=qwen3_5_27b,qwen3_5_27b,32,uniform,2209.535876982,0.6560615536351242,0,960,0
aime25__model=qwen3_5_27b,qwen3_5_27b,32,hbn-sync,2529.529388504,0.6794161860179078,0.0,960,0
aime25__model=qwen3_5_27b,qwen3_5_27b,32,hbn-async,2335.274873149,0.681482379108649,0.0,960,0
aime25__model=qwen3_5_27b,qwen3_5_27b,64,uniform,4344.741342384,1.3283293235458786,0,1920,0
aime25__model=qwen3_5_27b,qwen3_5_27b,64,hbn-sync,4800.678992569,1.381384382986837,0.0,1920,0
aime25__model=qwen3_5_27b,qwen3_5_27b,64,hbn-async,4566.511542278,1.3805332086955182,0.0,1920,0
aime25__model=qwen3_5_4b,qwen3_5_4b,8,uniform,267.222947463,0.03049962661146624,0,240,0
aime25__model=qwen3_5_4b,qwen3_5_4b,8,hbn-sync,348.782791956,0.03022144085803827,0.0,240,0
aime25__model=qwen3_5_4b,qwen3_5_4b,8,hbn-async,309.067418587,0.030628351486691328,0.002063909698004992,240,28
aime25__model=qwen3_5_4b,qwen3_5_4b,16,uniform,517.345416441,0.06146924296715674,0,480,0
aime25__model=qwen3_5_4b,qwen3_5_4b,16,hbn-sync,569.370870743,0.06052414020513178,0.0,480,0
aime25__model=qwen3_5_4b,qwen3_5_4b,16,hbn-async,471.98446998,0.0607124591781376,7.6658099286016e-05,480,6
aime25__model=qwen3_5_4b,qwen3_5_4b,32,uniform,920.973876899,0.12284896220247654,0,960,0
aime25__model=qwen3_5_4b,qwen3_5_4b,32,hbn-sync,1022.124386818,0.12213739304195277,0.0,960,0
aime25__model=qwen3_5_4b,qwen3_5_4b,32,hbn-async,896.854777191,0.12079197318130279,0.0,960,0
aime25__model=qwen3_5_4b,qwen3_5_4b,64,uniform,1760.883683973,0.24412929634581298,0,1920,0
aime25__model=qwen3_5_4b,qwen3_5_4b,64,hbn-sync,1776.672588306,0.23849858719212544,0.0,1920,0
aime25__model=qwen3_5_4b,qwen3_5_4b,64,hbn-async,1712.626662751,0.2390970152451154,0.0,1920,0
aime25__model=qwen3_5_9b,qwen3_5_9b,8,uniform,274.619876691,0.0541200565041623,0,240,0
aime25__model=qwen3_5_9b,qwen3_5_9b,8,hbn-sync,410.708276761,0.05526011087187968,0.0,240,0
aime25__model=qwen3_5_9b,qwen3_5_9b,8,hbn-async,392.824755065,0.0545629766749481,0.005919398622089216,240,39
aime25__model=qwen3_5_9b,qwen3_5_9b,16,uniform,583.073889985,0.10996747233141657,0,480,0
aime25__model=qwen3_5_9b,qwen3_5_9b,16,hbn-sync,638.371193065,0.10894587760419021,0.0,480,0
aime25__model=qwen3_5_9b,qwen3_5_9b,16,hbn-async,543.949249853,0.10672633776116838,0.000621281343859712,480,23
aime25__model=qwen3_5_9b,qwen3_5_9b,32,uniform,1034.422710073,0.21844302554104114,0,960,0
aime25__model=qwen3_5_9b,qwen3_5_9b,32,hbn-sync,1142.951392555,0.21707136676739994,0.0,960,0
aime25__model=qwen3_5_9b,qwen3_5_9b,32,hbn-async,1037.325686048,0.2169174232438272,0.0,960,0
aime25__model=qwen3_5_9b,qwen3_5_9b,64,uniform,2015.225994031,0.43875971235986844,0,1920,0
aime25__model=qwen3_5_9b,qwen3_5_9b,64,hbn-sync,2095.079129877,0.43935599411160986,0.0,1920,0
aime25__model=qwen3_5_9b,qwen3_5_9b,64,hbn-async,1998.409318422,0.43918956996819764,0.0,1920,0
aime26__model=qwen2_5_32b,qwen2_5_32b,8,uniform,393.630623774,0.01943249481033728,0,240,0
aime26__model=qwen2_5_32b,qwen2_5_32b,8,hbn-sync,824.379687644,0.028193130209654783,0.0,240,0
aime26__model=qwen2_5_32b,qwen2_5_32b,8,hbn-async,406.815090326,0.021101516258369535,0.003781301994262528,240,53
aime26__model=qwen2_5_32b,qwen2_5_32b,16,uniform,470.713427821,0.0437239286283264,0,480,0
aime26__model=qwen2_5_32b,qwen2_5_32b,16,hbn-sync,834.555994222,0.04175580491507507,0.0,480,0
aime26__model=qwen2_5_32b,qwen2_5_32b,16,hbn-async,466.320203665,0.04310834346801152,0.00218497147638784,480,13
aime26__model=qwen2_5_32b,qwen2_5_32b,32,uniform,545.884634211,0.07878483984749977,0,960,0
aime26__model=qwen2_5_32b,qwen2_5_32b,32,hbn-sync,924.336430856,0.07734318688165273,0.0,960,0
aime26__model=qwen2_5_32b,qwen2_5_32b,32,hbn-async,552.677063161,0.08146845414684467,0.001279386178973696,960,3
aime26__model=qwen2_5_32b,qwen2_5_32b,64,uniform,703.532761122,0.15212859669527756,0,1920,0
aime26__model=qwen2_5_32b,qwen2_5_32b,64,hbn-sync,1025.725065571,0.16235448744421171,0.0,1920,0
aime26__model=qwen2_5_32b,qwen2_5_32b,64,hbn-async,914.972773466,0.16001764433546445,0.004739191893997568,1920,68
aime26__model=qwen2_5_3b,qwen2_5_3b,8,uniform,74.025152497,0.00293752395030528,0,240,0
aime26__model=qwen2_5_3b,qwen2_5_3b,8,hbn-sync,134.282673152,0.002962602594533376,0.0,240,0
aime26__model=qwen2_5_3b,qwen2_5_3b,8,hbn-async,76.052650516,0.003048814707458048,0.000317757829054464,240,25
aime26__model=qwen2_5_3b,qwen2_5_3b,16,uniform,89.420103045,0.006104566625665024,0,480,0
aime26__model=qwen2_5_3b,qwen2_5_3b,16,hbn-sync,153.111007501,0.006399906301648896,0.0,480,0
aime26__model=qwen2_5_3b,qwen2_5_3b,16,hbn-async,88.282453483,0.005639451209515008,0.000209638561390592,480,10
aime26__model=qwen2_5_3b,qwen2_5_3b,32,uniform,102.451963757,0.011107323639611392,0,960,0
aime26__model=qwen2_5_3b,qwen2_5_3b,32,hbn-sync,161.355594305,0.011080085467963392,0.0,960,0
aime26__model=qwen2_5_3b,qwen2_5_3b,32,hbn-async,96.294242377,0.011348289036238848,0.000203314991112192,960,8
aime26__model=qwen2_5_3b,qwen2_5_3b,64,uniform,151.666315119,0.024180616013111295,0,1920,0
aime26__model=qwen2_5_3b,qwen2_5_3b,64,hbn-sync,203.777194628,0.022933003400617984,0.0,1920,0
aime26__model=qwen2_5_3b,qwen2_5_3b,64,hbn-async,141.660171282,0.022912593291984897,0.000145274293116928,1920,10
aime26__model=qwen2_5_7b,qwen2_5_7b,8,uniform,106.613839704,0.005421105278733312,0,240,0
aime26__model=qwen2_5_7b,qwen2_5_7b,8,hbn-sync,203.491923313,0.005615988141596672,0.0,240,0
aime26__model=qwen2_5_7b,qwen2_5_7b,8,hbn-async,114.659553639,0.006221294101449728,0.001001920254999552,240,41
aime26__model=qwen2_5_7b,qwen2_5_7b,16,uniform,142.49181276,0.01154890173523968,0,480,0
aime26__model=qwen2_5_7b,qwen2_5_7b,16,hbn-sync,218.224256067,0.011179172740420608,0.0,480,0
aime26__model=qwen2_5_7b,qwen2_5_7b,16,hbn-async,118.198433553,0.010317416023032832,0.000406663150337024,480,20
aime26__model=qwen2_5_7b,qwen2_5_7b,32,uniform,136.874995115,0.021842683067885567,0,960,0
aime26__model=qwen2_5_7b,qwen2_5_7b,32,hbn-sync,230.03768104,0.021452471141549054,0.0,960,0
aime26__model=qwen2_5_7b,qwen2_5_7b,32,hbn-async,148.777338626,0.02122753083151053,0.0006564079596032,960,12
aime26__model=qwen2_5_7b,qwen2_5_7b,64,uniform,220.958652141,0.04205537792369357,0,1920,0
aime26__model=qwen2_5_7b,qwen2_5_7b,64,hbn-sync,263.569426903,0.03952000987712512,0.0,1920,0
aime26__model=qwen2_5_7b,qwen2_5_7b,64,hbn-async,184.505474378,0.03906104924967527,0.000538321425775616,1920,9
aime26__model=qwen3_5_27b,qwen3_5_27b,8,uniform,593.740239248,0.15782402563766476,0,240,0
aime26__model=qwen3_5_27b,qwen3_5_27b,8,hbn-sync,924.536965777,0.1593430172059259,0.0,240,0
aime26__model=qwen3_5_27b,qwen3_5_27b,8,hbn-async,891.787808154,0.15975619570895463,0.017245300221292545,240,45
aime26__model=qwen3_5_27b,qwen3_5_27b,16,uniform,1190.065475685,0.31639142252864305,0,480,0
aime26__model=qwen3_5_27b,qwen3_5_27b,16,hbn-sync,1397.177227052,0.3267924358576732,0.0,480,0
aime26__model=qwen3_5_27b,qwen3_5_27b,16,hbn-async,1272.098140333,0.32647911060471707,0.0,480,0
aime26__model=qwen3_5_27b,qwen3_5_27b,32,uniform,2104.610804776,0.6324025400727603,0,960,0
aime26__model=qwen3_5_27b,qwen3_5_27b,32,hbn-sync,2510.789867107,0.661745973683971,0.0,960,0
aime26__model=qwen3_5_27b,qwen3_5_27b,32,hbn-async,2230.211458888,0.660199690684462,0.0,960,0
aime26__model=qwen3_5_27b,qwen3_5_27b,64,uniform,4113.075933887,1.2591433853010872,0,1920,0
aime26__model=qwen3_5_27b,qwen3_5_27b,64,hbn-sync,4569.454396941,1.3299599508751996,0.0,1920,0
aime26__model=qwen3_5_27b,qwen3_5_27b,64,hbn-async,4388.231545754,1.3287305710541937,0.0,1920,0
aime26__model=qwen3_5_4b,qwen3_5_4b,8,uniform,238.84992177,0.02981753271485235,0,240,0
aime26__model=qwen3_5_4b,qwen3_5_4b,8,hbn-sync,345.998609418,0.029924804135489536,0.0,240,0
aime26__model=qwen3_5_4b,qwen3_5_4b,8,hbn-async,312.09168325,0.029230892788688897,0.0022604779734487043,240,36
aime26__model=qwen3_5_4b,qwen3_5_4b,16,uniform,489.979048106,0.059358099044036605,0,480,0
aime26__model=qwen3_5_4b,qwen3_5_4b,16,hbn-sync,525.580523694,0.058326147639416834,0.0,480,0
aime26__model=qwen3_5_4b,qwen3_5_4b,16,hbn-async,473.310761247,0.0586865333426688,0.000160702444371968,480,12
aime26__model=qwen3_5_4b,qwen3_5_4b,32,uniform,885.915652579,0.11907243957704909,0,960,0
aime26__model=qwen3_5_4b,qwen3_5_4b,32,hbn-sync,958.231378813,0.11538600140955853,0.0,960,0
aime26__model=qwen3_5_4b,qwen3_5_4b,32,hbn-async,866.705537248,0.11563164002983731,0.0,960,0
aime26__model=qwen3_5_4b,qwen3_5_4b,64,uniform,1679.374817186,0.23684635341155122,0,1920,0
aime26__model=qwen3_5_4b,qwen3_5_4b,64,hbn-sync,1754.603480102,0.2343808770099077,0.0,1920,0
aime26__model=qwen3_5_4b,qwen3_5_4b,64,hbn-async,1638.356046397,0.23338760720909515,0.0,1920,0
aime26__model=qwen3_5_9b,qwen3_5_9b,8,uniform,282.266373281,0.054216563020594175,0,240,0
aime26__model=qwen3_5_9b,qwen3_5_9b,8,hbn-sync,403.431554031,0.05346400863649792,0.0,240,0
aime26__model=qwen3_5_9b,qwen3_5_9b,8,hbn-async,385.761615919,0.05469765099233792,0.00544663980415488,240,36
aime26__model=qwen3_5_9b,qwen3_5_9b,16,uniform,559.227208823,0.10799678030338355,0,480,0
aime26__model=qwen3_5_9b,qwen3_5_9b,16,hbn-sync,650.849718709,0.10982227132085043,0.0,480,0
aime26__model=qwen3_5_9b,qwen3_5_9b,16,hbn-async,553.317122992,0.10919543201993932,6.6953899686912e-05,480,5
aime26__model=qwen3_5_9b,qwen3_5_9b,32,uniform,1012.455019039,0.2163293641320366,0,960,0
aime26__model=qwen3_5_9b,qwen3_5_9b,32,hbn-sync,1111.29018715,0.2174038320016681,0.0,960,0
aime26__model=qwen3_5_9b,qwen3_5_9b,32,hbn-async,1029.79899141,0.217270741804715,0.0,960,0
aime26__model=qwen3_5_9b,qwen3_5_9b,64,uniform,1948.319771746,0.433085696206081,0,1920,0
aime26__model=qwen3_5_9b,qwen3_5_9b,64,hbn-sync,2063.682630307,0.43284520701855744,0.0,1920,0
aime26__model=qwen3_5_9b,qwen3_5_9b,64,hbn-async,1939.713091299,0.43276921457199,0.0,1920,0
gpqa_diamond__domain_biology__model=qwen2_5_32b,qwen2_5_32b,8,uniform,20.822224124,0.004735586859503616,0,152,0
gpqa_diamond__domain_biology__model=qwen2_5_32b,qwen2_5_32b,8,hbn-sync,39.33898769,0.004801807987980288,0.0,152,0
gpqa_diamond__domain_biology__model=qwen2_5_32b,qwen2_5_32b,8,hbn-async,408.000796904,0.005938789790144512,0.00088749793001472,152,27
gpqa_diamond__domain_biology__model=qwen2_5_32b,qwen2_5_32b,16,uniform,392.873032881,0.010757900408375296,0,304,0
gpqa_diamond__domain_biology__model=qwen2_5_32b,qwen2_5_32b,16,hbn-sync,57.523931748,0.009409128707569664,0.0,304,0
gpqa_diamond__domain_biology__model=qwen2_5_32b,qwen2_5_32b,16,hbn-async,414.392902257,0.010826180253861888,0.002730983085283328,304,77
gpqa_diamond__domain_biology__model=qwen2_5_32b,qwen2_5_32b,32,uniform,48.001428745,0.019060927072548865,0,608,0
gpqa_diamond__domain_biology__model=qwen2_5_32b,qwen2_5_32b,32,hbn-sync,418.529808224,0.020947389904605183,0.0,608,0
gpqa_diamond__domain_biology__model=qwen2_5_32b,qwen2_5_32b,32,hbn-async,403.661132098,0.02297389678789632,0.003603163755902976,608,79
gpqa_diamond__domain_biology__model=qwen2_5_32b,qwen2_5_32b,64,uniform,377.779159868,0.03915505644012954,0,1216,0
gpqa_diamond__domain_biology__model=qwen2_5_32b,qwen2_5_32b,64,hbn-sync,441.144319243,0.04354690192665191,0.0,1216,0
gpqa_diamond__domain_biology__model=qwen2_5_32b,qwen2_5_32b,64,hbn-async,435.98671811,0.0456866059252183,0.003987539864338432,1216,157
gpqa_diamond__domain_biology__model=qwen2_5_7b,qwen2_5_7b,8,uniform,0.865075375,0.000887050933551104,0,152,0
gpqa_diamond__domain_biology__model=qwen2_5_7b,qwen2_5_7b,8,hbn-sync,1.298959043,0.00087582221088768,0.0,152,0
gpqa_diamond__domain_biology__model=qwen2_5_7b,qwen2_5_7b,8,hbn-async,1.121018763,0.00087582221088768,9.9167023284224e-05,152,17
gpqa_diamond__domain_biology__model=qwen2_5_7b,qwen2_5_7b,16,uniform,2.378697111,0.001774101867102208,0,304,0
gpqa_diamond__domain_biology__model=qwen2_5_7b,qwen2_5_7b,16,hbn-sync,1.960425614,0.001751593213934592,0.0,304,0
gpqa_diamond__domain_biology__model=qwen2_5_7b,qwen2_5_7b,16,hbn-async,1.858793094,0.001751593213934592,0.000300525018028032,304,43
gpqa_diamond__domain_biology__model=qwen2_5_7b,qwen2_5_7b,32,uniform,3.868065365,0.003548203734204416,0,608,0
gpqa_diamond__domain_biology__model=qwen2_5_7b,qwen2_5_7b,32,hbn-sync,3.949208607,0.003492382693209088,0.0,608,0
gpqa_diamond__domain_biology__model=qwen2_5_7b,qwen2_5_7b,32,hbn-async,4.030211834,0.003492382693209088,0.0,608,0
gpqa_diamond__domain_biology__model=qwen2_5_7b,qwen2_5_7b,64,uniform,7.14608851,0.007096407468408832,0,1216,0
gpqa_diamond__domain_biology__model=qwen2_5_7b,qwen2_5_7b,64,hbn-sync,7.104413523,0.006994888093871104,0.0,1216,0
gpqa_diamond__domain_biology__model=qwen2_5_7b,qwen2_5_7b,64,hbn-async,6.782897619,0.006994888093871104,0.0,1216,0
gpqa_diamond__domain_biology__model=qwen3_5_27b,qwen3_5_27b,8,uniform,427.491457218,0.06850241444203008,0,152,0
gpqa_diamond__domain_biology__model=qwen3_5_27b,qwen3_5_27b,8,hbn-sync,770.600007836,0.06986909310604697,0.0,152,0
gpqa_diamond__domain_biology__model=qwen3_5_27b,qwen3_5_27b,8,hbn-async,757.468022909,0.07190000379376538,0.011654223648141311,152,30
gpqa_diamond__domain_biology__model=qwen3_5_27b,qwen3_5_27b,16,uniform,642.083880237,0.13710749715147366,0,304,0
gpqa_diamond__domain_biology__model=qwen3_5_27b,qwen3_5_27b,16,hbn-sync,904.519182965,0.14397970885150413,0.0,304,0
gpqa_diamond__domain_biology__model=qwen3_5_27b,qwen3_5_27b,16,hbn-async,878.634781746,0.14609109953797325,0.03752246542806528,304,94
gpqa_diamond__domain_biology__model=qwen3_5_27b,qwen3_5_27b,32,uniform,993.243836446,0.27093231239300913,0,608,0
gpqa_diamond__domain_biology__model=qwen3_5_27b,qwen3_5_27b,32,hbn-sync,1305.929208078,0.2941131609461545,0.0,608,0
gpqa_diamond__domain_biology__model=qwen3_5_27b,qwen3_5_27b,32,hbn-async,1148.576665739,0.29072868915146755,0.007172656833820672,608,36
gpqa_diamond__domain_biology__model=qwen3_5_27b,qwen3_5_27b,64,uniform,1767.48246047,0.5449724488770376,0,1216,0
gpqa_diamond__domain_biology__model=qwen3_5_27b,qwen3_5_27b,64,hbn-sync,2216.035538532,0.6049281470337751,0.0,1216,0
gpqa_diamond__domain_biology__model=qwen3_5_27b,qwen3_5_27b,64,hbn-async,1978.748789977,0.6037830114906296,0.0,1216,0
gpqa_diamond__domain_biology__model=qwen3_5_4b,qwen3_5_4b,8,uniform,139.029870447,0.0115030280667648,0,152,0
gpqa_diamond__domain_biology__model=qwen3_5_4b,qwen3_5_4b,8,hbn-sync,217.165958398,0.011800959115425792,0.0,152,0
gpqa_diamond__domain_biology__model=qwen3_5_4b,qwen3_5_4b,8,hbn-async,171.134660026,0.011716369586110465,0.001771859362914304,152,27
gpqa_diamond__domain_biology__model=qwen3_5_4b,qwen3_5_4b,16,uniform,211.303581957,0.022688118584461313,0,304,0
gpqa_diamond__domain_biology__model=qwen3_5_4b,qwen3_5_4b,16,hbn-sync,274.249646157,0.024169576286468097,0.0,304,0
gpqa_diamond__domain_biology__model=qwen3_5_4b,qwen3_5_4b,16,hbn-async,271.042602617,0.024729961079775233,0.004308544550828032,304,63
gpqa_diamond__domain_biology__model=qwen3_5_4b,qwen3_5_4b,32,uniform,369.049500388,0.04529293128133427,0,608,0
gpqa_diamond__domain_biology__model=qwen3_5_4b,qwen3_5_4b,32,hbn-sync,443.535044791,0.04963073923588915,0.0,608,0
gpqa_diamond__domain_biology__model=qwen3_5_4b,qwen3_5_4b,32,hbn-async,372.863525653,0.04890225240658534,0.000682390953893888,608,12
gpqa_diamond__domain_biology__model=qwen3_5_4b,qwen3_5_4b,64,uniform,627.549012665,0.09143882800489267,0,1216,0
gpqa_diamond__domain_biology__model=qwen3_5_4b,qwen3_5_4b,64,hbn-sync,757.153484945,0.10286856064830055,0.0,1216,0
gpqa_diamond__domain_biology__model=qwen3_5_4b,qwen3_5_4b,64,hbn-async,701.09172843,0.1017874049292288,0.0,1216,0
gpqa_diamond__domain_biology__model=qwen3_5_9b,qwen3_5_9b,8,uniform,162.398420897,0.01922260436416205,0,152,0
gpqa_diamond__domain_biology__model=qwen3_5_9b,qwen3_5_9b,8,hbn-sync,301.099887157,0.02095976201305088,0.0,152,0
gpqa_diamond__domain_biology__model=qwen3_5_9b,qwen3_5_9b,8,hbn-async,234.530522739,0.020715860228452353,0.002904770161753088,152,25
gpqa_diamond__domain_biology__model=qwen3_5_9b,qwen3_5_9b,16,uniform,254.497979536,0.03950280001493094,0,304,0
gpqa_diamond__domain_biology__model=qwen3_5_9b,qwen3_5_9b,16,hbn-sync,353.646707333,0.04246470491734733,0.0,304,0
gpqa_diamond__domain_biology__model=qwen3_5_9b,qwen3_5_9b,16,hbn-async,359.722321384,0.042736357049038845,0.009458445451011072,304,81
gpqa_diamond__domain_biology__model=qwen3_5_9b,qwen3_5_9b,32,uniform,377.575805585,0.0783108541763369,0,608,0
gpqa_diamond__domain_biology__model=qwen3_5_9b,qwen3_5_9b,32,hbn-sync,519.229114852,0.08707508002530918,0.0,608,0
gpqa_diamond__domain_biology__model=qwen3_5_9b,qwen3_5_9b,32,hbn-async,418.359609589,0.08725979280255693,0.001127736034958336,608,20
gpqa_diamond__domain_biology__model=qwen3_5_9b,qwen3_5_9b,64,uniform,671.838289296,0.15794761452758835,0,1216,0
gpqa_diamond__domain_biology__model=qwen3_5_9b,qwen3_5_9b,64,hbn-sync,881.8338493,0.17929344693154406,0.0,1216,0
gpqa_diamond__domain_biology__model=qwen3_5_9b,qwen3_5_9b,64,hbn-async,764.026181417,0.17816078026771456,0.0,1216,0
gpqa_diamond__domain_chemistry__model=qwen2_5_32b,qwen2_5_32b,8,uniform,37.113188057,0.015647310132535296,0,744,0
gpqa_diamond__domain_chemistry__model=qwen2_5_32b,qwen2_5_32b,8,hbn-sync,57.112849892,0.01579783783215104,0.0,744,0
gpqa_diamond__domain_chemistry__model=qwen2_5_32b,qwen2_5_32b,8,hbn-async,53.04832409,0.01574568509103104,0.000433814594555904,744,15
gpqa_diamond__domain_chemistry__model=qwen2_5_32b,qwen2_5_32b,16,uniform,413.572932645,0.032576281496244225,0,1488,0
gpqa_diamond__domain_chemistry__model=qwen2_5_32b,qwen2_5_32b,16,hbn-sync,784.367644991,0.033637972130430974,0.0,1488,0
gpqa_diamond__domain_chemistry__model=qwen2_5_32b,qwen2_5_32b,16,hbn-async,77.333619322,0.03127991888001843,0.001777111819741184,1488,44
gpqa_diamond__domain_chemistry__model=qwen2_5_32b,qwen2_5_32b,32,uniform,84.198693774,0.06320762564218266,0,2976,0
gpqa_diamond__domain_chemistry__model=qwen2_5_32b,qwen2_5_32b,32,hbn-sync,112.152676875,0.06384552549739315,0.0,2976,0
gpqa_diamond__domain_chemistry__model=qwen2_5_32b,qwen2_5_32b,32,hbn-async,139.747853219,0.06432863117534618,0.0027381320813383682,2976,67
gpqa_diamond__domain_chemistry__model=qwen2_5_32b,qwen2_5_32b,64,uniform,154.223126803,0.1265181912039342,0,5952,0
gpqa_diamond__domain_chemistry__model=qwen2_5_32b,qwen2_5_32b,64,hbn-sync,522.878340062,0.12974621246011186,0.0,5952,0
gpqa_diamond__domain_chemistry__model=qwen2_5_32b,qwen2_5_32b,64,hbn-async,492.211700666,0.13045969343786598,0.0,5952,0
gpqa_diamond__domain_chemistry__model=qwen2_5_3b,qwen2_5_3b,8,uniform,5.818185546,0.00118218259197952,0,744,0
gpqa_diamond__domain_chemistry__model=qwen2_5_3b,qwen2_5_3b,8,hbn-sync,9.04276609,0.001187150241251328,0.0,744,0
gpqa_diamond__domain_chemistry__model=qwen2_5_3b,qwen2_5_3b,8,hbn-async,4.736315354,0.001186550540034048,4.46988292096e-06,744,3
gpqa_diamond__domain_chemistry__model=qwen2_5_3b,qwen2_5_3b,16,uniform,5.321435294,0.00235436380196864,0,1488,0
gpqa_diamond__domain_chemistry__model=qwen2_5_3b,qwen2_5_3b,16,hbn-sync,11.133731372,0.002332808387526656,0.0,1488,0
gpqa_diamond__domain_chemistry__model=qwen2_5_3b,qwen2_5_3b,16,hbn-async,5.822342828,0.002317966005813248,2.0941151813632e-05,1488,14
gpqa_diamond__domain_chemistry__model=qwen2_5_3b,qwen2_5_3b,32,uniform,8.922325714,0.0046967539433472,0,2976,0
gpqa_diamond__domain_chemistry__model=qwen2_5_3b,qwen2_5_3b,32,hbn-sync,14.781729903,0.004813960723922944,0.0,2976,0
gpqa_diamond__domain_chemistry__model=qwen2_5_3b,qwen2_5_3b,32,hbn-async,12.385445644,0.004791388806053888,1.718789505024e-06,2976,2
gpqa_diamond__domain_chemistry__model=qwen2_5_3b,qwen2_5_3b,64,uniform,25.70148592,0.009431835432681472,0,5952,0
gpqa_diamond__domain_chemistry__model=qwen2_5_3b,qwen2_5_3b,64,hbn-sync,24.96075181,0.009567744285376512,0.0,5952,0
gpqa_diamond__domain_chemistry__model=qwen2_5_3b,qwen2_5_3b,64,hbn-async,22.702632389,0.009582432101883904,0.0,5952,0
gpqa_diamond__domain_chemistry__model=qwen2_5_7b,qwen2_5_7b,8,uniform,2.768070833,0.002736126264639488,0,744,0
gpqa_diamond__domain_chemistry__model=qwen2_5_7b,qwen2_5_7b,8,hbn-sync,4.556987347,0.00272130889845248,0.0,744,0
gpqa_diamond__domain_chemistry__model=qwen2_5_7b,qwen2_5_7b,8,hbn-async,2.864051752,0.00272130889845248,0.0,744,0
gpqa_diamond__domain_chemistry__model=qwen2_5_7b,qwen2_5_7b,16,uniform,5.306058616,0.005472252529278976,0,1488,0
gpqa_diamond__domain_chemistry__model=qwen2_5_7b,qwen2_5_7b,16,hbn-sync,5.514553468,0.005417343068060672,0.0,1488,0
gpqa_diamond__domain_chemistry__model=qwen2_5_7b,qwen2_5_7b,16,hbn-async,5.228384326,0.005417343068060672,0.0,1488,0
gpqa_diamond__domain_chemistry__model=qwen2_5_7b,qwen2_5_7b,32,uniform,10.494965175,0.010944519318612992,0,2976,0
gpqa_diamond__domain_chemistry__model=qwen2_5_7b,qwen2_5_7b,32,hbn-sync,10.590731806,0.010773448511874048,0.0,2976,0
gpqa_diamond__domain_chemistry__model=qwen2_5_7b,qwen2_5_7b,32,hbn-async,10.348419825,0.010773448511874048,0.0,2976,0
gpqa_diamond__domain_chemistry__model=qwen2_5_7b,qwen2_5_7b,64,uniform,22.84364597,0.021889109937501185,0,5952,0
gpqa_diamond__domain_chemistry__model=qwen2_5_7b,qwen2_5_7b,64,hbn-sync,22.075646763,0.021420083161659394,0.0,5952,0
gpqa_diamond__domain_chemistry__model=qwen2_5_7b,qwen2_5_7b,64,hbn-async,23.850835164,0.021420097421714433,0.0,5952,0
gpqa_diamond__domain_chemistry__model=qwen3_5_27b,qwen3_5_27b,8,uniform,1579.470624955,0.45212457352487834,0,744,0
gpqa_diamond__domain_chemistry__model=qwen3_5_27b,qwen3_5_27b,8,hbn-sync,1816.385429168,0.473847726115328,0.0,744,0
gpqa_diamond__domain_chemistry__model=qwen3_5_27b,qwen3_5_27b,8,hbn-async,1603.348607572,0.46603062141554685,0.00025035009463808,744,5
gpqa_diamond__domain_chemistry__model=qwen3_5_27b,qwen3_5_27b,16,uniform,2955.838139797,0.9137067630823372,0,1488,0
gpqa_diamond__domain_chemistry__model=qwen3_5_27b,qwen3_5_27b,16,hbn-sync,3323.25677405,0.9563504364281692,0.0,1488,0
gpqa_diamond__domain_chemistry__model=qwen3_5_27b,qwen3_5_27b,16,hbn-async,3117.932660469,0.9548933080107581,0.0,1488,0
gpqa_diamond__domain_chemistry__model=qwen3_5_27b,qwen3_5_27b,32,uniform,5778.131311084,1.8239012680919389,0,2976,0
gpqa_diamond__domain_chemistry__model=qwen3_5_27b,qwen3_5_27b,32,hbn-sync,6334.524363673,1.921584127307611,0.0,2976,0
gpqa_diamond__domain_chemistry__model=qwen3_5_27b,qwen3_5_27b,32,hbn-async,6163.22233268,1.9300465727689278,0.0,2976,0
gpqa_diamond__domain_chemistry__model=qwen3_5_27b,qwen3_5_27b,64,uniform,11309.92818535,3.6413286125458177,0,5952,0
gpqa_diamond__domain_chemistry__model=qwen3_5_27b,qwen3_5_27b,64,hbn-sync,12538.897287049,3.888239039586824,0.0,5952,0
gpqa_diamond__domain_chemistry__model=qwen3_5_27b,qwen3_5_27b,64,hbn-async,12310.198066892,3.886332888101945,0.0,5952,0
gpqa_diamond__domain_chemistry__model=qwen3_5_4b,qwen3_5_4b,8,uniform,528.831714644,0.07312523038214554,0,744,0
gpqa_diamond__domain_chemistry__model=qwen3_5_4b,qwen3_5_4b,8,hbn-sync,633.445852671,0.07429508086360474,0.0,744,0
gpqa_diamond__domain_chemistry__model=qwen3_5_4b,qwen3_5_4b,8,hbn-async,550.163506682,0.07471244135085056,7.5047120320512e-05,744,5
gpqa_diamond__domain_chemistry__model=qwen3_5_4b,qwen3_5_4b,16,uniform,996.043940789,0.14541262459144397,0,1488,0
gpqa_diamond__domain_chemistry__model=qwen3_5_4b,qwen3_5_4b,16,hbn-sync,1109.890006659,0.14988619688002766,0.0,1488,0
gpqa_diamond__domain_chemistry__model=qwen3_5_4b,qwen3_5_4b,16,hbn-async,1020.887597287,0.149233205395669,0.0,1488,0
gpqa_diamond__domain_chemistry__model=qwen3_5_4b,qwen3_5_4b,32,uniform,1868.188117372,0.28766966475492145,0,2976,0
gpqa_diamond__domain_chemistry__model=qwen3_5_4b,qwen3_5_4b,32,hbn-sync,2055.795297026,0.30165833614368565,0.0,2976,0
gpqa_diamond__domain_chemistry__model=qwen3_5_4b,qwen3_5_4b,32,hbn-async,1962.541343606,0.29822784907058586,0.0,2976,0
gpqa_diamond__domain_chemistry__model=qwen3_5_4b,qwen3_5_4b,64,uniform,3706.660835411,0.5784190996611134,0,5952,0
gpqa_diamond__domain_chemistry__model=qwen3_5_4b,qwen3_5_4b,64,hbn-sync,4018.004556152,0.6081378983625748,0.0,5952,0
gpqa_diamond__domain_chemistry__model=qwen3_5_4b,qwen3_5_4b,64,hbn-async,3960.625846252,0.6075150341837087,0.0,5952,0
gpqa_diamond__domain_chemistry__model=qwen3_5_9b,qwen3_5_9b,8,uniform,621.307728127,0.13196212392034817,0,744,0
gpqa_diamond__domain_chemistry__model=qwen3_5_9b,qwen3_5_9b,8,hbn-sync,713.300779392,0.1324632167887145,0.0,744,0
gpqa_diamond__domain_chemistry__model=qwen3_5_9b,qwen3_5_9b,8,hbn-async,631.661103561,0.13195426081918055,0.000192628640123904,744,6
gpqa_diamond__domain_chemistry__model=qwen3_5_9b,qwen3_5_9b,16,uniform,1127.055166252,0.2585422537262602,0,1488,0
gpqa_diamond__domain_chemistry__model=qwen3_5_9b,qwen3_5_9b,16,hbn-sync,1254.353894255,0.26770239716160615,0.0,1488,0
gpqa_diamond__domain_chemistry__model=qwen3_5_9b,qwen3_5_9b,16,hbn-async,1183.026478171,0.26967424560425984,0.0,1488,0
gpqa_diamond__domain_chemistry__model=qwen3_5_9b,qwen3_5_9b,32,uniform,2150.878364641,0.5176602640769086,0,2976,0
gpqa_diamond__domain_chemistry__model=qwen3_5_9b,qwen3_5_9b,32,hbn-sync,2375.776400894,0.5440758768255304,0.0,2976,0
gpqa_diamond__domain_chemistry__model=qwen3_5_9b,qwen3_5_9b,32,hbn-async,2302.321566455,0.5458768935315271,0.0,2976,0
gpqa_diamond__domain_chemistry__model=qwen3_5_9b,qwen3_5_9b,64,uniform,4198.540990696,1.0338188609706076,0,5952,0
gpqa_diamond__domain_chemistry__model=qwen3_5_9b,qwen3_5_9b,64,hbn-sync,4581.56236711,1.0902175649991444,0.0,5952,0
gpqa_diamond__domain_chemistry__model=qwen3_5_9b,qwen3_5_9b,64,hbn-async,4516.599101301,1.0936339844808736,0.0,5952,0
gpqa_diamond__domain_physics__model=qwen2_5_32b,qwen2_5_32b,8,uniform,52.845483473,0.023845646422679553,0,688,0
gpqa_diamond__domain_physics__model=qwen2_5_32b,qwen2_5_32b,8,hbn-sync,79.088556966,0.02467748497598464,0.0,688,0
gpqa_diamond__domain_physics__model=qwen2_5_32b,qwen2_5_32b,8,hbn-async,75.705142127,0.024754489504509952,0.0020130755464417283,688,43
gpqa_diamond__domain_physics__model=qwen2_5_32b,qwen2_5_32b,16,uniform,86.538420651,0.04799349664437248,0,1376,0
gpqa_diamond__domain_physics__model=qwen2_5_32b,qwen2_5_32b,16,hbn-sync,111.574246194,0.05027741897406259,0.0,1376,0
gpqa_diamond__domain_physics__model=qwen2_5_32b,qwen2_5_32b,16,hbn-async,90.336506027,0.05072181829741773,0.0,1376,0
gpqa_diamond__domain_physics__model=qwen2_5_32b,qwen2_5_32b,32,uniform,162.702374853,0.09764604461836084,0,2752,0
gpqa_diamond__domain_physics__model=qwen2_5_32b,qwen2_5_32b,32,hbn-sync,231.554007263,0.10488466908145665,0.0,2752,0
gpqa_diamond__domain_physics__model=qwen2_5_32b,qwen2_5_32b,32,hbn-async,169.649873443,0.10419611833534669,0.0,2752,0
gpqa_diamond__domain_physics__model=qwen2_5_32b,qwen2_5_32b,64,uniform,580.483705708,0.19626960786255462,0,5504,0
gpqa_diamond__domain_physics__model=qwen2_5_32b,qwen2_5_32b,64,hbn-sync,762.859826219,0.22205209029926093,0.0,5504,0
gpqa_diamond__domain_physics__model=qwen2_5_32b,qwen2_5_32b,64,hbn-async,673.244497709,0.21525940008322253,0.0,5504,0
gpqa_diamond__domain_physics__model=qwen2_5_3b,qwen2_5_3b,8,uniform,5.933475127,0.001017606360293376,0,688,0
gpqa_diamond__domain_physics__model=qwen2_5_3b,qwen2_5_3b,8,hbn-sync,9.817269666,0.00105488229216256,0.0,688,0
gpqa_diamond__domain_physics__model=qwen2_5_3b,qwen2_5_3b,8,hbn-async,6.851055857,0.00105697237762048,2.6305119322112e-05,688,19
gpqa_diamond__domain_physics__model=qwen2_5_3b,qwen2_5_3b,16,uniform,6.877370804,0.002020724970143744,0,1376,0
gpqa_diamond__domain_physics__model=qwen2_5_3b,qwen2_5_3b,16,hbn-sync,11.19018301,0.00216976000008192,0.0,1376,0
gpqa_diamond__domain_physics__model=qwen2_5_3b,qwen2_5_3b,16,hbn-async,66.635503495,0.002307914017406976,6.1404103196672e-05,1376,41
gpqa_diamond__domain_physics__model=qwen2_5_3b,qwen2_5_3b,32,uniform,10.314700128,0.004034864328015872,0,2752,0
gpqa_diamond__domain_physics__model=qwen2_5_3b,qwen2_5_3b,32,hbn-sync,71.691750798,0.004796261172985856,0.0,2752,0
gpqa_diamond__domain_physics__model=qwen2_5_3b,qwen2_5_3b,32,hbn-async,68.782221966,0.004501009461936128,0.00017551534084096,2752,111
gpqa_diamond__domain_physics__model=qwen2_5_3b,qwen2_5_3b,64,uniform,78.719213585,0.008361750309339135,0,5504,0
gpqa_diamond__domain_physics__model=qwen2_5_3b,qwen2_5_3b,64,hbn-sync,85.358344094,0.009318375739916288,0.0,5504,0
gpqa_diamond__domain_physics__model=qwen2_5_3b,qwen2_5_3b,64,hbn-async,77.744524771,0.009034803318341632,1.206858481664e-06,5504,1
gpqa_diamond__domain_physics__model=qwen2_5_7b,qwen2_5_7b,8,uniform,2.210138681,0.002201973709135872,0,688,0
gpqa_diamond__domain_physics__model=qwen2_5_7b,qwen2_5_7b,8,hbn-sync,2.472748978,0.002210344636437504,0.0,688,0
gpqa_diamond__domain_physics__model=qwen2_5_7b,qwen2_5_7b,8,hbn-async,2.259344684,0.002210344636437504,0.0,688,0
gpqa_diamond__domain_physics__model=qwen2_5_7b,qwen2_5_7b,16,uniform,4.317131198,0.004404004309970944,0,1376,0
gpqa_diamond__domain_physics__model=qwen2_5_7b,qwen2_5_7b,16,hbn-sync,4.519601326,0.00438538532981248,0.0,1376,0
gpqa_diamond__domain_physics__model=qwen2_5_7b,qwen2_5_7b,16,hbn-async,4.271997289,0.00438538532981248,0.0,1376,0
gpqa_diamond__domain_physics__model=qwen2_5_7b,qwen2_5_7b,32,uniform,8.501573271,0.008808236186738688,0,2752,0
gpqa_diamond__domain_physics__model=qwen2_5_7b,qwen2_5_7b,32,hbn-sync,8.976924276,0.0088773574335488,0.0,2752,0
gpqa_diamond__domain_physics__model=qwen2_5_7b,qwen2_5_7b,32,hbn-async,8.709175397,0.0088773574335488,0.0,2752,0
gpqa_diamond__domain_physics__model=qwen2_5_7b,qwen2_5_7b,64,uniform,18.992210301,0.017615960348184575,0,5504,0
gpqa_diamond__domain_physics__model=qwen2_5_7b,qwen2_5_7b,64,hbn-sync,18.480122059,0.017805017175737344,0.0,5504,0
gpqa_diamond__domain_physics__model=qwen2_5_7b,qwen2_5_7b,64,hbn-async,19.574773375,0.017805017175737344,0.0,5504,0
gpqa_diamond__domain_physics__model=qwen3_5_27b,qwen3_5_27b,8,uniform,1082.302914897,0.3211892958257848,0,688,0
gpqa_diamond__domain_physics__model=qwen3_5_27b,qwen3_5_27b,8,hbn-sync,1422.788602094,0.3277744488725371,0.0,688,0
gpqa_diamond__domain_physics__model=qwen3_5_27b,qwen3_5_27b,8,hbn-async,1120.5894169,0.3307080885821491,0.00108242696359424,688,6
gpqa_diamond__domain_physics__model=qwen3_5_27b,qwen3_5_27b,16,uniform,2006.352063901,0.6382415973393459,0,1376,0
gpqa_diamond__domain_physics__model=qwen3_5_27b,qwen3_5_27b,16,hbn-sync,2299.65805148,0.6770588038290432,0.0,1376,0
gpqa_diamond__domain_physics__model=qwen3_5_27b,qwen3_5_27b,16,hbn-async,2105.897157388,0.6734384676199762,0.0,1376,0
gpqa_diamond__domain_physics__model=qwen3_5_27b,qwen3_5_27b,32,uniform,3807.134181244,1.2913304735560192,0,2752,0
gpqa_diamond__domain_physics__model=qwen3_5_27b,qwen3_5_27b,32,hbn-sync,4364.309889012,1.3806094353519054,0.0,2752,0
gpqa_diamond__domain_physics__model=qwen3_5_27b,qwen3_5_27b,32,hbn-async,4104.19308693,1.3745799583744645,0.0,2752,0
gpqa_diamond__domain_physics__model=qwen3_5_27b,qwen3_5_27b,64,uniform,7354.915906558,2.571470658455221,0,5504,0
gpqa_diamond__domain_physics__model=qwen3_5_27b,qwen3_5_27b,64,hbn-sync,8436.760563727,2.8070602591560623,0.0,5504,0
gpqa_diamond__domain_physics__model=qwen3_5_27b,qwen3_5_27b,64,hbn-async,8271.05428191,2.8135860788906863,0.0,5504,0
gpqa_diamond__domain_physics__model=qwen3_5_4b,qwen3_5_4b,8,uniform,339.078997979,0.048897168949567485,0,688,0
gpqa_diamond__domain_physics__model=qwen3_5_4b,qwen3_5_4b,8,hbn-sync,431.936587104,0.05114537166723072,0.0,688,0
gpqa_diamond__domain_physics__model=qwen3_5_4b,qwen3_5_4b,8,hbn-async,357.118435856,0.05126331137464115,0.000205576018884608,688,3
gpqa_diamond__domain_physics__model=qwen3_5_4b,qwen3_5_4b,16,uniform,629.773144442,0.0978034845165527,0,1376,0
gpqa_diamond__domain_physics__model=qwen3_5_4b,qwen3_5_4b,16,hbn-sync,750.380155294,0.10529120278733005,0.0,1376,0
gpqa_diamond__domain_physics__model=qwen3_5_4b,qwen3_5_4b,16,hbn-async,685.175752358,0.10517698174376551,0.0,1376,0
gpqa_diamond__domain_physics__model=qwen3_5_4b,qwen3_5_4b,32,uniform,1194.899310494,0.19611932885367603,0,2752,0
gpqa_diamond__domain_physics__model=qwen3_5_4b,qwen3_5_4b,32,hbn-sync,1396.717131923,0.21647202087457998,0.0,2752,0
gpqa_diamond__domain_physics__model=qwen3_5_4b,qwen3_5_4b,32,hbn-async,1350.426207247,0.21647511850063667,0.0,2752,0
gpqa_diamond__domain_physics__model=qwen3_5_4b,qwen3_5_4b,64,uniform,2292.608374047,0.391436575465898,0,5504,0
gpqa_diamond__domain_physics__model=qwen3_5_4b,qwen3_5_4b,64,hbn-sync,2747.92568409,0.44129179766352283,0.0,5504,0
gpqa_diamond__domain_physics__model=qwen3_5_4b,qwen3_5_4b,64,hbn-async,2684.412002668,0.440927621788885,0.0,5504,0
gpqa_diamond__domain_physics__model=qwen3_5_9b,qwen3_5_9b,8,uniform,396.900418511,0.08640070273436468,0,688,0
gpqa_diamond__domain_physics__model=qwen3_5_9b,qwen3_5_9b,8,hbn-sync,504.050632843,0.09146567387018649,0.0,688,0
gpqa_diamond__domain_physics__model=qwen3_5_9b,qwen3_5_9b,8,hbn-async,431.691573075,0.0908163603003822,0.0018671115212912641,688,18
gpqa_diamond__domain_physics__model=qwen3_5_9b,qwen3_5_9b,16,uniform,680.718976892,0.1722028909071483,0,1376,0
gpqa_diamond__domain_physics__model=qwen3_5_9b,qwen3_5_9b,16,hbn-sync,814.745000411,0.18396172068584754,0.0,1376,0
gpqa_diamond__domain_physics__model=qwen3_5_9b,qwen3_5_9b,16,hbn-async,738.002117875,0.1824719704663542,0.0,1376,0
gpqa_diamond__domain_physics__model=qwen3_5_9b,qwen3_5_9b,32,uniform,1322.740938378,0.3474086112977469,0,2752,0
gpqa_diamond__domain_physics__model=qwen3_5_9b,qwen3_5_9b,32,hbn-sync,1504.103969934,0.37714249591666277,0.0,2752,0
gpqa_diamond__domain_physics__model=qwen3_5_9b,qwen3_5_9b,32,hbn-async,1477.073107228,0.37923633415709185,0.0,2752,0
gpqa_diamond__domain_physics__model=qwen3_5_9b,qwen3_5_9b,64,uniform,2492.591951545,0.6909256183728762,0,5504,0
gpqa_diamond__domain_physics__model=qwen3_5_9b,qwen3_5_9b,64,hbn-sync,3069.940443282,0.7901048151301263,0.0,5504,0
gpqa_diamond__domain_physics__model=qwen3_5_9b,qwen3_5_9b,64,hbn-async,2986.568485745,0.787725791428953,0.0,5504,0
hle__text_only_sample100__model=qwen2_5_32b,qwen2_5_32b,8,uniform,72.962897343,0.031558245683828735,0,800,0
hle__text_only_sample100__model=qwen2_5_32b,qwen2_5_32b,8,hbn-sync,441.78050549,0.033201944896751615,0.0,800,0
hle__text_only_sample100__model=qwen2_5_32b,qwen2_5_32b,8,hbn-async,85.690355891,0.032119566824013825,0.001062539442624512,800,21
hle__text_only_sample100__model=qwen2_5_32b,qwen2_5_32b,16,uniform,428.44118102,0.06361768017927782,0,1600,0
hle__text_only_sample100__model=qwen2_5_32b,qwen2_5_32b,16,hbn-sync,829.502249708,0.06795631755266662,0.0,1600,0
hle__text_only_sample100__model=qwen2_5_32b,qwen2_5_32b,16,hbn-async,435.478748103,0.06659490600987443,0.000116899648053248,1600,2
hle__text_only_sample100__model=qwen2_5_32b,qwen2_5_32b,32,uniform,513.915272256,0.1284363738382172,0,3200,0
hle__text_only_sample100__model=qwen2_5_32b,qwen2_5_32b,32,hbn-sync,528.47716637,0.13152188321273242,0.0,3200,0
hle__text_only_sample100__model=qwen2_5_32b,qwen2_5_32b,32,hbn-async,576.460983115,0.1349146784902226,0.0,3200,0
hle__text_only_sample100__model=qwen2_5_32b,qwen2_5_32b,64,uniform,686.137604667,0.25331725670912203,0,6400,0
hle__text_only_sample100__model=qwen2_5_32b,qwen2_5_32b,64,hbn-sync,1085.900792758,0.2680281822007112,0.0,6400,0
hle__text_only_sample100__model=qwen2_5_32b,qwen2_5_32b,64,hbn-async,765.940819814,0.2704465461909586,0.000455755479175168,6400,6
hle__text_only_sample100__model=qwen2_5_3b,qwen2_5_3b,8,uniform,75.064588474,0.004410253115088896,0,800,0
hle__text_only_sample100__model=qwen2_5_3b,qwen2_5_3b,8,hbn-sync,141.383604235,0.004200188639920128,0.0,800,0
hle__text_only_sample100__model=qwen2_5_3b,qwen2_5_3b,8,hbn-async,75.566794685,0.004256417096835072,0.000142043639701504,800,18
hle__text_only_sample100__model=qwen2_5_3b,qwen2_5_3b,16,uniform,85.20910222,0.008291429607686144,0,1600,0
hle__text_only_sample100__model=qwen2_5_3b,qwen2_5_3b,16,hbn-sync,145.887575024,0.008661936152723456,0.0,1600,0
hle__text_only_sample100__model=qwen2_5_3b,qwen2_5_3b,16,hbn-async,76.225661107,0.00790505926848512,0.00015609814806528,1600,7
hle__text_only_sample100__model=qwen2_5_3b,qwen2_5_3b,32,uniform,108.575669988,0.017255227704590335,0,3200,0
hle__text_only_sample100__model=qwen2_5_3b,qwen2_5_3b,32,hbn-sync,169.366405767,0.017322249117425664,0.0,3200,0
hle__text_only_sample100__model=qwen2_5_3b,qwen2_5_3b,32,hbn-async,110.326952175,0.016873071286484992,5.9984803610624e-05,3200,7
hle__text_only_sample100__model=qwen2_5_3b,qwen2_5_3b,64,uniform,163.996094626,0.03587850950661734,0,6400,0
hle__text_only_sample100__model=qwen2_5_3b,qwen2_5_3b,64,hbn-sync,211.987752529,0.03316709703837287,0.0,6400,0
hle__text_only_sample100__model=qwen2_5_3b,qwen2_5_3b,64,hbn-async,152.433948546,0.03358505977683149,6.567945347072e-06,6400,1
hle__text_only_sample100__model=qwen2_5_7b,qwen2_5_7b,8,uniform,107.113398784,0.009502716006619135,0,800,0
hle__text_only_sample100__model=qwen2_5_7b,qwen2_5_7b,8,hbn-sync,200.285732136,0.00949983556859904,0.0,800,0
hle__text_only_sample100__model=qwen2_5_7b,qwen2_5_7b,8,hbn-async,116.754141855,0.010887648922888193,0.000263736352782336,800,15
hle__text_only_sample100__model=qwen2_5_7b,qwen2_5_7b,16,uniform,129.85436705,0.019295860370934784,0,1600,0
hle__text_only_sample100__model=qwen2_5_7b,qwen2_5_7b,16,hbn-sync,213.328815752,0.019053433392236543,0.0,1600,0
hle__text_only_sample100__model=qwen2_5_7b,qwen2_5_7b,16,hbn-async,126.300380275,0.01977683215211827,0.0,1600,0
hle__text_only_sample100__model=qwen2_5_7b,qwen2_5_7b,32,uniform,162.351599146,0.038508434079926275,0,3200,0
hle__text_only_sample100__model=qwen2_5_7b,qwen2_5_7b,32,hbn-sync,246.491640834,0.03857584032088371,0.0,3200,0
hle__text_only_sample100__model=qwen2_5_7b,qwen2_5_7b,32,hbn-async,166.63474388,0.03989495398962483,0.0005323625533327361,3200,7
hle__text_only_sample100__model=qwen2_5_7b,qwen2_5_7b,64,uniform,244.534878527,0.07642843926440755,0,6400,0
hle__text_only_sample100__model=qwen2_5_7b,qwen2_5_7b,64,hbn-sync,336.803065012,0.07691281799750349,0.0,6400,0
hle__text_only_sample100__model=qwen2_5_7b,qwen2_5_7b,64,hbn-async,237.400802301,0.07578982222270055,0.000159922116200448,6400,10
hle__text_only_sample100__model=qwen3_5_27b,qwen3_5_27b,8,uniform,2049.252685919,0.5666419959240919,0,800,0
hle__text_only_sample100__model=qwen3_5_27b,qwen3_5_27b,8,hbn-sync,2259.505967397,0.5598770534192753,0.0,800,0
hle__text_only_sample100__model=qwen3_5_27b,qwen3_5_27b,8,hbn-async,1992.948018359,0.5574270870270351,0.000453474509310976,800,3
hle__text_only_sample100__model=qwen3_5_27b,qwen3_5_27b,16,uniform,3807.603782188,1.1256504466075556,0,1600,0
hle__text_only_sample100__model=qwen3_5_27b,qwen3_5_27b,16,hbn-sync,4093.940371361,1.1485140910755636,0.0,1600,0
hle__text_only_sample100__model=qwen3_5_27b,qwen3_5_27b,16,hbn-async,3861.917836827,1.1400967025676012,0.0,1600,0
hle__text_only_sample100__model=qwen3_5_27b,qwen3_5_27b,32,uniform,7414.159187778,2.245765012803332,0,3200,0
hle__text_only_sample100__model=qwen3_5_27b,qwen3_5_27b,32,hbn-sync,7771.337405851,2.3021771500778354,0.0,3200,0
hle__text_only_sample100__model=qwen3_5_27b,qwen3_5_27b,32,hbn-async,7569.946367536,2.289401695722142,0.0,3200,0
hle__text_only_sample100__model=qwen3_5_27b,qwen3_5_27b,64,uniform,14666.845933935,4.502182102697582,0,6400,0
hle__text_only_sample100__model=qwen3_5_27b,qwen3_5_27b,64,hbn-sync,15284.348194742,4.609921695713153,0.0,6400,0
hle__text_only_sample100__model=qwen3_5_27b,qwen3_5_27b,64,hbn-async,15060.245266916,4.5939677899180085,0.0,6400,0
hle__text_only_sample100__model=qwen3_5_4b,qwen3_5_4b,8,uniform,879.762281197,0.11292303748263936,0,800,0
hle__text_only_sample100__model=qwen3_5_4b,qwen3_5_4b,8,hbn-sync,1140.981872446,0.1114413361406423,0.0,800,0
hle__text_only_sample100__model=qwen3_5_4b,qwen3_5_4b,8,hbn-async,859.330018485,0.11080484038721945,0.0,800,0
hle__text_only_sample100__model=qwen3_5_4b,qwen3_5_4b,16,uniform,1674.346969229,0.22434794360703794,0,1600,0
hle__text_only_sample100__model=qwen3_5_4b,qwen3_5_4b,16,hbn-sync,1757.333494529,0.22343688306158796,0.0,1600,0
hle__text_only_sample100__model=qwen3_5_4b,qwen3_5_4b,16,hbn-async,1635.936938283,0.22233649567975833,0.0,1600,0
hle__text_only_sample100__model=qwen3_5_4b,qwen3_5_4b,32,uniform,3285.468444002,0.4484469700900106,0,3200,0
hle__text_only_sample100__model=qwen3_5_4b,qwen3_5_4b,32,hbn-sync,3326.493000142,0.4440934344899953,0.0,3200,0
hle__text_only_sample100__model=qwen3_5_4b,qwen3_5_4b,32,hbn-async,3218.063277642,0.44252279747065243,0.0,3200,0
hle__text_only_sample100__model=qwen3_5_4b,qwen3_5_4b,64,uniform,6517.075811307,0.8955632374605393,0,6400,0
hle__text_only_sample100__model=qwen3_5_4b,qwen3_5_4b,64,hbn-sync,6497.407208384,0.8893594728161341,0.0,6400,0
hle__text_only_sample100__model=qwen3_5_4b,qwen3_5_4b,64,hbn-async,6484.874507912,0.8902627020538634,0.0,6400,0
hle__text_only_sample100__model=qwen3_5_9b,qwen3_5_9b,8,uniform,958.525872286,0.19822131991527833,0,800,0
hle__text_only_sample100__model=qwen3_5_9b,qwen3_5_9b,8,hbn-sync,1219.067565915,0.19805748799667303,0.0,800,0
hle__text_only_sample100__model=qwen3_5_9b,qwen3_5_9b,8,hbn-async,983.145120048,0.19876685448846437,0.0,800,0
hle__text_only_sample100__model=qwen3_5_9b,qwen3_5_9b,16,uniform,1877.661797671,0.3971367732983572,0,1600,0
hle__text_only_sample100__model=qwen3_5_9b,qwen3_5_9b,16,hbn-sync,1953.966428514,0.3960290176740598,0.0,1600,0
hle__text_only_sample100__model=qwen3_5_9b,qwen3_5_9b,16,hbn-async,1876.701369352,0.4004113610924749,0.0,1600,0
hle__text_only_sample100__model=qwen3_5_9b,qwen3_5_9b,32,uniform,3650.076076746,0.7939256055771976,0,3200,0
hle__text_only_sample100__model=qwen3_5_9b,qwen3_5_9b,32,hbn-sync,3745.709603503,0.7941646622026782,0.0,3200,0
hle__text_only_sample100__model=qwen3_5_9b,qwen3_5_9b,32,hbn-async,3670.401238874,0.7947628530282199,0.0,3200,0
hle__text_only_sample100__model=qwen3_5_9b,qwen3_5_9b,64,uniform,7290.658027691,1.5902999382326783,0,6400,0
hle__text_only_sample100__model=qwen3_5_9b,qwen3_5_9b,64,hbn-sync,7337.285004429,1.589236805296896,0.0,6400,0
hle__text_only_sample100__model=qwen3_5_9b,qwen3_5_9b,64,hbn-async,7237.304115939,1.586263681700484,0.0,6400,0
hmmt__model=qwen2_5_32b,qwen2_5_32b,8,uniform,80.622398882,0.013315799893172223,0,240,0
hmmt__model=qwen2_5_32b,qwen2_5_32b,8,hbn-sync,769.642158274,0.016061643002611713,0.0,240,0
hmmt__model=qwen2_5_32b,qwen2_5_32b,8,hbn-async,400.417554508,0.017112397372010497,0.003063113594431488,240,35
hmmt__model=qwen2_5_32b,qwen2_5_32b,16,uniform,417.00463666,0.029206368514854912,0,480,0
hmmt__model=qwen2_5_32b,qwen2_5_32b,16,hbn-sync,446.3546772,0.02834604102940877,0.0,480,0
hmmt__model=qwen2_5_32b,qwen2_5_32b,16,hbn-async,418.265274606,0.030759181490159614,0.001103983772997632,480,17
hmmt__model=qwen2_5_32b,qwen2_5_32b,32,uniform,443.693825247,0.056929948284747775,0,960,0
hmmt__model=qwen2_5_32b,qwen2_5_32b,32,hbn-sync,814.200667417,0.05994131332088218,0.0,960,0
hmmt__model=qwen2_5_32b,qwen2_5_32b,32,hbn-async,487.723819184,0.061959796625258495,0.000151833205991424,960,3
hmmt__model=qwen2_5_32b,qwen2_5_32b,64,uniform,596.610400672,0.11683431083228775,0,1920,0
hmmt__model=qwen2_5_32b,qwen2_5_32b,64,hbn-sync,944.496413234,0.1206520702441042,0.0,1920,0
hmmt__model=qwen2_5_32b,qwen2_5_32b,64,hbn-async,598.615022047,0.12212802981096857,0.001257062877315072,1920,4
hmmt__model=qwen2_5_3b,qwen2_5_3b,8,uniform,69.694075021,0.002058822868361216,0,240,0
hmmt__model=qwen2_5_3b,qwen2_5_3b,8,hbn-sync,73.130551621,0.001711814641106944,0.0,240,0
hmmt__model=qwen2_5_3b,qwen2_5_3b,8,hbn-async,71.142857903,0.001868287816736768,0.00025077170024448,240,12
hmmt__model=qwen2_5_3b,qwen2_5_3b,16,uniform,80.897521835,0.004448818650202112,0,480,0
hmmt__model=qwen2_5_3b,qwen2_5_3b,16,hbn-sync,128.201830399,0.003437734786433024,0.0,480,0
hmmt__model=qwen2_5_3b,qwen2_5_3b,16,hbn-async,76.628826067,0.00409992387698688,0.000242469602066432,480,17
hmmt__model=qwen2_5_3b,qwen2_5_3b,32,uniform,88.45464057,0.007633777348657152,0,960,0
hmmt__model=qwen2_5_3b,qwen2_5_3b,32,hbn-sync,153.354279288,0.008293221320065025,0.0,960,0
hmmt__model=qwen2_5_3b,qwen2_5_3b,32,hbn-async,85.414862418,0.008297704080973824,0.0,960,0
hmmt__model=qwen2_5_3b,qwen2_5_3b,64,uniform,115.567109913,0.016879347142828034,0,1920,0
hmmt__model=qwen2_5_3b,qwen2_5_3b,64,hbn-sync,189.676073321,0.018118422805151742,0.0,1920,0
hmmt__model=qwen2_5_3b,qwen2_5_3b,64,hbn-async,142.975194327,0.01901653465373901,0.000155168353173504,1920,8
hmmt__model=qwen2_5_7b,qwen2_5_7b,8,uniform,97.673550128,0.00341607616329728,0,240,0
hmmt__model=qwen2_5_7b,qwen2_5_7b,8,hbn-sync,116.99220929,0.0038374532526848,0.0,240,0
hmmt__model=qwen2_5_7b,qwen2_5_7b,8,hbn-async,98.222587459,0.003837425728632832,0.00076084335724544,240,37
hmmt__model=qwen2_5_7b,qwen2_5_7b,16,uniform,107.135743896,0.007441892739506176,0,480,0
hmmt__model=qwen2_5_7b,qwen2_5_7b,16,hbn-sync,136.647865169,0.008002830802555904,0.0,480,0
hmmt__model=qwen2_5_7b,qwen2_5_7b,16,hbn-async,116.74576485,0.009108045135730687,0.000451842693564416,480,22
hmmt__model=qwen2_5_7b,qwen2_5_7b,32,uniform,120.50630472,0.015315095495282687,0,960,0
hmmt__model=qwen2_5_7b,qwen2_5_7b,32,hbn-sync,221.558380868,0.01588796856974029,0.0,960,0
hmmt__model=qwen2_5_7b,qwen2_5_7b,32,hbn-async,130.371027192,0.017354465166961663,5.9755151253504e-05,960,5
hmmt__model=qwen2_5_7b,qwen2_5_7b,64,uniform,157.14599477,0.030043013811356673,0,1920,0
hmmt__model=qwen2_5_7b,qwen2_5_7b,64,hbn-sync,262.738671826,0.03339416730912461,0.0,1920,0
hmmt__model=qwen2_5_7b,qwen2_5_7b,64,hbn-async,163.55199762,0.03164399455554355,0.000255218517786624,1920,5
hmmt__model=qwen3_5_27b,qwen3_5_27b,8,uniform,628.854256855,0.1710678655927849,0,240,0
hmmt__model=qwen3_5_27b,qwen3_5_27b,8,hbn-sync,955.445741157,0.1712434426804224,0.0,240,0
hmmt__model=qwen3_5_27b,qwen3_5_27b,8,hbn-async,938.824943257,0.17169598324035892,0.0147665411549952,240,45
hmmt__model=qwen3_5_27b,qwen3_5_27b,16,uniform,1291.135962247,0.3464040938175529,0,480,0
hmmt__model=qwen3_5_27b,qwen3_5_27b,16,hbn-sync,1499.122407095,0.3476647411655506,0.0,480,0
hmmt__model=qwen3_5_27b,qwen3_5_27b,16,hbn-async,1323.412360679,0.3470418431490683,2.2912473493504e-05,480,1
hmmt__model=qwen3_5_27b,qwen3_5_27b,32,uniform,2356.039499755,0.6826258184020869,0,960,0
hmmt__model=qwen3_5_27b,qwen3_5_27b,32,hbn-sync,2543.818484293,0.6900900200752056,0.0,960,0
hmmt__model=qwen3_5_27b,qwen3_5_27b,32,hbn-async,2387.446163387,0.6970466857954069,0.0,960,0
hmmt__model=qwen3_5_27b,qwen3_5_27b,64,uniform,4528.574892777,1.3715507794589368,0,1920,0
hmmt__model=qwen3_5_27b,qwen3_5_27b,64,hbn-sync,4784.622681482,1.377996979169328,0.0,1920,0
hmmt__model=qwen3_5_27b,qwen3_5_27b,64,hbn-async,4542.437458427,1.3743354665336995,0.0,1920,0
hmmt__model=qwen3_5_4b,qwen3_5_4b,8,uniform,289.118917831,0.03265297372925133,0,240,0
hmmt__model=qwen3_5_4b,qwen3_5_4b,8,hbn-sync,352.126286651,0.03250729157570765,0.0,240,0
hmmt__model=qwen3_5_4b,qwen3_5_4b,8,hbn-async,326.698765782,0.03228221897123635,0.001301816811403264,240,22
hmmt__model=qwen3_5_4b,qwen3_5_4b,16,uniform,578.877746421,0.06591060761380864,0,480,0
hmmt__model=qwen3_5_4b,qwen3_5_4b,16,hbn-sync,580.582343325,0.06487415956098253,0.0,480,0
hmmt__model=qwen3_5_4b,qwen3_5_4b,16,hbn-async,527.967529313,0.06461402349442662,0.0,480,0
hmmt__model=qwen3_5_4b,qwen3_5_4b,32,uniform,1009.118299313,0.13161557672928462,0,960,0
hmmt__model=qwen3_5_4b,qwen3_5_4b,32,hbn-sync,1059.59170724,0.12883352366452122,0.0,960,0
hmmt__model=qwen3_5_4b,qwen3_5_4b,32,hbn-async,949.217669257,0.12755374591368807,0.0,960,0
hmmt__model=qwen3_5_4b,qwen3_5_4b,64,uniform,1913.538910384,0.26236011007253096,0,1920,0
hmmt__model=qwen3_5_4b,qwen3_5_4b,64,hbn-sync,1908.849124068,0.25620594559849064,0.0,1920,0
hmmt__model=qwen3_5_4b,qwen3_5_4b,64,hbn-async,1839.429564185,0.2557312678407823,0.0,1920,0
hmmt__model=qwen3_5_9b,qwen3_5_9b,8,uniform,318.265553669,0.05963235998057472,0,240,0
hmmt__model=qwen3_5_9b,qwen3_5_9b,8,hbn-sync,416.668601198,0.05872923329211597,0.0,240,0
hmmt__model=qwen3_5_9b,qwen3_5_9b,8,hbn-async,394.080243076,0.05814907693872128,0.002187357748276224,240,22
hmmt__model=qwen3_5_9b,qwen3_5_9b,16,uniform,602.432282336,0.1184226624421079,0,480,0
hmmt__model=qwen3_5_9b,qwen3_5_9b,16,hbn-sync,657.701777826,0.11631325197094809,0.0,480,0
hmmt__model=qwen3_5_9b,qwen3_5_9b,16,hbn-async,633.759252144,0.11720977103848551,4.3016465052672e-05,480,2
hmmt__model=qwen3_5_9b,qwen3_5_9b,32,uniform,1132.818017944,0.2348261994670336,0,960,0
hmmt__model=qwen3_5_9b,qwen3_5_9b,32,hbn-sync,1208.982189557,0.23219576650809037,0.0,960,0
hmmt__model=qwen3_5_9b,qwen3_5_9b,32,hbn-async,1086.808306012,0.2306051097935104,0.0,960,0
hmmt__model=qwen3_5_9b,qwen3_5_9b,64,uniform,2169.893088775,0.4717999234199757,0,1920,0
hmmt__model=qwen3_5_9b,qwen3_5_9b,64,hbn-sync,2203.190281826,0.4642871476590981,0.0,1920,0
hmmt__model=qwen3_5_9b,qwen3_5_9b,64,hbn-async,2093.844730905,0.4614428000797409,0.0,1920,0
livecodebench_gt_2024_03_30__difficulty_easy__model=qwen2_5_32b,qwen2_5_32b,8,uniform,47.836662863,0.032289102550530045,0,800,0
livecodebench_gt_2024_03_30__difficulty_easy__model=qwen2_5_32b,qwen2_5_32b,8,hbn-sync,55.37980521,0.03226519317425152,0.0,800,0
livecodebench_gt_2024_03_30__difficulty_easy__model=qwen2_5_32b,qwen2_5_32b,8,hbn-async,48.725194223,0.032373164996050946,0.000106695378907136,800,4
livecodebench_gt_2024_03_30__difficulty_easy__model=qwen2_5_32b,qwen2_5_32b,16,uniform,89.824028496,0.06492833151056077,0,1600,0
livecodebench_gt_2024_03_30__difficulty_easy__model=qwen2_5_32b,qwen2_5_32b,16,hbn-sync,95.650941355,0.06495225329683456,0.0,1600,0
livecodebench_gt_2024_03_30__difficulty_easy__model=qwen2_5_32b,qwen2_5_32b,16,hbn-async,91.814229851,0.06507320059927142,0.0,1600,0
livecodebench_gt_2024_03_30__difficulty_easy__model=qwen2_5_32b,qwen2_5_32b,32,uniform,168.685472469,0.12950385760110386,0,3200,0
livecodebench_gt_2024_03_30__difficulty_easy__model=qwen2_5_32b,qwen2_5_32b,32,hbn-sync,177.498369781,0.12995229323872665,0.0,3200,0
livecodebench_gt_2024_03_30__difficulty_easy__model=qwen2_5_32b,qwen2_5_32b,32,hbn-async,171.732018006,0.13004162731706367,0.0,3200,0
livecodebench_gt_2024_03_30__difficulty_easy__model=qwen2_5_32b,qwen2_5_32b,64,uniform,333.43319339,0.2594552882956452,0,6400,0
livecodebench_gt_2024_03_30__difficulty_easy__model=qwen2_5_32b,qwen2_5_32b,64,hbn-sync,347.071914676,0.26237446275541604,0.0,6400,0
livecodebench_gt_2024_03_30__difficulty_easy__model=qwen2_5_32b,qwen2_5_32b,64,hbn-async,340.629570274,0.26236644688617883,0.0,6400,0
livecodebench_gt_2024_03_30__difficulty_easy__model=qwen2_5_3b,qwen2_5_3b,8,uniform,16.567952454,0.004191976243265536,0,800,0
livecodebench_gt_2024_03_30__difficulty_easy__model=qwen2_5_3b,qwen2_5_3b,8,hbn-sync,29.899159059,0.004120397648683008,0.0,800,0
livecodebench_gt_2024_03_30__difficulty_easy__model=qwen2_5_3b,qwen2_5_3b,8,hbn-async,16.190829563,0.004180018897461248,0.0,800,0
livecodebench_gt_2024_03_30__difficulty_easy__model=qwen2_5_3b,qwen2_5_3b,16,uniform,79.854061982,0.008977091050012672,0,1600,0
livecodebench_gt_2024_03_30__difficulty_easy__model=qwen2_5_3b,qwen2_5_3b,16,hbn-sync,87.185323433,0.008391916128927744,0.0,1600,0
livecodebench_gt_2024_03_30__difficulty_easy__model=qwen2_5_3b,qwen2_5_3b,16,hbn-async,74.131607798,0.008353407662743551,2.13914957824e-05,1600,4
livecodebench_gt_2024_03_30__difficulty_easy__model=qwen2_5_3b,qwen2_5_3b,32,uniform,98.117393461,0.01775364020804813,0,3200,0
livecodebench_gt_2024_03_30__difficulty_easy__model=qwen2_5_3b,qwen2_5_3b,32,hbn-sync,153.711439127,0.016817181716332542,0.0,3200,0
livecodebench_gt_2024_03_30__difficulty_easy__model=qwen2_5_3b,qwen2_5_3b,32,hbn-async,94.676157729,0.016713114894606335,0.0,3200,0
livecodebench_gt_2024_03_30__difficulty_easy__model=qwen2_5_3b,qwen2_5_3b,64,uniform,137.589747938,0.034482322765717506,0,6400,0
livecodebench_gt_2024_03_30__difficulty_easy__model=qwen2_5_3b,qwen2_5_3b,64,hbn-sync,187.084458722,0.033326135006887934,0.0,6400,0
livecodebench_gt_2024_03_30__difficulty_easy__model=qwen2_5_3b,qwen2_5_3b,64,hbn-async,141.984791939,0.03393863251678003,1.0431057584128e-05,6400,2
livecodebench_gt_2024_03_30__difficulty_easy__model=qwen2_5_7b,qwen2_5_7b,8,uniform,9.333024178,0.005874489686001664,0,800,0
livecodebench_gt_2024_03_30__difficulty_easy__model=qwen2_5_7b,qwen2_5_7b,8,hbn-sync,11.53632052,0.005898655689450496,0.0,800,0
livecodebench_gt_2024_03_30__difficulty_easy__model=qwen2_5_7b,qwen2_5_7b,8,hbn-async,9.50479381,0.005889831216804864,4.8093421064192e-05,800,5
livecodebench_gt_2024_03_30__difficulty_easy__model=qwen2_5_7b,qwen2_5_7b,16,uniform,16.640363854,0.011745281299003391,0,1600,0
livecodebench_gt_2024_03_30__difficulty_easy__model=qwen2_5_7b,qwen2_5_7b,16,hbn-sync,22.466650471,0.011827704049702912,0.0,1600,0
livecodebench_gt_2024_03_30__difficulty_easy__model=qwen2_5_7b,qwen2_5_7b,16,hbn-async,19.876904216,0.011841105080534016,0.0,1600,0
livecodebench_gt_2024_03_30__difficulty_easy__model=qwen2_5_7b,qwen2_5_7b,32,uniform,33.76564518,0.023495437768226816,0,3200,0
livecodebench_gt_2024_03_30__difficulty_easy__model=qwen2_5_7b,qwen2_5_7b,32,hbn-sync,35.317935207,0.02389430063465984,0.0,3200,0
livecodebench_gt_2024_03_30__difficulty_easy__model=qwen2_5_7b,qwen2_5_7b,32,hbn-async,32.985599383,0.02392378964129997,0.0,3200,0
livecodebench_gt_2024_03_30__difficulty_easy__model=qwen2_5_7b,qwen2_5_7b,64,uniform,85.204087789,0.04699101511766323,0,6400,0
livecodebench_gt_2024_03_30__difficulty_easy__model=qwen2_5_7b,qwen2_5_7b,64,hbn-sync,68.313815208,0.04795564204660634,0.0,6400,0
livecodebench_gt_2024_03_30__difficulty_easy__model=qwen2_5_7b,qwen2_5_7b,64,hbn-async,82.544793784,0.048092840538430465,0.0,6400,0
livecodebench_gt_2024_03_30__difficulty_easy__model=qwen3_5_27b,qwen3_5_27b,8,uniform,436.718103101,0.1367648480930437,0,800,0
livecodebench_gt_2024_03_30__difficulty_easy__model=qwen3_5_27b,qwen3_5_27b,8,hbn-sync,537.818882378,0.14369492820677837,0.0,800,0
livecodebench_gt_2024_03_30__difficulty_easy__model=qwen3_5_27b,qwen3_5_27b,8,hbn-async,486.590255477,0.1440915664892682,0.00210559753988096,800,7
livecodebench_gt_2024_03_30__difficulty_easy__model=qwen3_5_27b,qwen3_5_27b,16,uniform,794.270977205,0.2797606808165775,0,1600,0
livecodebench_gt_2024_03_30__difficulty_easy__model=qwen3_5_27b,qwen3_5_27b,16,hbn-sync,1031.483212922,0.3047392855279964,0.0,1600,0
livecodebench_gt_2024_03_30__difficulty_easy__model=qwen3_5_27b,qwen3_5_27b,16,hbn-async,900.762158688,0.3027643346409687,0.0,1600,0
livecodebench_gt_2024_03_30__difficulty_easy__model=qwen3_5_27b,qwen3_5_27b,32,uniform,1373.459338914,0.5490901903269038,0,3200,0
livecodebench_gt_2024_03_30__difficulty_easy__model=qwen3_5_27b,qwen3_5_27b,32,hbn-sync,1660.691409663,0.610537410978862,0.0,3200,0
livecodebench_gt_2024_03_30__difficulty_easy__model=qwen3_5_27b,qwen3_5_27b,32,hbn-async,1535.007940797,0.6108878363086684,0.0,3200,0
livecodebench_gt_2024_03_30__difficulty_easy__model=qwen3_5_27b,qwen3_5_27b,64,uniform,2741.781479106,1.1199535110635674,0,6400,0
livecodebench_gt_2024_03_30__difficulty_easy__model=qwen3_5_27b,qwen3_5_27b,64,hbn-sync,3207.064008283,1.2809287644279992,0.0,6400,0
livecodebench_gt_2024_03_30__difficulty_easy__model=qwen3_5_27b,qwen3_5_27b,64,hbn-async,3082.370204565,1.2736105917813196,0.0,6400,0
livecodebench_gt_2024_03_30__difficulty_easy__model=qwen3_5_4b,qwen3_5_4b,8,uniform,199.748736223,0.029969920619681793,0,800,0
livecodebench_gt_2024_03_30__difficulty_easy__model=qwen3_5_4b,qwen3_5_4b,8,hbn-sync,282.626057649,0.03090423636663091,0.0,800,0
livecodebench_gt_2024_03_30__difficulty_easy__model=qwen3_5_4b,qwen3_5_4b,8,hbn-async,219.492219883,0.03111806107530035,0.000165115320991744,800,5
livecodebench_gt_2024_03_30__difficulty_easy__model=qwen3_5_4b,qwen3_5_4b,16,uniform,364.059694727,0.06321806136911871,0,1600,0
livecodebench_gt_2024_03_30__difficulty_easy__model=qwen3_5_4b,qwen3_5_4b,16,hbn-sync,428.144088289,0.063378664523776,0.0,1600,0
livecodebench_gt_2024_03_30__difficulty_easy__model=qwen3_5_4b,qwen3_5_4b,16,hbn-async,376.356829668,0.06424642494911079,0.0,1600,0
livecodebench_gt_2024_03_30__difficulty_easy__model=qwen3_5_4b,qwen3_5_4b,32,uniform,668.926583839,0.12205360983931494,0,3200,0
livecodebench_gt_2024_03_30__difficulty_easy__model=qwen3_5_4b,qwen3_5_4b,32,hbn-sync,751.784466111,0.1242139666134651,0.0,3200,0
livecodebench_gt_2024_03_30__difficulty_easy__model=qwen3_5_4b,qwen3_5_4b,32,hbn-async,680.087039848,0.1238632657228718,0.0,3200,0
livecodebench_gt_2024_03_30__difficulty_easy__model=qwen3_5_4b,qwen3_5_4b,64,uniform,1286.288046658,0.245047553178411,0,6400,0
livecodebench_gt_2024_03_30__difficulty_easy__model=qwen3_5_4b,qwen3_5_4b,64,hbn-sync,1381.293188372,0.2527309251322409,0.0,6400,0
livecodebench_gt_2024_03_30__difficulty_easy__model=qwen3_5_4b,qwen3_5_4b,64,hbn-async,1301.713283127,0.2503074770865992,0.0,6400,0
livecodebench_gt_2024_03_30__difficulty_easy__model=qwen3_5_9b,qwen3_5_9b,8,uniform,230.756461538,0.056597335964439555,0,800,0
livecodebench_gt_2024_03_30__difficulty_easy__model=qwen3_5_9b,qwen3_5_9b,8,hbn-sync,316.799046147,0.05593584916736,0.0,800,0
livecodebench_gt_2024_03_30__difficulty_easy__model=qwen3_5_9b,qwen3_5_9b,8,hbn-async,264.349522472,0.05735602195224269,0.000278393257237504,800,4
livecodebench_gt_2024_03_30__difficulty_easy__model=qwen3_5_9b,qwen3_5_9b,16,uniform,411.896694262,0.11027175044027392,0,1600,0
livecodebench_gt_2024_03_30__difficulty_easy__model=qwen3_5_9b,qwen3_5_9b,16,hbn-sync,516.261645206,0.11176536193708748,0.0,1600,0
livecodebench_gt_2024_03_30__difficulty_easy__model=qwen3_5_9b,qwen3_5_9b,16,hbn-async,433.391401543,0.1142471977733806,0.0,1600,0
livecodebench_gt_2024_03_30__difficulty_easy__model=qwen3_5_9b,qwen3_5_9b,32,uniform,716.939953104,0.22039562081462272,0,3200,0
livecodebench_gt_2024_03_30__difficulty_easy__model=qwen3_5_9b,qwen3_5_9b,32,hbn-sync,831.581105473,0.22400800057848116,0.0,3200,0
livecodebench_gt_2024_03_30__difficulty_easy__model=qwen3_5_9b,qwen3_5_9b,32,hbn-async,766.654935095,0.22461934215496193,0.0,3200,0
livecodebench_gt_2024_03_30__difficulty_easy__model=qwen3_5_9b,qwen3_5_9b,64,uniform,1439.785542226,0.4432120082965852,0,6400,0
livecodebench_gt_2024_03_30__difficulty_easy__model=qwen3_5_9b,qwen3_5_9b,64,hbn-sync,1571.26344536,0.4585049217628303,0.0,6400,0
livecodebench_gt_2024_03_30__difficulty_easy__model=qwen3_5_9b,qwen3_5_9b,64,hbn-async,1503.103938486,0.45955003711688397,0.0,6400,0
livecodebench_gt_2024_03_30__difficulty_hard__model=qwen2_5_32b,qwen2_5_32b,8,uniform,88.255875918,0.05770096935889715,0,800,0
livecodebench_gt_2024_03_30__difficulty_hard__model=qwen2_5_32b,qwen2_5_32b,8,hbn-sync,102.54667999,0.05808180673622221,0.0,800,0
livecodebench_gt_2024_03_30__difficulty_hard__model=qwen2_5_32b,qwen2_5_32b,8,hbn-async,85.88994646,0.05789048434801664,0.0,800,0
livecodebench_gt_2024_03_30__difficulty_hard__model=qwen2_5_32b,qwen2_5_32b,16,uniform,164.318681456,0.11492195724137472,0,1600,0
livecodebench_gt_2024_03_30__difficulty_hard__model=qwen2_5_32b,qwen2_5_32b,16,hbn-sync,181.784589445,0.1165803838656942,0.0,1600,0
livecodebench_gt_2024_03_30__difficulty_hard__model=qwen2_5_32b,qwen2_5_32b,16,hbn-async,165.774884734,0.11671827954044928,0.0,1600,0
livecodebench_gt_2024_03_30__difficulty_hard__model=qwen2_5_32b,qwen2_5_32b,32,uniform,322.49147812,0.2306991013814108,0,3200,0
livecodebench_gt_2024_03_30__difficulty_hard__model=qwen2_5_32b,qwen2_5_32b,32,hbn-sync,339.175122864,0.2351019042230354,0.0,3200,0
livecodebench_gt_2024_03_30__difficulty_hard__model=qwen2_5_32b,qwen2_5_32b,32,hbn-async,322.489176643,0.23503837728383387,0.0,3200,0
livecodebench_gt_2024_03_30__difficulty_hard__model=qwen2_5_32b,qwen2_5_32b,64,uniform,633.931204087,0.461569405533143,0,6400,0
livecodebench_gt_2024_03_30__difficulty_hard__model=qwen2_5_32b,qwen2_5_32b,64,hbn-sync,651.635136297,0.47768033040866714,0.0,6400,0
livecodebench_gt_2024_03_30__difficulty_hard__model=qwen2_5_32b,qwen2_5_32b,64,hbn-async,647.73579711,0.47782160730675816,0.0,6400,0
livecodebench_gt_2024_03_30__difficulty_hard__model=qwen2_5_3b,qwen2_5_3b,8,uniform,84.188259176,0.007118787077455872,0,800,0
livecodebench_gt_2024_03_30__difficulty_hard__model=qwen2_5_3b,qwen2_5_3b,8,hbn-sync,145.67872032,0.00720225744928768,0.0,800,0
livecodebench_gt_2024_03_30__difficulty_hard__model=qwen2_5_3b,qwen2_5_3b,8,hbn-async,76.853009938,0.006819175315144704,6.155013906432e-06,800,1
livecodebench_gt_2024_03_30__difficulty_hard__model=qwen2_5_3b,qwen2_5_3b,16,uniform,79.63372134,0.012371082432905215,0,1600,0
livecodebench_gt_2024_03_30__difficulty_hard__model=qwen2_5_3b,qwen2_5_3b,16,hbn-sync,145.764110594,0.012795964942024705,0.0,1600,0
livecodebench_gt_2024_03_30__difficulty_hard__model=qwen2_5_3b,qwen2_5_3b,16,hbn-async,96.604895878,0.012984019909050367,1.377446506496e-05,1600,2
livecodebench_gt_2024_03_30__difficulty_hard__model=qwen2_5_3b,qwen2_5_3b,32,uniform,109.080316154,0.025073107501113343,0,3200,0
livecodebench_gt_2024_03_30__difficulty_hard__model=qwen2_5_3b,qwen2_5_3b,32,hbn-sync,179.924501938,0.026046200181284864,0.0,3200,0
livecodebench_gt_2024_03_30__difficulty_hard__model=qwen2_5_3b,qwen2_5_3b,32,hbn-async,108.609848157,0.02503603349430272,2.3453480411136e-05,3200,3
livecodebench_gt_2024_03_30__difficulty_hard__model=qwen2_5_3b,qwen2_5_3b,64,uniform,188.552750588,0.05227264079740928,0,6400,0
livecodebench_gt_2024_03_30__difficulty_hard__model=qwen2_5_3b,qwen2_5_3b,64,hbn-sync,238.616192851,0.05068048556090982,0.0,6400,0
livecodebench_gt_2024_03_30__difficulty_hard__model=qwen2_5_3b,qwen2_5_3b,64,hbn-async,178.911888653,0.05138419105035878,0.000101181945225216,6400,10
livecodebench_gt_2024_03_30__difficulty_hard__model=qwen2_5_7b,qwen2_5_7b,8,uniform,107.214365917,0.011362077814090751,0,800,0
livecodebench_gt_2024_03_30__difficulty_hard__model=qwen2_5_7b,qwen2_5_7b,8,hbn-sync,21.319093195,0.011051041430811648,0.0,800,0
livecodebench_gt_2024_03_30__difficulty_hard__model=qwen2_5_7b,qwen2_5_7b,8,hbn-async,18.543774078,0.011046227891564543,0.000131087305122816,800,11
livecodebench_gt_2024_03_30__difficulty_hard__model=qwen2_5_7b,qwen2_5_7b,16,uniform,35.152153822,0.022290727878587394,0,1600,0
livecodebench_gt_2024_03_30__difficulty_hard__model=qwen2_5_7b,qwen2_5_7b,16,hbn-sync,37.347663983,0.02209954684643328,0.0,1600,0
livecodebench_gt_2024_03_30__difficulty_hard__model=qwen2_5_7b,qwen2_5_7b,16,hbn-async,121.946392794,0.02237032191751168,0.0,1600,0
livecodebench_gt_2024_03_30__difficulty_hard__model=qwen2_5_7b,qwen2_5_7b,32,uniform,139.014066469,0.04463260465856819,0,3200,0
livecodebench_gt_2024_03_30__difficulty_hard__model=qwen2_5_7b,qwen2_5_7b,32,hbn-sync,230.944048324,0.04467960100070298,0.0,3200,0
livecodebench_gt_2024_03_30__difficulty_hard__model=qwen2_5_7b,qwen2_5_7b,32,hbn-async,151.301506228,0.044291170963106814,0.0,3200,0
livecodebench_gt_2024_03_30__difficulty_hard__model=qwen2_5_7b,qwen2_5_7b,64,uniform,220.006869021,0.08970249357313126,0,6400,0
livecodebench_gt_2024_03_30__difficulty_hard__model=qwen2_5_7b,qwen2_5_7b,64,hbn-sync,299.345242242,0.08775608750049076,0.0,6400,0
livecodebench_gt_2024_03_30__difficulty_hard__model=qwen2_5_7b,qwen2_5_7b,64,hbn-async,199.9966566,0.08741136343488103,0.0,6400,0
livecodebench_gt_2024_03_30__difficulty_hard__model=qwen3_5_27b,qwen3_5_27b,8,uniform,1723.557603471,0.4792206447941376,0,800,0
livecodebench_gt_2024_03_30__difficulty_hard__model=qwen3_5_27b,qwen3_5_27b,8,hbn-sync,1832.904922038,0.46180971850642943,0.0,800,0
livecodebench_gt_2024_03_30__difficulty_hard__model=qwen3_5_27b,qwen3_5_27b,8,hbn-async,1670.782125645,0.45879969121595804,0.0,800,0
livecodebench_gt_2024_03_30__difficulty_hard__model=qwen3_5_27b,qwen3_5_27b,16,uniform,3181.652055077,0.9466701516176067,0,1600,0
livecodebench_gt_2024_03_30__difficulty_hard__model=qwen3_5_27b,qwen3_5_27b,16,hbn-sync,3201.621825715,0.8929273438023844,0.0,1600,0
livecodebench_gt_2024_03_30__difficulty_hard__model=qwen3_5_27b,qwen3_5_27b,16,hbn-async,3025.281548717,0.9012245398986476,0.0,1600,0
livecodebench_gt_2024_03_30__difficulty_hard__model=qwen3_5_27b,qwen3_5_27b,32,uniform,6336.219361843,1.9431639292976086,0,3200,0
livecodebench_gt_2024_03_30__difficulty_hard__model=qwen3_5_27b,qwen3_5_27b,32,hbn-sync,5894.271075411,1.7640880861458197,0.0,3200,0
livecodebench_gt_2024_03_30__difficulty_hard__model=qwen3_5_27b,qwen3_5_27b,32,hbn-async,5717.185397006,1.7712168354239868,0.0,3200,0
livecodebench_gt_2024_03_30__difficulty_hard__model=qwen3_5_27b,qwen3_5_27b,64,uniform,12279.062493337,3.832890834538493,0,6400,0
livecodebench_gt_2024_03_30__difficulty_hard__model=qwen3_5_27b,qwen3_5_27b,64,hbn-sync,11132.289489407,3.466205722421628,0.0,6400,0
livecodebench_gt_2024_03_30__difficulty_hard__model=qwen3_5_27b,qwen3_5_27b,64,hbn-async,10899.782438593,3.454871706061642,0.0,6400,0
livecodebench_gt_2024_03_30__difficulty_hard__model=qwen3_5_4b,qwen3_5_4b,8,uniform,673.360205672,0.08510433193545729,0,800,0
livecodebench_gt_2024_03_30__difficulty_hard__model=qwen3_5_4b,qwen3_5_4b,8,hbn-sync,714.984432661,0.0830957213990912,0.0,800,0
livecodebench_gt_2024_03_30__difficulty_hard__model=qwen3_5_4b,qwen3_5_4b,8,hbn-async,649.904318411,0.08343813713210982,0.00011401690780672,800,8
livecodebench_gt_2024_03_30__difficulty_hard__model=qwen3_5_4b,qwen3_5_4b,16,uniform,1299.989547409,0.17749714231412123,0,1600,0
livecodebench_gt_2024_03_30__difficulty_hard__model=qwen3_5_4b,qwen3_5_4b,16,hbn-sync,1269.390183418,0.16475239856012083,0.0,1600,0
livecodebench_gt_2024_03_30__difficulty_hard__model=qwen3_5_4b,qwen3_5_4b,16,hbn-async,1234.852979926,0.16705027735969996,0.0,1600,0
livecodebench_gt_2024_03_30__difficulty_hard__model=qwen3_5_4b,qwen3_5_4b,32,uniform,2549.084790356,0.3545546583484334,0,3200,0
livecodebench_gt_2024_03_30__difficulty_hard__model=qwen3_5_4b,qwen3_5_4b,32,hbn-sync,2367.13694174,0.3266194487590072,0.0,3200,0
livecodebench_gt_2024_03_30__difficulty_hard__model=qwen3_5_4b,qwen3_5_4b,32,hbn-async,2281.655938776,0.3249490304747213,0.0,3200,0
livecodebench_gt_2024_03_30__difficulty_hard__model=qwen3_5_4b,qwen3_5_4b,64,uniform,4998.78025802,0.7038013777011262,0,6400,0
livecodebench_gt_2024_03_30__difficulty_hard__model=qwen3_5_4b,qwen3_5_4b,64,hbn-sync,4366.742785989,0.6247013238405448,0.0,6400,0
livecodebench_gt_2024_03_30__difficulty_hard__model=qwen3_5_4b,qwen3_5_4b,64,hbn-async,4293.349119834,0.6233160374954086,0.0,6400,0
livecodebench_gt_2024_03_30__difficulty_hard__model=qwen3_5_9b,qwen3_5_9b,8,uniform,777.175339954,0.1564990790201897,0,800,0
livecodebench_gt_2024_03_30__difficulty_hard__model=qwen3_5_9b,qwen3_5_9b,8,hbn-sync,841.570283003,0.14888154632659661,0.0,800,0
livecodebench_gt_2024_03_30__difficulty_hard__model=qwen3_5_9b,qwen3_5_9b,8,hbn-async,761.859844376,0.1524201113734441,0.0,800,0
livecodebench_gt_2024_03_30__difficulty_hard__model=qwen3_5_9b,qwen3_5_9b,16,uniform,1479.211915811,0.31275710393856104,0,1600,0
livecodebench_gt_2024_03_30__difficulty_hard__model=qwen3_5_9b,qwen3_5_9b,16,hbn-sync,1490.908794089,0.29876498642638744,0.0,1600,0
livecodebench_gt_2024_03_30__difficulty_hard__model=qwen3_5_9b,qwen3_5_9b,16,hbn-async,1407.591296147,0.3010692710554921,0.0,1600,0
livecodebench_gt_2024_03_30__difficulty_hard__model=qwen3_5_9b,qwen3_5_9b,32,uniform,2888.217391482,0.6338920318713774,0,3200,0
livecodebench_gt_2024_03_30__difficulty_hard__model=qwen3_5_9b,qwen3_5_9b,32,hbn-sync,2688.72446421,0.5849044131850782,0.0,3200,0
livecodebench_gt_2024_03_30__difficulty_hard__model=qwen3_5_9b,qwen3_5_9b,32,hbn-async,2629.242147288,0.5835989820256953,0.0,3200,0
livecodebench_gt_2024_03_30__difficulty_hard__model=qwen3_5_9b,qwen3_5_9b,64,uniform,5600.031723319,1.2499312125325293,0,6400,0
livecodebench_gt_2024_03_30__difficulty_hard__model=qwen3_5_9b,qwen3_5_9b,64,hbn-sync,5116.394608669,1.1443243976261457,0.0,6400,0
livecodebench_gt_2024_03_30__difficulty_hard__model=qwen3_5_9b,qwen3_5_9b,64,hbn-async,5025.698898109,1.1434041567294873,0.0,6400,0
livecodebench_gt_2024_03_30__difficulty_medium__model=qwen2_5_32b,qwen2_5_32b,8,uniform,70.349103316,0.04457192951602381,0,800,0
livecodebench_gt_2024_03_30__difficulty_medium__model=qwen2_5_32b,qwen2_5_32b,8,hbn-sync,82.28690214,0.04455084732637594,0.0,800,0
livecodebench_gt_2024_03_30__difficulty_medium__model=qwen2_5_32b,qwen2_5_32b,8,hbn-async,70.707785855,0.04448977132821504,0.000223435113580544,800,8
livecodebench_gt_2024_03_30__difficulty_medium__model=qwen2_5_32b,qwen2_5_32b,16,uniform,129.412732443,0.0894338474252247,0,1600,0
livecodebench_gt_2024_03_30__difficulty_medium__model=qwen2_5_32b,qwen2_5_32b,16,hbn-sync,136.229106548,0.08850630958170931,0.0,1600,0
livecodebench_gt_2024_03_30__difficulty_medium__model=qwen2_5_32b,qwen2_5_32b,16,hbn-async,130.538109807,0.08858587312050585,0.0,1600,0
livecodebench_gt_2024_03_30__difficulty_medium__model=qwen2_5_32b,qwen2_5_32b,32,uniform,246.789333314,0.17824444925397198,0,3200,0
livecodebench_gt_2024_03_30__difficulty_medium__model=qwen2_5_32b,qwen2_5_32b,32,hbn-sync,248.983519189,0.17498386793341134,0.0,3200,0
livecodebench_gt_2024_03_30__difficulty_medium__model=qwen2_5_32b,qwen2_5_32b,32,hbn-async,241.542600022,0.17549783256534426,0.0,3200,0
livecodebench_gt_2024_03_30__difficulty_medium__model=qwen2_5_32b,qwen2_5_32b,64,uniform,487.503268343,0.3573988498790482,0,6400,0
livecodebench_gt_2024_03_30__difficulty_medium__model=qwen2_5_32b,qwen2_5_32b,64,hbn-sync,504.144122476,0.3489929046527386,0.0,6400,0
livecodebench_gt_2024_03_30__difficulty_medium__model=qwen2_5_32b,qwen2_5_32b,64,hbn-async,475.950391124,0.34902334746389096,0.0,6400,0
livecodebench_gt_2024_03_30__difficulty_medium__model=qwen2_5_3b,qwen2_5_3b,8,uniform,73.046561669,0.005391412781359104,0,800,0
livecodebench_gt_2024_03_30__difficulty_medium__model=qwen2_5_3b,qwen2_5_3b,8,hbn-sync,76.68073672,0.005510184212668416,0.0,800,0
livecodebench_gt_2024_03_30__difficulty_medium__model=qwen2_5_3b,qwen2_5_3b,8,hbn-async,71.55441062,0.005346822248546304,4.5436332179456e-05,800,6
livecodebench_gt_2024_03_30__difficulty_medium__model=qwen2_5_3b,qwen2_5_3b,16,uniform,76.553227026,0.010393275842994177,0,1600,0
livecodebench_gt_2024_03_30__difficulty_medium__model=qwen2_5_3b,qwen2_5_3b,16,hbn-sync,136.524627306,0.010445000180965376,0.0,1600,0
livecodebench_gt_2024_03_30__difficulty_medium__model=qwen2_5_3b,qwen2_5_3b,16,hbn-async,82.850867549,0.010645036905037824,4.4031335899136e-05,1600,6
livecodebench_gt_2024_03_30__difficulty_medium__model=qwen2_5_3b,qwen2_5_3b,32,uniform,103.938844579,0.021071026537218047,0,3200,0
livecodebench_gt_2024_03_30__difficulty_medium__model=qwen2_5_3b,qwen2_5_3b,32,hbn-sync,156.442592118,0.02100855764841267,0.0,3200,0
livecodebench_gt_2024_03_30__difficulty_medium__model=qwen2_5_3b,qwen2_5_3b,32,hbn-async,116.089214759,0.021184537181331457,4.7436886016e-06,3200,1
livecodebench_gt_2024_03_30__difficulty_medium__model=qwen2_5_3b,qwen2_5_3b,64,uniform,146.270180321,0.04233464214285517,0,6400,0
livecodebench_gt_2024_03_30__difficulty_medium__model=qwen2_5_3b,qwen2_5_3b,64,hbn-sync,204.659110514,0.04211449578708173,0.0,6400,0
livecodebench_gt_2024_03_30__difficulty_medium__model=qwen2_5_3b,qwen2_5_3b,64,hbn-async,155.686686504,0.04079785993268429,1.2996613767168e-05,6400,2
livecodebench_gt_2024_03_30__difficulty_medium__model=qwen2_5_7b,qwen2_5_7b,8,uniform,14.210573327,0.007914732888237056,0,800,0
livecodebench_gt_2024_03_30__difficulty_medium__model=qwen2_5_7b,qwen2_5_7b,8,hbn-sync,17.0154102,0.007912785417585664,0.0,800,0
livecodebench_gt_2024_03_30__difficulty_medium__model=qwen2_5_7b,qwen2_5_7b,8,hbn-async,12.829818436,0.007912952144104448,3.4991869724672e-05,800,2
livecodebench_gt_2024_03_30__difficulty_medium__model=qwen2_5_7b,qwen2_5_7b,16,uniform,116.339413072,0.01609520549873152,0,1600,0
livecodebench_gt_2024_03_30__difficulty_medium__model=qwen2_5_7b,qwen2_5_7b,16,hbn-sync,26.996451242,0.015989725823619072,0.0,1600,0
livecodebench_gt_2024_03_30__difficulty_medium__model=qwen2_5_7b,qwen2_5_7b,16,hbn-async,23.979218155,0.01601211009503437,0.0,1600,0
livecodebench_gt_2024_03_30__difficulty_medium__model=qwen2_5_7b,qwen2_5_7b,32,uniform,130.842653213,0.03183051041953485,0,3200,0
livecodebench_gt_2024_03_30__difficulty_medium__model=qwen2_5_7b,qwen2_5_7b,32,hbn-sync,133.541545991,0.0318314328853463,0.0,3200,0
livecodebench_gt_2024_03_30__difficulty_medium__model=qwen2_5_7b,qwen2_5_7b,32,hbn-async,134.609278056,0.032063923355290624,1.9275221066752e-05,3200,1
livecodebench_gt_2024_03_30__difficulty_medium__model=qwen2_5_7b,qwen2_5_7b,64,uniform,94.891035993,0.06336666873944063,0,6400,0
livecodebench_gt_2024_03_30__difficulty_medium__model=qwen2_5_7b,qwen2_5_7b,64,hbn-sync,177.786549593,0.06293921005001012,0.0,6400,0
livecodebench_gt_2024_03_30__difficulty_medium__model=qwen2_5_7b,qwen2_5_7b,64,hbn-async,151.49041588,0.06314776617032397,6.9731323648e-06,6400,1
livecodebench_gt_2024_03_30__difficulty_medium__model=qwen3_5_27b,qwen3_5_27b,8,uniform,895.589355966,0.24079164791177113,0,800,0
livecodebench_gt_2024_03_30__difficulty_medium__model=qwen3_5_27b,qwen3_5_27b,8,hbn-sync,1065.645640577,0.23642979883506687,0.0,800,0
livecodebench_gt_2024_03_30__difficulty_medium__model=qwen3_5_27b,qwen3_5_27b,8,hbn-async,1005.314578638,0.24038127649947955,0.004009034017692672,800,14
livecodebench_gt_2024_03_30__difficulty_medium__model=qwen3_5_27b,qwen3_5_27b,16,uniform,1543.479549208,0.4747460650994063,0,1600,0
livecodebench_gt_2024_03_30__difficulty_medium__model=qwen3_5_27b,qwen3_5_27b,16,hbn-sync,1696.913900277,0.4501298313675684,0.0,1600,0
livecodebench_gt_2024_03_30__difficulty_medium__model=qwen3_5_27b,qwen3_5_27b,16,hbn-async,1425.003335249,0.44361800572285953,7.5375903857664e-05,1600,1
livecodebench_gt_2024_03_30__difficulty_medium__model=qwen3_5_27b,qwen3_5_27b,32,uniform,2872.897337451,0.972579521051266,0,3200,0
livecodebench_gt_2024_03_30__difficulty_medium__model=qwen3_5_27b,qwen3_5_27b,32,hbn-sync,2910.184404872,0.9005784196525086,0.0,3200,0
livecodebench_gt_2024_03_30__difficulty_medium__model=qwen3_5_27b,qwen3_5_27b,32,hbn-async,2650.150960288,0.9104619478213151,0.0,3200,0
livecodebench_gt_2024_03_30__difficulty_medium__model=qwen3_5_27b,qwen3_5_27b,64,uniform,5465.880102998,1.9480936157596642,0,6400,0
livecodebench_gt_2024_03_30__difficulty_medium__model=qwen3_5_27b,qwen3_5_27b,64,hbn-sync,5163.074038199,1.7888914185058151,0.0,6400,0
livecodebench_gt_2024_03_30__difficulty_medium__model=qwen3_5_27b,qwen3_5_27b,64,hbn-async,4825.830987256,1.7707026811598643,0.0,6400,0
livecodebench_gt_2024_03_30__difficulty_medium__model=qwen3_5_4b,qwen3_5_4b,8,uniform,386.108856498,0.05002235830393856,0,800,0
livecodebench_gt_2024_03_30__difficulty_medium__model=qwen3_5_4b,qwen3_5_4b,8,hbn-sync,427.620805251,0.049376371361337344,0.0,800,0
livecodebench_gt_2024_03_30__difficulty_medium__model=qwen3_5_4b,qwen3_5_4b,8,hbn-async,371.573568439,0.04865924813949747,0.000571074510495744,800,11
livecodebench_gt_2024_03_30__difficulty_medium__model=qwen3_5_4b,qwen3_5_4b,16,uniform,687.43487566,0.10012006959795405,0,1600,0
livecodebench_gt_2024_03_30__difficulty_medium__model=qwen3_5_4b,qwen3_5_4b,16,hbn-sync,693.08439552,0.09321671125251892,0.0,1600,0
livecodebench_gt_2024_03_30__difficulty_medium__model=qwen3_5_4b,qwen3_5_4b,16,hbn-async,636.80440791,0.09494947844490649,0.0,1600,0
livecodebench_gt_2024_03_30__difficulty_medium__model=qwen3_5_4b,qwen3_5_4b,32,uniform,1273.221229278,0.1994281268946555,0,3200,0
livecodebench_gt_2024_03_30__difficulty_medium__model=qwen3_5_4b,qwen3_5_4b,32,hbn-sync,1212.829691703,0.18282590748906496,0.0,3200,0
livecodebench_gt_2024_03_30__difficulty_medium__model=qwen3_5_4b,qwen3_5_4b,32,hbn-async,1163.111218602,0.18556817929363867,0.0,3200,0
livecodebench_gt_2024_03_30__difficulty_medium__model=qwen3_5_4b,qwen3_5_4b,64,uniform,2416.772799082,0.3919979637917532,0,6400,0
livecodebench_gt_2024_03_30__difficulty_medium__model=qwen3_5_4b,qwen3_5_4b,64,hbn-sync,2313.929161896,0.3700484437389414,0.0,6400,0
livecodebench_gt_2024_03_30__difficulty_medium__model=qwen3_5_4b,qwen3_5_4b,64,hbn-async,2232.375646034,0.36464330683515084,0.0,6400,0
livecodebench_gt_2024_03_30__difficulty_medium__model=qwen3_5_9b,qwen3_5_9b,8,uniform,392.430663317,0.080913064423253,0,800,0
livecodebench_gt_2024_03_30__difficulty_medium__model=qwen3_5_9b,qwen3_5_9b,8,hbn-sync,489.412169335,0.07902695848443801,0.0,800,0
livecodebench_gt_2024_03_30__difficulty_medium__model=qwen3_5_9b,qwen3_5_9b,8,hbn-async,416.714307284,0.08044989217963827,0.0015933010943016959,800,12
livecodebench_gt_2024_03_30__difficulty_medium__model=qwen3_5_9b,qwen3_5_9b,16,uniform,703.132141726,0.16232634284307354,0,1600,0
livecodebench_gt_2024_03_30__difficulty_medium__model=qwen3_5_9b,qwen3_5_9b,16,hbn-sync,741.675296847,0.154989914547925,0.0,1600,0
livecodebench_gt_2024_03_30__difficulty_medium__model=qwen3_5_9b,qwen3_5_9b,16,hbn-async,663.361089155,0.15518404646925005,0.0,1600,0
livecodebench_gt_2024_03_30__difficulty_medium__model=qwen3_5_9b,qwen3_5_9b,32,uniform,1312.220933537,0.32494999183575657,0,3200,0
livecodebench_gt_2024_03_30__difficulty_medium__model=qwen3_5_9b,qwen3_5_9b,32,hbn-sync,1319.975487563,0.30821935693446656,0.0,3200,0
livecodebench_gt_2024_03_30__difficulty_medium__model=qwen3_5_9b,qwen3_5_9b,32,hbn-async,1235.577941956,0.31225307423637605,0.0,3200,0
livecodebench_gt_2024_03_30__difficulty_medium__model=qwen3_5_9b,qwen3_5_9b,64,uniform,2547.416678663,0.6535893554461429,0,6400,0
livecodebench_gt_2024_03_30__difficulty_medium__model=qwen3_5_9b,qwen3_5_9b,64,hbn-sync,2401.241362228,0.6130882085420288,0.0,6400,0
livecodebench_gt_2024_03_30__difficulty_medium__model=qwen3_5_9b,qwen3_5_9b,64,hbn-async,2358.609813108,0.6190875917441515,0.0,6400,0
math_100__model=qwen2_5_32b,qwen2_5_32b,8,uniform,413.552284776,0.03543132730298163,0,800,0
math_100__model=qwen2_5_32b,qwen2_5_32b,8,hbn-sync,444.024906815,0.03681458637135667,0.0,800,0
math_100__model=qwen2_5_32b,qwen2_5_32b,8,hbn-async,460.666313498,0.038220949241409535,0.000688917530333184,800,15
math_100__model=qwen2_5_32b,qwen2_5_32b,16,uniform,472.636749526,0.06879287553081549,0,1600,0
math_100__model=qwen2_5_32b,qwen2_5_32b,16,hbn-sync,490.666837731,0.07198843670351053,0.0,1600,0
math_100__model=qwen2_5_32b,qwen2_5_32b,16,hbn-async,442.410069951,0.0731318886988206,0.0,1600,0
math_100__model=qwen2_5_32b,qwen2_5_32b,32,uniform,551.843188498,0.13467691582736793,0,3200,0
math_100__model=qwen2_5_32b,qwen2_5_32b,32,hbn-sync,933.83554273,0.15078784067547546,0.0,3200,0
math_100__model=qwen2_5_32b,qwen2_5_32b,32,hbn-async,606.060688293,0.1545697249020764,0.000152780721870848,3200,2
math_100__model=qwen2_5_32b,qwen2_5_32b,64,uniform,688.911684568,0.26962033770257615,0,6400,0
math_100__model=qwen2_5_32b,qwen2_5_32b,64,hbn-sync,1214.433261702,0.31215014493188303,0.0,6400,0
math_100__model=qwen2_5_32b,qwen2_5_32b,64,hbn-async,859.349978492,0.3126644739944653,0.000238837318649856,6400,4
math_100__model=qwen2_5_3b,qwen2_5_3b,8,uniform,66.493528826,0.003914124683902976,0,800,0
math_100__model=qwen2_5_3b,qwen2_5_3b,8,hbn-sync,141.752581793,0.004689346806431744,0.0,800,0
math_100__model=qwen2_5_3b,qwen2_5_3b,8,hbn-async,69.681916426,0.004290895787851776,6.1806399135744e-05,800,12
math_100__model=qwen2_5_3b,qwen2_5_3b,16,uniform,92.235591917,0.009056716871770112,0,1600,0
math_100__model=qwen2_5_3b,qwen2_5_3b,16,hbn-sync,157.147079641,0.009778892679159807,0.0,1600,0
math_100__model=qwen2_5_3b,qwen2_5_3b,16,hbn-async,89.749766328,0.009241535670542336,1.7764563255296e-05,1600,4
math_100__model=qwen2_5_3b,qwen2_5_3b,32,uniform,117.41549203,0.017485702112903168,0,3200,0
math_100__model=qwen2_5_3b,qwen2_5_3b,32,hbn-sync,191.982468241,0.018641112218116096,0.0,3200,0
math_100__model=qwen2_5_3b,qwen2_5_3b,32,hbn-async,122.229646646,0.01872652045067059,0.00025821322719232,3200,10
math_100__model=qwen2_5_3b,qwen2_5_3b,64,uniform,173.474131298,0.036172379557117953,0,6400,0
math_100__model=qwen2_5_3b,qwen2_5_3b,64,hbn-sync,240.752445677,0.03883284124065792,0.0,6400,0
math_100__model=qwen2_5_3b,qwen2_5_3b,64,hbn-async,180.136343554,0.03777433143595008,0.000188193487519744,6400,17
math_100__model=qwen2_5_7b,qwen2_5_7b,8,uniform,102.8597557,0.007972438387243009,0,800,0
math_100__model=qwen2_5_7b,qwen2_5_7b,8,hbn-sync,196.764525059,0.00818728366141952,0.0,800,0
math_100__model=qwen2_5_7b,qwen2_5_7b,8,hbn-async,106.452364085,0.0082051014924032,0.00011871004160512,800,7
math_100__model=qwen2_5_7b,qwen2_5_7b,16,uniform,120.581058355,0.0162235451404544,0,1600,0
math_100__model=qwen2_5_7b,qwen2_5_7b,16,hbn-sync,211.17956386,0.017368906721883137,0.0,1600,0
math_100__model=qwen2_5_7b,qwen2_5_7b,16,hbn-async,131.954338642,0.018130519364952063,3.2255853285376e-05,1600,2
math_100__model=qwen2_5_7b,qwen2_5_7b,32,uniform,143.173051941,0.03169421942026547,0,3200,0
math_100__model=qwen2_5_7b,qwen2_5_7b,32,hbn-sync,251.233506518,0.03518262958088704,0.0,3200,0
math_100__model=qwen2_5_7b,qwen2_5_7b,32,hbn-async,228.155471077,0.0346013568698112,8.6329024187392e-05,3200,7
math_100__model=qwen2_5_7b,qwen2_5_7b,64,uniform,213.381266855,0.06403024907168871,0,6400,0
math_100__model=qwen2_5_7b,qwen2_5_7b,64,hbn-sync,322.19449613,0.0720079191652352,0.0,6400,0
math_100__model=qwen2_5_7b,qwen2_5_7b,64,hbn-async,239.827551509,0.07375814311672935,0.000154556582828032,6400,14
math_100__model=qwen3_5_27b,qwen3_5_27b,8,uniform,1092.877643764,0.3162008589351895,0,800,0
math_100__model=qwen3_5_27b,qwen3_5_27b,8,hbn-sync,1403.834662324,0.3207946984545935,0.0,800,0
math_100__model=qwen3_5_27b,qwen3_5_27b,8,hbn-async,1198.146737429,0.32560415696670414,0.000372787434115072,800,1
math_100__model=qwen3_5_27b,qwen3_5_27b,16,uniform,1977.102514175,0.6361838743554181,0,1600,0
math_100__model=qwen3_5_27b,qwen3_5_27b,16,hbn-sync,2243.107837742,0.6386289824128235,0.0,1600,0
math_100__model=qwen3_5_27b,qwen3_5_27b,16,hbn-async,2021.153315366,0.6385950591438121,0.0,1600,0
math_100__model=qwen3_5_27b,qwen3_5_27b,32,uniform,3711.030463005,1.267656210360833,0,3200,0
math_100__model=qwen3_5_27b,qwen3_5_27b,32,hbn-sync,4018.670754468,1.2651368866113875,0.0,3200,0
math_100__model=qwen3_5_27b,qwen3_5_27b,32,hbn-async,3801.594606874,1.2831853004291789,0.0,3200,0
math_100__model=qwen3_5_27b,qwen3_5_27b,64,uniform,7087.429373725,2.506237136132307,0,6400,0
math_100__model=qwen3_5_27b,qwen3_5_27b,64,hbn-sync,7412.951575366,2.51457984064721,0.0,6400,0
math_100__model=qwen3_5_27b,qwen3_5_27b,64,hbn-async,7209.378738606,2.522084533750457,0.0,6400,0
math_100__model=qwen3_5_4b,qwen3_5_4b,8,uniform,363.220471666,0.05030714825390695,0,800,0
math_100__model=qwen3_5_4b,qwen3_5_4b,8,hbn-sync,443.052001978,0.052825342569129984,0.0,800,0
math_100__model=qwen3_5_4b,qwen3_5_4b,8,hbn-async,389.283667306,0.05286042104825856,0.000428039731255296,800,7
math_100__model=qwen3_5_4b,qwen3_5_4b,16,uniform,666.052872692,0.1014423176256082,0,1600,0
math_100__model=qwen3_5_4b,qwen3_5_4b,16,hbn-sync,773.721001686,0.10707207704863744,0.0,1600,0
math_100__model=qwen3_5_4b,qwen3_5_4b,16,hbn-async,709.590340383,0.10742809054346444,0.0,1600,0
math_100__model=qwen3_5_4b,qwen3_5_4b,32,uniform,1228.648335986,0.20186251238880665,0,3200,0
math_100__model=qwen3_5_4b,qwen3_5_4b,32,hbn-sync,1400.682758674,0.21462287399259955,0.0,3200,0
math_100__model=qwen3_5_4b,qwen3_5_4b,32,hbn-async,1352.888818362,0.21616908427077428,0.0,3200,0
math_100__model=qwen3_5_4b,qwen3_5_4b,64,uniform,2416.799483593,0.40577975582753384,0,6400,0
math_100__model=qwen3_5_4b,qwen3_5_4b,64,hbn-sync,2766.599698664,0.4376675959863931,0.0,6400,0
math_100__model=qwen3_5_4b,qwen3_5_4b,64,hbn-async,2674.468159375,0.43891203101405796,0.0,6400,0
math_100__model=qwen3_5_9b,qwen3_5_9b,8,uniform,468.989837353,0.1001471317307945,0,800,0
math_100__model=qwen3_5_9b,qwen3_5_9b,8,hbn-sync,596.60619056,0.1041027521608745,0.0,800,0
math_100__model=qwen3_5_9b,qwen3_5_9b,8,hbn-async,493.843438274,0.10381744789023233,0.000457548247875584,800,5
math_100__model=qwen3_5_9b,qwen3_5_9b,16,uniform,840.02930665,0.2002287637693348,0,1600,0
math_100__model=qwen3_5_9b,qwen3_5_9b,16,hbn-sync,980.473955658,0.21134834891436136,0.0,1600,0
math_100__model=qwen3_5_9b,qwen3_5_9b,16,hbn-async,892.43398822,0.21135907755103128,0.0,1600,0
math_100__model=qwen3_5_9b,qwen3_5_9b,32,uniform,1554.056074397,0.3955381303355607,0,3200,0
math_100__model=qwen3_5_9b,qwen3_5_9b,32,hbn-sync,1838.625044774,0.42920295319596236,0.0,3200,0
math_100__model=qwen3_5_9b,qwen3_5_9b,32,hbn-async,1725.97177945,0.4289575138121984,0.0,3200,0
math_100__model=qwen3_5_9b,qwen3_5_9b,64,uniform,3029.01221826,0.7969999213772032,0,6400,0
math_100__model=qwen3_5_9b,qwen3_5_9b,64,hbn-sync,3394.833144734,0.8431978749202105,0.0,6400,0
math_100__model=qwen3_5_9b,qwen3_5_9b,64,hbn-async,3283.104514825,0.8482011657695068,0.0,6400,0
mmlu_science__subject_college_biology__model=qwen2_5_32b,qwen2_5_32b,8,uniform,13.494615048,0.007056979099820032,0,800,0
mmlu_science__subject_college_biology__model=qwen2_5_32b,qwen2_5_32b,8,hbn-sync,18.841484031,0.00732268798649344,0.0,800,0
mmlu_science__subject_college_biology__model=qwen2_5_32b,qwen2_5_32b,8,hbn-async,16.557505292,0.007303627748550656,0.00061802899181568,800,66
mmlu_science__subject_college_biology__model=qwen2_5_32b,qwen2_5_32b,16,uniform,19.073702346,0.0140463270334976,0,1600,0
mmlu_science__subject_college_biology__model=qwen2_5_32b,qwen2_5_32b,16,hbn-sync,29.630620669,0.014789808255571968,0.0,1600,0
mmlu_science__subject_college_biology__model=qwen2_5_32b,qwen2_5_32b,16,hbn-async,20.218778757,0.014758963578136577,0.00037944775212032,1600,23
mmlu_science__subject_college_biology__model=qwen2_5_32b,qwen2_5_32b,32,uniform,32.76051188,0.028122438034448385,0,3200,0
mmlu_science__subject_college_biology__model=qwen2_5_32b,qwen2_5_32b,32,hbn-sync,43.668121514,0.029939130174824448,0.0,3200,0
mmlu_science__subject_college_biology__model=qwen2_5_32b,qwen2_5_32b,32,hbn-async,36.906056925,0.029927413269252096,0.000365639382706176,3200,23
mmlu_science__subject_college_biology__model=qwen2_5_32b,qwen2_5_32b,64,uniform,60.547964023,0.05618850002267341,0,6400,0
mmlu_science__subject_college_biology__model=qwen2_5_32b,qwen2_5_32b,64,hbn-sync,72.351620125,0.06079242742905037,0.0,6400,0
mmlu_science__subject_college_biology__model=qwen2_5_32b,qwen2_5_32b,64,hbn-async,68.759381531,0.06093495694032896,0.0,6400,0
mmlu_science__subject_college_biology__model=qwen2_5_3b,qwen2_5_3b,8,uniform,0.749969098,0.000597766246301696,0,800,0
mmlu_science__subject_college_biology__model=qwen2_5_3b,qwen2_5_3b,8,hbn-sync,0.834765305,0.0005941225846784,0.0,800,0
mmlu_science__subject_college_biology__model=qwen2_5_3b,qwen2_5_3b,8,hbn-async,0.921427456,0.0005941225846784,0.0,800,0
mmlu_science__subject_college_biology__model=qwen2_5_3b,qwen2_5_3b,16,uniform,1.687538868,0.001195532492603392,0,1600,0
mmlu_science__subject_college_biology__model=qwen2_5_3b,qwen2_5_3b,16,hbn-sync,1.677900279,0.001184255262580736,0.0,1600,0
mmlu_science__subject_college_biology__model=qwen2_5_3b,qwen2_5_3b,16,hbn-async,2.086496034,0.001184255262580736,0.0,1600,0
mmlu_science__subject_college_biology__model=qwen2_5_3b,qwen2_5_3b,32,uniform,6.45267015,0.002391064985206784,0,3200,0
mmlu_science__subject_college_biology__model=qwen2_5_3b,qwen2_5_3b,32,hbn-sync,5.463773543,0.002352002119057408,0.0,3200,0
mmlu_science__subject_college_biology__model=qwen2_5_3b,qwen2_5_3b,32,hbn-async,7.19345757,0.002352002119057408,0.0,3200,0
mmlu_science__subject_college_biology__model=qwen2_5_3b,qwen2_5_3b,64,uniform,26.176689434,0.004782129970413568,0,6400,0
mmlu_science__subject_college_biology__model=qwen2_5_3b,qwen2_5_3b,64,hbn-sync,23.075825956,0.004663380233854976,0.0,6400,0
mmlu_science__subject_college_biology__model=qwen2_5_3b,qwen2_5_3b,64,hbn-async,27.965714418,0.004663380233854976,0.0,6400,0
mmlu_science__subject_college_biology__model=qwen2_5_7b,qwen2_5_7b,8,uniform,1.499473863,0.001403709460729856,0,800,0
mmlu_science__subject_college_biology__model=qwen2_5_7b,qwen2_5_7b,8,hbn-sync,5.123245076,0.001455481577668608,0.0,800,0
mmlu_science__subject_college_biology__model=qwen2_5_7b,qwen2_5_7b,8,hbn-async,1.543902799,0.001455481577668608,0.0,800,0
mmlu_science__subject_college_biology__model=qwen2_5_7b,qwen2_5_7b,16,uniform,2.866224579,0.002807135220822016,0,1600,0
mmlu_science__subject_college_biology__model=qwen2_5_7b,qwen2_5_7b,16,hbn-sync,3.157171503,0.002962602356224,0.0,1600,0
mmlu_science__subject_college_biology__model=qwen2_5_7b,qwen2_5_7b,16,hbn-async,3.154367812,0.002962602356224,0.0,1600,0
mmlu_science__subject_college_biology__model=qwen2_5_7b,qwen2_5_7b,32,uniform,6.210830079,0.00561489458690048,0,3200,0
mmlu_science__subject_college_biology__model=qwen2_5_7b,qwen2_5_7b,32,hbn-sync,6.448162139,0.00603411253559296,0.0,3200,0
mmlu_science__subject_college_biology__model=qwen2_5_7b,qwen2_5_7b,32,hbn-async,7.743243656,0.00603411253559296,0.0,3200,0
mmlu_science__subject_college_biology__model=qwen2_5_7b,qwen2_5_7b,64,uniform,26.385105651,0.01122910830383104,0,6400,0
mmlu_science__subject_college_biology__model=qwen2_5_7b,qwen2_5_7b,64,hbn-sync,23.41566999,0.01236482474511872,0.0,6400,0
mmlu_science__subject_college_biology__model=qwen2_5_7b,qwen2_5_7b,64,hbn-async,28.898600299,0.01236482474511872,0.0,6400,0
mmlu_science__subject_college_biology__model=qwen3_5_27b,qwen3_5_27b,8,uniform,391.207709338,0.11617011698907136,0,800,0
mmlu_science__subject_college_biology__model=qwen3_5_27b,qwen3_5_27b,8,hbn-sync,511.662436014,0.11873113749652582,0.0,800,0
mmlu_science__subject_college_biology__model=qwen3_5_27b,qwen3_5_27b,8,hbn-async,503.048910461,0.12891304815257396,0.004522940830693376,800,37
mmlu_science__subject_college_biology__model=qwen3_5_27b,qwen3_5_27b,16,uniform,654.145235609,0.2235467643779236,0,1600,0
mmlu_science__subject_college_biology__model=qwen3_5_27b,qwen3_5_27b,16,hbn-sync,907.801415256,0.25890168676623465,0.0,1600,0
mmlu_science__subject_college_biology__model=qwen3_5_27b,qwen3_5_27b,16,hbn-async,741.496338634,0.2593372884006697,0.0,1600,0
mmlu_science__subject_college_biology__model=qwen3_5_27b,qwen3_5_27b,32,uniform,1199.345253161,0.45895508298107085,0,3200,0
mmlu_science__subject_college_biology__model=qwen3_5_27b,qwen3_5_27b,32,hbn-sync,1545.442740072,0.5372486629269381,0.0,3200,0
mmlu_science__subject_college_biology__model=qwen3_5_27b,qwen3_5_27b,32,hbn-async,1457.047361862,0.5399488438764882,0.0,3200,0
mmlu_science__subject_college_biology__model=qwen3_5_27b,qwen3_5_27b,64,uniform,2277.666316836,0.9045562440203561,0,6400,0
mmlu_science__subject_college_biology__model=qwen3_5_27b,qwen3_5_27b,64,hbn-sync,3094.031304295,1.1400026506380216,0.0,6400,0
mmlu_science__subject_college_biology__model=qwen3_5_27b,qwen3_5_27b,64,hbn-async,2879.640482475,1.1369666285799394,0.0,6400,0
mmlu_science__subject_college_biology__model=qwen3_5_4b,qwen3_5_4b,8,uniform,190.067110966,0.02740200790346752,0,800,0
mmlu_science__subject_college_biology__model=qwen3_5_4b,qwen3_5_4b,8,hbn-sync,267.038902443,0.02997496165636915,0.0,800,0
mmlu_science__subject_college_biology__model=qwen3_5_4b,qwen3_5_4b,8,hbn-async,218.413083043,0.03067188367138816,0.000732412621041664,800,19
mmlu_science__subject_college_biology__model=qwen3_5_4b,qwen3_5_4b,16,uniform,350.5220161,0.05648514845016064,0,1600,0
mmlu_science__subject_college_biology__model=qwen3_5_4b,qwen3_5_4b,16,hbn-sync,472.901031954,0.06296964315032576,0.0,1600,0
mmlu_science__subject_college_biology__model=qwen3_5_4b,qwen3_5_4b,16,hbn-async,420.467216463,0.06308606297864806,0.0,1600,0
mmlu_science__subject_college_biology__model=qwen3_5_4b,qwen3_5_4b,32,uniform,655.39501503,0.10909073866775962,0,3200,0
mmlu_science__subject_college_biology__model=qwen3_5_4b,qwen3_5_4b,32,hbn-sync,838.892927799,0.12860315564739583,0.0,3200,0
mmlu_science__subject_college_biology__model=qwen3_5_4b,qwen3_5_4b,32,hbn-async,794.699873863,0.13130593279844763,0.0,3200,0
mmlu_science__subject_college_biology__model=qwen3_5_4b,qwen3_5_4b,64,uniform,1218.047461393,0.21630004747186382,0,6400,0
mmlu_science__subject_college_biology__model=qwen3_5_4b,qwen3_5_4b,64,hbn-sync,1636.550710442,0.27485157110252545,0.0,6400,0
mmlu_science__subject_college_biology__model=qwen3_5_4b,qwen3_5_4b,64,hbn-async,1605.489300823,0.2776259573540823,0.0,6400,0
mmlu_science__subject_college_biology__model=qwen3_5_9b,qwen3_5_9b,8,uniform,155.609759124,0.029404107657269248,0,800,0
mmlu_science__subject_college_biology__model=qwen3_5_9b,qwen3_5_9b,8,hbn-sync,199.393203229,0.03367668443062272,0.0,800,0
mmlu_science__subject_college_biology__model=qwen3_5_9b,qwen3_5_9b,8,hbn-async,197.865071073,0.0334306497438167,0.00282900064398336,800,52
mmlu_science__subject_college_biology__model=qwen3_5_9b,qwen3_5_9b,16,uniform,227.122806634,0.05961828389968691,0,1600,0
mmlu_science__subject_college_biology__model=qwen3_5_9b,qwen3_5_9b,16,hbn-sync,327.685044968,0.0675459069792942,0.0,1600,0
mmlu_science__subject_college_biology__model=qwen3_5_9b,qwen3_5_9b,16,hbn-async,287.207188625,0.06811698717106586,8.902007841792e-06,1600,2
mmlu_science__subject_college_biology__model=qwen3_5_9b,qwen3_5_9b,32,uniform,388.924335889,0.12057520570195764,0,3200,0
mmlu_science__subject_college_biology__model=qwen3_5_9b,qwen3_5_9b,32,hbn-sync,551.910636169,0.14598893701557863,0.0,3200,0
mmlu_science__subject_college_biology__model=qwen3_5_9b,qwen3_5_9b,32,hbn-async,510.226965109,0.1462310875101184,0.0,3200,0
mmlu_science__subject_college_biology__model=qwen3_5_9b,qwen3_5_9b,64,uniform,724.285358531,0.23543785206994022,0,6400,0
mmlu_science__subject_college_biology__model=qwen3_5_9b,qwen3_5_9b,64,hbn-sync,1063.922084467,0.3095118334712146,0.0,6400,0
mmlu_science__subject_college_biology__model=qwen3_5_9b,qwen3_5_9b,64,hbn-async,992.002675176,0.31179673041381173,0.0,6400,0
mmlu_science__subject_college_chemistry__model=qwen2_5_32b,qwen2_5_32b,8,uniform,39.796538768,0.011681601735839745,0,800,0
mmlu_science__subject_college_chemistry__model=qwen2_5_32b,qwen2_5_32b,8,hbn-sync,55.422508937,0.011898820045533184,0.0,800,0
mmlu_science__subject_college_chemistry__model=qwen2_5_32b,qwen2_5_32b,8,hbn-async,32.637379102,0.011770196593410049,0.001118600789706752,800,34
mmlu_science__subject_college_chemistry__model=qwen2_5_32b,qwen2_5_32b,16,uniform,44.712736463,0.02269941819220992,0,1600,0
mmlu_science__subject_college_chemistry__model=qwen2_5_32b,qwen2_5_32b,16,hbn-sync,65.984423826,0.02469310886576128,0.0,1600,0
mmlu_science__subject_college_chemistry__model=qwen2_5_32b,qwen2_5_32b,16,hbn-async,63.730164318,0.024916198263959553,0.0018315955698073598,1600,70
mmlu_science__subject_college_chemistry__model=qwen2_5_32b,qwen2_5_32b,32,uniform,482.624358406,0.04835493367548314,0,3200,0
mmlu_science__subject_college_chemistry__model=qwen2_5_32b,qwen2_5_32b,32,hbn-sync,511.003364564,0.057928102516895744,0.0,3200,0
mmlu_science__subject_college_chemistry__model=qwen2_5_32b,qwen2_5_32b,32,hbn-async,445.248582139,0.05902737565424026,0.0,3200,0
mmlu_science__subject_college_chemistry__model=qwen2_5_32b,qwen2_5_32b,64,uniform,512.274249217,0.09594643269738906,0,6400,0
mmlu_science__subject_college_chemistry__model=qwen2_5_32b,qwen2_5_32b,64,hbn-sync,913.101191247,0.11440552092080333,0.0,6400,0
mmlu_science__subject_college_chemistry__model=qwen2_5_32b,qwen2_5_32b,64,hbn-async,524.446776376,0.11611551072484556,7.007947030528e-06,6400,1
mmlu_science__subject_college_chemistry__model=qwen2_5_3b,qwen2_5_3b,8,uniform,0.786482617,0.000626167331356672,0,800,0
mmlu_science__subject_college_chemistry__model=qwen2_5_3b,qwen2_5_3b,8,hbn-sync,0.935721171,0.000633821443678208,0.0,800,0
mmlu_science__subject_college_chemistry__model=qwen2_5_3b,qwen2_5_3b,8,hbn-async,0.943774569,0.000633821443678208,0.0,800,0
mmlu_science__subject_college_chemistry__model=qwen2_5_3b,qwen2_5_3b,16,uniform,1.674310245,0.001252334662713344,0,1600,0
mmlu_science__subject_college_chemistry__model=qwen2_5_3b,qwen2_5_3b,16,hbn-sync,1.715778505,0.001274826001211392,0.0,1600,0
mmlu_science__subject_college_chemistry__model=qwen2_5_3b,qwen2_5_3b,16,hbn-async,2.111021407,0.001274826001211392,0.0,1600,0
mmlu_science__subject_college_chemistry__model=qwen2_5_3b,qwen2_5_3b,32,uniform,6.559044223,0.002504669325426688,0,3200,0
mmlu_science__subject_college_chemistry__model=qwen2_5_3b,qwen2_5_3b,32,hbn-sync,5.47975272,0.002578963344351232,0.0,3200,0
mmlu_science__subject_college_chemistry__model=qwen2_5_3b,qwen2_5_3b,32,hbn-async,6.87367112,0.002578963344351232,0.0,3200,0
mmlu_science__subject_college_chemistry__model=qwen2_5_3b,qwen2_5_3b,64,uniform,26.483691985,0.005009338650853376,0,6400,0
mmlu_science__subject_college_chemistry__model=qwen2_5_3b,qwen2_5_3b,64,hbn-sync,22.101026169,0.005220151342686208,0.0,6400,0
mmlu_science__subject_college_chemistry__model=qwen2_5_3b,qwen2_5_3b,64,hbn-async,27.283084762,0.005220151342686208,0.0,6400,0
mmlu_science__subject_college_chemistry__model=qwen2_5_7b,qwen2_5_7b,8,uniform,1.545719879,0.00146956984846336,0,800,0
mmlu_science__subject_college_chemistry__model=qwen2_5_7b,qwen2_5_7b,8,hbn-sync,5.345635218,0.001500083488318464,0.0,800,0
mmlu_science__subject_college_chemistry__model=qwen2_5_7b,qwen2_5_7b,8,hbn-async,1.691222462,0.001500083488318464,0.0,800,0
mmlu_science__subject_college_chemistry__model=qwen2_5_7b,qwen2_5_7b,16,uniform,3.020220475,0.002939253139931136,0,1600,0
mmlu_science__subject_college_chemistry__model=qwen2_5_7b,qwen2_5_7b,16,hbn-sync,3.31397306,0.00304179258034176,0.0,1600,0
mmlu_science__subject_college_chemistry__model=qwen2_5_7b,qwen2_5_7b,16,hbn-async,3.138156001,0.00304179258034176,0.0,1600,0
mmlu_science__subject_college_chemistry__model=qwen2_5_7b,qwen2_5_7b,32,uniform,6.469775632,0.00587861979672576,0,3200,0
mmlu_science__subject_college_chemistry__model=qwen2_5_7b,qwen2_5_7b,32,hbn-sync,6.441486751,0.006074482252217344,0.0,3200,0
mmlu_science__subject_college_chemistry__model=qwen2_5_7b,qwen2_5_7b,32,hbn-async,7.988633683,0.006074539015465984,0.0,3200,0
mmlu_science__subject_college_chemistry__model=qwen2_5_7b,qwen2_5_7b,64,uniform,26.366880898,0.011757126153658369,0,6400,0
mmlu_science__subject_college_chemistry__model=qwen2_5_7b,qwen2_5_7b,64,hbn-sync,23.224235424,0.012269264032227329,0.0,6400,0
mmlu_science__subject_college_chemistry__model=qwen2_5_7b,qwen2_5_7b,64,hbn-async,28.338694265,0.012269036950331392,0.0,6400,0
mmlu_science__subject_college_chemistry__model=qwen3_5_27b,qwen3_5_27b,8,uniform,892.826507569,0.24400478693170996,0,800,0
mmlu_science__subject_college_chemistry__model=qwen3_5_27b,qwen3_5_27b,8,hbn-sync,1230.575248947,0.2758753512252242,0.0,800,0
mmlu_science__subject_college_chemistry__model=qwen3_5_27b,qwen3_5_27b,8,hbn-async,1075.762356479,0.27432073752329217,0.010689690955287552,800,31
mmlu_science__subject_college_chemistry__model=qwen3_5_27b,qwen3_5_27b,16,uniform,1554.155153384,0.48958081458482894,0,1600,0
mmlu_science__subject_college_chemistry__model=qwen3_5_27b,qwen3_5_27b,16,hbn-sync,2050.699476686,0.5703775775050947,0.0,1600,0
mmlu_science__subject_college_chemistry__model=qwen3_5_27b,qwen3_5_27b,16,hbn-async,1865.046746291,0.5734250287662193,0.0,1600,0
mmlu_science__subject_college_chemistry__model=qwen3_5_27b,qwen3_5_27b,32,uniform,2891.942584386,0.9818730347435715,0,3200,0
mmlu_science__subject_college_chemistry__model=qwen3_5_27b,qwen3_5_27b,32,hbn-sync,4012.338701759,1.2430983466309018,0.0,3200,0
mmlu_science__subject_college_chemistry__model=qwen3_5_27b,qwen3_5_27b,32,hbn-async,3867.191661463,1.2677175983813171,0.0,3200,0
mmlu_science__subject_college_chemistry__model=qwen3_5_27b,qwen3_5_27b,64,uniform,5521.096129514,1.9696154561939856,0,6400,0
mmlu_science__subject_college_chemistry__model=qwen3_5_27b,qwen3_5_27b,64,hbn-sync,8369.870051669,2.7035440877084302,0.0,6400,0
mmlu_science__subject_college_chemistry__model=qwen3_5_27b,qwen3_5_27b,64,hbn-async,8181.966814901,2.7243244579756545,0.0,6400,0
mmlu_science__subject_college_chemistry__model=qwen3_5_4b,qwen3_5_4b,8,uniform,256.259396339,0.039135839902877695,0,800,0
mmlu_science__subject_college_chemistry__model=qwen3_5_4b,qwen3_5_4b,8,hbn-sync,352.600103433,0.04203735186345779,0.0,800,0
mmlu_science__subject_college_chemistry__model=qwen3_5_4b,qwen3_5_4b,8,hbn-async,335.658733228,0.04236099073321984,0.001024741295939584,800,16
mmlu_science__subject_college_chemistry__model=qwen3_5_4b,qwen3_5_4b,16,uniform,464.93643341,0.07798304649069977,0,1600,0
mmlu_science__subject_college_chemistry__model=qwen3_5_4b,qwen3_5_4b,16,hbn-sync,592.073372654,0.08895939610704487,0.0,1600,0
mmlu_science__subject_college_chemistry__model=qwen3_5_4b,qwen3_5_4b,16,hbn-async,567.548091707,0.09019070799908045,0.0,1600,0
mmlu_science__subject_college_chemistry__model=qwen3_5_4b,qwen3_5_4b,32,uniform,898.874708289,0.15598393671109223,0,3200,0
mmlu_science__subject_college_chemistry__model=qwen3_5_4b,qwen3_5_4b,32,hbn-sync,1173.546378765,0.18589118723381248,0.0,3200,0
mmlu_science__subject_college_chemistry__model=qwen3_5_4b,qwen3_5_4b,32,hbn-async,1114.933753068,0.18584827826997863,0.0,3200,0
mmlu_science__subject_college_chemistry__model=qwen3_5_4b,qwen3_5_4b,64,uniform,1729.876502658,0.3081991034219602,0,6400,0
mmlu_science__subject_college_chemistry__model=qwen3_5_4b,qwen3_5_4b,64,hbn-sync,2370.227922221,0.39414078547293796,0.0,6400,0
mmlu_science__subject_college_chemistry__model=qwen3_5_4b,qwen3_5_4b,64,hbn-async,2330.617365868,0.3945949041273528,0.0,6400,0
mmlu_science__subject_college_chemistry__model=qwen3_5_9b,qwen3_5_9b,8,uniform,285.093177033,0.061360781697412096,0,800,0
mmlu_science__subject_college_chemistry__model=qwen3_5_9b,qwen3_5_9b,8,hbn-sync,372.525791667,0.06746925937788928,0.0,800,0
mmlu_science__subject_college_chemistry__model=qwen3_5_9b,qwen3_5_9b,8,hbn-async,343.789980604,0.06817517055347508,0.001949966065207296,800,16
mmlu_science__subject_college_chemistry__model=qwen3_5_9b,qwen3_5_9b,16,uniform,496.681350931,0.12268667535853568,0,1600,0
mmlu_science__subject_college_chemistry__model=qwen3_5_9b,qwen3_5_9b,16,hbn-sync,672.265353216,0.14888721071517902,0.0,1600,0
mmlu_science__subject_college_chemistry__model=qwen3_5_9b,qwen3_5_9b,16,hbn-async,590.309180596,0.14653267749102797,0.0,1600,0
mmlu_science__subject_college_chemistry__model=qwen3_5_9b,qwen3_5_9b,32,uniform,902.989852182,0.24660429496188313,0,3200,0
mmlu_science__subject_college_chemistry__model=qwen3_5_9b,qwen3_5_9b,32,hbn-sync,1279.326773571,0.3180455234640548,0.0,3200,0
mmlu_science__subject_college_chemistry__model=qwen3_5_9b,qwen3_5_9b,32,hbn-async,1187.079007722,0.3163214842440182,0.0,3200,0
mmlu_science__subject_college_chemistry__model=qwen3_5_9b,qwen3_5_9b,64,uniform,1669.791859138,0.48957257713985125,0,6400,0
mmlu_science__subject_college_chemistry__model=qwen3_5_9b,qwen3_5_9b,64,hbn-sync,2591.75390467,0.6742145616655053,0.0,6400,0
mmlu_science__subject_college_chemistry__model=qwen3_5_9b,qwen3_5_9b,64,hbn-async,2467.083295471,0.6701149639250001,0.0,6400,0
mmlu_science__subject_college_physics__model=qwen2_5_32b,qwen2_5_32b,8,uniform,35.199878519,0.0152829265145344,0,800,0
mmlu_science__subject_college_physics__model=qwen2_5_32b,qwen2_5_32b,8,hbn-sync,46.763189352,0.015580237529270272,0.0,800,0
mmlu_science__subject_college_physics__model=qwen2_5_32b,qwen2_5_32b,8,hbn-async,38.614082228,0.015701041389514753,0.001287467184275456,800,44
mmlu_science__subject_college_physics__model=qwen2_5_32b,qwen2_5_32b,16,uniform,57.425986128,0.030522864601786368,0,1600,0
mmlu_science__subject_college_physics__model=qwen2_5_32b,qwen2_5_32b,16,hbn-sync,65.749204413,0.031820746807339005,0.0,1600,0
mmlu_science__subject_college_physics__model=qwen2_5_32b,qwen2_5_32b,16,hbn-async,51.46402506,0.03147944895066112,1.5381737906176e-05,1600,1
mmlu_science__subject_college_physics__model=qwen2_5_32b,qwen2_5_32b,32,uniform,99.866354357,0.06157688190403379,0,3200,0
mmlu_science__subject_college_physics__model=qwen2_5_32b,qwen2_5_32b,32,hbn-sync,119.105133522,0.06534202525450035,0.0,3200,0
mmlu_science__subject_college_physics__model=qwen2_5_32b,qwen2_5_32b,32,hbn-async,98.058391551,0.06502528757513626,0.0,3200,0
mmlu_science__subject_college_physics__model=qwen2_5_32b,qwen2_5_32b,64,uniform,180.728422202,0.12384112906018611,0,6400,0
mmlu_science__subject_college_physics__model=qwen2_5_32b,qwen2_5_32b,64,hbn-sync,211.524397492,0.1347763303676027,0.0,6400,0
mmlu_science__subject_college_physics__model=qwen2_5_32b,qwen2_5_32b,64,hbn-async,197.836792994,0.1344435503504302,0.0,6400,0
mmlu_science__subject_college_physics__model=qwen2_5_3b,qwen2_5_3b,8,uniform,0.817777804,0.00064005891096576,0,800,0
mmlu_science__subject_college_physics__model=qwen2_5_3b,qwen2_5_3b,8,hbn-sync,0.939316444,0.00064676906336256,0.0,800,0
mmlu_science__subject_college_physics__model=qwen2_5_3b,qwen2_5_3b,8,hbn-async,0.954925266,0.00064676906336256,2.25943056384e-06,800,3
mmlu_science__subject_college_physics__model=qwen2_5_3b,qwen2_5_3b,16,uniform,1.647123841,0.001280148832313344,0,1600,0
mmlu_science__subject_college_physics__model=qwen2_5_3b,qwen2_5_3b,16,hbn-sync,1.677467696,0.001289074726100992,0.0,1600,0
mmlu_science__subject_college_physics__model=qwen2_5_3b,qwen2_5_3b,16,hbn-async,2.136725053,0.001289080928354304,0.0,1600,0
mmlu_science__subject_college_physics__model=qwen2_5_3b,qwen2_5_3b,32,uniform,6.403888128,0.002560248048074752,0,3200,0
mmlu_science__subject_college_physics__model=qwen2_5_3b,qwen2_5_3b,32,hbn-sync,5.482137122,0.00260048441823232,0.0,3200,0
mmlu_science__subject_college_physics__model=qwen2_5_3b,qwen2_5_3b,32,hbn-async,6.942066689,0.002600459609808896,0.0,3200,0
mmlu_science__subject_college_physics__model=qwen2_5_3b,qwen2_5_3b,64,uniform,26.120190792,0.00512054571270144,0,6400,0
mmlu_science__subject_college_physics__model=qwen2_5_3b,qwen2_5_3b,64,hbn-sync,22.71092579,0.005272427033665536,0.0,6400,0
mmlu_science__subject_college_physics__model=qwen2_5_3b,qwen2_5_3b,64,hbn-async,28.332868725,0.005272445639835648,0.0,6400,0
mmlu_science__subject_college_physics__model=qwen2_5_7b,qwen2_5_7b,8,uniform,1.585763918,0.001502187337728,0,800,0
mmlu_science__subject_college_physics__model=qwen2_5_7b,qwen2_5_7b,8,hbn-sync,1.81390408,0.001514825359896576,0.0,800,0
mmlu_science__subject_college_physics__model=qwen2_5_7b,qwen2_5_7b,8,hbn-async,1.627708592,0.001514825359896576,0.0,800,0
mmlu_science__subject_college_physics__model=qwen2_5_7b,qwen2_5_7b,16,uniform,3.133741229,0.003004431413014528,0,1600,0
mmlu_science__subject_college_physics__model=qwen2_5_7b,qwen2_5_7b,16,hbn-sync,3.232347531,0.003027048327195648,0.0,1600,0
mmlu_science__subject_college_physics__model=qwen2_5_7b,qwen2_5_7b,16,hbn-async,3.192854355,0.003027048327195648,0.0,1600,0
mmlu_science__subject_college_physics__model=qwen2_5_7b,qwen2_5_7b,32,uniform,6.514956193,0.006008862826029056,0,3200,0
mmlu_science__subject_college_physics__model=qwen2_5_7b,qwen2_5_7b,32,hbn-sync,6.538770876,0.00607720184300544,0.0,3200,0
mmlu_science__subject_college_physics__model=qwen2_5_7b,qwen2_5_7b,32,hbn-async,7.715831498,0.006077258580563968,0.0,3200,0
mmlu_science__subject_college_physics__model=qwen2_5_7b,qwen2_5_7b,64,uniform,26.453718375,0.012017839127175169,0,6400,0
mmlu_science__subject_college_physics__model=qwen2_5_7b,qwen2_5_7b,64,hbn-sync,23.704705713,0.012090343172339712,0.0,6400,0
mmlu_science__subject_college_physics__model=qwen2_5_7b,qwen2_5_7b,64,hbn-async,28.135173938,0.012090343172339712,0.0,6400,0
mmlu_science__subject_college_physics__model=qwen3_5_27b,qwen3_5_27b,8,uniform,673.434898603,0.22128580289641983,0,800,0
mmlu_science__subject_college_physics__model=qwen3_5_27b,qwen3_5_27b,8,hbn-sync,897.625384973,0.21443217989584998,0.0,800,0
mmlu_science__subject_college_physics__model=qwen3_5_27b,qwen3_5_27b,8,hbn-async,671.486547982,0.2210492524783145,0.0,800,0
mmlu_science__subject_college_physics__model=qwen3_5_27b,qwen3_5_27b,16,uniform,1269.412175888,0.4398671095996467,0,1600,0
mmlu_science__subject_college_physics__model=qwen3_5_27b,qwen3_5_27b,16,hbn-sync,1415.358607399,0.45027545586662093,0.0,1600,0
mmlu_science__subject_college_physics__model=qwen3_5_27b,qwen3_5_27b,16,hbn-async,1385.97499501,0.455434580519125,0.0,1600,0
mmlu_science__subject_college_physics__model=qwen3_5_27b,qwen3_5_27b,32,uniform,2345.621664795,0.8592733896605819,0,3200,0
mmlu_science__subject_college_physics__model=qwen3_5_27b,qwen3_5_27b,32,hbn-sync,2675.119304053,0.8963189908902728,0.0,3200,0
mmlu_science__subject_college_physics__model=qwen3_5_27b,qwen3_5_27b,32,hbn-async,2427.021168474,0.8907098428313108,0.0,3200,0
mmlu_science__subject_college_physics__model=qwen3_5_27b,qwen3_5_27b,64,uniform,4584.707798202,1.728831768164228,0,6400,0
mmlu_science__subject_college_physics__model=qwen3_5_27b,qwen3_5_27b,64,hbn-sync,5222.566941496,1.8770469611378124,0.0,6400,0
mmlu_science__subject_college_physics__model=qwen3_5_27b,qwen3_5_27b,64,hbn-async,5175.614694318,1.8923547114944061,0.0,6400,0
mmlu_science__subject_college_physics__model=qwen3_5_4b,qwen3_5_4b,8,uniform,169.432067869,0.02943338789175501,0,800,0
mmlu_science__subject_college_physics__model=qwen3_5_4b,qwen3_5_4b,8,hbn-sync,221.631775772,0.031059951714414592,0.0,800,0
mmlu_science__subject_college_physics__model=qwen3_5_4b,qwen3_5_4b,8,hbn-async,220.213058545,0.031325359512813566,0.0017520774333521921,800,44
mmlu_science__subject_college_physics__model=qwen3_5_4b,qwen3_5_4b,16,uniform,359.278823526,0.061092714846570494,0,1600,0
mmlu_science__subject_college_physics__model=qwen3_5_4b,qwen3_5_4b,16,hbn-sync,413.236699115,0.06588539826639257,0.0,1600,0
mmlu_science__subject_college_physics__model=qwen3_5_4b,qwen3_5_4b,16,hbn-async,402.145744736,0.06572544977138278,0.0,1600,0
mmlu_science__subject_college_physics__model=qwen3_5_4b,qwen3_5_4b,32,uniform,626.705369547,0.12081253545074074,0,3200,0
mmlu_science__subject_college_physics__model=qwen3_5_4b,qwen3_5_4b,32,hbn-sync,763.053241784,0.13515492097785856,0.0,3200,0
mmlu_science__subject_college_physics__model=qwen3_5_4b,qwen3_5_4b,32,hbn-async,734.115620024,0.13488214925205708,0.0,3200,0
mmlu_science__subject_college_physics__model=qwen3_5_4b,qwen3_5_4b,64,uniform,1197.613020285,0.23875077807195955,0,6400,0
mmlu_science__subject_college_physics__model=qwen3_5_4b,qwen3_5_4b,64,hbn-sync,1546.341230676,0.28363094752212786,0.0,6400,0
mmlu_science__subject_college_physics__model=qwen3_5_4b,qwen3_5_4b,64,hbn-async,1518.27424055,0.2839675581112955,0.0,6400,0
mmlu_science__subject_college_physics__model=qwen3_5_9b,qwen3_5_9b,8,uniform,172.595298014,0.04383877085364941,0,800,0
mmlu_science__subject_college_physics__model=qwen3_5_9b,qwen3_5_9b,8,hbn-sync,262.689427454,0.04763271857085747,0.0,800,0
mmlu_science__subject_college_physics__model=qwen3_5_9b,qwen3_5_9b,8,hbn-async,224.679869273,0.047584675741113344,0.00207453784207872,800,43
mmlu_science__subject_college_physics__model=qwen3_5_9b,qwen3_5_9b,16,uniform,304.242925493,0.08941574229015449,0,1600,0
mmlu_science__subject_college_physics__model=qwen3_5_9b,qwen3_5_9b,16,hbn-sync,455.880446921,0.09915296129978163,0.0,1600,0
mmlu_science__subject_college_physics__model=qwen3_5_9b,qwen3_5_9b,16,hbn-async,397.601576585,0.10046710321458893,0.0,1600,0
mmlu_science__subject_college_physics__model=qwen3_5_9b,qwen3_5_9b,32,uniform,570.112865944,0.1763172653715333,0,3200,0
mmlu_science__subject_college_physics__model=qwen3_5_9b,qwen3_5_9b,32,hbn-sync,814.665973688,0.21044956244086988,0.0,3200,0
mmlu_science__subject_college_physics__model=qwen3_5_9b,qwen3_5_9b,32,hbn-async,732.997237285,0.21069708397208575,0.0,3200,0
mmlu_science__subject_college_physics__model=qwen3_5_9b,qwen3_5_9b,64,uniform,1087.195314458,0.35280945790124135,0,6400,0
mmlu_science__subject_college_physics__model=qwen3_5_9b,qwen3_5_9b,64,hbn-sync,1488.859894152,0.440513356915669,0.0,6400,0
mmlu_science__subject_college_physics__model=qwen3_5_9b,qwen3_5_9b,64,hbn-async,1449.440772849,0.44296140819202356,0.0,6400,0
supergpqa_science__field_biology__model=qwen2_5_32b,qwen2_5_32b,8,uniform,35.940934452,0.015234011766867969,0,800,0
supergpqa_science__field_biology__model=qwen2_5_32b,qwen2_5_32b,8,hbn-sync,73.689030682,0.017046483145486336,0.0,800,0
supergpqa_science__field_biology__model=qwen2_5_32b,qwen2_5_32b,8,hbn-async,53.4569178,0.01694401204491059,0.00144456514632704,800,64
supergpqa_science__field_biology__model=qwen2_5_32b,qwen2_5_32b,16,uniform,409.995822035,0.031629202089928705,0,1600,0
supergpqa_science__field_biology__model=qwen2_5_32b,qwen2_5_32b,16,hbn-sync,82.553425663,0.03674635459023257,0.0,1600,0
supergpqa_science__field_biology__model=qwen2_5_32b,qwen2_5_32b,16,hbn-async,78.905888593,0.03677706684923494,0.00500196313176064,1600,167
supergpqa_science__field_biology__model=qwen2_5_32b,qwen2_5_32b,32,uniform,441.335716866,0.061917422884343806,0,3200,0
supergpqa_science__field_biology__model=qwen2_5_32b,qwen2_5_32b,32,hbn-sync,139.690325094,0.07877603610407322,0.0,3200,0
supergpqa_science__field_biology__model=qwen2_5_32b,qwen2_5_32b,32,hbn-async,480.429105531,0.0810857601010688,0.0,3200,0
supergpqa_science__field_biology__model=qwen2_5_32b,qwen2_5_32b,64,uniform,501.125698458,0.12320220794042164,0,6400,0
supergpqa_science__field_biology__model=qwen2_5_32b,qwen2_5_32b,64,hbn-sync,558.385484128,0.16960861638970162,0.0,6400,0
supergpqa_science__field_biology__model=qwen2_5_32b,qwen2_5_32b,64,hbn-async,238.573264682,0.16843915033248769,0.0,6400,0
supergpqa_science__field_biology__model=qwen2_5_3b,qwen2_5_3b,8,uniform,4.327856878,0.001005689635643392,0,800,0
supergpqa_science__field_biology__model=qwen2_5_3b,qwen2_5_3b,8,hbn-sync,7.100101083,0.001028242790678528,0.0,800,0
supergpqa_science__field_biology__model=qwen2_5_3b,qwen2_5_3b,8,hbn-async,66.147005221,0.001168253107232768,8.3457928298496e-05,800,70
supergpqa_science__field_biology__model=qwen2_5_3b,qwen2_5_3b,16,uniform,4.505192548,0.002001916852559872,0,1600,0
supergpqa_science__field_biology__model=qwen2_5_3b,qwen2_5_3b,16,hbn-sync,7.725753806,0.00210434970042368,0.0,1600,0
supergpqa_science__field_biology__model=qwen2_5_3b,qwen2_5_3b,16,hbn-async,68.19778076,0.00224928786542592,6.1025885233152e-05,1600,55
supergpqa_science__field_biology__model=qwen2_5_3b,qwen2_5_3b,32,uniform,68.262871137,0.004164630574505984,0,3200,0
supergpqa_science__field_biology__model=qwen2_5_3b,qwen2_5_3b,32,hbn-sync,129.711000175,0.005093774846681088,0.0,3200,0
supergpqa_science__field_biology__model=qwen2_5_3b,qwen2_5_3b,32,hbn-async,69.277068158,0.004520478317469696,1.0903908909056e-05,3200,8
supergpqa_science__field_biology__model=qwen2_5_3b,qwen2_5_3b,64,uniform,81.208059362,0.008198456554831871,0,6400,0
supergpqa_science__field_biology__model=qwen2_5_3b,qwen2_5_3b,64,hbn-sync,89.90097874,0.01005984042033152,0.0,6400,0
supergpqa_science__field_biology__model=qwen2_5_3b,qwen2_5_3b,64,hbn-async,89.292406161,0.00946730128642048,0.0,6400,0
supergpqa_science__field_biology__model=qwen2_5_7b,qwen2_5_7b,8,uniform,2.327872216,0.002292271799709696,0,800,0
supergpqa_science__field_biology__model=qwen2_5_7b,qwen2_5_7b,8,hbn-sync,2.483022225,0.00226081378238464,0.0,800,0
supergpqa_science__field_biology__model=qwen2_5_7b,qwen2_5_7b,8,hbn-async,2.27765477,0.00226081378238464,0.0,800,0
supergpqa_science__field_biology__model=qwen2_5_7b,qwen2_5_7b,16,uniform,4.501110971,0.004584600544104448,0,1600,0
supergpqa_science__field_biology__model=qwen2_5_7b,qwen2_5_7b,16,hbn-sync,4.704031367,0.0045423605609984,0.0,1600,0
supergpqa_science__field_biology__model=qwen2_5_7b,qwen2_5_7b,16,hbn-async,4.401261,0.0045423605609984,0.0,1600,0
supergpqa_science__field_biology__model=qwen2_5_7b,qwen2_5_7b,32,uniform,8.825749256,0.00916914414352384,0,3200,0
supergpqa_science__field_biology__model=qwen2_5_7b,qwen2_5_7b,32,hbn-sync,9.38108249,0.009337329621236736,0.0,3200,0
supergpqa_science__field_biology__model=qwen2_5_7b,qwen2_5_7b,32,hbn-async,9.361284014,0.00933738650811904,0.0,3200,0
supergpqa_science__field_biology__model=qwen2_5_7b,qwen2_5_7b,64,uniform,26.719249524,0.018338061428334593,0,6400,0
supergpqa_science__field_biology__model=qwen2_5_7b,qwen2_5_7b,64,hbn-sync,23.442884283,0.01867213713336832,0.0,6400,0
supergpqa_science__field_biology__model=qwen2_5_7b,qwen2_5_7b,64,hbn-async,28.089191302,0.018671909296825343,0.0,6400,0
supergpqa_science__field_biology__model=qwen3_5_27b,qwen3_5_27b,8,uniform,1037.111802504,0.29695154772323223,0,800,0
supergpqa_science__field_biology__model=qwen3_5_27b,qwen3_5_27b,8,hbn-sync,1310.204178461,0.30080993683790436,0.0,800,0
supergpqa_science__field_biology__model=qwen3_5_27b,qwen3_5_27b,8,hbn-async,1114.905983702,0.30019026785981745,0.00196109887353344,800,6
supergpqa_science__field_biology__model=qwen3_5_27b,qwen3_5_27b,16,uniform,1853.441544639,0.5977595747727554,0,1600,0
supergpqa_science__field_biology__model=qwen3_5_27b,qwen3_5_27b,16,hbn-sync,2148.374633946,0.6144820629358029,0.0,1600,0
supergpqa_science__field_biology__model=qwen3_5_27b,qwen3_5_27b,16,hbn-async,1869.679059381,0.6117798985868084,0.0,1600,0
supergpqa_science__field_biology__model=qwen3_5_27b,qwen3_5_27b,32,uniform,3374.342156898,1.1674174085721742,0,3200,0
supergpqa_science__field_biology__model=qwen3_5_27b,qwen3_5_27b,32,hbn-sync,3772.351305405,1.2337519051653028,0.0,3200,0
supergpqa_science__field_biology__model=qwen3_5_27b,qwen3_5_27b,32,hbn-async,3601.259191248,1.240014014915579,0.0,3200,0
supergpqa_science__field_biology__model=qwen3_5_27b,qwen3_5_27b,64,uniform,6521.350622861,2.360770601556722,0,6400,0
supergpqa_science__field_biology__model=qwen3_5_27b,qwen3_5_27b,64,hbn-sync,7319.121783294,2.5044678056501226,0.0,6400,0
supergpqa_science__field_biology__model=qwen3_5_27b,qwen3_5_27b,64,hbn-async,7040.280306302,2.4972928667299565,0.0,6400,0
supergpqa_science__field_biology__model=qwen3_5_4b,qwen3_5_4b,8,uniform,283.358895746,0.04327476262450381,0,800,0
supergpqa_science__field_biology__model=qwen3_5_4b,qwen3_5_4b,8,hbn-sync,360.534780911,0.043969061831876606,0.0,800,0
supergpqa_science__field_biology__model=qwen3_5_4b,qwen3_5_4b,8,hbn-async,321.452008926,0.04441234399122227,0.000476072586825728,800,10
supergpqa_science__field_biology__model=qwen3_5_4b,qwen3_5_4b,16,uniform,514.530230007,0.08631361538971853,0,1600,0
supergpqa_science__field_biology__model=qwen3_5_4b,qwen3_5_4b,16,hbn-sync,601.550927109,0.08688415921785651,0.0,1600,0
supergpqa_science__field_biology__model=qwen3_5_4b,qwen3_5_4b,16,hbn-async,539.583011292,0.08728866013183385,0.0,1600,0
supergpqa_science__field_biology__model=qwen3_5_4b,qwen3_5_4b,32,uniform,994.875076152,0.17282984585767322,0,3200,0
supergpqa_science__field_biology__model=qwen3_5_4b,qwen3_5_4b,32,hbn-sync,1093.630402404,0.17803448315042816,0.0,3200,0
supergpqa_science__field_biology__model=qwen3_5_4b,qwen3_5_4b,32,hbn-async,1030.519486262,0.17742788471624293,0.0,3200,0
supergpqa_science__field_biology__model=qwen3_5_4b,qwen3_5_4b,64,uniform,1904.913565108,0.3436383107528499,0,6400,0
supergpqa_science__field_biology__model=qwen3_5_4b,qwen3_5_4b,64,hbn-sync,2045.863285228,0.3556725256325161,0.0,6400,0
supergpqa_science__field_biology__model=qwen3_5_4b,qwen3_5_4b,64,hbn-async,2000.94201013,0.3564540167086428,0.0,6400,0
supergpqa_science__field_biology__model=qwen3_5_9b,qwen3_5_9b,8,uniform,342.559086341,0.07483675307698791,0,800,0
supergpqa_science__field_biology__model=qwen3_5_9b,qwen3_5_9b,8,hbn-sync,438.706720212,0.07718797814841753,0.0,800,0
supergpqa_science__field_biology__model=qwen3_5_9b,qwen3_5_9b,8,hbn-async,351.877099083,0.07717307066287206,0.000525316645112832,800,6
supergpqa_science__field_biology__model=qwen3_5_9b,qwen3_5_9b,16,uniform,565.372825342,0.15013015517368114,0,1600,0
supergpqa_science__field_biology__model=qwen3_5_9b,qwen3_5_9b,16,hbn-sync,663.297246069,0.15235726867209523,0.0,1600,0
supergpqa_science__field_biology__model=qwen3_5_9b,qwen3_5_9b,16,hbn-async,601.657493385,0.15360528445768704,0.0,1600,0
supergpqa_science__field_biology__model=qwen3_5_9b,qwen3_5_9b,32,uniform,1071.727342072,0.2976401670761728,0,3200,0
supergpqa_science__field_biology__model=qwen3_5_9b,qwen3_5_9b,32,hbn-sync,1212.080293777,0.3118343633181829,0.0,3200,0
supergpqa_science__field_biology__model=qwen3_5_9b,qwen3_5_9b,32,hbn-async,1104.122208775,0.3112725285630597,0.0,3200,0
supergpqa_science__field_biology__model=qwen3_5_9b,qwen3_5_9b,64,uniform,2037.552855821,0.5939391809545698,0,6400,0
supergpqa_science__field_biology__model=qwen3_5_9b,qwen3_5_9b,64,hbn-sync,2272.651978887,0.6327944074411561,0.0,6400,0
supergpqa_science__field_biology__model=qwen3_5_9b,qwen3_5_9b,64,hbn-async,2167.074002352,0.6305486917884344,0.0,6400,0
supergpqa_science__field_chemistry__model=qwen2_5_32b,qwen2_5_32b,8,uniform,88.779829682,0.040706689026822146,0,800,0
supergpqa_science__field_chemistry__model=qwen2_5_32b,qwen2_5_32b,8,hbn-sync,109.014148533,0.04166191378015232,0.0,800,0
supergpqa_science__field_chemistry__model=qwen2_5_32b,qwen2_5_32b,8,hbn-async,88.862415768,0.04148063030495642,0.00021186047643238402,800,4
supergpqa_science__field_chemistry__model=qwen2_5_32b,qwen2_5_32b,16,uniform,146.280382554,0.08119173337962905,0,1600,0
supergpqa_science__field_chemistry__model=qwen2_5_32b,qwen2_5_32b,16,hbn-sync,521.822604363,0.08724817275459994,0.0,1600,0
supergpqa_science__field_chemistry__model=qwen2_5_32b,qwen2_5_32b,16,hbn-async,150.762439689,0.08640721631748095,0.0,1600,0
supergpqa_science__field_chemistry__model=qwen2_5_32b,qwen2_5_32b,32,uniform,556.64113281,0.1627829891058094,0,3200,0
supergpqa_science__field_chemistry__model=qwen2_5_32b,qwen2_5_32b,32,hbn-sync,962.336091965,0.1784625238358446,0.0,3200,0
supergpqa_science__field_chemistry__model=qwen2_5_32b,qwen2_5_32b,32,hbn-async,602.681955234,0.17720285188930765,0.0,3200,0
supergpqa_science__field_chemistry__model=qwen2_5_32b,qwen2_5_32b,64,uniform,743.720033411,0.33003323118439426,0,6400,0
supergpqa_science__field_chemistry__model=qwen2_5_32b,qwen2_5_32b,64,hbn-sync,1290.314585126,0.36881147142510184,0.0,6400,0
supergpqa_science__field_chemistry__model=qwen2_5_32b,qwen2_5_32b,64,hbn-async,895.14209393,0.36457662179741285,0.0,6400,0
supergpqa_science__field_chemistry__model=qwen2_5_3b,qwen2_5_3b,8,uniform,8.492159135,0.001861059512434688,0,800,0
supergpqa_science__field_chemistry__model=qwen2_5_3b,qwen2_5_3b,8,hbn-sync,127.373832879,0.00236695953043456,0.0,800,0
supergpqa_science__field_chemistry__model=qwen2_5_3b,qwen2_5_3b,8,hbn-async,71.088024154,0.002224994254266368,0.000110831117631488,800,40
supergpqa_science__field_chemistry__model=qwen2_5_3b,qwen2_5_3b,16,uniform,66.00697947,0.00387874731839488,0,1600,0
supergpqa_science__field_chemistry__model=qwen2_5_3b,qwen2_5_3b,16,hbn-sync,129.420429453,0.004484567679680512,0.0,1600,0
supergpqa_science__field_chemistry__model=qwen2_5_3b,qwen2_5_3b,16,hbn-async,13.673371676,0.003908047041536,0.00030691584978944,1600,94
supergpqa_science__field_chemistry__model=qwen2_5_3b,qwen2_5_3b,32,uniform,70.481724803,0.007476586449076224,0,3200,0
supergpqa_science__field_chemistry__model=qwen2_5_3b,qwen2_5_3b,32,hbn-sync,138.671762817,0.008417513496526847,0.0,3200,0
supergpqa_science__field_chemistry__model=qwen2_5_3b,qwen2_5_3b,32,hbn-async,74.212195255,0.008289792233324544,0.00016383756201984,3200,28
supergpqa_science__field_chemistry__model=qwen2_5_3b,qwen2_5_3b,64,uniform,91.738933152,0.014636331120771073,0,6400,0
supergpqa_science__field_chemistry__model=qwen2_5_3b,qwen2_5_3b,64,hbn-sync,159.0123317,0.018115980238749697,0.0,6400,0
supergpqa_science__field_chemistry__model=qwen2_5_3b,qwen2_5_3b,64,hbn-async,104.701328135,0.018416526897373185,1.3780672512e-05,6400,2
supergpqa_science__field_chemistry__model=qwen2_5_7b,qwen2_5_7b,8,uniform,7.716267604,0.003391528940606464,0,800,0
supergpqa_science__field_chemistry__model=qwen2_5_7b,qwen2_5_7b,8,hbn-sync,12.505967996,0.003371603962918912,0.0,800,0
supergpqa_science__field_chemistry__model=qwen2_5_7b,qwen2_5_7b,8,hbn-async,99.341357426,0.003645991250098176,2.6919814598656e-05,800,2
supergpqa_science__field_chemistry__model=qwen2_5_7b,qwen2_5_7b,16,uniform,10.977664679,0.00675305440459776,0,1600,0
supergpqa_science__field_chemistry__model=qwen2_5_7b,qwen2_5_7b,16,hbn-sync,17.191593047,0.006663622159301632,0.0,1600,0
supergpqa_science__field_chemistry__model=qwen2_5_7b,qwen2_5_7b,16,hbn-async,12.364444391,0.006671295668165632,0.000127844151020544,1600,15
supergpqa_science__field_chemistry__model=qwen2_5_7b,qwen2_5_7b,32,uniform,108.490805522,0.013841495919598592,0,3200,0
supergpqa_science__field_chemistry__model=qwen2_5_7b,qwen2_5_7b,32,hbn-sync,113.354671114,0.013469458344932352,0.0,3200,0
supergpqa_science__field_chemistry__model=qwen2_5_7b,qwen2_5_7b,32,hbn-async,108.512977642,0.0134592494007552,0.000265559076600832,3200,23
supergpqa_science__field_chemistry__model=qwen2_5_7b,qwen2_5_7b,64,uniform,133.586379965,0.027969687354269697,0,6400,0
supergpqa_science__field_chemistry__model=qwen2_5_7b,qwen2_5_7b,64,hbn-sync,36.497604488,0.02626584830977229,0.0,6400,0
supergpqa_science__field_chemistry__model=qwen2_5_7b,qwen2_5_7b,64,hbn-async,122.30174262,0.02656414665815859,0.000292399919286272,6400,26
supergpqa_science__field_chemistry__model=qwen3_5_27b,qwen3_5_27b,8,uniform,1486.87282272,0.42831965809150774,0,800,0
supergpqa_science__field_chemistry__model=qwen3_5_27b,qwen3_5_27b,8,hbn-sync,1747.85302773,0.44204942442349054,0.0,800,0
supergpqa_science__field_chemistry__model=qwen3_5_27b,qwen3_5_27b,8,hbn-async,1518.328162695,0.4435724303830815,0.0001738016732416,800,4
supergpqa_science__field_chemistry__model=qwen3_5_27b,qwen3_5_27b,16,uniform,2698.099958933,0.8545243199102873,0,1600,0
supergpqa_science__field_chemistry__model=qwen3_5_27b,qwen3_5_27b,16,hbn-sync,3056.535658545,0.8909078513035571,0.0,1600,0
supergpqa_science__field_chemistry__model=qwen3_5_27b,qwen3_5_27b,16,hbn-async,2843.113083536,0.8893764048834069,0.0,1600,0
supergpqa_science__field_chemistry__model=qwen3_5_27b,qwen3_5_27b,32,uniform,5250.951497511,1.7135245810000936,0,3200,0
supergpqa_science__field_chemistry__model=qwen3_5_27b,qwen3_5_27b,32,hbn-sync,5864.963181336,1.8075940133195971,0.0,3200,0
supergpqa_science__field_chemistry__model=qwen3_5_27b,qwen3_5_27b,32,hbn-async,5700.10935273,1.8273433624802744,0.0,3200,0
supergpqa_science__field_chemistry__model=qwen3_5_27b,qwen3_5_27b,64,uniform,10337.007597948,3.4343162381091736,0,6400,0
supergpqa_science__field_chemistry__model=qwen3_5_27b,qwen3_5_27b,64,hbn-sync,11537.164942172,3.681022049587462,0.0,6400,0
supergpqa_science__field_chemistry__model=qwen3_5_27b,qwen3_5_27b,64,hbn-async,11378.752475087,3.6849995888425155,0.0,6400,0
supergpqa_science__field_chemistry__model=qwen3_5_4b,qwen3_5_4b,8,uniform,481.024678712,0.06749447810762957,0,800,0
supergpqa_science__field_chemistry__model=qwen3_5_4b,qwen3_5_4b,8,hbn-sync,568.397356941,0.06772483893423104,0.0,800,0
supergpqa_science__field_chemistry__model=qwen3_5_4b,qwen3_5_4b,8,hbn-async,480.119955064,0.0678046371722281,0.000199210556153856,800,7
supergpqa_science__field_chemistry__model=qwen3_5_4b,qwen3_5_4b,16,uniform,874.48938217,0.1333015969754706,0,1600,0
supergpqa_science__field_chemistry__model=qwen3_5_4b,qwen3_5_4b,16,hbn-sync,990.703439154,0.1386417835143209,0.0,1600,0
supergpqa_science__field_chemistry__model=qwen3_5_4b,qwen3_5_4b,16,hbn-async,919.06025692,0.13836830278032794,0.0,1600,0
supergpqa_science__field_chemistry__model=qwen3_5_4b,qwen3_5_4b,32,uniform,1696.608404108,0.268712329435861,0,3200,0
supergpqa_science__field_chemistry__model=qwen3_5_4b,qwen3_5_4b,32,hbn-sync,1868.219762182,0.2814893470748201,0.0,3200,0
supergpqa_science__field_chemistry__model=qwen3_5_4b,qwen3_5_4b,32,hbn-async,1826.789932966,0.28346835098312706,0.0,3200,0
supergpqa_science__field_chemistry__model=qwen3_5_4b,qwen3_5_4b,64,uniform,3298.244438894,0.5369384298319463,0,6400,0
supergpqa_science__field_chemistry__model=qwen3_5_4b,qwen3_5_4b,64,hbn-sync,3662.389908527,0.5718608286144861,0.0,6400,0
supergpqa_science__field_chemistry__model=qwen3_5_4b,qwen3_5_4b,64,hbn-async,3617.477721921,0.5740015701489685,0.0,6400,0
supergpqa_science__field_chemistry__model=qwen3_5_9b,qwen3_5_9b,8,uniform,585.874446989,0.1252499075506821,0,800,0
supergpqa_science__field_chemistry__model=qwen3_5_9b,qwen3_5_9b,8,hbn-sync,691.377201692,0.12722630398065665,0.0,800,0
supergpqa_science__field_chemistry__model=qwen3_5_9b,qwen3_5_9b,8,hbn-async,600.597902452,0.12850409966139495,0.000124199668883456,800,3
supergpqa_science__field_chemistry__model=qwen3_5_9b,qwen3_5_9b,16,uniform,1071.941382712,0.2524971020233462,0,1600,0
supergpqa_science__field_chemistry__model=qwen3_5_9b,qwen3_5_9b,16,hbn-sync,1197.161577539,0.2572275185794089,0.0,1600,0
supergpqa_science__field_chemistry__model=qwen3_5_9b,qwen3_5_9b,16,hbn-async,1091.910113255,0.2556513234573814,0.0,1600,0
supergpqa_science__field_chemistry__model=qwen3_5_9b,qwen3_5_9b,32,uniform,2039.575565509,0.5043157143429888,0,3200,0
supergpqa_science__field_chemistry__model=qwen3_5_9b,qwen3_5_9b,32,hbn-sync,2204.855439293,0.5199208854879406,0.0,3200,0
supergpqa_science__field_chemistry__model=qwen3_5_9b,qwen3_5_9b,32,hbn-async,2115.867643628,0.5187781697370122,0.0,3200,0
supergpqa_science__field_chemistry__model=qwen3_5_9b,qwen3_5_9b,64,uniform,3994.261611625,1.008538420107052,0,6400,0
supergpqa_science__field_chemistry__model=qwen3_5_9b,qwen3_5_9b,64,hbn-sync,4271.4943981,1.04042290089976,0.0,6400,0
supergpqa_science__field_chemistry__model=qwen3_5_9b,qwen3_5_9b,64,hbn-async,4174.93120208,1.0390956587138733,0.0,6400,0
supergpqa_science__field_physics__model=qwen2_5_32b,qwen2_5_32b,8,uniform,430.819133882,0.04594023868080538,0,800,0
supergpqa_science__field_physics__model=qwen2_5_32b,qwen2_5_32b,8,hbn-sync,790.61185112,0.046398948679272446,0.0,800,0
supergpqa_science__field_physics__model=qwen2_5_32b,qwen2_5_32b,8,hbn-async,80.760843595,0.04398602466292941,4.635378804736e-05,800,1
supergpqa_science__field_physics__model=qwen2_5_32b,qwen2_5_32b,16,uniform,481.211432242,0.08995526711286989,0,1600,0
supergpqa_science__field_physics__model=qwen2_5_32b,qwen2_5_32b,16,hbn-sync,497.767233063,0.09080346232881767,0.0,1600,0
supergpqa_science__field_physics__model=qwen2_5_32b,qwen2_5_32b,16,hbn-async,519.154808946,0.091548910067968,5.8811662854144e-05,1600,1
supergpqa_science__field_physics__model=qwen2_5_32b,qwen2_5_32b,32,uniform,610.992434398,0.18051145764232396,0,3200,0
supergpqa_science__field_physics__model=qwen2_5_32b,qwen2_5_32b,32,hbn-sync,983.030103081,0.18826739739148082,0.0,3200,0
supergpqa_science__field_physics__model=qwen2_5_32b,qwen2_5_32b,32,hbn-async,645.399005239,0.1877230074880389,0.0,3200,0
supergpqa_science__field_physics__model=qwen2_5_32b,qwen2_5_32b,64,uniform,888.271533621,0.3644497937129554,0,6400,0
supergpqa_science__field_physics__model=qwen2_5_32b,qwen2_5_32b,64,hbn-sync,938.019690461,0.37426529970091416,0.0,6400,0
supergpqa_science__field_physics__model=qwen2_5_32b,qwen2_5_32b,64,hbn-async,857.751808545,0.3795780918633042,0.0,6400,0
supergpqa_science__field_physics__model=qwen2_5_3b,qwen2_5_3b,8,uniform,7.640018654,0.001819507241828352,0,800,0
supergpqa_science__field_physics__model=qwen2_5_3b,qwen2_5_3b,8,hbn-sync,69.323000988,0.001995090719350784,0.0,800,0
supergpqa_science__field_physics__model=qwen2_5_3b,qwen2_5_3b,8,hbn-async,14.98103501,0.001899303209353216,5.6820332658688e-05,800,17
supergpqa_science__field_physics__model=qwen2_5_3b,qwen2_5_3b,16,uniform,66.503847629,0.003818253672964096,0,1600,0
supergpqa_science__field_physics__model=qwen2_5_3b,qwen2_5_3b,16,hbn-sync,72.165030848,0.00424340923191296,0.0,1600,0
supergpqa_science__field_physics__model=qwen2_5_3b,qwen2_5_3b,16,hbn-async,67.064852388,0.004103668332593152,0.000169814870614016,1600,35
supergpqa_science__field_physics__model=qwen2_5_3b,qwen2_5_3b,32,uniform,79.778288679,0.008077508499546112,0,3200,0
supergpqa_science__field_physics__model=qwen2_5_3b,qwen2_5_3b,32,hbn-sync,76.106867576,0.007907804563521536,0.0,3200,0
supergpqa_science__field_physics__model=qwen2_5_3b,qwen2_5_3b,32,hbn-async,72.379146012,0.008049209698664447,0.00040459897629081603,3200,89
supergpqa_science__field_physics__model=qwen2_5_3b,qwen2_5_3b,64,uniform,103.313289878,0.015047731776118784,0,6400,0
supergpqa_science__field_physics__model=qwen2_5_3b,qwen2_5_3b,64,hbn-sync,152.549923629,0.01747094378118349,0.0,6400,0
supergpqa_science__field_physics__model=qwen2_5_3b,qwen2_5_3b,64,hbn-async,99.556231308,0.017990732933660672,2.4398792605696e-05,6400,5
supergpqa_science__field_physics__model=qwen2_5_7b,qwen2_5_7b,8,uniform,6.696757091,0.003757388233295872,0,800,0
supergpqa_science__field_physics__model=qwen2_5_7b,qwen2_5_7b,8,hbn-sync,9.213138048,0.003722746019127296,0.0,800,0
supergpqa_science__field_physics__model=qwen2_5_7b,qwen2_5_7b,8,hbn-async,5.776123974,0.00371498297709056,3.8609712533504e-05,800,6
supergpqa_science__field_physics__model=qwen2_5_7b,qwen2_5_7b,16,uniform,12.000356433,0.007548222918326272,0,1600,0
supergpqa_science__field_physics__model=qwen2_5_7b,qwen2_5_7b,16,hbn-sync,13.999314574,0.00749144156232192,0.0,1600,0
supergpqa_science__field_physics__model=qwen2_5_7b,qwen2_5_7b,16,hbn-async,12.105280551,0.00751163791608832,0.000117530238830592,1600,19
supergpqa_science__field_physics__model=qwen2_5_7b,qwen2_5_7b,32,uniform,18.127728253,0.015049054972213248,0,3200,0
supergpqa_science__field_physics__model=qwen2_5_7b,qwen2_5_7b,32,hbn-sync,21.781472082,0.014952018544311297,0.0,3200,0
supergpqa_science__field_physics__model=qwen2_5_7b,qwen2_5_7b,32,hbn-async,18.226929175,0.014953636218988544,0.000156012691674112,3200,23
supergpqa_science__field_physics__model=qwen2_5_7b,qwen2_5_7b,64,uniform,126.593923038,0.03032097439909171,0,6400,0
supergpqa_science__field_physics__model=qwen2_5_7b,qwen2_5_7b,64,hbn-sync,36.509559659,0.029831955194123263,0.0,6400,0
supergpqa_science__field_physics__model=qwen2_5_7b,qwen2_5_7b,64,hbn-async,125.794428038,0.03011324555280384,2.7698779472896e-05,6400,4
supergpqa_science__field_physics__model=qwen3_5_27b,qwen3_5_27b,8,uniform,1555.850908334,0.447639891147006,0,800,0
supergpqa_science__field_physics__model=qwen3_5_27b,qwen3_5_27b,8,hbn-sync,1780.225707404,0.4611142942131988,0.0,800,0
supergpqa_science__field_physics__model=qwen3_5_27b,qwen3_5_27b,8,hbn-async,1604.126152463,0.4671748383911557,0.000375569960676352,800,2
supergpqa_science__field_physics__model=qwen3_5_27b,qwen3_5_27b,16,uniform,2813.410040891,0.8896686802214174,0,1600,0
supergpqa_science__field_physics__model=qwen3_5_27b,qwen3_5_27b,16,hbn-sync,3288.051517559,0.9563405059670835,0.0,1600,0
supergpqa_science__field_physics__model=qwen3_5_27b,qwen3_5_27b,16,hbn-async,3086.99556152,0.9560892109212313,0.0,1600,0
supergpqa_science__field_physics__model=qwen3_5_27b,qwen3_5_27b,32,uniform,5454.908751368,1.7868741670811166,0,3200,0
supergpqa_science__field_physics__model=qwen3_5_27b,qwen3_5_27b,32,hbn-sync,6316.896296659,1.9554917298917827,0.0,3200,0
supergpqa_science__field_physics__model=qwen3_5_27b,qwen3_5_27b,32,hbn-async,6200.562077374,1.9628246162509497,0.0,3200,0
supergpqa_science__field_physics__model=qwen3_5_27b,qwen3_5_27b,64,uniform,10714.26099461,3.5609244323944274,0,6400,0
supergpqa_science__field_physics__model=qwen3_5_27b,qwen3_5_27b,64,hbn-sync,12732.263033072,3.99550861233647,0.0,6400,0
supergpqa_science__field_physics__model=qwen3_5_27b,qwen3_5_27b,64,hbn-async,12505.915349966,4.000909767479992,0.0,6400,0
supergpqa_science__field_physics__model=qwen3_5_4b,qwen3_5_4b,8,uniform,478.065904133,0.0682685204983419,0,800,0
supergpqa_science__field_physics__model=qwen3_5_4b,qwen3_5_4b,8,hbn-sync,572.779788301,0.06911649498699367,0.0,800,0
supergpqa_science__field_physics__model=qwen3_5_4b,qwen3_5_4b,8,hbn-async,484.201404612,0.06882467447469875,8.5283957878784e-05,800,4
supergpqa_science__field_physics__model=qwen3_5_4b,qwen3_5_4b,16,uniform,877.548896033,0.13506627471496396,0,1600,0
supergpqa_science__field_physics__model=qwen3_5_4b,qwen3_5_4b,16,hbn-sync,1004.269626086,0.14150554477434676,0.0,1600,0
supergpqa_science__field_physics__model=qwen3_5_4b,qwen3_5_4b,16,hbn-async,942.719072574,0.141835116998998,0.0,1600,0
supergpqa_science__field_physics__model=qwen3_5_4b,qwen3_5_4b,32,uniform,1713.054878756,0.2721588551868252,0,3200,0
supergpqa_science__field_physics__model=qwen3_5_4b,qwen3_5_4b,32,hbn-sync,1889.7427105,0.2858594548970414,0.0,3200,0
supergpqa_science__field_physics__model=qwen3_5_4b,qwen3_5_4b,32,hbn-async,1855.995186117,0.2872366141706793,0.0,3200,0
supergpqa_science__field_physics__model=qwen3_5_4b,qwen3_5_4b,64,uniform,3289.467960431,0.5397079289482343,0,6400,0
supergpqa_science__field_physics__model=qwen3_5_4b,qwen3_5_4b,64,hbn-sync,3723.359508288,0.5821398744920739,0.0,6400,0
supergpqa_science__field_physics__model=qwen3_5_4b,qwen3_5_4b,64,hbn-async,3631.185529315,0.5792303638177628,0.0,6400,0
supergpqa_science__field_physics__model=qwen3_5_9b,qwen3_5_9b,8,uniform,562.280465059,0.12477922423288013,0,800,0
supergpqa_science__field_physics__model=qwen3_5_9b,qwen3_5_9b,8,hbn-sync,686.509945608,0.12872585875664486,0.0,800,0
supergpqa_science__field_physics__model=qwen3_5_9b,qwen3_5_9b,8,hbn-async,597.39337042,0.12859035954464562,6.6369998336e-05,800,2
supergpqa_science__field_physics__model=qwen3_5_9b,qwen3_5_9b,16,uniform,1035.530599146,0.24841974727915828,0,1600,0
supergpqa_science__field_physics__model=qwen3_5_9b,qwen3_5_9b,16,hbn-sync,1215.679168715,0.26446425301660464,0.0,1600,0
supergpqa_science__field_physics__model=qwen3_5_9b,qwen3_5_9b,16,hbn-async,1102.740508273,0.26117452975048394,0.0,1600,0
supergpqa_science__field_physics__model=qwen3_5_9b,qwen3_5_9b,32,uniform,1990.881991719,0.4965812228220242,0,3200,0
supergpqa_science__field_physics__model=qwen3_5_9b,qwen3_5_9b,32,hbn-sync,2250.045585211,0.5318584193522473,0.0,3200,0
supergpqa_science__field_physics__model=qwen3_5_9b,qwen3_5_9b,32,hbn-async,2187.222022219,0.5330779249179238,0.0,3200,0
supergpqa_science__field_physics__model=qwen3_5_9b,qwen3_5_9b,64,uniform,3882.445667085,0.998790623354327,0,6400,0
supergpqa_science__field_physics__model=qwen3_5_9b,qwen3_5_9b,64,hbn-sync,4458.35962671,1.0905527285011958,0.0,6400,0
supergpqa_science__field_physics__model=qwen3_5_9b,qwen3_5_9b,64,hbn-async,4405.915485295,1.0936050195221576,0.0,6400,0
