profile,model,reference_budget,budget,n_tasks,hbn_variance_ratio,continuous_equivalent_budget,uniform_over_hbn_variance_ratio,replay_sha256,protocol_version,target_fingerprint
aime24__model=qwen2_5_32b,qwen2_5_32b,8,8,30,0.9188682551141313,8.706362370747405,1.0882952963434256,0669721fa26117fee305b0747bbe1736274542aa726a1ca70f5b8f4f7759fa02,uniform_rounded_equivalent_v1,ea69bd43ad20ee5fac5510647dfaa8ce517626b5f04805acc52cd2a8c97f6282
aime24__model=qwen2_5_32b,qwen2_5_32b,16,18,30,0.8757633448885511,18.269775839997216,1.014987546666512,0669721fa26117fee305b0747bbe1736274542aa726a1ca70f5b8f4f7759fa02,uniform_rounded_equivalent_v1,15df857514fe1ff900dda8eaee952b9a0b13a47aa69c78faf96ba4edbc5e6298
aime24__model=qwen2_5_32b,qwen2_5_32b,32,39,30,0.8136501074686884,39.32894459948369,1.0084344769098383,0669721fa26117fee305b0747bbe1736274542aa726a1ca70f5b8f4f7759fa02,uniform_rounded_equivalent_v1,4285dd7b166cf753ab6146fad4d1c47d0ed648fcfe18d02dc2959037e0cb3669
aime24__model=qwen2_5_32b,qwen2_5_32b,64,84,30,0.7552239388524137,84.74307646716018,1.0088461484185736,0669721fa26117fee305b0747bbe1736274542aa726a1ca70f5b8f4f7759fa02,uniform_rounded_equivalent_v1,838e74784f6d5586e078570ee7f810ae7c692c0174aa1a8be4aa8299b460f1e5
aime24__model=qwen2_5_3b,qwen2_5_3b,8,9,30,0.8659566396884188,9.238337848969543,1.026481983218838,0669721fa26117fee305b0747bbe1736274542aa726a1ca70f5b8f4f7759fa02,uniform_rounded_equivalent_v1,399b9e4ebab2974cdc03b78b8887ca78eceaded4b3dbc6a04dcfddc6f43f0926
aime24__model=qwen2_5_3b,qwen2_5_3b,16,19,30,0.8001268428092698,19.99682943247287,1.0524647069722564,0669721fa26117fee305b0747bbe1736274542aa726a1ca70f5b8f4f7759fa02,uniform_rounded_equivalent_v1,6a428c7c7ec94cb6962b309eac1c81d363b418764e3ba1829f64b19201c6bf0e
aime24__model=qwen2_5_3b,qwen2_5_3b,32,43,30,0.7317598832297599,43.730191738254334,1.016981203215217,0669721fa26117fee305b0747bbe1736274542aa726a1ca70f5b8f4f7759fa02,uniform_rounded_equivalent_v1,04bb4aeec7161f45fec6ec171fb69656481c376e2f6a30c5a2524f5cce757106
aime24__model=qwen2_5_3b,qwen2_5_3b,64,96,30,0.6642594404182274,96.34789677916308,1.0036239247829488,0669721fa26117fee305b0747bbe1736274542aa726a1ca70f5b8f4f7759fa02,uniform_rounded_equivalent_v1,50150ed3350996ee46fb092328db83437bf4bb23a2777d0169d30911b327d76d
aime24__model=qwen2_5_7b,qwen2_5_7b,8,9,30,0.8394771758274795,9.529740927279333,1.058860103031037,0669721fa26117fee305b0747bbe1736274542aa726a1ca70f5b8f4f7759fa02,uniform_rounded_equivalent_v1,63112c7df58cac074f64900d363413b455998b0ff2cb1b80f09c9f3499fd3009
aime24__model=qwen2_5_7b,qwen2_5_7b,16,20,30,0.7633174165607386,20.96113576458248,1.0480567882291238,0669721fa26117fee305b0747bbe1736274542aa726a1ca70f5b8f4f7759fa02,uniform_rounded_equivalent_v1,1416f32fca74b4dfc87c905f6d443ac9a38848c70530944122244456a4ce9a7b
aime24__model=qwen2_5_7b,qwen2_5_7b,32,45,30,0.6971580909791075,45.90063633208121,1.0200141407129157,0669721fa26117fee305b0747bbe1736274542aa726a1ca70f5b8f4f7759fa02,uniform_rounded_equivalent_v1,32077fbd14c2b87c04ef9645da86848598c652081348f2f5e5867a877c845c80
aime24__model=qwen2_5_7b,qwen2_5_7b,64,99,30,0.6456595320454765,99.1234494707223,1.0012469643507305,0669721fa26117fee305b0747bbe1736274542aa726a1ca70f5b8f4f7759fa02,uniform_rounded_equivalent_v1,77a410ab86049c5451fb6c627a27244fa26f5aee43c0d3af2c48aef4c0d9f913
aime24__model=qwen3_5_27b,qwen3_5_27b,8,8,30,0.9103198426793468,8.78811998259159,1.0985149978239488,0669721fa26117fee305b0747bbe1736274542aa726a1ca70f5b8f4f7759fa02,uniform_rounded_equivalent_v1,d20f582a8dbbf65bcb5994c580b70a69639ed668babaf62950ad5b1a83d68047
aime24__model=qwen3_5_27b,qwen3_5_27b,16,18,30,0.8422300052523055,18.997185923347512,1.0553992179637508,0669721fa26117fee305b0747bbe1736274542aa726a1ca70f5b8f4f7759fa02,uniform_rounded_equivalent_v1,3e91068c83633ca249f7184006211f4871bf37883aae209d58cfc1529ae83629
aime24__model=qwen3_5_27b,qwen3_5_27b,32,40,30,0.7825891313654438,40.8899110880407,1.0222477772010174,0669721fa26117fee305b0747bbe1736274542aa726a1ca70f5b8f4f7759fa02,uniform_rounded_equivalent_v1,f7ed26c56d3b91353d881ab203461eeec58b799c64e6d3952c817dd2d8ce8b0d
aime24__model=qwen3_5_27b,qwen3_5_27b,64,87,30,0.732949401138567,87.31844231072718,1.00366025644514,0669721fa26117fee305b0747bbe1736274542aa726a1ca70f5b8f4f7759fa02,uniform_rounded_equivalent_v1,6bd2959bfeef5f301cb8c1c6a013007b26331f3d1a1b9f0a15d4a8c2bf57f223
aime24__model=qwen3_5_4b,qwen3_5_4b,8,8,30,0.9367984647138105,8.539723645302919,1.0674654556628649,0669721fa26117fee305b0747bbe1736274542aa726a1ca70f5b8f4f7759fa02,uniform_rounded_equivalent_v1,0460ce5a5ef0dc0b09e7c2858b73255cc6d0beea64de41bad04657d5ef36d0db
aime24__model=qwen3_5_4b,qwen3_5_4b,16,17,30,0.8907362827341168,17.96266786268992,1.056627521334701,0669721fa26117fee305b0747bbe1736274542aa726a1ca70f5b8f4f7759fa02,uniform_rounded_equivalent_v1,c0ecdf67450f246b40217a1d7edb6fec67de1fb883a54fdadd3383eac2248e74
aime24__model=qwen3_5_4b,qwen3_5_4b,32,37,30,0.8423145564495849,37.990557986890614,1.02677183748353,0669721fa26117fee305b0747bbe1736274542aa726a1ca70f5b8f4f7759fa02,uniform_rounded_equivalent_v1,829e76c819b924e1804f5c9dd84841f0058094cea0aa0fb2cba3b3eeee4e8a27
aime24__model=qwen3_5_4b,qwen3_5_4b,64,79,30,0.8012646520536888,79.87373439719849,1.0110599290784619,0669721fa26117fee305b0747bbe1736274542aa726a1ca70f5b8f4f7759fa02,uniform_rounded_equivalent_v1,81c996ade4f8d05ccce4fdb52800ff5c9230e779a3cc449c67e2a4f480d08591
aime24__model=qwen3_5_9b,qwen3_5_9b,8,8,30,0.9551166989057858,8.375939829305752,1.046992478663219,0669721fa26117fee305b0747bbe1736274542aa726a1ca70f5b8f4f7759fa02,uniform_rounded_equivalent_v1,c5b615e622bd394959f89a272c8b8fbf2979afb9cc272f12ff309e2bd06c5a5e
aime24__model=qwen3_5_9b,qwen3_5_9b,16,17,30,0.9166649205657749,17.45457870267866,1.02673992368698,0669721fa26117fee305b0747bbe1736274542aa726a1ca70f5b8f4f7759fa02,uniform_rounded_equivalent_v1,3866728e51505fbbcee411434eadf8317f327f51767385e4d04b4bb86323e7c1
aime24__model=qwen3_5_9b,qwen3_5_9b,32,36,30,0.874573123302508,36.58927898351554,1.0163688606532093,0669721fa26117fee305b0747bbe1736274542aa726a1ca70f5b8f4f7759fa02,uniform_rounded_equivalent_v1,c5e3fbd44607a4f6d9e548ec68697e0f509982414916458030d2a8e4d8b78875
aime24__model=qwen3_5_9b,qwen3_5_9b,64,76,30,0.8372024517234677,76.44506996873861,1.0058561837991924,0669721fa26117fee305b0747bbe1736274542aa726a1ca70f5b8f4f7759fa02,uniform_rounded_equivalent_v1,c4ff1c5b79ec8d95ff1c94a7e56edb1a268c4808a083358c2998ffada4d7f8f4
aime25__model=qwen2_5_32b,qwen2_5_32b,8,8,30,0.8925826576122573,8.962755361392247,1.120344420174031,0669721fa26117fee305b0747bbe1736274542aa726a1ca70f5b8f4f7759fa02,uniform_rounded_equivalent_v1,9817702c5ec0026378929944b06ab774d93c9cce76865deaf1bbf446269750aa
aime25__model=qwen2_5_32b,qwen2_5_32b,16,19,30,0.830384411828073,19.268184436141272,1.0141149703232248,0669721fa26117fee305b0747bbe1736274542aa726a1ca70f5b8f4f7759fa02,uniform_rounded_equivalent_v1,2df32e568aa527056c5f7ac7c0e80681a9b75abc4aefc121c9a44f89f2a2d016
aime25__model=qwen2_5_32b,qwen2_5_32b,32,41,30,0.7732449719983256,41.3840388994722,1.0093668024261513,0669721fa26117fee305b0747bbe1736274542aa726a1ca70f5b8f4f7759fa02,uniform_rounded_equivalent_v1,a940b4501c4e01734de5ccc7968efc8a96ab1845b74043d2215bb04d4793bcf8
aime25__model=qwen2_5_32b,qwen2_5_32b,64,89,30,0.7169282912021446,89.26973699515312,1.0030307527545295,0669721fa26117fee305b0747bbe1736274542aa726a1ca70f5b8f4f7759fa02,uniform_rounded_equivalent_v1,da359ad1f385a44b1f0f7a729f1a23793c7ef46bde6af92a9f4dd7ae3120ae98
aime25__model=qwen2_5_3b,qwen2_5_3b,8,8,30,0.910841024093103,8.78309143789978,1.0978864297374724,0669721fa26117fee305b0747bbe1736274542aa726a1ca70f5b8f4f7759fa02,uniform_rounded_equivalent_v1,d2d54b399bf84a9045c76650fc9fc47225ef004d1d8e0e468943ba641a3b7457
aime25__model=qwen2_5_3b,qwen2_5_3b,16,18,30,0.8776288459642586,18.23094132966956,1.012830073870531,0669721fa26117fee305b0747bbe1736274542aa726a1ca70f5b8f4f7759fa02,uniform_rounded_equivalent_v1,0b19db34aebf18a293838997a95a975ced506499ce54b71e98703906635aef3a
aime25__model=qwen2_5_3b,qwen2_5_3b,32,39,30,0.8190052440738175,39.07178889457247,1.0018407408864736,0669721fa26117fee305b0747bbe1736274542aa726a1ca70f5b8f4f7759fa02,uniform_rounded_equivalent_v1,21942b559290b8f7250dd7fef3937a0665ce09c14f587b17ef8d34882620939c
aime25__model=qwen2_5_3b,qwen2_5_3b,64,85,30,0.7528112436264394,85.014670731669,1.0001725968431647,0669721fa26117fee305b0747bbe1736274542aa726a1ca70f5b8f4f7759fa02,uniform_rounded_equivalent_v1,a812cf9cc753d28712b952fbe5f44bd11779698e4f1c3cd840b5201cc2107b63
aime25__model=qwen2_5_7b,qwen2_5_7b,8,9,30,0.8823431683706834,9.066767088787726,1.0074185654208585,0669721fa26117fee305b0747bbe1736274542aa726a1ca70f5b8f4f7759fa02,uniform_rounded_equivalent_v1,b68b3feba4b60de8305fa5aa9a79b0554c15a789543abd851e6fcf5ad79f5a89
aime25__model=qwen2_5_7b,qwen2_5_7b,16,19,30,0.8197873444573549,19.51725664976073,1.027224034197933,0669721fa26117fee305b0747bbe1736274542aa726a1ca70f5b8f4f7759fa02,uniform_rounded_equivalent_v1,67af88a96b6e5bc6fe43caff2b48698dfdb3e6550008fa08455ec4c11254ff15
aime25__model=qwen2_5_7b,qwen2_5_7b,32,42,30,0.7517877897199128,42.56520315649443,1.013457218011772,0669721fa26117fee305b0747bbe1736274542aa726a1ca70f5b8f4f7759fa02,uniform_rounded_equivalent_v1,483dde9da6362baf8b9d0053b669509a1cf90148a33e9450458df266ab9b09bc
aime25__model=qwen2_5_7b,qwen2_5_7b,64,93,30,0.6859034595997024,93.30759176714287,1.003307438356375,0669721fa26117fee305b0747bbe1736274542aa726a1ca70f5b8f4f7759fa02,uniform_rounded_equivalent_v1,1aee54f7ae8c04de91ea753432d852b6ff2206716cce940f197bd802aaf7990c
aime25__model=qwen3_5_27b,qwen3_5_27b,8,8,30,0.9310235719496136,8.592693290512042,1.0740866613140052,0669721fa26117fee305b0747bbe1736274542aa726a1ca70f5b8f4f7759fa02,uniform_rounded_equivalent_v1,b7b17ee98f0fd0b7f77c494bfcd973081f0c957b9245dac411ccf8fcc8fe727a
aime25__model=qwen3_5_27b,qwen3_5_27b,16,18,30,0.8851271222367554,18.076499519715647,1.0042499733175358,0669721fa26117fee305b0747bbe1736274542aa726a1ca70f5b8f4f7759fa02,uniform_rounded_equivalent_v1,4f2a1d960ebff64e4c62da88d061b9c3162863204d656003e6d165a58d7ac68a
aime25__model=qwen3_5_27b,qwen3_5_27b,32,38,30,0.8311678041239632,38.50004757309802,1.0131591466604741,0669721fa26117fee305b0747bbe1736274542aa726a1ca70f5b8f4f7759fa02,uniform_rounded_equivalent_v1,77ca5ee6b8b474c8c32aa33153e0225f05f0d7d4de3734deb0100ce8644eb13a
aime25__model=qwen3_5_27b,qwen3_5_27b,64,82,30,0.7778205655507553,82.28118776299415,1.0034291190609044,0669721fa26117fee305b0747bbe1736274542aa726a1ca70f5b8f4f7759fa02,uniform_rounded_equivalent_v1,bf7e6fb8be702c2d0de3ba478c9de64bee78725146434664eeea8766956f37b1
aime25__model=qwen3_5_4b,qwen3_5_4b,8,8,30,0.9389070161790739,8.520545551524766,1.0650681939405957,0669721fa26117fee305b0747bbe1736274542aa726a1ca70f5b8f4f7759fa02,uniform_rounded_equivalent_v1,da37e2ed454c8dc8d7fb995f6f67f15ac4af460ad8b66108aab41b17f1a1f38b
aime25__model=qwen3_5_4b,qwen3_5_4b,16,18,30,0.8883666999386246,18.010580541915186,1.000587807884177,0669721fa26117fee305b0747bbe1736274542aa726a1ca70f5b8f4f7759fa02,uniform_rounded_equivalent_v1,2c41e2a8a29e24cb019c83e2a46310d95dd143847756c3244fcf95090def1528
aime25__model=qwen3_5_4b,qwen3_5_4b,32,38,30,0.821133581850193,38.97051674332576,1.0255399142980464,0669721fa26117fee305b0747bbe1736274542aa726a1ca70f5b8f4f7759fa02,uniform_rounded_equivalent_v1,15537eba24a796365478243b5b9637578a49d0d4a26247991b882baef1affb22
aime25__model=qwen3_5_4b,qwen3_5_4b,64,84,30,0.758343892551551,84.39442926699563,1.0046955865118528,0669721fa26117fee305b0747bbe1736274542aa726a1ca70f5b8f4f7759fa02,uniform_rounded_equivalent_v1,d9089528d160c94d776bd0207b3e8d79339f6f81a34229b856ad3cc44db8641e
aime25__model=qwen3_5_9b,qwen3_5_9b,8,8,30,0.9303573466322785,8.598846485125872,1.074855810640734,0669721fa26117fee305b0747bbe1736274542aa726a1ca70f5b8f4f7759fa02,uniform_rounded_equivalent_v1,fedc8b8bed142dd3cfdfbbe3b47a5745d81c6a89ee0727dfabf575e044992640
aime25__model=qwen3_5_9b,qwen3_5_9b,16,18,30,0.8747677101515341,18.29056995854174,1.0161427754745413,0669721fa26117fee305b0747bbe1736274542aa726a1ca70f5b8f4f7759fa02,uniform_rounded_equivalent_v1,0f1ee04fca27737a10a1bb192915855288982d3f2f82bfecf37f646e493c245a
aime25__model=qwen3_5_9b,qwen3_5_9b,32,39,30,0.8071926146317085,39.64357381366824,1.0165018926581602,0669721fa26117fee305b0747bbe1736274542aa726a1ca70f5b8f4f7759fa02,uniform_rounded_equivalent_v1,c822cf35d44eb8b907611627a37ba4e0911b7feb53f3d0ac0ac83f99b65df642
aime25__model=qwen3_5_9b,qwen3_5_9b,64,85,30,0.7466324936644984,85.71820881500317,1.0084495154706254,0669721fa26117fee305b0747bbe1736274542aa726a1ca70f5b8f4f7759fa02,uniform_rounded_equivalent_v1,d27a972b5613811e47e190d51f34e8e5177de72adb3bc10eb844434602d98e8f
aime26__model=qwen2_5_32b,qwen2_5_32b,8,9,30,0.8829099824049196,9.060946369876975,1.0067718188752195,0669721fa26117fee305b0747bbe1736274542aa726a1ca70f5b8f4f7759fa02,uniform_rounded_equivalent_v1,d78088f5cdfe6b24d47c4a314f6e03767fec9f698cd64d63b24a224f31ecb2f7
aime26__model=qwen2_5_32b,qwen2_5_32b,16,19,30,0.8084182594765803,19.791735048586588,1.0416702657150836,0669721fa26117fee305b0747bbe1736274542aa726a1ca70f5b8f4f7759fa02,uniform_rounded_equivalent_v1,e1d3bec31c2c8b2be41eb89bf5ff17355438127be048a114262d407e5158a5aa
aime26__model=qwen2_5_32b,qwen2_5_32b,32,42,30,0.7467418064116721,42.85283042310167,1.0203054862643255,0669721fa26117fee305b0747bbe1736274542aa726a1ca70f5b8f4f7759fa02,uniform_rounded_equivalent_v1,a068676226e7558c6b9613b7053b8823e14a89661562fd461700558176218751
aime26__model=qwen2_5_32b,qwen2_5_32b,64,91,30,0.6976616037151462,91.7350183229104,1.008077124427587,0669721fa26117fee305b0747bbe1736274542aa726a1ca70f5b8f4f7759fa02,uniform_rounded_equivalent_v1,40f322e59fbbf98ad19723357f855e382001417136cef01c460c52354213fce3
aime26__model=qwen2_5_3b,qwen2_5_3b,8,9,30,0.8340652858869946,9.591575306353057,1.0657305895947842,0669721fa26117fee305b0747bbe1736274542aa726a1ca70f5b8f4f7759fa02,uniform_rounded_equivalent_v1,be880cdc6c15a6244056ded19ddb7ac2ba85b12300d9706ce9a50fe6a61479c6
aime26__model=qwen2_5_3b,qwen2_5_3b,16,20,30,0.7637621555490394,20.948930087401635,1.0474465043700818,0669721fa26117fee305b0747bbe1736274542aa726a1ca70f5b8f4f7759fa02,uniform_rounded_equivalent_v1,c9924511be08b02d0205913d0649505d00be9b51542e707c2df5e54f94bfaf54
aime26__model=qwen2_5_3b,qwen2_5_3b,32,46,30,0.6901326483719465,46.36789764328556,1.0079977748540339,0669721fa26117fee305b0747bbe1736274542aa726a1ca70f5b8f4f7759fa02,uniform_rounded_equivalent_v1,84dbc4315e31fa94eef6867275b44ab7a82645ba1e2eef5ff6569f0ec242f45e
aime26__model=qwen2_5_3b,qwen2_5_3b,64,101,30,0.6291615126130798,101.72268760399933,1.0071553228118746,0669721fa26117fee305b0747bbe1736274542aa726a1ca70f5b8f4f7759fa02,uniform_rounded_equivalent_v1,10882317a16b8293426f8c0d4d32553a008efe0a899126de1487e20d56383b95
aime26__model=qwen2_5_7b,qwen2_5_7b,8,9,30,0.8209235463729875,9.745121863473985,1.082791318163776,0669721fa26117fee305b0747bbe1736274542aa726a1ca70f5b8f4f7759fa02,uniform_rounded_equivalent_v1,fc7d899b2748ffde1187deade4eea0bac9dceab459500cca8ce19397411c79aa
aime26__model=qwen2_5_7b,qwen2_5_7b,16,21,30,0.7526721291565976,21.257595944104782,1.0122664735287992,0669721fa26117fee305b0747bbe1736274542aa726a1ca70f5b8f4f7759fa02,uniform_rounded_equivalent_v1,f55bd5f66870a76bd6a36463d8679610d8615ed66b10d1549e0791500c5cca8d
aime26__model=qwen2_5_7b,qwen2_5_7b,32,45,30,0.6996257749768224,45.738737971825174,1.0164163993738926,0669721fa26117fee305b0747bbe1736274542aa726a1ca70f5b8f4f7759fa02,uniform_rounded_equivalent_v1,7328dca1160d53e9a1e2940b9b5f39d5de062f328d46a3270cdf606321c58441
aime26__model=qwen2_5_7b,qwen2_5_7b,64,99,30,0.6434046843050607,99.47083314932063,1.004755890397178,0669721fa26117fee305b0747bbe1736274542aa726a1ca70f5b8f4f7759fa02,uniform_rounded_equivalent_v1,77b505959b310673522e2d6ee25b128a8735ef8e8315dea435af1d835a3fbb3e
aime26__model=qwen3_5_27b,qwen3_5_27b,8,8,30,0.9487319789056105,8.432307730607151,1.054038466325894,0669721fa26117fee305b0747bbe1736274542aa726a1ca70f5b8f4f7759fa02,uniform_rounded_equivalent_v1,333f01486e6f0e365bf99281225cb674dbeb1beae7114a7f6dd663ebd401ca41
aime26__model=qwen3_5_27b,qwen3_5_27b,16,17,30,0.9084299098465703,17.612806256789064,1.036047426869945,0669721fa26117fee305b0747bbe1736274542aa726a1ca70f5b8f4f7759fa02,uniform_rounded_equivalent_v1,9072203e35849c301ed52e85c44f3c9f97d4bb58544c9d99af1d1e44fc9de48e
aime26__model=qwen3_5_27b,qwen3_5_27b,32,37,30,0.8550256087942629,37.425779615099074,1.0115075571648398,0669721fa26117fee305b0747bbe1736274542aa726a1ca70f5b8f4f7759fa02,uniform_rounded_equivalent_v1,f8d7415b76c14785a6e0b49f13b7121cf6a0c72aed98cb64abe35d26dbd11f9a
aime26__model=qwen3_5_27b,qwen3_5_27b,64,80,30,0.796357114293474,80.36595498588675,1.0045744373235843,0669721fa26117fee305b0747bbe1736274542aa726a1ca70f5b8f4f7759fa02,uniform_rounded_equivalent_v1,b6ad64ac199eb650b98c58edbf43f1488d008b643e933928f7344c87a5d79200
aime26__model=qwen3_5_4b,qwen3_5_4b,8,8,30,0.9354516666492625,8.552018543785987,1.0690023179732484,0669721fa26117fee305b0747bbe1736274542aa726a1ca70f5b8f4f7759fa02,uniform_rounded_equivalent_v1,8b4cb7b0bea8f38dbaec3963a36c1817eae6364e25244575affb81e534ff462b
aime26__model=qwen3_5_4b,qwen3_5_4b,16,18,30,0.8868301669194159,18.041785898622777,1.0023214388123765,0669721fa26117fee305b0747bbe1736274542aa726a1ca70f5b8f4f7759fa02,uniform_rounded_equivalent_v1,076156dd0e56d7218519f26fd921d4214fc586fba7718b55f4ceb21a44c0db84
aime26__model=qwen3_5_4b,qwen3_5_4b,32,38,30,0.8361092090961695,38.272512312825576,1.0071713766533046,0669721fa26117fee305b0747bbe1736274542aa726a1ca70f5b8f4f7759fa02,uniform_rounded_equivalent_v1,2c521292e903ad84c116dc4e98d62e2d9225902f7c0b4344b6b08b708bc6e2f0
aime26__model=qwen3_5_4b,qwen3_5_4b,64,80,30,0.7928704903745576,80.71936183394334,1.0089920229242917,0669721fa26117fee305b0747bbe1736274542aa726a1ca70f5b8f4f7759fa02,uniform_rounded_equivalent_v1,8d0ae32fe37058ed514b8a45fc339878f5e1958b863a020cdb48d1fdafaf816e
aime26__model=qwen3_5_9b,qwen3_5_9b,8,8,30,0.9364293636802277,8.543089644860649,1.067886205607581,0669721fa26117fee305b0747bbe1736274542aa726a1ca70f5b8f4f7759fa02,uniform_rounded_equivalent_v1,a5ce452b01b021d194dcb34ee796b0b11f41393c83f03d0688bc1b2e42a80216
aime26__model=qwen3_5_9b,qwen3_5_9b,16,17,30,0.890776604877941,17.96185475952459,1.0565796917367407,0669721fa26117fee305b0747bbe1736274542aa726a1ca70f5b8f4f7759fa02,uniform_rounded_equivalent_v1,ef09c1cc775812b6201ed3d1bf6c5c58e6dd43ed66e3ed545fb70410f2603ca0
aime26__model=qwen3_5_9b,qwen3_5_9b,32,37,30,0.8454204561402963,37.850988543728405,1.022999690371038,0669721fa26117fee305b0747bbe1736274542aa726a1ca70f5b8f4f7759fa02,uniform_rounded_equivalent_v1,0cb3daa13c9ffe59e7d8008e7e7b6b08f8e664e8128208c20bd95ddba8280d8c
aime26__model=qwen3_5_9b,qwen3_5_9b,64,79,30,0.8063566577512276,79.36934529502564,1.0046752568990587,0669721fa26117fee305b0747bbe1736274542aa726a1ca70f5b8f4f7759fa02,uniform_rounded_equivalent_v1,b29a08d7d529dc2010bc06431a1427a12e9d8b0594063ab8afcfa85f106bf7b0
gpqa_diamond__domain_biology__model=qwen2_5_32b,qwen2_5_32b,8,9,19,0.8398093043504802,9.525972096948017,1.0584413441053353,0669721fa26117fee305b0747bbe1736274542aa726a1ca70f5b8f4f7759fa02,uniform_rounded_equivalent_v1,41246bf9ab156aa6ff6790fb6a7f1767224a3e77e0823552c845310e51146096
gpqa_diamond__domain_biology__model=qwen2_5_32b,qwen2_5_32b,16,21,19,0.7460322787535394,21.44679319604318,1.0212758664782469,0669721fa26117fee305b0747bbe1736274542aa726a1ca70f5b8f4f7759fa02,uniform_rounded_equivalent_v1,d8913e2c3bfe3489e13e473befcc40439317a20dc1214393f12ed7dace6c239c
gpqa_diamond__domain_biology__model=qwen2_5_32b,qwen2_5_32b,32,49,19,0.6423732806569885,49.815272464745014,1.0166382135662249,0669721fa26117fee305b0747bbe1736274542aa726a1ca70f5b8f4f7759fa02,uniform_rounded_equivalent_v1,86c3b2cd45fe227afcd628e778e16c1a1c1b43e6724ee1f09ec04eb65423d2cd
gpqa_diamond__domain_biology__model=qwen2_5_32b,qwen2_5_32b,64,115,19,0.5542488784092248,115.47159136106751,1.0041007944440654,0669721fa26117fee305b0747bbe1736274542aa726a1ca70f5b8f4f7759fa02,uniform_rounded_equivalent_v1,7759b81f35d9d8a5e2c6ca2f4e41a5f086564601721f54b3e80b767daf261e01
gpqa_diamond__domain_biology__model=qwen2_5_7b,qwen2_5_7b,8,9,19,0.865137048392141,9.247089827985077,1.027454425331675,0669721fa26117fee305b0747bbe1736274542aa726a1ca70f5b8f4f7759fa02,uniform_rounded_equivalent_v1,19743c9a6192cee73a1af9460cfd37543e1a008a42e243edd815e0ac1a4286f8
gpqa_diamond__domain_biology__model=qwen2_5_7b,qwen2_5_7b,16,20,19,0.7846103404494762,20.392287961479262,1.0196143980739631,0669721fa26117fee305b0747bbe1736274542aa726a1ca70f5b8f4f7759fa02,uniform_rounded_equivalent_v1,174b4d6185ff113ee142b94e0139a166db236f638b5f6444048580fafdc911ea
gpqa_diamond__domain_biology__model=qwen2_5_7b,qwen2_5_7b,32,48,19,0.6621463182417257,48.32768697555146,1.0068268119906554,0669721fa26117fee305b0747bbe1736274542aa726a1ca70f5b8f4f7759fa02,uniform_rounded_equivalent_v1,39ecc13c9e53c65c56223d262ab0c10b0d7a52e8e86f71d65c76cbe14b09f31a
gpqa_diamond__domain_biology__model=qwen2_5_7b,qwen2_5_7b,64,120,19,0.5327755332718748,120.12563641382695,1.0010469701152247,0669721fa26117fee305b0747bbe1736274542aa726a1ca70f5b8f4f7759fa02,uniform_rounded_equivalent_v1,41b8f84f59030721fcd0741f29048caa3c884991bb2359d26eb5e688afa4106d
gpqa_diamond__domain_biology__model=qwen3_5_27b,qwen3_5_27b,8,8,19,0.9271017422114822,8.629042138263085,1.0786302672828856,0669721fa26117fee305b0747bbe1736274542aa726a1ca70f5b8f4f7759fa02,uniform_rounded_equivalent_v1,8c0a3050d49692ec9220f0f9217ab46d72244501e53cd4770e9ab5096faed9b0
gpqa_diamond__domain_biology__model=qwen3_5_27b,qwen3_5_27b,16,18,19,0.8700438484153735,18.389877739083023,1.0216598743935013,0669721fa26117fee305b0747bbe1736274542aa726a1ca70f5b8f4f7759fa02,uniform_rounded_equivalent_v1,2def71363491ca86f80f7911ad92d6ba2f2ae451d492819c509a4feec8b4a94a
gpqa_diamond__domain_biology__model=qwen3_5_27b,qwen3_5_27b,32,40,19,0.7996554997710467,40.0172324321687,1.0004308108042175,0669721fa26117fee305b0747bbe1736274542aa726a1ca70f5b8f4f7759fa02,uniform_rounded_equivalent_v1,0379e80e80bb2a17c78276d26fb0305480c41db460d71bb22646cb1f1af26513
gpqa_diamond__domain_biology__model=qwen3_5_27b,qwen3_5_27b,64,87,19,0.7304242881133061,87.62030650064047,1.0071299597774765,0669721fa26117fee305b0747bbe1736274542aa726a1ca70f5b8f4f7759fa02,uniform_rounded_equivalent_v1,9944d31fac5eac0528001053973f30cc28ab8b79d955e6777d06cfb87d2d903a
gpqa_diamond__domain_biology__model=qwen3_5_4b,qwen3_5_4b,8,8,19,0.9359173331877904,8.547763479015313,1.068470434876914,0669721fa26117fee305b0747bbe1736274542aa726a1ca70f5b8f4f7759fa02,uniform_rounded_equivalent_v1,ea0dc32fd24577123aac9462ee2a6892ad1fab4e4562f3a962c378bf930e023c
gpqa_diamond__domain_biology__model=qwen3_5_4b,qwen3_5_4b,16,17,19,0.8891167483724316,17.995387027956365,1.0585521781150804,0669721fa26117fee305b0747bbe1736274542aa726a1ca70f5b8f4f7759fa02,uniform_rounded_equivalent_v1,cd409c02f09c748be72cbf5c34fd39677228660dc90a9521a7b57db917993d69
gpqa_diamond__domain_biology__model=qwen3_5_4b,qwen3_5_4b,32,38,19,0.8378161990460551,38.19453483524845,1.005119337769696,0669721fa26117fee305b0747bbe1736274542aa726a1ca70f5b8f4f7759fa02,uniform_rounded_equivalent_v1,6ea3ae3fea71f614a7099d898d2fafb39c53f896f9d00612b6a3ca2dd5a237ee
gpqa_diamond__domain_biology__model=qwen3_5_4b,qwen3_5_4b,64,81,19,0.789552028702913,81.05862270424419,1.0007237370894344,0669721fa26117fee305b0747bbe1736274542aa726a1ca70f5b8f4f7759fa02,uniform_rounded_equivalent_v1,fa8ea3c695f2710c28b896798fdca9fe4000221231906e32567513f72fad4306
gpqa_diamond__domain_biology__model=qwen3_5_9b,qwen3_5_9b,8,8,19,0.930651013326993,8.596133121266075,1.0745166401582593,0669721fa26117fee305b0747bbe1736274542aa726a1ca70f5b8f4f7759fa02,uniform_rounded_equivalent_v1,ace3a4d8e7ff3891d9a773b23173f512924e9c008caff62a314e19a5532da08c
gpqa_diamond__domain_biology__model=qwen3_5_9b,qwen3_5_9b,16,18,19,0.8838542514524912,18.102532146794825,1.0056962303774903,0669721fa26117fee305b0747bbe1736274542aa726a1ca70f5b8f4f7759fa02,uniform_rounded_equivalent_v1,b8f6b8231a8ac21138dc8267843b413b73cf184aecc9a7f7cd5afd4f3b2b78cb
gpqa_diamond__domain_biology__model=qwen3_5_9b,qwen3_5_9b,32,38,19,0.8381106986178275,38.18111384662299,1.0047661538584998,0669721fa26117fee305b0747bbe1736274542aa726a1ca70f5b8f4f7759fa02,uniform_rounded_equivalent_v1,a49daca31078c5086f2be662272e5f335e0e295dfae0492b0f5c60109415c9ac
gpqa_diamond__domain_biology__model=qwen3_5_9b,qwen3_5_9b,64,80,19,0.7927760629613283,80.72897630250716,1.0091122037813396,0669721fa26117fee305b0747bbe1736274542aa726a1ca70f5b8f4f7759fa02,uniform_rounded_equivalent_v1,3af62708c0a136579bd4075880b6eda296636c90095f4a0c3b77061e6e5f89fa
gpqa_diamond__domain_chemistry__model=qwen2_5_32b,qwen2_5_32b,8,9,93,0.8525294831008616,9.38383968951081,1.04264885439009,0669721fa26117fee305b0747bbe1736274542aa726a1ca70f5b8f4f7759fa02,uniform_rounded_equivalent_v1,ed550285be84871bc64d6d597a3f932d53cade39f24cb034796c320b05c3f35b
gpqa_diamond__domain_chemistry__model=qwen2_5_32b,qwen2_5_32b,16,20,93,0.7664504613082241,20.87545224082745,1.0437726120413726,0669721fa26117fee305b0747bbe1736274542aa726a1ca70f5b8f4f7759fa02,uniform_rounded_equivalent_v1,fff29703ec26a590a5df452da1fb7529ffe468239502a007ade6a3be487bc7e1
gpqa_diamond__domain_chemistry__model=qwen2_5_32b,qwen2_5_32b,32,46,93,0.6845590984334312,46.74541624416345,1.016204700960075,0669721fa26117fee305b0747bbe1736274542aa726a1ca70f5b8f4f7759fa02,uniform_rounded_equivalent_v1,b450a109dd4064dd7402bc33d3b4aaa820d1e1e4f8b503b10866f3893bc35fe8
gpqa_diamond__domain_chemistry__model=qwen2_5_32b,qwen2_5_32b,64,105,93,0.6083552394053366,105.20169114111616,1.0019208680106302,0669721fa26117fee305b0747bbe1736274542aa726a1ca70f5b8f4f7759fa02,uniform_rounded_equivalent_v1,8d0142495225cf42684b42368705e5b9f3cd8dfb084c2e5fbaa65160b52be468
gpqa_diamond__domain_chemistry__model=qwen2_5_3b,qwen2_5_3b,8,9,93,0.8404605555180723,9.518590667314163,1.0576211852571293,0669721fa26117fee305b0747bbe1736274542aa726a1ca70f5b8f4f7759fa02,uniform_rounded_equivalent_v1,0d632c914726f24a22b9eee116d261a1c87a99a3d011ca62224dc991eec45ccb
gpqa_diamond__domain_chemistry__model=qwen2_5_3b,qwen2_5_3b,16,21,93,0.7416551319753123,21.573369225378187,1.0273032964465802,0669721fa26117fee305b0747bbe1736274542aa726a1ca70f5b8f4f7759fa02,uniform_rounded_equivalent_v1,55069f72e613cc9d6c07cbea82e4dc54afe5e5f5e838f11cbbb0e8eeceb522be
gpqa_diamond__domain_chemistry__model=qwen2_5_3b,qwen2_5_3b,32,49,93,0.6450204054327848,49.610833596076986,1.0124659917566732,0669721fa26117fee305b0747bbe1736274542aa726a1ca70f5b8f4f7759fa02,uniform_rounded_equivalent_v1,987fc7b6afbdfac0960daf1a650f4c142468af25c11e6204e4e359fe1ce0e030
gpqa_diamond__domain_chemistry__model=qwen2_5_3b,qwen2_5_3b,64,114,93,0.5576586889454662,114.76553897335329,1.0067152541522217,0669721fa26117fee305b0747bbe1736274542aa726a1ca70f5b8f4f7759fa02,uniform_rounded_equivalent_v1,cace370dfa2e18e74f1e0c076c54889eb0a71294795ba4fea6b57acf880a5adc
gpqa_diamond__domain_chemistry__model=qwen2_5_7b,qwen2_5_7b,8,9,93,0.8170532181599932,9.791283875016157,1.0879204305573509,0669721fa26117fee305b0747bbe1736274542aa726a1ca70f5b8f4f7759fa02,uniform_rounded_equivalent_v1,278aea55acf2e23c3d520f6e4cb7b2fec8f823f821e7c9298c6c9ffebf02b0b9
gpqa_diamond__domain_chemistry__model=qwen2_5_7b,qwen2_5_7b,16,22,93,0.7086942571485657,22.576731557521104,1.026215070796414,0669721fa26117fee305b0747bbe1736274542aa726a1ca70f5b8f4f7759fa02,uniform_rounded_equivalent_v1,7a9537d3095a14f259e0def3e6a987cd9f6cbf2a2ec8cdcb695b2f3813d77970
gpqa_diamond__domain_chemistry__model=qwen2_5_7b,qwen2_5_7b,32,54,93,0.5917033152076031,54.08115719069883,1.0015029109388671,0669721fa26117fee305b0747bbe1736274542aa726a1ca70f5b8f4f7759fa02,uniform_rounded_equivalent_v1,c7a28f2e0ddf0aa8c72a94258c4b63c253ab7263450fad70a1104a9743935158
gpqa_diamond__domain_chemistry__model=qwen2_5_7b,qwen2_5_7b,64,131,93,0.48624939376293885,131.61970137324616,1.0047305448339403,0669721fa26117fee305b0747bbe1736274542aa726a1ca70f5b8f4f7759fa02,uniform_rounded_equivalent_v1,4a4ebba149ca89479ade4a93cb0a29b9ed75d2c559fa2fae1904681b73591e07
gpqa_diamond__domain_chemistry__model=qwen3_5_27b,qwen3_5_27b,8,8,93,0.9524423016848556,8.399458933993298,1.0499323667491622,0669721fa26117fee305b0747bbe1736274542aa726a1ca70f5b8f4f7759fa02,uniform_rounded_equivalent_v1,6ad3cc53bbae7832c8fbd718335bb3798d5556ed957818d1b14db61cb4556515
gpqa_diamond__domain_chemistry__model=qwen3_5_27b,qwen3_5_27b,16,17,93,0.9253864088880217,17.29007455299261,1.0170632089995655,0669721fa26117fee305b0747bbe1736274542aa726a1ca70f5b8f4f7759fa02,uniform_rounded_equivalent_v1,b84f62a448991b18c9f6c4553a02a878fbb76620f98af7b07f56a6b4b1296b94
gpqa_diamond__domain_chemistry__model=qwen3_5_27b,qwen3_5_27b,32,35,93,0.8904199949795893,35.93809683118529,1.026802766605294,0669721fa26117fee305b0747bbe1736274542aa726a1ca70f5b8f4f7759fa02,uniform_rounded_equivalent_v1,0460355343c45d6a11043fcbda1639da6ec68f495faeceb34dc0b47d4fa10472
gpqa_diamond__domain_chemistry__model=qwen3_5_27b,qwen3_5_27b,64,75,93,0.8521439952129488,75.10467756568131,1.0013957008757508,0669721fa26117fee305b0747bbe1736274542aa726a1ca70f5b8f4f7759fa02,uniform_rounded_equivalent_v1,15bbb1ccd5cf8fb9068ea3905b6d2142010babb2c4585f51ffd97a190503f17d
gpqa_diamond__domain_chemistry__model=qwen3_5_4b,qwen3_5_4b,8,8,93,0.9575446717955292,8.354701598410953,1.0443376998013691,0669721fa26117fee305b0747bbe1736274542aa726a1ca70f5b8f4f7759fa02,uniform_rounded_equivalent_v1,70ee723b78ac9d19ac327fc34aacf9fd5aac719de1b897e4f6b431f9b8c7b741
gpqa_diamond__domain_chemistry__model=qwen3_5_4b,qwen3_5_4b,16,17,93,0.9230791300043126,17.33329189224032,1.0196054054259012,0669721fa26117fee305b0747bbe1736274542aa726a1ca70f5b8f4f7759fa02,uniform_rounded_equivalent_v1,cadede3b3495f67134dfad6ce9e885c6f205b8983ddd195b8e3ff71f5cde1ac2
gpqa_diamond__domain_chemistry__model=qwen3_5_4b,qwen3_5_4b,32,36,93,0.8821500907260988,36.27500618818818,1.007639060783005,0669721fa26117fee305b0747bbe1736274542aa726a1ca70f5b8f4f7759fa02,uniform_rounded_equivalent_v1,7ab920435462aaef7282451777ee6e88bd56251022cefe1fd77a37f04226f5a0
gpqa_diamond__domain_chemistry__model=qwen3_5_4b,qwen3_5_4b,64,75,93,0.8443723806716006,75.79594200972727,1.010612560129697,0669721fa26117fee305b0747bbe1736274542aa726a1ca70f5b8f4f7759fa02,uniform_rounded_equivalent_v1,63bd4690b8c090a6e20f7a6c211a5c3fe66909b37fe56b54af4fb0e1a1b743da
gpqa_diamond__domain_chemistry__model=qwen3_5_9b,qwen3_5_9b,8,8,93,0.9484508892694166,8.434806789165783,1.054350848645723,0669721fa26117fee305b0747bbe1736274542aa726a1ca70f5b8f4f7759fa02,uniform_rounded_equivalent_v1,77c0b0066e228e7cb9b12672055104792601b309c35b00a950e9cae64fa86f20
gpqa_diamond__domain_chemistry__model=qwen3_5_9b,qwen3_5_9b,16,17,93,0.9106362173976026,17.570133599259286,1.0335372705446637,0669721fa26117fee305b0747bbe1736274542aa726a1ca70f5b8f4f7759fa02,uniform_rounded_equivalent_v1,80a8fc47c0ec058df41e84c67286fe9e9cc3a145acf071ab2ddd8ebd6066f15e
gpqa_diamond__domain_chemistry__model=qwen3_5_9b,qwen3_5_9b,32,36,93,0.8740137416329326,36.612696661054706,1.017019351695964,0669721fa26117fee305b0747bbe1736274542aa726a1ca70f5b8f4f7759fa02,uniform_rounded_equivalent_v1,0c88cf16c23d050a10d3a7f0feef43732a37e9e822b3711ada45a888b066183a
gpqa_diamond__domain_chemistry__model=qwen3_5_9b,qwen3_5_9b,64,76,93,0.8396356721851745,76.22353613614138,1.0029412649492286,0669721fa26117fee305b0747bbe1736274542aa726a1ca70f5b8f4f7759fa02,uniform_rounded_equivalent_v1,34ccf75aba5c85f89149dfb9d8618d778ab460a84d640c08224415ca1677dfbe
gpqa_diamond__domain_physics__model=qwen2_5_32b,qwen2_5_32b,8,8,86,0.9326194195396456,8.577989941437114,1.0722487426796392,0669721fa26117fee305b0747bbe1736274542aa726a1ca70f5b8f4f7759fa02,uniform_rounded_equivalent_v1,240ef801ba6e3d25a0e412d6d721b2f5ae25a8498dc3fbce3f45d29290e87cef
gpqa_diamond__domain_physics__model=qwen2_5_32b,qwen2_5_32b,16,18,86,0.8845878805911579,18.08751888993485,1.004862160551936,0669721fa26117fee305b0747bbe1736274542aa726a1ca70f5b8f4f7759fa02,uniform_rounded_equivalent_v1,4dafd70b99e4540035b2309c9bed3ecd6e06847e398c4e113f2b24f9e36cf38a
gpqa_diamond__domain_physics__model=qwen2_5_32b,qwen2_5_32b,32,38,86,0.8268603239953871,38.70061130201057,1.0184371395265939,0669721fa26117fee305b0747bbe1736274542aa726a1ca70f5b8f4f7759fa02,uniform_rounded_equivalent_v1,15132e16b2009030c320d0f3291e3f9cde5b38fd8fb03e0fb79de3c9619317bb
gpqa_diamond__domain_physics__model=qwen2_5_32b,qwen2_5_32b,64,83,86,0.7698617928978571,83.13180442309769,1.0015880050975625,0669721fa26117fee305b0747bbe1736274542aa726a1ca70f5b8f4f7759fa02,uniform_rounded_equivalent_v1,cf03b58a47a5b64f58dddba4bf54e2013ed2a2a81c0fd7e2fe32da24134ad38b
gpqa_diamond__domain_physics__model=qwen2_5_3b,qwen2_5_3b,8,9,86,0.839663212839255,9.52762950391578,1.0586255004350866,0669721fa26117fee305b0747bbe1736274542aa726a1ca70f5b8f4f7759fa02,uniform_rounded_equivalent_v1,aafe3172658eeaf1ee36485ceaab72bcea5585afc2ee3e7f06142d4bbfcd45bb
gpqa_diamond__domain_physics__model=qwen2_5_3b,qwen2_5_3b,16,21,86,0.7478942448837402,21.393399012566533,1.018733286312692,0669721fa26117fee305b0747bbe1736274542aa726a1ca70f5b8f4f7759fa02,uniform_rounded_equivalent_v1,2601735c07ea1d0c56418f2e0b04c970da1ec2e02a7ff7e28f7e25ffca0d9c19
gpqa_diamond__domain_physics__model=qwen2_5_3b,qwen2_5_3b,32,48,86,0.6661472568450988,48.03742666682039,1.0007797222254247,0669721fa26117fee305b0747bbe1736274542aa726a1ca70f5b8f4f7759fa02,uniform_rounded_equivalent_v1,2a1c8bbfa33936db5392c2d1d9ea0eeea24e9ffcbf8fac88b64661495ebf50d8
gpqa_diamond__domain_physics__model=qwen2_5_3b,qwen2_5_3b,64,108,86,0.5890532044950665,108.64892935241815,1.0060086051149828,0669721fa26117fee305b0747bbe1736274542aa726a1ca70f5b8f4f7759fa02,uniform_rounded_equivalent_v1,e5470e28be838c68888b41bcd3803be0dfb598e1ef42881cb33d30cdec158e88
gpqa_diamond__domain_physics__model=qwen2_5_7b,qwen2_5_7b,8,9,86,0.8186905116778049,9.771702353805212,1.085744705978357,0669721fa26117fee305b0747bbe1736274542aa726a1ca70f5b8f4f7759fa02,uniform_rounded_equivalent_v1,03ff4e02ec6c5bba01224b019115e022f0548e75a5df2dfc0da17129896eb59b
gpqa_diamond__domain_physics__model=qwen2_5_7b,qwen2_5_7b,16,22,86,0.7058727909894296,22.666973715720967,1.0303169870782258,0669721fa26117fee305b0747bbe1736274542aa726a1ca70f5b8f4f7759fa02,uniform_rounded_equivalent_v1,eefbdcc7be1cec8c2841af0f18bf52f6ea03bd8c32f86e35fe2003814ddfd3ad
gpqa_diamond__domain_physics__model=qwen2_5_7b,qwen2_5_7b,32,54,86,0.5923625228537555,54.0209732476615,1.000388393475213,0669721fa26117fee305b0747bbe1736274542aa726a1ca70f5b8f4f7759fa02,uniform_rounded_equivalent_v1,4d76cfa0f7f8614afe688094e07136dd87ea9bfa6747c18444d62f61c1b2183a
gpqa_diamond__domain_physics__model=qwen2_5_7b,qwen2_5_7b,64,127,86,0.5004153521481913,127.8937581056611,1.0070374653989065,0669721fa26117fee305b0747bbe1736274542aa726a1ca70f5b8f4f7759fa02,uniform_rounded_equivalent_v1,f1190c258237f1bea71df6e810f2cc5c0288b644851bd074ad685924c7cf331f
gpqa_diamond__domain_physics__model=qwen3_5_27b,qwen3_5_27b,8,9,86,0.8560453165929713,9.345299652873173,1.0383666280970192,0669721fa26117fee305b0747bbe1736274542aa726a1ca70f5b8f4f7759fa02,uniform_rounded_equivalent_v1,7e9bf8bc12a04a5a57c017ca7a079f864caf391dde252924d6804a6b0d2c9da8
gpqa_diamond__domain_physics__model=qwen3_5_27b,qwen3_5_27b,16,20,86,0.7735019849898839,20.685144072654516,1.0342572036327258,0669721fa26117fee305b0747bbe1736274542aa726a1ca70f5b8f4f7759fa02,uniform_rounded_equivalent_v1,f3e71e0d8bb4a1e8ec36dc9c34978b9a597375b1a0c43dbe90a07ba5c73c79f3
gpqa_diamond__domain_physics__model=qwen3_5_27b,qwen3_5_27b,32,46,86,0.690833477454587,46.32085885285368,1.006975192453341,0669721fa26117fee305b0747bbe1736274542aa726a1ca70f5b8f4f7759fa02,uniform_rounded_equivalent_v1,710b4f059cb96c8ca9f92cc9d4739ef3312820d7c5e0b471704972a002a58a04
gpqa_diamond__domain_physics__model=qwen3_5_27b,qwen3_5_27b,64,105,86,0.6074710957664926,105.35480691348174,1.003379113461731,0669721fa26117fee305b0747bbe1736274542aa726a1ca70f5b8f4f7759fa02,uniform_rounded_equivalent_v1,28c47847213b4b098fa3ec7bf1c3de8a7938371730506cc233ceb7b1135b5900
gpqa_diamond__domain_physics__model=qwen3_5_4b,qwen3_5_4b,8,9,86,0.8425808102878837,9.494638261778888,1.0549598068643211,0669721fa26117fee305b0747bbe1736274542aa726a1ca70f5b8f4f7759fa02,uniform_rounded_equivalent_v1,a5ca78dd6621e1cb1af1deb0b9ea8a506928a06e5db0104a4d4449aa61553b2a
gpqa_diamond__domain_physics__model=qwen3_5_4b,qwen3_5_4b,16,21,86,0.7556987776783427,21.172457164950284,1.0082122459500136,0669721fa26117fee305b0747bbe1736274542aa726a1ca70f5b8f4f7759fa02,uniform_rounded_equivalent_v1,ba0684a9eb18bf77c75f6682382e833f9a6fedf091ecbd9c83c290e8190952e4
gpqa_diamond__domain_physics__model=qwen3_5_4b,qwen3_5_4b,32,47,86,0.6716036113261279,47.64715296395411,1.0137692119990236,0669721fa26117fee305b0747bbe1736274542aa726a1ca70f5b8f4f7759fa02,uniform_rounded_equivalent_v1,e2c0c31516735ff4389fc00324c5f941e7a3adf5f60750632d97b1385449914d
gpqa_diamond__domain_physics__model=qwen3_5_4b,qwen3_5_4b,64,106,86,0.6020240796447262,106.3080400999383,1.0029060386786632,0669721fa26117fee305b0747bbe1736274542aa726a1ca70f5b8f4f7759fa02,uniform_rounded_equivalent_v1,3f058a7c9465b1d3b510345e1e093b877fbcde4f67f2fce4f1e1a83cc548a19f
gpqa_diamond__domain_physics__model=qwen3_5_9b,qwen3_5_9b,8,9,86,0.8427475699622649,9.4927594989781,1.054751055442011,0669721fa26117fee305b0747bbe1736274542aa726a1ca70f5b8f4f7759fa02,uniform_rounded_equivalent_v1,5e382308cba325867fce49869ce568bdaf4a2f116cc80eb7f9a698ce6b70236b
gpqa_diamond__domain_physics__model=qwen3_5_9b,qwen3_5_9b,16,21,86,0.7582674502588158,21.100734304945828,1.0047968716640872,0669721fa26117fee305b0747bbe1736274542aa726a1ca70f5b8f4f7759fa02,uniform_rounded_equivalent_v1,59acf0d946bf86d4cce8fe2d35e0b515b74753829e46a8f3853c131f2ee0e3fb
gpqa_diamond__domain_physics__model=qwen3_5_9b,qwen3_5_9b,32,48,86,0.6629335935314051,48.27029481118619,1.0056311418997124,0669721fa26117fee305b0747bbe1736274542aa726a1ca70f5b8f4f7759fa02,uniform_rounded_equivalent_v1,80a7d21127343be6b03690d172e735d8ae1e2446919ea2974831642ce89aefbc
gpqa_diamond__domain_physics__model=qwen3_5_9b,qwen3_5_9b,64,110,86,0.5786887203754914,110.59486343274943,1.0054078493886314,0669721fa26117fee305b0747bbe1736274542aa726a1ca70f5b8f4f7759fa02,uniform_rounded_equivalent_v1,2be89e35b7c390cd48605bd48005ddc3d4882b9336d6ed3eb0df5995f914f6ac
hle__text_only_sample100__model=qwen2_5_32b,qwen2_5_32b,8,8,100,0.9445037024787092,8.470056791736434,1.0587570989670543,0669721fa26117fee305b0747bbe1736274542aa726a1ca70f5b8f4f7759fa02,uniform_rounded_equivalent_v1,f2a80c6fbfd7acf89c7b8cbae3e90005f97e5532c609cce05a610f0034fce118
hle__text_only_sample100__model=qwen2_5_32b,qwen2_5_32b,16,18,100,0.8751489064678836,18.282602973905643,1.0157001652169801,0669721fa26117fee305b0747bbe1736274542aa726a1ca70f5b8f4f7759fa02,uniform_rounded_equivalent_v1,b76547c2f75850e65c6ae850ff2fbef612b5c9c01faa27ed7c78377ffd7f8e45
hle__text_only_sample100__model=qwen2_5_32b,qwen2_5_32b,32,39,100,0.8054628525032466,39.72870989710977,1.0186848691566608,0669721fa26117fee305b0747bbe1736274542aa726a1ca70f5b8f4f7759fa02,uniform_rounded_equivalent_v1,a2705c0355d12442c7aa08fccafa7a4c7727f2205331248d6f8930e5f3d99148
hle__text_only_sample100__model=qwen2_5_32b,qwen2_5_32b,64,87,100,0.7310443170805403,87.54599208921697,1.0062757711404249,0669721fa26117fee305b0747bbe1736274542aa726a1ca70f5b8f4f7759fa02,uniform_rounded_equivalent_v1,7281e41cf641d6b2483091fd534d1d7ed85f8a53e7a158cb2d7dbbd858374dde
hle__text_only_sample100__model=qwen2_5_3b,qwen2_5_3b,8,8,100,0.9076324991004763,8.81414009296552,1.10176751162069,0669721fa26117fee305b0747bbe1736274542aa726a1ca70f5b8f4f7759fa02,uniform_rounded_equivalent_v1,781adcc9b93856a11fe2e7fce25a11ec551ae539d4629bc44bbc9ba73d907135
hle__text_only_sample100__model=qwen2_5_3b,qwen2_5_3b,16,19,100,0.8381097894284902,19.090577632926173,1.0047672438382196,0669721fa26117fee305b0747bbe1736274542aa726a1ca70f5b8f4f7759fa02,uniform_rounded_equivalent_v1,90ca0ef4fafbbaef9cea44b5e95b71d0df958f7721257b2bf0bdb8e99d6b5e3c
hle__text_only_sample100__model=qwen2_5_3b,qwen2_5_3b,32,41,100,0.7672754424190911,41.70601355245954,1.0172198427429155,0669721fa26117fee305b0747bbe1736274542aa726a1ca70f5b8f4f7759fa02,uniform_rounded_equivalent_v1,5c9c9be455531c769868096c705b1201c4762d23bf3a238e10bdc087a142cc19
hle__text_only_sample100__model=qwen2_5_3b,qwen2_5_3b,64,91,100,0.6981387091922804,91.67232694208509,1.0073882081547814,0669721fa26117fee305b0747bbe1736274542aa726a1ca70f5b8f4f7759fa02,uniform_rounded_equivalent_v1,dd4284c83343fe5bb4b8083cc7524c5212eb86c9e519269f4f17011e22cbd4f8
hle__text_only_sample100__model=qwen2_5_7b,qwen2_5_7b,8,8,100,0.911871203479069,8.773168808793983,1.0966461010992479,0669721fa26117fee305b0747bbe1736274542aa726a1ca70f5b8f4f7759fa02,uniform_rounded_equivalent_v1,f9f64f7c2a004d13f164dd81de5e087045f80f6eaf91789900af3ea92d6b9925
hle__text_only_sample100__model=qwen2_5_7b,qwen2_5_7b,16,19,100,0.8307637642227144,19.25938598798907,1.013651894104688,0669721fa26117fee305b0747bbe1736274542aa726a1ca70f5b8f4f7759fa02,uniform_rounded_equivalent_v1,53aea2e8d963fee3a7239be7fb24f61ffa0709d173664036fcb91b8df7c249c5
hle__text_only_sample100__model=qwen2_5_7b,qwen2_5_7b,32,42,100,0.7528260615881589,42.5064986890769,1.012059492597069,0669721fa26117fee305b0747bbe1736274542aa726a1ca70f5b8f4f7759fa02,uniform_rounded_equivalent_v1,cb775ca211f19622c3b446e3fdc9b94539283fb4cca354e0b84bc9780eae8643
hle__text_only_sample100__model=qwen2_5_7b,qwen2_5_7b,64,94,100,0.676524282035357,94.60118683020927,1.0063956045766944,0669721fa26117fee305b0747bbe1736274542aa726a1ca70f5b8f4f7759fa02,uniform_rounded_equivalent_v1,90303083301f67570ae7849c1aec2f53c87f84091a299b86a65628c62502f65e
hle__text_only_sample100__model=qwen3_5_27b,qwen3_5_27b,8,8,100,0.8989571246791632,8.899200841035874,1.1124001051294843,0669721fa26117fee305b0747bbe1736274542aa726a1ca70f5b8f4f7759fa02,uniform_rounded_equivalent_v1,72920b35cf264321efff7a97226e9433bf9956a0bcf1cd901f4e3d73ff55e397
hle__text_only_sample100__model=qwen3_5_27b,qwen3_5_27b,16,19,100,0.8255391906301405,19.38127248421371,1.0200669728533533,0669721fa26117fee305b0747bbe1736274542aa726a1ca70f5b8f4f7759fa02,uniform_rounded_equivalent_v1,e3eca07a8e102b6c62cdf15c61f5b32b400281519293628fb0842b6bfeb1200c
hle__text_only_sample100__model=qwen3_5_27b,qwen3_5_27b,32,42,100,0.758024270194753,42.21500716827774,1.0051192182923272,0669721fa26117fee305b0747bbe1736274542aa726a1ca70f5b8f4f7759fa02,uniform_rounded_equivalent_v1,816cf241fb1ea22dddd41f28fb75280aa7342b1f9de0f3ab8a725829d761ca1f
hle__text_only_sample100__model=qwen3_5_27b,qwen3_5_27b,64,91,100,0.6984323996582928,91.63377877560079,1.006964601929679,0669721fa26117fee305b0747bbe1736274542aa726a1ca70f5b8f4f7759fa02,uniform_rounded_equivalent_v1,842d4fe63f7aa16dfa162240b301509678e1e0e8f671d6fd2ab6f300b5647454
hle__text_only_sample100__model=qwen3_5_4b,qwen3_5_4b,8,9,100,0.8570388282596317,9.334466229780288,1.037162914420032,0669721fa26117fee305b0747bbe1736274542aa726a1ca70f5b8f4f7759fa02,uniform_rounded_equivalent_v1,741aecde6fc7e734439f0fc7a09e9cdc1ff74ddd251bd38cfefe5f53f4876b08
hle__text_only_sample100__model=qwen3_5_4b,qwen3_5_4b,16,20,100,0.7839972384151603,20.40823515187857,1.0204117575939287,0669721fa26117fee305b0747bbe1736274542aa726a1ca70f5b8f4f7759fa02,uniform_rounded_equivalent_v1,705fc25d14ce11ea9ca3c9b22be698f2ff045417c182255225d0ddd82694d4a0
hle__text_only_sample100__model=qwen3_5_4b,qwen3_5_4b,32,45,100,0.7090246217632128,45.13242420329767,1.0029427600732814,0669721fa26117fee305b0747bbe1736274542aa726a1ca70f5b8f4f7759fa02,uniform_rounded_equivalent_v1,69d350a65b88fc78092394b4e32c7cb4967fc5f119c2883c825cf12997d67163
hle__text_only_sample100__model=qwen3_5_4b,qwen3_5_4b,64,99,100,0.6438301785075632,99.40509490927533,1.004091867770458,0669721fa26117fee305b0747bbe1736274542aa726a1ca70f5b8f4f7759fa02,uniform_rounded_equivalent_v1,0336290978331b796d6e581f6d0c26fe75d6efaa589347a6601f282c3a74433c
hle__text_only_sample100__model=qwen3_5_9b,qwen3_5_9b,8,9,100,0.8790483202952499,9.100751136539348,1.0111945707265941,0669721fa26117fee305b0747bbe1736274542aa726a1ca70f5b8f4f7759fa02,uniform_rounded_equivalent_v1,df9a5821bb05276a28b311d006e85f9a09d15f2bc78f9a492bc594f2383771bb
hle__text_only_sample100__model=qwen3_5_9b,qwen3_5_9b,16,19,100,0.8062691613342117,19.844489616250794,1.0444468219079366,0669721fa26117fee305b0747bbe1736274542aa726a1ca70f5b8f4f7759fa02,uniform_rounded_equivalent_v1,b465c813aa3de2fdc592d83a63a6760eadf251db3067d9b3a17f516a2df348e3
hle__text_only_sample100__model=qwen3_5_9b,qwen3_5_9b,32,43,100,0.7357921911337446,43.49054038028432,1.0114079158205656,0669721fa26117fee305b0747bbe1736274542aa726a1ca70f5b8f4f7759fa02,uniform_rounded_equivalent_v1,33cd2f1e2ad528fdab37863b24e08802fd4772397045af8564e9bb76173f26c4
hle__text_only_sample100__model=qwen3_5_9b,qwen3_5_9b,64,95,100,0.6703573073263281,95.47147364628484,1.0049628804872088,0669721fa26117fee305b0747bbe1736274542aa726a1ca70f5b8f4f7759fa02,uniform_rounded_equivalent_v1,b29a00537e9efa13acd831b37c53844fa9332791d983173ab10e59a2ccca179e
hmmt__model=qwen2_5_32b,qwen2_5_32b,8,9,30,0.8115719761484168,9.857412817488655,1.0952680908320727,0669721fa26117fee305b0747bbe1736274542aa726a1ca70f5b8f4f7759fa02,uniform_rounded_equivalent_v1,b7f51d046fbad6f565fbbf8ab90dee735dbc9caeea0afa164bba874ae1e62ab9
hmmt__model=qwen2_5_32b,qwen2_5_32b,16,22,30,0.7269525827477312,22.00968863680667,1.0004403925821215,0669721fa26117fee305b0747bbe1736274542aa726a1ca70f5b8f4f7759fa02,uniform_rounded_equivalent_v1,a43598c98c0daf8388af1f5fd8a7aee88e03c59c6c90e63fc1ca361e48d01df7
hmmt__model=qwen2_5_32b,qwen2_5_32b,32,49,30,0.6429294708587949,49.77217789885399,1.0157587326296733,0669721fa26117fee305b0747bbe1736274542aa726a1ca70f5b8f4f7759fa02,uniform_rounded_equivalent_v1,1a29c71ecc42d29e97a3c57fe2434817e5bb2272f17056880d77e758b201270c
hmmt__model=qwen2_5_32b,qwen2_5_32b,64,114,30,0.5582129379263767,114.65158840234733,1.005715687739889,0669721fa26117fee305b0747bbe1736274542aa726a1ca70f5b8f4f7759fa02,uniform_rounded_equivalent_v1,97f02551d6a583ba80c4ce488386c395e23a5183e47891a6f280f80534921803
hmmt__model=qwen2_5_3b,qwen2_5_3b,8,8,30,0.9768506225430554,8.189583765810001,1.0236979707262501,0669721fa26117fee305b0747bbe1736274542aa726a1ca70f5b8f4f7759fa02,uniform_rounded_equivalent_v1,8914f64476c1d4ba46402d20d710e4ccdedd1624e18a93a356fbcca1ddb9cb28
hmmt__model=qwen2_5_3b,qwen2_5_3b,16,16,30,0.9610244162095669,16.64890062117937,1.0405562888237105,0669721fa26117fee305b0747bbe1736274542aa726a1ca70f5b8f4f7759fa02,uniform_rounded_equivalent_v1,39aaf7e9e4ebf4a05f497d011bb7f32b55e513a480011f791c6d979486cf4b9d
hmmt__model=qwen2_5_3b,qwen2_5_3b,32,34,30,0.9392377030366028,34.070182549680865,1.0020641926376723,0669721fa26117fee305b0747bbe1736274542aa726a1ca70f5b8f4f7759fa02,uniform_rounded_equivalent_v1,e48de1c62f7b30a5c75c78476d185fad7b4fb6ed6e0028868ece50677b3e3cc3
hmmt__model=qwen2_5_3b,qwen2_5_3b,64,71,30,0.9004414763142514,71.07624613425092,1.0010738892148017,0669721fa26117fee305b0747bbe1736274542aa726a1ca70f5b8f4f7759fa02,uniform_rounded_equivalent_v1,5ff20094541aa178e85669c4a5df874daabd0c8cebf55bc575a811b8b67532cc
hmmt__model=qwen2_5_7b,qwen2_5_7b,8,9,30,0.8731730353245921,9.16198700183875,1.017998555759861,0669721fa26117fee305b0747bbe1736274542aa726a1ca70f5b8f4f7759fa02,uniform_rounded_equivalent_v1,b6e7ba6a7a42d81ceb467c8010b391c3b026a7db23783de29fd0e01bb986f9fb
hmmt__model=qwen2_5_7b,qwen2_5_7b,16,20,30,0.7957632787824033,20.10648194835226,1.005324097417613,0669721fa26117fee305b0747bbe1736274542aa726a1ca70f5b8f4f7759fa02,uniform_rounded_equivalent_v1,65c9bf6b06e0649ebe7c9370bee79f82bdb3ec5beb9679de41f316c6a8e3f4f0
hmmt__model=qwen2_5_7b,qwen2_5_7b,32,43,30,0.7430779018266613,43.064125472358185,1.0014912900548416,0669721fa26117fee305b0747bbe1736274542aa726a1ca70f5b8f4f7759fa02,uniform_rounded_equivalent_v1,4f587fb7dac08453d0a27dea2a3e9614766dc160c546257b4597f183a6e76b3d
hmmt__model=qwen2_5_7b,qwen2_5_7b,64,92,30,0.6901625401750242,92.73177878325545,1.0079541172092985,0669721fa26117fee305b0747bbe1736274542aa726a1ca70f5b8f4f7759fa02,uniform_rounded_equivalent_v1,f486bd2eba04e4d3a1a3e15d33438458f731679e8d1b95bd39ffb7c1d679845f
hmmt__model=qwen3_5_27b,qwen3_5_27b,8,8,30,0.9751552515784196,8.203821890976771,1.0254777363720964,0669721fa26117fee305b0747bbe1736274542aa726a1ca70f5b8f4f7759fa02,uniform_rounded_equivalent_v1,0ce106f239b11ab2d429d256f138aaef0a88015aa598fbd383e91b3cb73ce625
hmmt__model=qwen3_5_27b,qwen3_5_27b,16,16,30,0.951492466286303,16.815687529769278,1.0509804706105799,0669721fa26117fee305b0747bbe1736274542aa726a1ca70f5b8f4f7759fa02,uniform_rounded_equivalent_v1,3b724129d9966e6e94656f8cf332fd12be39c8af3794b0d82bbbf384666b19ac
hmmt__model=qwen3_5_27b,qwen3_5_27b,32,34,30,0.9198413339624076,34.78860844636471,1.0231943660695504,0669721fa26117fee305b0747bbe1736274542aa726a1ca70f5b8f4f7759fa02,uniform_rounded_equivalent_v1,8f06bf7ca25468db97c8046e3a83edc7294d266c8087a27332385e8f914a3237
hmmt__model=qwen3_5_27b,qwen3_5_27b,64,72,30,0.8841368776324308,72.38698172095387,1.0053747461243594,0669721fa26117fee305b0747bbe1736274542aa726a1ca70f5b8f4f7759fa02,uniform_rounded_equivalent_v1,dcbaa5e0e8f851c556d095b04f8d1c0b3f883b74a21e0fc300292ecf301f7f3c
hmmt__model=qwen3_5_4b,qwen3_5_4b,8,8,30,0.9373629137236765,8.534581305569239,1.0668226631961548,0669721fa26117fee305b0747bbe1736274542aa726a1ca70f5b8f4f7759fa02,uniform_rounded_equivalent_v1,d8196589caf67bc9eb23006c8ac16d7c0f14a4ecbe8ffd9426414ab988810f43
hmmt__model=qwen3_5_4b,qwen3_5_4b,16,18,30,0.8831538360463249,18.1168889800992,1.0064938322277335,0669721fa26117fee305b0747bbe1736274542aa726a1ca70f5b8f4f7759fa02,uniform_rounded_equivalent_v1,38c8738af9c4798ba96912b7c586ef7be6e6f757676e57fa16280e1fcd17fdf5
hmmt__model=qwen3_5_4b,qwen3_5_4b,32,38,30,0.8274337533385177,38.67379094808118,1.0177313407389783,0669721fa26117fee305b0747bbe1736274542aa726a1ca70f5b8f4f7759fa02,uniform_rounded_equivalent_v1,96f77c63a8a7763468b6c28544fe602b90a2898d400dacc5551930ac46b4cf1c
hmmt__model=qwen3_5_4b,qwen3_5_4b,64,82,30,0.7784588747528257,82.21372005081336,1.00260634208309,0669721fa26117fee305b0747bbe1736274542aa726a1ca70f5b8f4f7759fa02,uniform_rounded_equivalent_v1,b1d5a8baaf16c67377ee506a0db089a44df4f81fe8ab21a6143fd0f14b0bbbfc
hmmt__model=qwen3_5_9b,qwen3_5_9b,8,8,30,0.945756489262225,8.458837016535535,1.0573546270669418,0669721fa26117fee305b0747bbe1736274542aa726a1ca70f5b8f4f7759fa02,uniform_rounded_equivalent_v1,0a3a8820dc7901457c57aef841610d115c04ebd355df975bbe882cb96dbb366e
hmmt__model=qwen3_5_9b,qwen3_5_9b,16,17,30,0.8971267607162954,17.83471489271491,1.0491008760420535,0669721fa26117fee305b0747bbe1736274542aa726a1ca70f5b8f4f7759fa02,uniform_rounded_equivalent_v1,66d63fc7093c16d2dc059a2188444adc27972998564b61a1e2255943be79bd0d
hmmt__model=qwen3_5_9b,qwen3_5_9b,32,37,30,0.8457229920079024,37.837448316293376,1.0226337382781994,0669721fa26117fee305b0747bbe1736274542aa726a1ca70f5b8f4f7759fa02,uniform_rounded_equivalent_v1,ebbba94fb9213e6948d2859864258c65aed54039ec5961674114ef5da8e3d0be
hmmt__model=qwen3_5_9b,qwen3_5_9b,64,79,30,0.8003700044551938,79.96301665948157,1.0121900842972351,0669721fa26117fee305b0747bbe1736274542aa726a1ca70f5b8f4f7759fa02,uniform_rounded_equivalent_v1,4cc52a39e8b5531ac23c6527b8a087271dbc26b4f4d1bbfbca3012e3f13eccbb
livecodebench_gt_2024_03_30__difficulty_easy__model=qwen2_5_32b,qwen2_5_32b,8,8,100,0.9744515452295321,8.209746332862142,1.0262182916077678,0669721fa26117fee305b0747bbe1736274542aa726a1ca70f5b8f4f7759fa02,uniform_rounded_equivalent_v1,f33d35474d2b892dc208d95b492454f0193e95500f9519615d5ad4a285caeb70
livecodebench_gt_2024_03_30__difficulty_easy__model=qwen2_5_32b,qwen2_5_32b,16,16,100,0.9705128316255969,16.486129269615322,1.0303830793509576,0669721fa26117fee305b0747bbe1736274542aa726a1ca70f5b8f4f7759fa02,uniform_rounded_equivalent_v1,b15681fc5ede2bb91afc8d5826fb53ea71d5f4d82f5eab4f154a0d6523acdd1a
livecodebench_gt_2024_03_30__difficulty_easy__model=qwen2_5_32b,qwen2_5_32b,32,34,100,0.940610322847408,34.0204643971266,1.0006018940331354,0669721fa26117fee305b0747bbe1736274542aa726a1ca70f5b8f4f7759fa02,uniform_rounded_equivalent_v1,b43c3cc49db304a0f34c079d887d5bf5f75aec99b3999a8f0d31bd001b4759ef
livecodebench_gt_2024_03_30__difficulty_easy__model=qwen2_5_32b,qwen2_5_32b,64,70,100,0.911380398275882,70.22314734996824,1.0031878192852606,0669721fa26117fee305b0747bbe1736274542aa726a1ca70f5b8f4f7759fa02,uniform_rounded_equivalent_v1,2b1ac7d11a79d9da9a21e899ebe2a3efd30b50b755395ad9d83a4a6c7e833a3e
livecodebench_gt_2024_03_30__difficulty_easy__model=qwen2_5_3b,qwen2_5_3b,8,8,100,0.9630198227417487,8.307201794895292,1.0384002243619115,0669721fa26117fee305b0747bbe1736274542aa726a1ca70f5b8f4f7759fa02,uniform_rounded_equivalent_v1,07e9ba3c187c7bd6159b763e0894895522ba3fb861aae2da7c67ce5b6c94f2c6
livecodebench_gt_2024_03_30__difficulty_easy__model=qwen2_5_3b,qwen2_5_3b,16,17,100,0.937604394516001,17.064766434098605,1.0038097902410945,0669721fa26117fee305b0747bbe1736274542aa726a1ca70f5b8f4f7759fa02,uniform_rounded_equivalent_v1,30e550e1ef6705243f74a40cdd4f6190266f86389f9bfe69e467c88326b3a0b0
livecodebench_gt_2024_03_30__difficulty_easy__model=qwen2_5_3b,qwen2_5_3b,32,35,100,0.9063022109696737,35.30831064150496,1.0088088754715703,0669721fa26117fee305b0747bbe1736274542aa726a1ca70f5b8f4f7759fa02,uniform_rounded_equivalent_v1,6947e01bf54c0a013c87bfea94ab72d64fc441265e501598255c0abca72e2fa2
livecodebench_gt_2024_03_30__difficulty_easy__model=qwen2_5_3b,qwen2_5_3b,64,73,100,0.874050265773539,73.22233343566307,1.0030456635022338,0669721fa26117fee305b0747bbe1736274542aa726a1ca70f5b8f4f7759fa02,uniform_rounded_equivalent_v1,4dd085a1870355660806b2ac3f6c3d9f7a459d082c2cf3ed40bae33fc16341bf
livecodebench_gt_2024_03_30__difficulty_easy__model=qwen2_5_7b,qwen2_5_7b,8,8,100,0.9442160943800895,8.472636769925296,1.059079596240662,0669721fa26117fee305b0747bbe1736274542aa726a1ca70f5b8f4f7759fa02,uniform_rounded_equivalent_v1,cff6784ec4a605a0d89b5b1c7f89a9e5da85248083178587de717c936010a33e
livecodebench_gt_2024_03_30__difficulty_easy__model=qwen2_5_7b,qwen2_5_7b,16,17,100,0.9032549156235337,17.713714836475482,1.0419832256750285,0669721fa26117fee305b0747bbe1736274542aa726a1ca70f5b8f4f7759fa02,uniform_rounded_equivalent_v1,23197d30fbc545214760daab60e0c5640f317068d2c423798050a2d70286f504
livecodebench_gt_2024_03_30__difficulty_easy__model=qwen2_5_7b,qwen2_5_7b,32,37,100,0.8572459702036698,37.32884272689814,1.0088876412675174,0669721fa26117fee305b0747bbe1736274542aa726a1ca70f5b8f4f7759fa02,uniform_rounded_equivalent_v1,04afc3ebe0007cd12170352bd7fa023585e5fd8bf0ffce25aba7a2ec6b12b004
livecodebench_gt_2024_03_30__difficulty_easy__model=qwen2_5_7b,qwen2_5_7b,64,78,100,0.8123228811401231,78.78640561025907,1.0100821232084496,0669721fa26117fee305b0747bbe1736274542aa726a1ca70f5b8f4f7759fa02,uniform_rounded_equivalent_v1,ae95168ca333d23b3b46574695f1a8a536d15e5cde2c6b4fd8fb39a33c356e3f
livecodebench_gt_2024_03_30__difficulty_easy__model=qwen3_5_27b,qwen3_5_27b,8,8,100,0.9507153041399545,8.414716756071408,1.051839594508926,0669721fa26117fee305b0747bbe1736274542aa726a1ca70f5b8f4f7759fa02,uniform_rounded_equivalent_v1,0464e5de7b7082abae4c5fd4666e3d44cb71fb30bff67b7a4d5de5bbbd1fdde0
livecodebench_gt_2024_03_30__difficulty_easy__model=qwen3_5_27b,qwen3_5_27b,16,17,100,0.9151776492040862,17.48294444681305,1.0284084968713558,0669721fa26117fee305b0747bbe1736274542aa726a1ca70f5b8f4f7759fa02,uniform_rounded_equivalent_v1,d751017b102e01d617ff63792d4f253f6be13381ee971820b3b00057caafbebf
livecodebench_gt_2024_03_30__difficulty_easy__model=qwen3_5_27b,qwen3_5_27b,32,36,100,0.8780783733836611,36.44321619798983,1.012311561055273,0669721fa26117fee305b0747bbe1736274542aa726a1ca70f5b8f4f7759fa02,uniform_rounded_equivalent_v1,da429d9aa5bf5aa8b6554d69bf7067767a853db0d2e5ec72428d4ca42986ce97
livecodebench_gt_2024_03_30__difficulty_easy__model=qwen3_5_27b,qwen3_5_27b,64,76,100,0.8418373654216873,76.02418546477985,1.0003182297997348,0669721fa26117fee305b0747bbe1736274542aa726a1ca70f5b8f4f7759fa02,uniform_rounded_equivalent_v1,1bc7ffcec0de2695c52bcd4253cdc4935f181259e1600edd695db32c234cd00c
livecodebench_gt_2024_03_30__difficulty_easy__model=qwen3_5_4b,qwen3_5_4b,8,8,100,0.9780837498101754,8.179258679589172,1.0224073349486464,0669721fa26117fee305b0747bbe1736274542aa726a1ca70f5b8f4f7759fa02,uniform_rounded_equivalent_v1,7efd600423a8c97f3fef93ee3fc4b2e549dabd8e912e8ca2844d92fb769a52ed
livecodebench_gt_2024_03_30__difficulty_easy__model=qwen3_5_4b,qwen3_5_4b,16,16,100,0.9611416971427549,16.646869080349116,1.0404293175218198,0669721fa26117fee305b0747bbe1736274542aa726a1ca70f5b8f4f7759fa02,uniform_rounded_equivalent_v1,6179a32fa7bfb55ec4f825d7e67603b5e65f7ab12aeb62c55ba5019d12902152
livecodebench_gt_2024_03_30__difficulty_easy__model=qwen3_5_4b,qwen3_5_4b,32,33,100,0.942560046831886,33.9500916759179,1.028790656845997,0669721fa26117fee305b0747bbe1736274542aa726a1ca70f5b8f4f7759fa02,uniform_rounded_equivalent_v1,ed961af7c0f68383217f29733185bbee0341c2d80ca36b48470d38c2f3e9ac32
livecodebench_gt_2024_03_30__difficulty_easy__model=qwen3_5_4b,qwen3_5_4b,64,69,100,0.9252495013249663,69.17053174127776,1.002471474511272,0669721fa26117fee305b0747bbe1736274542aa726a1ca70f5b8f4f7759fa02,uniform_rounded_equivalent_v1,d10d53654530b7a98267b3cdd65dc7d9cab975aef8b4745359f0c2340a882033
livecodebench_gt_2024_03_30__difficulty_easy__model=qwen3_5_9b,qwen3_5_9b,8,8,100,0.9832224756545238,8.13651050305218,1.0170638128815226,0669721fa26117fee305b0747bbe1736274542aa726a1ca70f5b8f4f7759fa02,uniform_rounded_equivalent_v1,d5930dec681aac61b44f540a7621f6d1a09b6158843f9e96754ae51ae0879027
livecodebench_gt_2024_03_30__difficulty_easy__model=qwen3_5_9b,qwen3_5_9b,16,16,100,0.9660945284047084,16.561526361628882,1.0350953976018051,0669721fa26117fee305b0747bbe1736274542aa726a1ca70f5b8f4f7759fa02,uniform_rounded_equivalent_v1,374c7a429034bd22339d33cc703433b5b768b1764d06a375c7a73603cadf0a0d
livecodebench_gt_2024_03_30__difficulty_easy__model=qwen3_5_9b,qwen3_5_9b,32,33,100,0.9484050032639398,33.74085953772056,1.022450289021835,0669721fa26117fee305b0747bbe1736274542aa726a1ca70f5b8f4f7759fa02,uniform_rounded_equivalent_v1,e558c969dd99e328ed8d748fd174f39fa784315a11f47fb89128d46a38e52557
livecodebench_gt_2024_03_30__difficulty_easy__model=qwen3_5_9b,qwen3_5_9b,64,68,100,0.9310863218149967,68.73691353906126,1.0108369638097245,0669721fa26117fee305b0747bbe1736274542aa726a1ca70f5b8f4f7759fa02,uniform_rounded_equivalent_v1,bd8ce15a12293de0b7b912f8c3f2e52242892ac8d900e95b21780584921e1fbd
livecodebench_gt_2024_03_30__difficulty_hard__model=qwen2_5_32b,qwen2_5_32b,8,10,100,0.7711290915075392,10.374397864254075,1.0374397864254075,0669721fa26117fee305b0747bbe1736274542aa726a1ca70f5b8f4f7759fa02,uniform_rounded_equivalent_v1,d6cec4614b0fafa743967e7982e380c71c367e40de4251bf75760711897b8c2d
livecodebench_gt_2024_03_30__difficulty_hard__model=qwen2_5_32b,qwen2_5_32b,16,24,100,0.6589207875605043,24.282129661193647,1.0117554025497353,0669721fa26117fee305b0747bbe1736274542aa726a1ca70f5b8f4f7759fa02,uniform_rounded_equivalent_v1,cac7c37956645266ac8983f1c7b393524547de2f7c69617257281d3ff616821a
livecodebench_gt_2024_03_30__difficulty_hard__model=qwen2_5_32b,qwen2_5_32b,32,56,100,0.5632051021309273,56.81766709663262,1.0146011981541538,0669721fa26117fee305b0747bbe1736274542aa726a1ca70f5b8f4f7759fa02,uniform_rounded_equivalent_v1,957dba16a10f058739c4b102c33cdb6a74d162ac8ed412200c9264e875ee0782
livecodebench_gt_2024_03_30__difficulty_hard__model=qwen2_5_32b,qwen2_5_32b,64,133,100,0.48100238297703746,133.05547387081302,1.0004170967730301,0669721fa26117fee305b0747bbe1736274542aa726a1ca70f5b8f4f7759fa02,uniform_rounded_equivalent_v1,9b32107659d8876212725590eb5ccf8561810532441f57985a70489fcc1ef7b6
livecodebench_gt_2024_03_30__difficulty_hard__model=qwen2_5_3b,qwen2_5_3b,8,11,100,0.7133294725255664,11.215013970579033,1.019546724598094,0669721fa26117fee305b0747bbe1736274542aa726a1ca70f5b8f4f7759fa02,uniform_rounded_equivalent_v1,1761e728ebe5c9c07c03149877b88a7473fbceb17b36db3eea326987726f4700
livecodebench_gt_2024_03_30__difficulty_hard__model=qwen2_5_3b,qwen2_5_3b,16,26,100,0.5945822506341041,26.909649561413044,1.0349865215928093,0669721fa26117fee305b0747bbe1736274542aa726a1ca70f5b8f4f7759fa02,uniform_rounded_equivalent_v1,79f0e5fd81181341db81eb414b1fda327ab6a5b25c8426d66858eda6e3378c20
livecodebench_gt_2024_03_30__difficulty_hard__model=qwen2_5_3b,qwen2_5_3b,32,64,100,0.49353540002345747,64.83830744153116,1.0130985537739243,0669721fa26117fee305b0747bbe1736274542aa726a1ca70f5b8f4f7759fa02,uniform_rounded_equivalent_v1,898a336aa8466d37ba4c8c0a77d928cc97ada693857ff38e6d72486bd2b8137d
livecodebench_gt_2024_03_30__difficulty_hard__model=qwen2_5_3b,qwen2_5_3b,64,158,100,0.40293258744617955,158.83550249841383,1.0052879904962901,0669721fa26117fee305b0747bbe1736274542aa726a1ca70f5b8f4f7759fa02,uniform_rounded_equivalent_v1,8794664d776339ad31c7f2391546b4d866522d42fbc29c83b2250aaf76ccda20
livecodebench_gt_2024_03_30__difficulty_hard__model=qwen2_5_7b,qwen2_5_7b,8,10,100,0.7301213157927189,10.957083195570195,1.0957083195570194,0669721fa26117fee305b0747bbe1736274542aa726a1ca70f5b8f4f7759fa02,uniform_rounded_equivalent_v1,6283daf0d3aecaebe93926cb55f003fde391b293e70162b51362361cab329ee6
livecodebench_gt_2024_03_30__difficulty_hard__model=qwen2_5_7b,qwen2_5_7b,16,27,100,0.5888132220450437,27.17330284199361,1.006418623777541,0669721fa26117fee305b0747bbe1736274542aa726a1ca70f5b8f4f7759fa02,uniform_rounded_equivalent_v1,518593475786fb82faa4f080c146d17831630d4764345bd6c89b4321400c4968
livecodebench_gt_2024_03_30__difficulty_hard__model=qwen2_5_7b,qwen2_5_7b,32,69,100,0.46339342317303855,69.05579233490909,1.0008085845638999,0669721fa26117fee305b0747bbe1736274542aa726a1ca70f5b8f4f7759fa02,uniform_rounded_equivalent_v1,916ba24a66253b0b16b6aa495957a3030f144e0de6940255e0686a1a35f5c6ed
livecodebench_gt_2024_03_30__difficulty_hard__model=qwen2_5_7b,qwen2_5_7b,64,177,100,0.361233006590805,177.17096398252852,1.0009658982063758,0669721fa26117fee305b0747bbe1736274542aa726a1ca70f5b8f4f7759fa02,uniform_rounded_equivalent_v1,2f267a6bfd1f9c719176783c03295009776c55bca8eaf098d99ca698b24349e7
livecodebench_gt_2024_03_30__difficulty_hard__model=qwen3_5_27b,qwen3_5_27b,8,8,100,0.9162316534856654,8.731416306744265,1.0914270383430331,0669721fa26117fee305b0747bbe1736274542aa726a1ca70f5b8f4f7759fa02,uniform_rounded_equivalent_v1,707cdeb2110f0b817b8350f35e46e70c8e9a0cd41f9fc31280b100ca55b66e78
livecodebench_gt_2024_03_30__difficulty_hard__model=qwen3_5_27b,qwen3_5_27b,16,18,100,0.8749279260224374,18.28722060883182,1.0159567004906567,0669721fa26117fee305b0747bbe1736274542aa726a1ca70f5b8f4f7759fa02,uniform_rounded_equivalent_v1,d853d820c70d280634384605ae12ed4cb43d5f561b795c7f319da9a3a00ff40d
livecodebench_gt_2024_03_30__difficulty_hard__model=qwen3_5_27b,qwen3_5_27b,32,38,100,0.8315729492615482,38.481290220438964,1.0126655321168148,0669721fa26117fee305b0747bbe1736274542aa726a1ca70f5b8f4f7759fa02,uniform_rounded_equivalent_v1,1ae2f40d749b249dc90837571913c70e2903415cfe244176846338edd08d74cf
livecodebench_gt_2024_03_30__difficulty_hard__model=qwen3_5_27b,qwen3_5_27b,64,81,100,0.7854980339564918,81.47697032115667,1.0058885224834158,0669721fa26117fee305b0747bbe1736274542aa726a1ca70f5b8f4f7759fa02,uniform_rounded_equivalent_v1,a63a9d44ebfc90c87915857356d559bb5d37fbf8d7b9dce44f8c216f1cc7e380
livecodebench_gt_2024_03_30__difficulty_hard__model=qwen3_5_4b,qwen3_5_4b,8,8,100,0.8986309045340634,8.902431420548538,1.1128039275685673,0669721fa26117fee305b0747bbe1736274542aa726a1ca70f5b8f4f7759fa02,uniform_rounded_equivalent_v1,db8e0afb2e6aed52d08870bc645c6a49f914dab71e74158ffb4be46407928c5b
livecodebench_gt_2024_03_30__difficulty_hard__model=qwen3_5_4b,qwen3_5_4b,16,19,100,0.840936742036843,19.02640139286364,1.0013895469928231,0669721fa26117fee305b0747bbe1736274542aa726a1ca70f5b8f4f7759fa02,uniform_rounded_equivalent_v1,80b9efdba7ad55f98c648e56bfa3bacdb0069ee84261d22f4f2dbcc1448f6f3c
livecodebench_gt_2024_03_30__difficulty_hard__model=qwen3_5_4b,qwen3_5_4b,32,40,100,0.7839444808095806,40.81921715547197,1.0204804288867992,0669721fa26117fee305b0747bbe1736274542aa726a1ca70f5b8f4f7759fa02,uniform_rounded_equivalent_v1,521a59409f5efc1dd57381b2852a05f3eef7c2612f4e6f06d8bf2f566ef5cf74
livecodebench_gt_2024_03_30__difficulty_hard__model=qwen3_5_4b,qwen3_5_4b,64,87,100,0.7313446181094383,87.51004439663909,1.0058625792717135,0669721fa26117fee305b0747bbe1736274542aa726a1ca70f5b8f4f7759fa02,uniform_rounded_equivalent_v1,b0fa087e56b8beea4c2e5ae3f16ff64a39a515564811f9e32fce026df2446362
livecodebench_gt_2024_03_30__difficulty_hard__model=qwen3_5_9b,qwen3_5_9b,8,8,100,0.910534745823281,8.786045822739709,1.0982557278424636,0669721fa26117fee305b0747bbe1736274542aa726a1ca70f5b8f4f7759fa02,uniform_rounded_equivalent_v1,9a4f5fa800714e893297bd0d6cc850e7638a72442dd3de808a559640ea848d3d
livecodebench_gt_2024_03_30__difficulty_hard__model=qwen3_5_9b,qwen3_5_9b,16,18,100,0.8664962881995741,18.465168538973394,1.025842696609633,0669721fa26117fee305b0747bbe1736274542aa726a1ca70f5b8f4f7759fa02,uniform_rounded_equivalent_v1,05f1f3601e40aa3f5209124643f25139c34e0a4d95b52e866103b6b2ddeac1f7
livecodebench_gt_2024_03_30__difficulty_hard__model=qwen3_5_9b,qwen3_5_9b,32,38,100,0.8214065470680871,38.95756627971885,1.0251991126241802,0669721fa26117fee305b0747bbe1736274542aa726a1ca70f5b8f4f7759fa02,uniform_rounded_equivalent_v1,ec7bc6394dd65b142ef2f5a4357dc1c86bfeb82b66b049ab189f350a3d5eec0e
livecodebench_gt_2024_03_30__difficulty_hard__model=qwen3_5_9b,qwen3_5_9b,64,83,100,0.7698180540408917,83.13652773412404,1.0016449124593259,0669721fa26117fee305b0747bbe1736274542aa726a1ca70f5b8f4f7759fa02,uniform_rounded_equivalent_v1,ad80fe70e57ab9f0ba3f588e27348d66dbdffcc545a023567cb514aba377d53f
livecodebench_gt_2024_03_30__difficulty_medium__model=qwen2_5_32b,qwen2_5_32b,8,8,100,0.9296340873850977,8.60553642401672,1.07569205300209,0669721fa26117fee305b0747bbe1736274542aa726a1ca70f5b8f4f7759fa02,uniform_rounded_equivalent_v1,19bfdd2cfc84e0b15d79e7c5d0676dbb3bd06160092e5ba043f88f2a9e2069cb
livecodebench_gt_2024_03_30__difficulty_medium__model=qwen2_5_32b,qwen2_5_32b,16,18,100,0.8833734906607125,18.11238413780441,1.006243563211356,0669721fa26117fee305b0747bbe1736274542aa726a1ca70f5b8f4f7759fa02,uniform_rounded_equivalent_v1,681b179cf4f4cd1fdd3dc6ebc28e2ee750aaa6649c9f5e5d640b6cd21a2d59e9
livecodebench_gt_2024_03_30__difficulty_medium__model=qwen2_5_32b,qwen2_5_32b,32,38,100,0.8310726883394531,38.50445388109006,1.0132751021339488,0669721fa26117fee305b0747bbe1736274542aa726a1ca70f5b8f4f7759fa02,uniform_rounded_equivalent_v1,b0d9536b892e40578ad4e286741207f9581fea28c70b05a4b8cbbfced7a9d478
livecodebench_gt_2024_03_30__difficulty_medium__model=qwen2_5_32b,qwen2_5_32b,64,82,100,0.7746298929142417,82.62010101265916,1.0075622074714532,0669721fa26117fee305b0747bbe1736274542aa726a1ca70f5b8f4f7759fa02,uniform_rounded_equivalent_v1,50520fab6e41ffcef0fe1dc4d016dd9e5692acce1c79c6b84300883a00d2b604
livecodebench_gt_2024_03_30__difficulty_medium__model=qwen2_5_3b,qwen2_5_3b,8,9,100,0.8736317755607258,9.15717608241222,1.0174640091569134,0669721fa26117fee305b0747bbe1736274542aa726a1ca70f5b8f4f7759fa02,uniform_rounded_equivalent_v1,56a08cc0fffefe8a1f019c5f66c4ba72db50b59917e7c9c742d507c3ce4c377f
livecodebench_gt_2024_03_30__difficulty_medium__model=qwen2_5_3b,qwen2_5_3b,16,20,100,0.7873018807879696,20.32257306941326,1.016128653470663,0669721fa26117fee305b0747bbe1736274542aa726a1ca70f5b8f4f7759fa02,uniform_rounded_equivalent_v1,e3324cb5f05e161d2f0ab17d5002a050075b936aea2c586dd72ab51bcb70a4d8
livecodebench_gt_2024_03_30__difficulty_medium__model=qwen2_5_3b,qwen2_5_3b,32,45,100,0.7066629271613589,45.283258495734195,1.0062946332385376,0669721fa26117fee305b0747bbe1736274542aa726a1ca70f5b8f4f7759fa02,uniform_rounded_equivalent_v1,54813eba3cce77c588699cea83a9423d1faf94003b6cb289b59e15cd151f1d82
livecodebench_gt_2024_03_30__difficulty_medium__model=qwen2_5_3b,qwen2_5_3b,64,101,100,0.6311840218065896,101.39673659168005,1.0039280850661392,0669721fa26117fee305b0747bbe1736274542aa726a1ca70f5b8f4f7759fa02,uniform_rounded_equivalent_v1,ef54e745dd655e7f3c5e6046cc72cd9e7e053eb323b6431673c541ddc8c955d9
livecodebench_gt_2024_03_30__difficulty_medium__model=qwen2_5_7b,qwen2_5_7b,8,9,100,0.8522573266447108,9.386836287457394,1.042981809717488,0669721fa26117fee305b0747bbe1736274542aa726a1ca70f5b8f4f7759fa02,uniform_rounded_equivalent_v1,946e40e88e8fdff4c419a283c68b605d3bb51ce858fcded141904ab1ae3aa5e4
livecodebench_gt_2024_03_30__difficulty_medium__model=qwen2_5_7b,qwen2_5_7b,16,20,100,0.7731698336473931,20.694030345856532,1.0347015172928267,0669721fa26117fee305b0747bbe1736274542aa726a1ca70f5b8f4f7759fa02,uniform_rounded_equivalent_v1,2d62b94010b51de8dc6c83f87d7d4fe21b02e975cab673ba509f771af8530483
livecodebench_gt_2024_03_30__difficulty_medium__model=qwen2_5_7b,qwen2_5_7b,32,46,100,0.6880347078537254,46.509281631767806,1.0110713398210394,0669721fa26117fee305b0747bbe1736274542aa726a1ca70f5b8f4f7759fa02,uniform_rounded_equivalent_v1,4e69f99087063ee0d0db0ddcdce7dbcb755b8b6a6a35097e62e2e3eca38a38b4
livecodebench_gt_2024_03_30__difficulty_medium__model=qwen2_5_7b,qwen2_5_7b,64,104,100,0.6100915909703897,104.90228180035051,1.0086757865418319,0669721fa26117fee305b0747bbe1736274542aa726a1ca70f5b8f4f7759fa02,uniform_rounded_equivalent_v1,83390326bcfcd65096f5a6255e911f0934f9ba8e906596ec8c47de4bdb63bd31
livecodebench_gt_2024_03_30__difficulty_medium__model=qwen3_5_27b,qwen3_5_27b,8,8,100,0.9683540997528275,8.261440729214655,1.032680091151832,0669721fa26117fee305b0747bbe1736274542aa726a1ca70f5b8f4f7759fa02,uniform_rounded_equivalent_v1,217d3011f859833debf5e05207b5dd2a24db9ecb8a3f9c1747ade01e8bf38ccb
livecodebench_gt_2024_03_30__difficulty_medium__model=qwen3_5_27b,qwen3_5_27b,16,17,100,0.9393018539769473,17.033927839338297,1.0019957552551941,0669721fa26117fee305b0747bbe1736274542aa726a1ca70f5b8f4f7759fa02,uniform_rounded_equivalent_v1,76e3ce663ca72f414ad9b2a5a212f1eb36339635755ec61b15fcae3b4bde349f
livecodebench_gt_2024_03_30__difficulty_medium__model=qwen3_5_27b,qwen3_5_27b,32,35,100,0.9046035068018419,35.37461413689806,1.0107032610542304,0669721fa26117fee305b0747bbe1736274542aa726a1ca70f5b8f4f7759fa02,uniform_rounded_equivalent_v1,60c97a77955ec4b46bee886868507398f62e46085f2a2c3999146b0aeaf86385
livecodebench_gt_2024_03_30__difficulty_medium__model=qwen3_5_27b,qwen3_5_27b,64,73,100,0.870539337583617,73.51764272668801,1.0070909962560002,0669721fa26117fee305b0747bbe1736274542aa726a1ca70f5b8f4f7759fa02,uniform_rounded_equivalent_v1,7bd1449c226861c12a574fee57636a438d718f7a081af7f78f72bd1536e69471
livecodebench_gt_2024_03_30__difficulty_medium__model=qwen3_5_4b,qwen3_5_4b,8,8,100,0.9690449591654647,8.255550915707305,1.0319438644634131,0669721fa26117fee305b0747bbe1736274542aa726a1ca70f5b8f4f7759fa02,uniform_rounded_equivalent_v1,2b6b364a429966667c89e0cf656e09e382b60eea88fac324c73e8c6c9d8839fe
livecodebench_gt_2024_03_30__difficulty_medium__model=qwen3_5_4b,qwen3_5_4b,16,16,100,0.949518517637375,16.85064556698879,1.0531653479367993,0669721fa26117fee305b0747bbe1736274542aa726a1ca70f5b8f4f7759fa02,uniform_rounded_equivalent_v1,fb06408e168a0d99f54403204a4c3facc7d44f51963bccd1e0bd8f1edcb6606c
livecodebench_gt_2024_03_30__difficulty_medium__model=qwen3_5_4b,qwen3_5_4b,32,34,100,0.9199477596061864,34.78458386995653,1.023075996175192,0669721fa26117fee305b0747bbe1736274542aa726a1ca70f5b8f4f7759fa02,uniform_rounded_equivalent_v1,b3b8f26f82a6a06388bdf40937b80b90de38deee07d22b2f973e89052cf3f8a9
livecodebench_gt_2024_03_30__difficulty_medium__model=qwen3_5_4b,qwen3_5_4b,64,71,100,0.8935098697188548,71.62763632385814,1.008839948223354,0669721fa26117fee305b0747bbe1736274542aa726a1ca70f5b8f4f7759fa02,uniform_rounded_equivalent_v1,4586fecab86d21ec0251bc12e756945114b93a9b8b7b7da1a59342e2b94665e0
livecodebench_gt_2024_03_30__difficulty_medium__model=qwen3_5_9b,qwen3_5_9b,8,8,100,0.9788897781675268,8.172523790141042,1.0215654737676303,0669721fa26117fee305b0747bbe1736274542aa726a1ca70f5b8f4f7759fa02,uniform_rounded_equivalent_v1,322012778ac76dad5ca12d71874fb44465e8058d7073360b2ea23bf6bea7e9fc
livecodebench_gt_2024_03_30__difficulty_medium__model=qwen3_5_9b,qwen3_5_9b,16,16,100,0.9574990429876657,16.710199469312794,1.0443874668320496,0669721fa26117fee305b0747bbe1736274542aa726a1ca70f5b8f4f7759fa02,uniform_rounded_equivalent_v1,05e68b3b29e70e3e42fca567a0b0825741aefc37afaf3adeb370665943607e2c
livecodebench_gt_2024_03_30__difficulty_medium__model=qwen3_5_9b,qwen3_5_9b,32,34,100,0.9306888049450712,34.38313626420877,1.011268713653199,0669721fa26117fee305b0747bbe1736274542aa726a1ca70f5b8f4f7759fa02,uniform_rounded_equivalent_v1,663c7d4db39ee671136e31b9a791391f7e8f60ac39a57bc3097890e23455b94c
livecodebench_gt_2024_03_30__difficulty_medium__model=qwen3_5_9b,qwen3_5_9b,64,70,100,0.9049992625389169,70.71828967070331,1.0102612810100473,0669721fa26117fee305b0747bbe1736274542aa726a1ca70f5b8f4f7759fa02,uniform_rounded_equivalent_v1,08faf65843d107d667e7da89a6d6ec968d948439abc6ec5dd9aa013a18657f47
math_100__model=qwen2_5_32b,qwen2_5_32b,8,8,100,0.8955285353767188,8.933272010851859,1.1166590013564823,0669721fa26117fee305b0747bbe1736274542aa726a1ca70f5b8f4f7759fa02,uniform_rounded_equivalent_v1,97939f81419a457ebba9ca8d2a4fecc13582482daf5e66a07132138d6fead3e2
math_100__model=qwen2_5_32b,qwen2_5_32b,16,19,100,0.8276958079526733,19.33077326992438,1.0174091194697041,0669721fa26117fee305b0747bbe1736274542aa726a1ca70f5b8f4f7759fa02,uniform_rounded_equivalent_v1,debe36edf0aecb757092d90e2f8bee1244312f836a1d97fe35e61f00f94e859e
math_100__model=qwen2_5_32b,qwen2_5_32b,32,42,100,0.7580602059009267,42.213005973541605,1.0050715707986098,0669721fa26117fee305b0747bbe1736274542aa726a1ca70f5b8f4f7759fa02,uniform_rounded_equivalent_v1,4320bfbbf03c1c13e1ec8028de147fdb74338b71efb3599c38fc476afcbad128
math_100__model=qwen2_5_32b,qwen2_5_32b,64,93,100,0.6872895574731378,93.11941277749065,1.0012840083601144,0669721fa26117fee305b0747bbe1736274542aa726a1ca70f5b8f4f7759fa02,uniform_rounded_equivalent_v1,e5a5d8516b9451b9c826733169cf943d699fa52262eb9695e44fa607ae890c7c
math_100__model=qwen2_5_3b,qwen2_5_3b,8,8,100,0.9432767496078726,8.481074089153221,1.0601342611441527,0669721fa26117fee305b0747bbe1736274542aa726a1ca70f5b8f4f7759fa02,uniform_rounded_equivalent_v1,52bd863af5a595b7662bf0152451dfb8e84ecacf93f74fc073dc6cca48285ea9
math_100__model=qwen2_5_3b,qwen2_5_3b,16,17,100,0.8995191760000563,17.787280612680345,1.0463106242753144,0669721fa26117fee305b0747bbe1736274542aa726a1ca70f5b8f4f7759fa02,uniform_rounded_equivalent_v1,5a320822c8e1c2c0b96746e3ef4098ff26904f109eace615cf39c2a923556292
math_100__model=qwen2_5_3b,qwen2_5_3b,32,37,100,0.8590871439273275,37.248840500291514,1.0067254189267976,0669721fa26117fee305b0747bbe1736274542aa726a1ca70f5b8f4f7759fa02,uniform_rounded_equivalent_v1,65b2a6cecc58641cb0f0fc7b1fa460c8ecfab28030bcf0892380ea73bf0cd835
math_100__model=qwen2_5_3b,qwen2_5_3b,64,78,100,0.8203821397022698,78.01242482342029,1.0001592926079523,0669721fa26117fee305b0747bbe1736274542aa726a1ca70f5b8f4f7759fa02,uniform_rounded_equivalent_v1,a9ddb8436c688a467f0bff4163ec6643066abc9ca694a37802eaffe60a121a28
math_100__model=qwen2_5_7b,qwen2_5_7b,8,8,100,0.8907612310681035,8.98108238321876,1.122635297902345,0669721fa26117fee305b0747bbe1736274542aa726a1ca70f5b8f4f7759fa02,uniform_rounded_equivalent_v1,c6ba7b61428e6714fb05e93e984593d15cbbe6437e9bd54e6998e9a2edd563a3
math_100__model=qwen2_5_7b,qwen2_5_7b,16,19,100,0.8138875012758087,19.658736588188432,1.0346703467467595,0669721fa26117fee305b0747bbe1736274542aa726a1ca70f5b8f4f7759fa02,uniform_rounded_equivalent_v1,e786e310fdf1f2ef3709ca776c8850e4f2063bdce77fa3ac4c4a657f1a8d9a55
math_100__model=qwen2_5_7b,qwen2_5_7b,32,42,100,0.753074466583692,42.492477729549634,1.011725660227372,0669721fa26117fee305b0747bbe1736274542aa726a1ca70f5b8f4f7759fa02,uniform_rounded_equivalent_v1,2a2bdeb5b1d6a0138d22d187e431cad78c5daf7bd7176c242c894bce7d7d697f
math_100__model=qwen2_5_7b,qwen2_5_7b,64,91,100,0.6983968313500959,91.63844554718169,1.0070158851338649,0669721fa26117fee305b0747bbe1736274542aa726a1ca70f5b8f4f7759fa02,uniform_rounded_equivalent_v1,27c31186fd6ace93e4675b321877d1f9d52153325c7943797c404fda9ae11236
math_100__model=qwen3_5_27b,qwen3_5_27b,8,8,100,0.9717020834291008,8.232976069957878,1.0291220087447348,0669721fa26117fee305b0747bbe1736274542aa726a1ca70f5b8f4f7759fa02,uniform_rounded_equivalent_v1,2c66c88110c6345e2e65fea6bf18d4da35d8b03edb9a44a542b9477435618806
math_100__model=qwen3_5_27b,qwen3_5_27b,16,16,100,0.9456460237733519,16.91965026845479,1.0574781417784245,0669721fa26117fee305b0747bbe1736274542aa726a1ca70f5b8f4f7759fa02,uniform_rounded_equivalent_v1,e53793de8cae635ad668a53088c40aacf93ff6c312972fcc5bf541921f097de5
math_100__model=qwen3_5_27b,qwen3_5_27b,32,35,100,0.9133182194865617,35.03707614416077,1.0010593184045935,0669721fa26117fee305b0747bbe1736274542aa726a1ca70f5b8f4f7759fa02,uniform_rounded_equivalent_v1,e028bb890f07dbd36f70f6a4cf626bf29bd23388b44f8ca706e2d8dda11d2305
math_100__model=qwen3_5_27b,qwen3_5_27b,64,73,100,0.8737318864245086,73.24901493740971,1.0034111635261604,0669721fa26117fee305b0747bbe1736274542aa726a1ca70f5b8f4f7759fa02,uniform_rounded_equivalent_v1,f6d9c6ffc7c4b4346fbbded026f06703556607cdd3b90fd294ca89f360fcd187
math_100__model=qwen3_5_4b,qwen3_5_4b,8,8,100,0.9949361530646977,8.040716959935201,1.0050896199919002,0669721fa26117fee305b0747bbe1736274542aa726a1ca70f5b8f4f7759fa02,uniform_rounded_equivalent_v1,ca98fe87ecc7e1e49d4a4c506a1e095e5c6c3974dd7d6b56f06b1d25ce416d87
math_100__model=qwen3_5_4b,qwen3_5_4b,16,15,100,1.0243902398968552,15.619047680121419,1.041269845341428,0669721fa26117fee305b0747bbe1736274542aa726a1ca70f5b8f4f7759fa02,uniform_rounded_equivalent_v1,71ab70049e959788f819500153441ba7185488ae109f1212f1bb0c8bb3074d86
math_100__model=qwen3_5_4b,qwen3_5_4b,32,31,100,1.004055487763741,31.870748569156518,1.0280886635211781,0669721fa26117fee305b0747bbe1736274542aa726a1ca70f5b8f4f7759fa02,uniform_rounded_equivalent_v1,ee404f141af3a4cdac7bc3d739dc42d0c88b7ad6f55b33f11c61ee6ad32ccda5
math_100__model=qwen3_5_4b,qwen3_5_4b,64,65,100,0.9771919608366193,65.49378480887894,1.0075966893673682,0669721fa26117fee305b0747bbe1736274542aa726a1ca70f5b8f4f7759fa02,uniform_rounded_equivalent_v1,f371443af5fa437864f597107f4ecb39763851f5f6edab8487680361d0a064e2
math_100__model=qwen3_5_9b,qwen3_5_9b,8,8,100,0.9835742376255001,8.133600590549458,1.0167000738186822,0669721fa26117fee305b0747bbe1736274542aa726a1ca70f5b8f4f7759fa02,uniform_rounded_equivalent_v1,71d034997cd1044458de1c8d6a6a07f693aafe698b51b36428fe95209360f48d
math_100__model=qwen3_5_9b,qwen3_5_9b,16,16,100,0.995477097677969,16.072695230579686,1.0045434519112304,0669721fa26117fee305b0747bbe1736274542aa726a1ca70f5b8f4f7759fa02,uniform_rounded_equivalent_v1,714dae06b966170bb83cee21593bd774a360ba4dd11b1e4aff0e98f2350d4cfd
math_100__model=qwen3_5_9b,qwen3_5_9b,32,33,100,0.9645697557016497,33.175412986821755,1.0053155450552047,0669721fa26117fee305b0747bbe1736274542aa726a1ca70f5b8f4f7759fa02,uniform_rounded_equivalent_v1,fbd1702416c2aaaad5c24b942fc7ee2cd82c00114fbd62fdb74748a6ce395479
math_100__model=qwen3_5_9b,qwen3_5_9b,64,69,100,0.9243312636347281,69.23924627230953,1.0034673372798482,0669721fa26117fee305b0747bbe1736274542aa726a1ca70f5b8f4f7759fa02,uniform_rounded_equivalent_v1,3245e18ebd284e81622ecf847920dabef8cee0782a8d6eef573f5a4f92599f34
mmlu_science__subject_college_biology__model=qwen2_5_32b,qwen2_5_32b,8,12,100,0.6275621981386346,12.747740421153797,1.0623117017628163,0669721fa26117fee305b0747bbe1736274542aa726a1ca70f5b8f4f7759fa02,uniform_rounded_equivalent_v1,ae82b48bb7e28d22f0699d97ed4e25977cc57514db9122ff0326d8b4061d0a28
mmlu_science__subject_college_biology__model=qwen2_5_32b,qwen2_5_32b,16,31,100,0.510464380905842,31.344008707536616,1.0110970550818263,0669721fa26117fee305b0747bbe1736274542aa726a1ca70f5b8f4f7759fa02,uniform_rounded_equivalent_v1,c77ae5e6c30d26f88e4f6b3567fff67e38cb604839cde9a209eec088d5d7c979
mmlu_science__subject_college_biology__model=qwen2_5_32b,qwen2_5_32b,32,74,100,0.4304682869976031,74.3376480139597,1.0045628109994553,0669721fa26117fee305b0747bbe1736274542aa726a1ca70f5b8f4f7759fa02,uniform_rounded_equivalent_v1,4243314d4170500b0d02005c26c5d874ed1e4742a9f8996189a3a62767bcc62e
mmlu_science__subject_college_biology__model=qwen2_5_32b,qwen2_5_32b,64,178,100,0.3578227221360544,178.8595190879616,1.0048287589211327,0669721fa26117fee305b0747bbe1736274542aa726a1ca70f5b8f4f7759fa02,uniform_rounded_equivalent_v1,3ad7903d3ee45ef4ab0455d206e86093cb1cb9aeaf13ab080607f102b9b22547
mmlu_science__subject_college_biology__model=qwen2_5_3b,qwen2_5_3b,8,11,100,0.7026031777659318,11.386228034774351,1.0351116395249411,0669721fa26117fee305b0747bbe1736274542aa726a1ca70f5b8f4f7759fa02,uniform_rounded_equivalent_v1,2e517f73b6c3a0e3d21c7e16b73c561a3410a5d07ffc4f5ab4ddb2d522f947aa
mmlu_science__subject_college_biology__model=qwen2_5_3b,qwen2_5_3b,16,27,100,0.5788843137141974,27.639373914525184,1.0236805153527846,0669721fa26117fee305b0747bbe1736274542aa726a1ca70f5b8f4f7759fa02,uniform_rounded_equivalent_v1,ad637bdf13b6df990dc48f2870b0a0b23e8ba9534de0518b2da8dc54a260bcdf
mmlu_science__subject_college_biology__model=qwen2_5_3b,qwen2_5_3b,32,66,100,0.48355738156980355,66.17622069198144,1.0026700104845674,0669721fa26117fee305b0747bbe1736274542aa726a1ca70f5b8f4f7759fa02,uniform_rounded_equivalent_v1,a922939abee82ac92a1bebb22c0e1b6673c3eae82f63c477e66a74f89d726906
mmlu_science__subject_college_biology__model=qwen2_5_3b,qwen2_5_3b,64,161,100,0.39525185194167356,161.9220749646085,1.0057271736932205,0669721fa26117fee305b0747bbe1736274542aa726a1ca70f5b8f4f7759fa02,uniform_rounded_equivalent_v1,a79715f5c9ca229adf418f3a5a6aeb7fbd739b441d523c1bd5d18182fad6331a
mmlu_science__subject_college_biology__model=qwen2_5_7b,qwen2_5_7b,8,12,100,0.6566325357321529,12.18337436033368,1.0152811966944733,0669721fa26117fee305b0747bbe1736274542aa726a1ca70f5b8f4f7759fa02,uniform_rounded_equivalent_v1,62e0aa82d821fb5ec624ca55f6118897475c0fb109f4e6e0e09b6f5b5d159ab2
mmlu_science__subject_college_biology__model=qwen2_5_7b,qwen2_5_7b,16,30,100,0.5322373793280349,30.061774353767603,1.002059145125587,0669721fa26117fee305b0747bbe1736274542aa726a1ca70f5b8f4f7759fa02,uniform_rounded_equivalent_v1,52f19de93df590e836a96d9dbb0a59cb4b96a8e0d728c3d0d7c1c4a5468d7368
mmlu_science__subject_college_biology__model=qwen2_5_7b,qwen2_5_7b,32,74,100,0.42745748570345077,74.86124601921242,1.0116384597190866,0669721fa26117fee305b0747bbe1736274542aa726a1ca70f5b8f4f7759fa02,uniform_rounded_equivalent_v1,8f1bdd1923b4dca11815dde4d8686331d2ddbd030e1a2882c9573fda68ec757f
mmlu_science__subject_college_biology__model=qwen2_5_7b,qwen2_5_7b,64,191,100,0.3336858269081835,191.79717818105036,1.0041737077541903,0669721fa26117fee305b0747bbe1736274542aa726a1ca70f5b8f4f7759fa02,uniform_rounded_equivalent_v1,86a172fb6d93f6e3d361e00a95cfba9939eaeffa24b7b1dc627189f90efc655f
mmlu_science__subject_college_biology__model=qwen3_5_27b,qwen3_5_27b,8,11,100,0.6721613042804528,11.901905017522516,1.0819913652293196,0669721fa26117fee305b0747bbe1736274542aa726a1ca70f5b8f4f7759fa02,uniform_rounded_equivalent_v1,a85d468f8c9855cb699ee84500f0714472a50356611a48f3468d5a42264a665e
mmlu_science__subject_college_biology__model=qwen3_5_27b,qwen3_5_27b,16,30,100,0.5286789903982467,30.264111664334187,1.008803722144473,0669721fa26117fee305b0747bbe1736274542aa726a1ca70f5b8f4f7759fa02,uniform_rounded_equivalent_v1,d8f6374897a5357386f1332c48ced54490cbf5d3efa9ea259b9c026977f1107c
mmlu_science__subject_college_biology__model=qwen3_5_27b,qwen3_5_27b,32,74,100,0.4292514058010265,74.54838718648985,1.0074106376552683,0669721fa26117fee305b0747bbe1736274542aa726a1ca70f5b8f4f7759fa02,uniform_rounded_equivalent_v1,593d6bc46728f768a632dbf6b481396117b26a40376c56dc3f024eadaa323b6a
mmlu_science__subject_college_biology__model=qwen3_5_27b,qwen3_5_27b,64,190,100,0.3364328704128332,190.2311148178425,1.0012163937781184,0669721fa26117fee305b0747bbe1736274542aa726a1ca70f5b8f4f7759fa02,uniform_rounded_equivalent_v1,0c07acfb89cfefa99c9cffb5ea74df54c6ea9aaa3f9eb80b8d5093d05648f11a
mmlu_science__subject_college_biology__model=qwen3_5_4b,qwen3_5_4b,8,10,100,0.732025739375513,10.928577466175922,1.0928577466175922,0669721fa26117fee305b0747bbe1736274542aa726a1ca70f5b8f4f7759fa02,uniform_rounded_equivalent_v1,c9a3d7ae70d60c8ce0d4d5cc6455d86835f1c4b76a4b50108ad9786c81bf93fd
mmlu_science__subject_college_biology__model=qwen3_5_4b,qwen3_5_4b,16,26,100,0.60055789545705,26.641894346961042,1.0246882441138863,0669721fa26117fee305b0747bbe1736274542aa726a1ca70f5b8f4f7759fa02,uniform_rounded_equivalent_v1,38110d173beccdc9a2cd9c09f75b66fb1216b469c07c9c7efcbae0de70565353
mmlu_science__subject_college_biology__model=qwen3_5_4b,qwen3_5_4b,32,65,100,0.4856262475537706,65.89429661430486,1.013758409450844,0669721fa26117fee305b0747bbe1736274542aa726a1ca70f5b8f4f7759fa02,uniform_rounded_equivalent_v1,fbb0cbdb6cf9341e18cdb54effb3549e428126672cbb13b07320b3e49568e2b2
mmlu_science__subject_college_biology__model=qwen3_5_4b,qwen3_5_4b,64,163,100,0.3918401625886696,163.3319044612162,1.0020362236884428,0669721fa26117fee305b0747bbe1736274542aa726a1ca70f5b8f4f7759fa02,uniform_rounded_equivalent_v1,89c2af3114dcf4af91cef3c0342bf8513d88d8c64d422d5bd946458e5880ab7a
mmlu_science__subject_college_biology__model=qwen3_5_9b,qwen3_5_9b,8,10,100,0.7863963371171929,10.172987363250902,1.0172987363250903,0669721fa26117fee305b0747bbe1736274542aa726a1ca70f5b8f4f7759fa02,uniform_rounded_equivalent_v1,61d2c5cc77f3388fdd3ba6747eff1abae4fffd62eded0252c51260df24603330
mmlu_science__subject_college_biology__model=qwen3_5_9b,qwen3_5_9b,16,22,100,0.7014492681018052,22.80991759147125,1.036814435975966,0669721fa26117fee305b0747bbe1736274542aa726a1ca70f5b8f4f7759fa02,uniform_rounded_equivalent_v1,8e86359b80b551286ea77e1e2580b405cbba0e83d758b5c660fdcab80a1ba46d
mmlu_science__subject_college_biology__model=qwen3_5_9b,qwen3_5_9b,32,53,100,0.6006866730662114,53.27236550239356,1.0051389717432748,0669721fa26117fee305b0747bbe1736274542aa726a1ca70f5b8f4f7759fa02,uniform_rounded_equivalent_v1,30d3e35e97756d6f17a67d80db0b2910786dc5e378f9e5ed594856d4c48eaf3e
mmlu_science__subject_college_biology__model=qwen3_5_9b,qwen3_5_9b,64,128,100,0.4981137431431599,128.48471033172467,1.003786799466599,0669721fa26117fee305b0747bbe1736274542aa726a1ca70f5b8f4f7759fa02,uniform_rounded_equivalent_v1,df49ce776a2eb7068b19810b8993b74d0d5bdd8cc76903ef63dcc271637bd08a
mmlu_science__subject_college_chemistry__model=qwen2_5_32b,qwen2_5_32b,8,9,100,0.8465364109938428,9.450272777526385,1.0500303086140428,0669721fa26117fee305b0747bbe1736274542aa726a1ca70f5b8f4f7759fa02,uniform_rounded_equivalent_v1,a096236ad173e8d20a112a1df618f96b6c9cf3593524c248605ed708c5c71355
mmlu_science__subject_college_chemistry__model=qwen2_5_32b,qwen2_5_32b,16,21,100,0.750045821250334,21.332030052947747,1.0158109549022738,0669721fa26117fee305b0747bbe1736274542aa726a1ca70f5b8f4f7759fa02,uniform_rounded_equivalent_v1,06da16987b3542179c3b80c640a098b992947f83ea7a0fc5656df850492ac872
mmlu_science__subject_college_chemistry__model=qwen2_5_32b,qwen2_5_32b,32,49,100,0.6524322830293049,49.0472357551361,1.0009639950027776,0669721fa26117fee305b0747bbe1736274542aa726a1ca70f5b8f4f7759fa02,uniform_rounded_equivalent_v1,5aa62b7441069f0581df60c719c05293f1c45c6764f304aa454002c89230edcf
mmlu_science__subject_college_chemistry__model=qwen2_5_32b,qwen2_5_32b,64,114,100,0.5608590627397352,114.11066389364736,1.0009707359091873,0669721fa26117fee305b0747bbe1736274542aa726a1ca70f5b8f4f7759fa02,uniform_rounded_equivalent_v1,0d4526f956ca78d81307fd3ea157fdc40b9e4308c93082a464eeb9210d18c3a3
mmlu_science__subject_college_chemistry__model=qwen2_5_3b,qwen2_5_3b,8,10,100,0.7797904959332925,10.259165816614882,1.0259165816614881,0669721fa26117fee305b0747bbe1736274542aa726a1ca70f5b8f4f7759fa02,uniform_rounded_equivalent_v1,4e52c694333b5d6e961e96690f3a12e326a66a60be5f8992d49d81d7a4254bf8
mmlu_science__subject_college_chemistry__model=qwen2_5_3b,qwen2_5_3b,16,24,100,0.6454915168887211,24.787312584865937,1.0328046910360806,0669721fa26117fee305b0747bbe1736274542aa726a1ca70f5b8f4f7759fa02,uniform_rounded_equivalent_v1,dbfcbc661d425bedc96a651e7103b42e1591f9db7c23cfd5911f0641da1645aa
mmlu_science__subject_college_chemistry__model=qwen2_5_3b,qwen2_5_3b,32,62,100,0.5159221927131379,62.02485656164161,1.000400912284542,0669721fa26117fee305b0747bbe1736274542aa726a1ca70f5b8f4f7759fa02,uniform_rounded_equivalent_v1,3af0a6c0b958007550f5370a821856e3f972bbf36318662fde0597f5cf4c33ad
mmlu_science__subject_college_chemistry__model=qwen2_5_3b,qwen2_5_3b,64,156,100,0.40822936638748586,156.77461072031758,1.0049654533353691,0669721fa26117fee305b0747bbe1736274542aa726a1ca70f5b8f4f7759fa02,uniform_rounded_equivalent_v1,0f08e01a9256d08807c3a6a56838fb87348fcc48201120cbbdb290b91f57d5fe
mmlu_science__subject_college_chemistry__model=qwen2_5_7b,qwen2_5_7b,8,10,100,0.7916628098105921,10.105312389139545,1.0105312389139545,0669721fa26117fee305b0747bbe1736274542aa726a1ca70f5b8f4f7759fa02,uniform_rounded_equivalent_v1,7a457b3dcee08d41bee5708b5ea1f7081ea8e6b4dab5f7ca44b9674a5ebff1b2
mmlu_science__subject_college_chemistry__model=qwen2_5_7b,qwen2_5_7b,16,24,100,0.6615298418254836,24.186361655051257,1.0077650689604691,0669721fa26117fee305b0747bbe1736274542aa726a1ca70f5b8f4f7759fa02,uniform_rounded_equivalent_v1,39c69df2f517328b5c488fe00cc51bf376c7772f562a55ee749e58407e20dcb0
mmlu_science__subject_college_chemistry__model=qwen2_5_7b,qwen2_5_7b,32,60,100,0.5325652891092707,60.08652958498447,1.0014421597497412,0669721fa26117fee305b0747bbe1736274542aa726a1ca70f5b8f4f7759fa02,uniform_rounded_equivalent_v1,41a490af329ede5c9267dfa865b5fe8837ed583454a8da0f6dd344e21dcee4a6
mmlu_science__subject_college_chemistry__model=qwen2_5_7b,qwen2_5_7b,64,152,100,0.4209754559712817,152.0278655018928,1.0001833256703472,0669721fa26117fee305b0747bbe1736274542aa726a1ca70f5b8f4f7759fa02,uniform_rounded_equivalent_v1,ebca942d21ff2fda9d0c9ce992fe4acf3c1517e6dedafdec99d4254b9ef9b893
mmlu_science__subject_college_chemistry__model=qwen3_5_27b,qwen3_5_27b,8,10,100,0.7350415230567119,10.88373887604546,1.088373887604546,0669721fa26117fee305b0747bbe1736274542aa726a1ca70f5b8f4f7759fa02,uniform_rounded_equivalent_v1,4423e7003fbe6ea0f7f52e45f758d91eb7cfa88d3d63f05fbf6866d5459aa5ca
mmlu_science__subject_college_chemistry__model=qwen3_5_27b,qwen3_5_27b,16,26,100,0.601675795890255,26.592394291556946,1.0227843958291134,0669721fa26117fee305b0747bbe1736274542aa726a1ca70f5b8f4f7759fa02,uniform_rounded_equivalent_v1,47fc984da5c4c7efb0d9ccb7dd4f719fe266bfd18e152424199ea6ac0dff3142
mmlu_science__subject_college_chemistry__model=qwen3_5_27b,qwen3_5_27b,32,64,100,0.49800524311838734,64.25635159907917,1.004005493735612,0669721fa26117fee305b0747bbe1736274542aa726a1ca70f5b8f4f7759fa02,uniform_rounded_equivalent_v1,e277e6b1f0a20ba843689f2452192c8a489984af2e85ed51be5d27f52133ee89
mmlu_science__subject_college_chemistry__model=qwen3_5_27b,qwen3_5_27b,64,155,100,0.4118128823213465,155.41038842505031,1.0026476672583893,0669721fa26117fee305b0747bbe1736274542aa726a1ca70f5b8f4f7759fa02,uniform_rounded_equivalent_v1,01068a55ef5dd96b4ee082a64308f43165571ef80f7362afccabeb9675f43eda
mmlu_science__subject_college_chemistry__model=qwen3_5_4b,qwen3_5_4b,8,10,100,0.774592187903532,10.328015341404816,1.0328015341404815,0669721fa26117fee305b0747bbe1736274542aa726a1ca70f5b8f4f7759fa02,uniform_rounded_equivalent_v1,c1f51414917ab83b4b73c19bdb37720bf758657d2665b9b1e3abf0d50c67dac5
mmlu_science__subject_college_chemistry__model=qwen3_5_4b,qwen3_5_4b,16,24,100,0.6527433548905524,24.511930883896586,1.021330453495691,0669721fa26117fee305b0747bbe1736274542aa726a1ca70f5b8f4f7759fa02,uniform_rounded_equivalent_v1,b4b2262f6515a936ee95dab2011a460669411914e2c3323a16fb6b9cdaa43ee5
mmlu_science__subject_college_chemistry__model=qwen3_5_4b,qwen3_5_4b,32,57,100,0.5559373773582672,57.56043990432754,1.00983227902329,0669721fa26117fee305b0747bbe1736274542aa726a1ca70f5b8f4f7759fa02,uniform_rounded_equivalent_v1,130a3b2494a843fdac28740e8adc509b0ae352ecbad0cc1f8f13919b00ef89aa
mmlu_science__subject_college_chemistry__model=qwen3_5_4b,qwen3_5_4b,64,133,100,0.4783590696519997,133.79071091211713,1.0059451948279485,0669721fa26117fee305b0747bbe1736274542aa726a1ca70f5b8f4f7759fa02,uniform_rounded_equivalent_v1,97aa4ce0e7164f1e49d4d16cf5af72b3d291a075b736f68c41ab46f1267116c0
mmlu_science__subject_college_chemistry__model=qwen3_5_9b,qwen3_5_9b,8,9,100,0.8033978238574755,9.95770683269764,1.1064118702997379,0669721fa26117fee305b0747bbe1736274542aa726a1ca70f5b8f4f7759fa02,uniform_rounded_equivalent_v1,c37b6cb7a4e96889dc82e708e7127e8d984b80dcd58739d0dffc5ae503808450
mmlu_science__subject_college_chemistry__model=qwen3_5_9b,qwen3_5_9b,16,23,100,0.6832416790474494,23.41777513091212,1.0181641361266138,0669721fa26117fee305b0747bbe1736274542aa726a1ca70f5b8f4f7759fa02,uniform_rounded_equivalent_v1,b86c3f45f7597af8cf0cc51bbb49e9c6cf16d300f076c3eeffad896a201b222e
mmlu_science__subject_college_chemistry__model=qwen3_5_9b,qwen3_5_9b,32,56,100,0.5691020149074703,56.22893464048418,1.0040881185800745,0669721fa26117fee305b0747bbe1736274542aa726a1ca70f5b8f4f7759fa02,uniform_rounded_equivalent_v1,a4299fbc47eee1d31f2e03a164ccd35c49bf94cceeed8097c5fca09c22f4717c
mmlu_science__subject_college_chemistry__model=qwen3_5_9b,qwen3_5_9b,64,136,100,0.47049532226564944,136.02685716791152,1.0001974791758201,0669721fa26117fee305b0747bbe1736274542aa726a1ca70f5b8f4f7759fa02,uniform_rounded_equivalent_v1,e38ac50d037ab58fe42d7c047b8e00380c47cbe0d6254df80ca354f14403dc3b
mmlu_science__subject_college_physics__model=qwen2_5_32b,qwen2_5_32b,8,9,100,0.823289646398373,9.717114790641936,1.0796794211824374,0669721fa26117fee305b0747bbe1736274542aa726a1ca70f5b8f4f7759fa02,uniform_rounded_equivalent_v1,600ef33dcaac7eb1d7667cf0b4b8296472a90f1688726b837d510063f7eea8b3
mmlu_science__subject_college_physics__model=qwen2_5_32b,qwen2_5_32b,16,21,100,0.7284462223738926,21.96455895928528,1.0459313790135847,0669721fa26117fee305b0747bbe1736274542aa726a1ca70f5b8f4f7759fa02,uniform_rounded_equivalent_v1,d562ef4f5bf993786624246a678f062bd83a33de540377dffdf72cbb086a7632
mmlu_science__subject_college_physics__model=qwen2_5_32b,qwen2_5_32b,32,49,100,0.6494687560954664,49.2710383673888,1.0055313952528326,0669721fa26117fee305b0747bbe1736274542aa726a1ca70f5b8f4f7759fa02,uniform_rounded_equivalent_v1,55a8943f627e81fd154c4cafdd6fb9a9dee457ea3c465fdd1a5f02a173e79b76
mmlu_science__subject_college_physics__model=qwen2_5_32b,qwen2_5_32b,64,110,100,0.5768514103125981,110.94711541975452,1.0086101401795866,0669721fa26117fee305b0747bbe1736274542aa726a1ca70f5b8f4f7759fa02,uniform_rounded_equivalent_v1,676758f72f09e52721340d1b1fb95e6cae8ecd8d2285983b4a7025ed710b5b2a
mmlu_science__subject_college_physics__model=qwen2_5_3b,qwen2_5_3b,8,9,100,0.8645044989311667,9.253855832897145,1.0282062036552382,0669721fa26117fee305b0747bbe1736274542aa726a1ca70f5b8f4f7759fa02,uniform_rounded_equivalent_v1,8056ff3b7fd6b7e6079cc2fc71521fafc384e9ba23ca7d4ad260e1987873d76f
mmlu_science__subject_college_physics__model=qwen2_5_3b,qwen2_5_3b,16,20,100,0.7724160148413262,20.714226132774844,1.0357113066387422,0669721fa26117fee305b0747bbe1736274542aa726a1ca70f5b8f4f7759fa02,uniform_rounded_equivalent_v1,475943a2ccd7de6dffd83854c2b4d6f3787dea3cbd5b7caa806106985989af8a
mmlu_science__subject_college_physics__model=qwen2_5_3b,qwen2_5_3b,32,48,100,0.6630148417862326,48.2643795933566,1.0055079081949292,0669721fa26117fee305b0747bbe1736274542aa726a1ca70f5b8f4f7759fa02,uniform_rounded_equivalent_v1,10856ad897cb2c68c307d795adbe502e37ed6c70449b6b977697d7d410e9abe2
mmlu_science__subject_college_physics__model=qwen2_5_3b,qwen2_5_3b,64,116,100,0.548613085505033,116.65780800887015,1.0056707586971565,0669721fa26117fee305b0747bbe1736274542aa726a1ca70f5b8f4f7759fa02,uniform_rounded_equivalent_v1,9d8c2201f5134beb38b23a55421c7e451143b68025d17682b37d6021e53ef0dc
mmlu_science__subject_college_physics__model=qwen2_5_7b,qwen2_5_7b,8,9,100,0.8331622056217293,9.601971796152434,1.0668857551280482,0669721fa26117fee305b0747bbe1736274542aa726a1ca70f5b8f4f7759fa02,uniform_rounded_equivalent_v1,888f742488253def4aef595cdbdcec83b7d4bed5a77cb5ae7800b97be2aff9e7
mmlu_science__subject_college_physics__model=qwen2_5_7b,qwen2_5_7b,16,21,100,0.7286804670408613,21.957498140406155,1.0455951495431501,0669721fa26117fee305b0747bbe1736274542aa726a1ca70f5b8f4f7759fa02,uniform_rounded_equivalent_v1,50b203dc8d06373e5d59201a0c8004c601eb7fa3b8138b2efdd8ba63657bf19e
mmlu_science__subject_college_physics__model=qwen2_5_7b,qwen2_5_7b,32,51,100,0.61619069329629,51.93197552013833,1.018274029806634,0669721fa26117fee305b0747bbe1736274542aa726a1ca70f5b8f4f7759fa02,uniform_rounded_equivalent_v1,0b1dd9210f96668b7567783664c2fced1fa3671cb11deacc43c14442900c02c6
mmlu_science__subject_college_physics__model=qwen2_5_7b,qwen2_5_7b,64,126,100,0.5043933047322993,126.8851100907599,1.0070246832599992,0669721fa26117fee305b0747bbe1736274542aa726a1ca70f5b8f4f7759fa02,uniform_rounded_equivalent_v1,e2d01335585e750304c734bbe1e767e785edbc7b37596b0123bf0980522b586a
mmlu_science__subject_college_physics__model=qwen3_5_27b,qwen3_5_27b,8,9,100,0.8665924825417666,9.231559425181638,1.0257288250201821,0669721fa26117fee305b0747bbe1736274542aa726a1ca70f5b8f4f7759fa02,uniform_rounded_equivalent_v1,5995b0fd5ab78fdea7da9257576617a285027017eea7c59626e6f82361f87a51
mmlu_science__subject_college_physics__model=qwen3_5_27b,qwen3_5_27b,16,21,100,0.7584520946869128,21.095597351609612,1.004552254838553,0669721fa26117fee305b0747bbe1736274542aa726a1ca70f5b8f4f7759fa02,uniform_rounded_equivalent_v1,768e0e0aef8bff028f4c3e40d611f72bd0107b26849ec3679413c1b39477e34b
mmlu_science__subject_college_physics__model=qwen3_5_27b,qwen3_5_27b,32,51,100,0.6195070458106514,51.65397264873176,1.0128229931123873,0669721fa26117fee305b0747bbe1736274542aa726a1ca70f5b8f4f7759fa02,uniform_rounded_equivalent_v1,4a2ce1166f35c1645a7bbb9ea25feadfa17bb548f3d11a427005da2a4e7bd112
mmlu_science__subject_college_physics__model=qwen3_5_27b,qwen3_5_27b,64,138,100,0.4633498736411098,138.1245655622463,1.0009026490017847,0669721fa26117fee305b0747bbe1736274542aa726a1ca70f5b8f4f7759fa02,uniform_rounded_equivalent_v1,03b753204b8a7c98654209097405296ff3991f77d272c599b2ace6e9aa1132af
mmlu_science__subject_college_physics__model=qwen3_5_4b,qwen3_5_4b,8,11,100,0.6733646773394415,11.88063506926013,1.0800577335691026,0669721fa26117fee305b0747bbe1736274542aa726a1ca70f5b8f4f7759fa02,uniform_rounded_equivalent_v1,fc6be5c2a7ccb5ebf24799be8bdb04846862d468bb474dfdeb3b4591c50fabbe
mmlu_science__subject_college_physics__model=qwen3_5_4b,qwen3_5_4b,16,29,100,0.5369153830327202,29.799853953942204,1.0275811708255933,0669721fa26117fee305b0747bbe1736274542aa726a1ca70f5b8f4f7759fa02,uniform_rounded_equivalent_v1,ff15fcb924861655a0361b726eb91639b85e4011e8a69c9e163ba65379003684
mmlu_science__subject_college_physics__model=qwen3_5_4b,qwen3_5_4b,32,72,100,0.4390004641394315,72.89286142949598,1.0124008531874442,0669721fa26117fee305b0747bbe1736274542aa726a1ca70f5b8f4f7759fa02,uniform_rounded_equivalent_v1,7b028650ed92f3131127f553507263b6dc8734444316ff521a5001d1713c6781
mmlu_science__subject_college_physics__model=qwen3_5_4b,qwen3_5_4b,64,173,100,0.3697528748779277,173.08857982816042,1.000512022128095,0669721fa26117fee305b0747bbe1736274542aa726a1ca70f5b8f4f7759fa02,uniform_rounded_equivalent_v1,2df53b4a51596d0808da6939a0f14eeb78d52dc7ef10af2ffc72deb7848bcd7f
mmlu_science__subject_college_physics__model=qwen3_5_9b,qwen3_5_9b,8,13,100,0.5748796322407748,13.915956578279657,1.0704581983292043,0669721fa26117fee305b0747bbe1736274542aa726a1ca70f5b8f4f7759fa02,uniform_rounded_equivalent_v1,def25d004072ade5e51efecbe8470a00bc1a0fca86ba5afeef1e59ae53698f11
mmlu_science__subject_college_physics__model=qwen3_5_9b,qwen3_5_9b,16,34,100,0.457556376282403,34.968368553834395,1.028481428053953,0669721fa26117fee305b0747bbe1736274542aa726a1ca70f5b8f4f7759fa02,uniform_rounded_equivalent_v1,90084dda41d46ae4d98dfcbe9dc37e74142d6a0e82323b6ff708fd1348db5c24
mmlu_science__subject_college_physics__model=qwen3_5_9b,qwen3_5_9b,32,81,100,0.3938748106902813,81.24408855676432,1.0030134389723993,0669721fa26117fee305b0747bbe1736274542aa726a1ca70f5b8f4f7759fa02,uniform_rounded_equivalent_v1,81be83910f05d196ac9803e2ca6aa5c8ab5905ea59c9d6f009f99db7dfd89fcd
mmlu_science__subject_college_physics__model=qwen3_5_9b,qwen3_5_9b,64,191,100,0.3340684102799799,191.57752732849582,1.003023703290554,0669721fa26117fee305b0747bbe1736274542aa726a1ca70f5b8f4f7759fa02,uniform_rounded_equivalent_v1,78159af9dff4a0c05f9ac8fbffc663b93fec926c642547099bc8dc1932cabd54
supergpqa_science__field_biology__model=qwen2_5_32b,qwen2_5_32b,8,9,100,0.8542781139377376,9.364631809569062,1.0405146455076735,0669721fa26117fee305b0747bbe1736274542aa726a1ca70f5b8f4f7759fa02,uniform_rounded_equivalent_v1,b9991bbe157bae55d98a93011eb96720bbb1068b6fc24718de0a7bb406475380
supergpqa_science__field_biology__model=qwen2_5_32b,qwen2_5_32b,16,20,100,0.7665754627798796,20.87204818946098,1.0436024094730492,0669721fa26117fee305b0747bbe1736274542aa726a1ca70f5b8f4f7759fa02,uniform_rounded_equivalent_v1,6277155f162ae9c2cbbdbd18a988d20adfc01fb9dfa3fcb08827f1b1531ba697
supergpqa_science__field_biology__model=qwen2_5_32b,qwen2_5_32b,32,47,100,0.6752688336495591,47.388533877763535,1.008266678250288,0669721fa26117fee305b0747bbe1736274542aa726a1ca70f5b8f4f7759fa02,uniform_rounded_equivalent_v1,d8da3e2d7dd292d2189422cd0bdd5f642148519b735958b63340965c5f9ec72c
supergpqa_science__field_biology__model=qwen2_5_32b,qwen2_5_32b,64,107,100,0.592891350087976,107.94557888305063,1.008837185822903,0669721fa26117fee305b0747bbe1736274542aa726a1ca70f5b8f4f7759fa02,uniform_rounded_equivalent_v1,2c676e911a772ad4413fedcef18358f85758e2e0c1273e20ffe0592ca950b199
supergpqa_science__field_biology__model=qwen2_5_3b,qwen2_5_3b,8,10,100,0.7364319563749615,10.863189641279936,1.0863189641279936,0669721fa26117fee305b0747bbe1736274542aa726a1ca70f5b8f4f7759fa02,uniform_rounded_equivalent_v1,227a91f02d5ccfcf362ef1b088caa65c5f57186bc69395562bc03026e5c07f9f
supergpqa_science__field_biology__model=qwen2_5_3b,qwen2_5_3b,16,27,100,0.586517046608517,27.279684524974314,1.0103586861101599,0669721fa26117fee305b0747bbe1736274542aa726a1ca70f5b8f4f7759fa02,uniform_rounded_equivalent_v1,403e20f8fa77fb8630094c4d2b39843751c6298f04075ad16c6b32e9a7b72adc
supergpqa_science__field_biology__model=qwen2_5_3b,qwen2_5_3b,32,67,100,0.4705935911040437,67.99922609427358,1.0149138223025909,0669721fa26117fee305b0747bbe1736274542aa726a1ca70f5b8f4f7759fa02,uniform_rounded_equivalent_v1,63a0f86a0467fbf5a9612d95885c30f4b8d95a7ba93e81f0924ea4c7489efe62
supergpqa_science__field_biology__model=qwen2_5_3b,qwen2_5_3b,64,170,100,0.3745515341958095,170.8710128164682,1.0051236048027543,0669721fa26117fee305b0747bbe1736274542aa726a1ca70f5b8f4f7759fa02,uniform_rounded_equivalent_v1,881fc2d9ce02686276d53b4075c9d9f5ef021028b5a3db232d0efc31301dc25c
supergpqa_science__field_biology__model=qwen2_5_7b,qwen2_5_7b,8,10,100,0.7738119827961976,10.33842868533996,1.033842868533996,0669721fa26117fee305b0747bbe1736274542aa726a1ca70f5b8f4f7759fa02,uniform_rounded_equivalent_v1,a1af2dcc1aa0056c3489385f6f2f35759aa89a09c9a0fb72d4aebba164cd64d6
supergpqa_science__field_biology__model=qwen2_5_7b,qwen2_5_7b,16,24,100,0.6615010896936073,24.187412914785742,1.007808871449406,0669721fa26117fee305b0747bbe1736274542aa726a1ca70f5b8f4f7759fa02,uniform_rounded_equivalent_v1,44f1407948bb4fdb418014ed998a913faa1f9a03afdc0b541282cf96162489bf
supergpqa_science__field_biology__model=qwen2_5_7b,qwen2_5_7b,32,57,100,0.5539185861430086,57.77022255710763,1.0135126764404847,0669721fa26117fee305b0747bbe1736274542aa726a1ca70f5b8f4f7759fa02,uniform_rounded_equivalent_v1,511f859c95f197de3c849ff0e19020d4345814dcd224526543cc8aca7e84689a
supergpqa_science__field_biology__model=qwen2_5_7b,qwen2_5_7b,64,141,100,0.45096312618431605,141.91847688638327,1.0065140204708034,0669721fa26117fee305b0747bbe1736274542aa726a1ca70f5b8f4f7759fa02,uniform_rounded_equivalent_v1,9b34d0fa39b5a49d53086a7012859c23fca89da21d25ba39d3efc663756e2487
supergpqa_science__field_biology__model=qwen3_5_27b,qwen3_5_27b,8,9,100,0.884848176264662,9.041099043421845,1.004566560380205,0669721fa26117fee305b0747bbe1736274542aa726a1ca70f5b8f4f7759fa02,uniform_rounded_equivalent_v1,7a4588ed798578a6c0cab9b4ccaf963196b8d93ab381bf8796466b585ba72c2c
supergpqa_science__field_biology__model=qwen3_5_27b,qwen3_5_27b,16,19,100,0.8141604630796633,19.652145646422092,1.034323455074847,0669721fa26117fee305b0747bbe1736274542aa726a1ca70f5b8f4f7759fa02,uniform_rounded_equivalent_v1,c75f8dd01ea66b929125a19263f3e3972871b0b3765580713f339dd376b63c5d
supergpqa_science__field_biology__model=qwen3_5_27b,qwen3_5_27b,32,43,100,0.7395806046945806,43.26776526706621,1.006227099234098,0669721fa26117fee305b0747bbe1736274542aa726a1ca70f5b8f4f7759fa02,uniform_rounded_equivalent_v1,2d093ccdc4a5801c4491e23802af813318be4fe50173e7a4ae07c578c3139eda
supergpqa_science__field_biology__model=qwen3_5_27b,qwen3_5_27b,64,95,100,0.6709934780889708,95.38095687945551,1.0040100724153211,0669721fa26117fee305b0747bbe1736274542aa726a1ca70f5b8f4f7759fa02,uniform_rounded_equivalent_v1,f75e22c7017aad0dd69543b98ec0e09b67a2a9ba883a452eae6d725949f5f3d9
supergpqa_science__field_biology__model=qwen3_5_4b,qwen3_5_4b,8,8,100,0.9193365549204746,8.701927446681399,1.0877409308351749,0669721fa26117fee305b0747bbe1736274542aa726a1ca70f5b8f4f7759fa02,uniform_rounded_equivalent_v1,7efa4ad3650f1d12a8e8f5363fb3857d42fdbe9dd04ba8f8d3c6b9f3aa0457d8
supergpqa_science__field_biology__model=qwen3_5_4b,qwen3_5_4b,16,18,100,0.8652833362477484,18.491052964665982,1.0272807202592211,0669721fa26117fee305b0747bbe1736274542aa726a1ca70f5b8f4f7759fa02,uniform_rounded_equivalent_v1,83998087d08270c6113e5db5201fa09cb413e515fbe51b8907825cc3c1d04bb2
supergpqa_science__field_biology__model=qwen3_5_4b,qwen3_5_4b,32,39,100,0.8014396670448511,39.92814595513299,1.0237986142341793,0669721fa26117fee305b0747bbe1736274542aa726a1ca70f5b8f4f7759fa02,uniform_rounded_equivalent_v1,f32cf950b6c7ff05d5342e7f48e26b2d4788067d08962f836efe69634d93c593
supergpqa_science__field_biology__model=qwen3_5_4b,qwen3_5_4b,64,85,100,0.745043429680291,85.90103267867664,1.0106003844550193,0669721fa26117fee305b0747bbe1736274542aa726a1ca70f5b8f4f7759fa02,uniform_rounded_equivalent_v1,d9518ed296996690652aff14fea0df174303f02367ef6b36ffe0d992f508be6f
supergpqa_science__field_biology__model=qwen3_5_9b,qwen3_5_9b,8,8,100,0.9289015592112864,8.612322716728624,1.076540339591078,0669721fa26117fee305b0747bbe1736274542aa726a1ca70f5b8f4f7759fa02,uniform_rounded_equivalent_v1,a0de227dc2eeaa3239fa388c2581307e15a15ce3bc5e26f8792e4ab75acd9c57
supergpqa_science__field_biology__model=qwen3_5_9b,qwen3_5_9b,16,18,100,0.8778633093107696,18.226072134808735,1.0125595630449298,0669721fa26117fee305b0747bbe1736274542aa726a1ca70f5b8f4f7759fa02,uniform_rounded_equivalent_v1,df94bf845c9222237931d9e8c0d5038ec9dc2fb2a53a8b44e60932ae521e1449
supergpqa_science__field_biology__model=qwen3_5_9b,qwen3_5_9b,32,39,100,0.8147194020170507,39.277326550436435,1.0071109371906777,0669721fa26117fee305b0747bbe1736274542aa726a1ca70f5b8f4f7759fa02,uniform_rounded_equivalent_v1,39bf042190cad6f17a25c199a0069050d68544f0411ed8ef116d7b6dd15f7c35
supergpqa_science__field_biology__model=qwen3_5_9b,qwen3_5_9b,64,84,100,0.7531959722430237,84.97124567648375,1.0115624485295684,0669721fa26117fee305b0747bbe1736274542aa726a1ca70f5b8f4f7759fa02,uniform_rounded_equivalent_v1,1016c3b8d5c168ee0df3b872bf9c6b9d6f7d337e716812ce6d3a52db53806d6e
supergpqa_science__field_chemistry__model=qwen2_5_32b,qwen2_5_32b,8,8,100,0.9302616387473099,8.599731158185559,1.0749663947731949,0669721fa26117fee305b0747bbe1736274542aa726a1ca70f5b8f4f7759fa02,uniform_rounded_equivalent_v1,de240f224562fec877a2da4ed517d0847116145b24ceb4135710e8331616f3a6
supergpqa_science__field_chemistry__model=qwen2_5_32b,qwen2_5_32b,16,18,100,0.8766847362817819,18.250574394462046,1.0139207996923358,0669721fa26117fee305b0747bbe1736274542aa726a1ca70f5b8f4f7759fa02,uniform_rounded_equivalent_v1,cd204d69b83b68f329f8217fdf2ff8e7d32b3b745f22f2fd394371389095f345
supergpqa_science__field_chemistry__model=qwen2_5_32b,qwen2_5_32b,32,38,100,0.8212106595346573,38.966859025104405,1.025443658555379,0669721fa26117fee305b0747bbe1736274542aa726a1ca70f5b8f4f7759fa02,uniform_rounded_equivalent_v1,f8fcd0a06dc3d304f6fba791be4def120161802f5adf14473a0ed6123a141366
supergpqa_science__field_chemistry__model=qwen2_5_32b,qwen2_5_32b,64,83,100,0.7677088536120111,83.3649367190243,1.004396827940052,0669721fa26117fee305b0747bbe1736274542aa726a1ca70f5b8f4f7759fa02,uniform_rounded_equivalent_v1,70031da530b90ed65270b8f55812124dbba07faf47717b5a2bdc18e753b04c50
supergpqa_science__field_chemistry__model=qwen2_5_3b,qwen2_5_3b,8,8,100,0.8942947515159712,8.945596500973235,1.1181995626216543,0669721fa26117fee305b0747bbe1736274542aa726a1ca70f5b8f4f7759fa02,uniform_rounded_equivalent_v1,8194d0b6959d814c33bfdc55188ca7aed496cf7b7100196b0f7d278183eba57b
supergpqa_science__field_chemistry__model=qwen2_5_3b,qwen2_5_3b,16,19,100,0.8308544109922317,19.257284776152673,1.0135413040080354,0669721fa26117fee305b0747bbe1736274542aa726a1ca70f5b8f4f7759fa02,uniform_rounded_equivalent_v1,0a1dc3f69d279e5a2378885dce2b6de921eca38c83ddbeba99fc0cde8ded9095
supergpqa_science__field_chemistry__model=qwen2_5_3b,qwen2_5_3b,32,43,100,0.7416813520343813,43.1452131191194,1.0033770492818463,0669721fa26117fee305b0747bbe1736274542aa726a1ca70f5b8f4f7759fa02,uniform_rounded_equivalent_v1,b1a378564d4a2afa3e296cd279f69cc913fb507cd2832444cc867b5b74d76eb4
supergpqa_science__field_chemistry__model=qwen2_5_3b,qwen2_5_3b,64,97,100,0.656895329451058,97.42800280446859,1.004412400046068,0669721fa26117fee305b0747bbe1736274542aa726a1ca70f5b8f4f7759fa02,uniform_rounded_equivalent_v1,32bfb4bd978470bc92053875028e30454f5d156ca7583f651d94ad780786b1ce
supergpqa_science__field_chemistry__model=qwen2_5_7b,qwen2_5_7b,8,10,100,0.7917318019898505,10.104431803665953,1.0104431803665952,0669721fa26117fee305b0747bbe1736274542aa726a1ca70f5b8f4f7759fa02,uniform_rounded_equivalent_v1,7a028b26eacea88b89932bf7df486dc4261c451f53eb538f85324b6261cf0477
supergpqa_science__field_chemistry__model=qwen2_5_7b,qwen2_5_7b,16,23,100,0.6715793610988297,23.824436733465127,1.035845075368049,0669721fa26117fee305b0747bbe1736274542aa726a1ca70f5b8f4f7759fa02,uniform_rounded_equivalent_v1,920c00cb2b7bae6b88ca6de6924c69d3fe2f247c43bbacc187b318d6c273d9df
supergpqa_science__field_chemistry__model=qwen2_5_7b,qwen2_5_7b,32,55,100,0.5748637116644291,55.66536789624264,1.0120975981135025,0669721fa26117fee305b0747bbe1736274542aa726a1ca70f5b8f4f7759fa02,uniform_rounded_equivalent_v1,e422ddf779742e5a7e28d38b86a35b23bedc0a9f5cdc0b09493f75b0c3f7da84
supergpqa_science__field_chemistry__model=qwen2_5_7b,qwen2_5_7b,64,131,100,0.48708622460127127,131.39357421243105,1.0030043833010005,0669721fa26117fee305b0747bbe1736274542aa726a1ca70f5b8f4f7759fa02,uniform_rounded_equivalent_v1,9ba8524a7aa44cdd50ca00ff0c370dc0a0c7a1341bc8b5c0eecdb32b783a0649
supergpqa_science__field_chemistry__model=qwen3_5_27b,qwen3_5_27b,8,9,100,0.8719976819991132,9.174336314357468,1.0193707015952742,0669721fa26117fee305b0747bbe1736274542aa726a1ca70f5b8f4f7759fa02,uniform_rounded_equivalent_v1,4cf33bd88b334febf35258eb7b4cdec39fa445f793947178ade05f0e550ded48
supergpqa_science__field_chemistry__model=qwen3_5_27b,qwen3_5_27b,16,20,100,0.7943152846463264,20.14313498590688,1.007156749295344,0669721fa26117fee305b0747bbe1736274542aa726a1ca70f5b8f4f7759fa02,uniform_rounded_equivalent_v1,5554e45608c7c0a00999317eeb15c4111550dc508622ea71dcaa3035b8011fed
supergpqa_science__field_chemistry__model=qwen3_5_27b,qwen3_5_27b,32,44,100,0.7199015859546869,44.45052021598712,1.010239095817889,0669721fa26117fee305b0747bbe1736274542aa726a1ca70f5b8f4f7759fa02,uniform_rounded_equivalent_v1,2747faea58151e185cb706d7d59c8d2469ac89c1b1f6628792a8b5ae07899e0a
supergpqa_science__field_chemistry__model=qwen3_5_27b,qwen3_5_27b,64,97,100,0.6565224649099981,97.48333594155638,1.0049828447583131,0669721fa26117fee305b0747bbe1736274542aa726a1ca70f5b8f4f7759fa02,uniform_rounded_equivalent_v1,2a5beb6666c2dd24ea449fc22426f915f19e19ba34a4678f3ddf5c50d5cefbb0
supergpqa_science__field_chemistry__model=qwen3_5_4b,qwen3_5_4b,8,8,100,0.9136109737139451,8.756462247250578,1.0945577809063223,0669721fa26117fee305b0747bbe1736274542aa726a1ca70f5b8f4f7759fa02,uniform_rounded_equivalent_v1,35973088392ae840316da44942b62bb8f111d70332606bd2eb241bcf6066e886
supergpqa_science__field_chemistry__model=qwen3_5_4b,qwen3_5_4b,16,18,100,0.8528987380089328,18.759554079481383,1.042197448860077,0669721fa26117fee305b0747bbe1736274542aa726a1ca70f5b8f4f7759fa02,uniform_rounded_equivalent_v1,9805db4a5d8d28e3122d1bf83cb8b04dcd128120f2dd3dd499018e10bf8d2eb5
supergpqa_science__field_chemistry__model=qwen3_5_4b,qwen3_5_4b,32,40,100,0.7904108046323132,40.48527653273401,1.0121319133183504,0669721fa26117fee305b0747bbe1736274542aa726a1ca70f5b8f4f7759fa02,uniform_rounded_equivalent_v1,e10c2a1d27d984a6fa1905f3711f6d3c1dee4f46c1751ca3ab3d004b6aadd4a4
supergpqa_science__field_chemistry__model=qwen3_5_4b,qwen3_5_4b,64,87,100,0.7333577468950765,87.26982195383647,1.0031014017682354,0669721fa26117fee305b0747bbe1736274542aa726a1ca70f5b8f4f7759fa02,uniform_rounded_equivalent_v1,a4ffdab509bceab8300ac849b5bfc6d1e17520ceba255aba3f102fc5d48f30a4
supergpqa_science__field_chemistry__model=qwen3_5_9b,qwen3_5_9b,8,8,100,0.9068840580591844,8.821414301978953,1.102676787747369,0669721fa26117fee305b0747bbe1736274542aa726a1ca70f5b8f4f7759fa02,uniform_rounded_equivalent_v1,8b0841598c5f181918076882daf2bbd3a825080d24d723ca556941d40861df99
supergpqa_science__field_chemistry__model=qwen3_5_9b,qwen3_5_9b,16,18,100,0.8438528753287124,18.960651160627258,1.0533695089237365,0669721fa26117fee305b0747bbe1736274542aa726a1ca70f5b8f4f7759fa02,uniform_rounded_equivalent_v1,464112223bd287b1dd994023868095608046795f2b01a904d3463755be47189c
supergpqa_science__field_chemistry__model=qwen3_5_9b,qwen3_5_9b,32,41,100,0.7800278322103404,41.024177187783934,1.0005896875069251,0669721fa26117fee305b0747bbe1736274542aa726a1ca70f5b8f4f7759fa02,uniform_rounded_equivalent_v1,6f352c083f7912be7247bdd9334f1d91a3a789f11659e86f76eec394ab771b60
supergpqa_science__field_chemistry__model=qwen3_5_9b,qwen3_5_9b,64,88,100,0.7234584275008118,88.4639636047756,1.0052723136906319,0669721fa26117fee305b0747bbe1736274542aa726a1ca70f5b8f4f7759fa02,uniform_rounded_equivalent_v1,3b3323af5254d5c2eec788ab202c192db2c0a1c2221aa663f1ef8533f8d0b61d
supergpqa_science__field_physics__model=qwen2_5_32b,qwen2_5_32b,8,8,100,0.9379881440505315,8.528892450019093,1.0661115562523866,0669721fa26117fee305b0747bbe1736274542aa726a1ca70f5b8f4f7759fa02,uniform_rounded_equivalent_v1,ca4780f34d161d3c6fb0917171b190e3b5cbbe5b7de1c330372cac67a7fc5efb
supergpqa_science__field_physics__model=qwen2_5_32b,qwen2_5_32b,16,17,100,0.8927906423361157,17.92133479147327,1.05419616420431,0669721fa26117fee305b0747bbe1736274542aa726a1ca70f5b8f4f7759fa02,uniform_rounded_equivalent_v1,8c7b52294023d35e8c6609bbfc50b61e3cfe6b8ac9d99d1f80ef2f08af1093a5
supergpqa_science__field_physics__model=qwen2_5_32b,qwen2_5_32b,32,37,100,0.8495470088671717,37.66713279665406,1.0180306161257855,0669721fa26117fee305b0747bbe1736274542aa726a1ca70f5b8f4f7759fa02,uniform_rounded_equivalent_v1,e113fdb392c9bb8084d8828ae040ce862b48d32b2492997d53377acd3453d183
supergpqa_science__field_physics__model=qwen2_5_32b,qwen2_5_32b,64,79,100,0.8074428188096885,79.26257873510741,1.0033237814570557,0669721fa26117fee305b0747bbe1736274542aa726a1ca70f5b8f4f7759fa02,uniform_rounded_equivalent_v1,0389cdaba8eeee44493558377c71db3549e261a04ffb244a9cea5861aae23831
supergpqa_science__field_physics__model=qwen2_5_3b,qwen2_5_3b,8,9,100,0.8407285337784991,9.515556661370201,1.057284073485578,0669721fa26117fee305b0747bbe1736274542aa726a1ca70f5b8f4f7759fa02,uniform_rounded_equivalent_v1,078b6787daef2bd430e687eb8ad7536cf694fd2ccafa613fc33eb8998f40c87b
supergpqa_science__field_physics__model=qwen2_5_3b,qwen2_5_3b,16,21,100,0.7470878862345574,21.41648967251037,1.0198328415481128,0669721fa26117fee305b0747bbe1736274542aa726a1ca70f5b8f4f7759fa02,uniform_rounded_equivalent_v1,f3297fc382a7fb49c8b0f27a86e24033f3d17725e0cb80503aae0a9a63bd54e3
supergpqa_science__field_physics__model=qwen2_5_3b,qwen2_5_3b,32,47,100,0.6683873871364089,47.8764270778635,1.0186473846353936,0669721fa26117fee305b0747bbe1736274542aa726a1ca70f5b8f4f7759fa02,uniform_rounded_equivalent_v1,2b73c2620702303d340f52f0ecc7a5a0f923fa8be61dfb3cb68e6a3bf8949a17
supergpqa_science__field_physics__model=qwen2_5_3b,qwen2_5_3b,64,107,100,0.5965277083524525,107.2875561417949,1.0026874405775223,0669721fa26117fee305b0747bbe1736274542aa726a1ca70f5b8f4f7759fa02,uniform_rounded_equivalent_v1,06fae11c8a392b0de1478fb9ae2f01a6dab5813e4634d6d3670d3724eda78be7
supergpqa_science__field_physics__model=qwen2_5_7b,qwen2_5_7b,8,10,100,0.7937793923428816,10.078366958340377,1.0078366958340377,0669721fa26117fee305b0747bbe1736274542aa726a1ca70f5b8f4f7759fa02,uniform_rounded_equivalent_v1,66a8f66e7b486eef3468d630f9f7d49d578b78e19c9c38a5cb45b2f10f0fa1d2
supergpqa_science__field_physics__model=qwen2_5_7b,qwen2_5_7b,16,23,100,0.6725679853754591,23.78941660606704,1.0343224611333495,0669721fa26117fee305b0747bbe1736274542aa726a1ca70f5b8f4f7759fa02,uniform_rounded_equivalent_v1,f658611f0d2e94db3284a3373a6879cb4ca0bbd4d79def9d124e24f813125d5d
supergpqa_science__field_physics__model=qwen2_5_7b,qwen2_5_7b,32,56,100,0.5620918778441427,56.9301946200208,1.016610618214657,0669721fa26117fee305b0747bbe1736274542aa726a1ca70f5b8f4f7759fa02,uniform_rounded_equivalent_v1,ae8b5c6f43d1632ad451c1923f1d271479bfdcfe2d5d32ecc5341d56b59c846a
supergpqa_science__field_physics__model=qwen2_5_7b,qwen2_5_7b,64,137,100,0.4654260477840778,137.50841901674383,1.0037110877134585,0669721fa26117fee305b0747bbe1736274542aa726a1ca70f5b8f4f7759fa02,uniform_rounded_equivalent_v1,8b7fd5b562efc4fed1c69ec8e5ed1a1fdf7d5ff0b268c503c31f719409d793e5
supergpqa_science__field_physics__model=qwen3_5_27b,qwen3_5_27b,8,9,100,0.861057178942167,9.290904478409,1.0323227198232223,0669721fa26117fee305b0747bbe1736274542aa726a1ca70f5b8f4f7759fa02,uniform_rounded_equivalent_v1,e9949e7bedd19e4da1a7d6515ccf01d8f4b33063424bcfb901a42b19fb733ec5
supergpqa_science__field_physics__model=qwen3_5_27b,qwen3_5_27b,16,20,100,0.7792597553641317,20.532306320019742,1.0266153160009872,0669721fa26117fee305b0747bbe1736274542aa726a1ca70f5b8f4f7759fa02,uniform_rounded_equivalent_v1,d74206beb9e68b9b1483ab30ef5431b75473f671074fdba20cefba2256f11a71
supergpqa_science__field_physics__model=qwen3_5_27b,qwen3_5_27b,32,46,100,0.695585930744919,46.00438074664688,1.0000952336227582,0669721fa26117fee305b0747bbe1736274542aa726a1ca70f5b8f4f7759fa02,uniform_rounded_equivalent_v1,d0529f14b620f6fbd23aacb4f00c7706f1f26bbe2d0daa8f863a8dd64029fdce
supergpqa_science__field_physics__model=qwen3_5_27b,qwen3_5_27b,64,102,100,0.6271065419253694,102.05602353230833,1.0005492503167484,0669721fa26117fee305b0747bbe1736274542aa726a1ca70f5b8f4f7759fa02,uniform_rounded_equivalent_v1,aafcb3e35bd9ce0edaafd11c47267a8412a1cbe6d29baa9b672341112a9ac1ad
supergpqa_science__field_physics__model=qwen3_5_4b,qwen3_5_4b,8,8,100,0.8979509085730907,8.90917301115334,1.1136466263941676,0669721fa26117fee305b0747bbe1736274542aa726a1ca70f5b8f4f7759fa02,uniform_rounded_equivalent_v1,59a89d6385c9f561e3d69866ecc80e86d83c353b5f0fde83e8a9841501632b10
supergpqa_science__field_physics__model=qwen3_5_4b,qwen3_5_4b,16,19,100,0.8357672558046875,19.144085735441973,1.0075834597601039,0669721fa26117fee305b0747bbe1736274542aa726a1ca70f5b8f4f7759fa02,uniform_rounded_equivalent_v1,69101841f38cd078830661f6f34eae846bf99a104f884794c59ec18709611321
supergpqa_science__field_physics__model=qwen3_5_4b,qwen3_5_4b,32,41,100,0.7754062180098789,41.268691502280824,1.006553451275142,0669721fa26117fee305b0747bbe1736274542aa726a1ca70f5b8f4f7759fa02,uniform_rounded_equivalent_v1,0a2f6cec852fb55b6d8057fc4f7df0d65be951ee45e3b8108377433c1e757959
supergpqa_science__field_physics__model=qwen3_5_4b,qwen3_5_4b,64,88,100,0.7227752619475696,88.54757954436269,1.0062224948223033,0669721fa26117fee305b0747bbe1736274542aa726a1ca70f5b8f4f7759fa02,uniform_rounded_equivalent_v1,6f7935c58b6ed872b425b18693bb3eaa67086a3b8c03490ecbd08a69301e3cd5
supergpqa_science__field_physics__model=qwen3_5_9b,qwen3_5_9b,8,8,100,0.89807861370308,8.907906143108464,1.113488267888558,0669721fa26117fee305b0747bbe1736274542aa726a1ca70f5b8f4f7759fa02,uniform_rounded_equivalent_v1,72feaae47295cce5155de7de6b9167ca060a82876f8de12ab70e666b8e4f0e2c
supergpqa_science__field_physics__model=qwen3_5_9b,qwen3_5_9b,16,19,100,0.8311439357378418,19.25057659934211,1.0131882420706373,0669721fa26117fee305b0747bbe1736274542aa726a1ca70f5b8f4f7759fa02,uniform_rounded_equivalent_v1,a2604b1e849369b54ce233d0bc84e063dea0ae4ec051e874a53d7ec6d8c3abaf
supergpqa_science__field_physics__model=qwen3_5_9b,qwen3_5_9b,32,42,100,0.757883026201875,42.2228746306244,1.0053065388243907,0669721fa26117fee305b0747bbe1736274542aa726a1ca70f5b8f4f7759fa02,uniform_rounded_equivalent_v1,40035de14b4dd1c1b1d96d6ea825ffbd94a161997ca232e2d6f8c2fc90944811
supergpqa_science__field_physics__model=qwen3_5_9b,qwen3_5_9b,64,92,100,0.6938820028833736,92.23470234716117,1.0025511124691433,0669721fa26117fee305b0747bbe1736274542aa726a1ca70f5b8f4f7759fa02,uniform_rounded_equivalent_v1,a5f4a18eb95e859cb519ef516f2bbc87b33284937f41c620e3baae1a99df5554
