profile,model,budget,strategy,time_seconds,useful_eflop,wasted_eflop,accepted_rollouts,extra_rollouts,reference_budget,target_fingerprint,protocol_fingerprint,run_uuid
aime24__model=qwen2_5_32b,qwen2_5_32b,8,uniform,392.880497802,0.018106126187505664,0.0,240,0,8,ea69bd43ad20ee5fac5510647dfaa8ce517626b5f04805acc52cd2a8c97f6282,dadcdff70d760032e2b199a4cc7cc791797fbcab2ddaa3b629d78621ede49b59,d22f2d55126244678b4e54197c74b74e
aime24__model=qwen2_5_32b,qwen2_5_32b,18,uniform,429.92311289,0.04140479767021568,0.0,540,0,16,15df857514fe1ff900dda8eaee952b9a0b13a47aa69c78faf96ba4edbc5e6298,a678301ffe1ac35db7bb4d4acca0643da1bf70eb2ffe08403bd7369f3e7efd9d,3ca4d21cb32744c7b8b330067ea9c557
aime24__model=qwen2_5_32b,qwen2_5_32b,39,uniform,570.300412907,0.08956162484818739,0.0,1170,0,32,4285dd7b166cf753ab6146fad4d1c47d0ed648fcfe18d02dc2959037e0cb3669,b1e7f93e3f752ba507cd3e822db47b680bd057ead48cac730a1a016ab8174ad0,119c3e7ec6e14c7bb4f09fbb2151f44e
aime24__model=qwen2_5_32b,qwen2_5_32b,84,uniform,841.578334109,0.21161364242494873,0.0,2520,0,64,838e74784f6d5586e078570ee7f810ae7c692c0174aa1a8be4aa8299b460f1e5,8a95786ec033bc1e17ec420db3f151fff6e04d45365ff2be1b9892df1b73cfd8,b5178bec17a74e7e86fa41673c12389f
aime24__model=qwen2_5_3b,qwen2_5_3b,9,uniform,74.206763469,0.003199452646948864,0.0,270,0,8,399b9e4ebab2974cdc03b78b8887ca78eceaded4b3dbc6a04dcfddc6f43f0926,d9147ba1613eb9815d97121c054e0fbeace21e900119187c49685e21a21b5c6c,206c6f7c588d46ad84cb07a7a9801910
aime24__model=qwen2_5_3b,qwen2_5_3b,19,uniform,93.241972753,0.009143767076888576,0.0,570,0,16,6a428c7c7ec94cb6962b309eac1c81d363b418764e3ba1829f64b19201c6bf0e,d128044d74ac9905483f1cd79430bf57e1e42e794ba095ce885c5662d8cb620b,91622f05202b400ebd38cb969fcb77ea
aime24__model=qwen2_5_3b,qwen2_5_3b,43,uniform,141.811752661,0.018852052605509633,0.0,1290,0,32,04bb4aeec7161f45fec6ec171fb69656481c376e2f6a30c5a2524f5cce757106,209e54cb84eb61ab621fdcd59c148aa0b7a697d01f5dbbb435b57127441c834d,89d9c0bccd84405380beb029c7935a31
aime24__model=qwen2_5_3b,qwen2_5_3b,96,uniform,237.423722059,0.04156228994013594,0.0,2880,0,64,50150ed3350996ee46fb092328db83437bf4bb23a2777d0169d30911b327d76d,cae807fde5d76b58ec97d4f690b8c0e568b5f59ff421188a1c0426e854509a58,1d1773b92fe8451b81204dea13a1ff97
aime24__model=qwen2_5_7b,qwen2_5_7b,9,uniform,107.922142794,0.006848987329501184,0.0,270,0,8,63112c7df58cac074f64900d363413b455998b0ff2cb1b80f09c9f3499fd3009,a3d261437ca5f9bd460b2fa5db8c4ceeac62cfa0eac1e647916f0cc3a3eabc9f,ae74f88ea69f449db7f916e68b0c8e6a
aime24__model=qwen2_5_7b,qwen2_5_7b,20,uniform,121.57733336,0.012612605585742847,0.0,600,0,16,1416f32fca74b4dfc87c905f6d443ac9a38848c70530944122244456a4ce9a7b,904829d2c5aaf0c1aaa593659cef920b0eb6119da094f38cb04b95d64335a54f,50c6eccc27ce4dee9e4909dae6275a96
aime24__model=qwen2_5_7b,qwen2_5_7b,45,uniform,161.906343693,0.029060566207970304,0.0,1350,0,32,32077fbd14c2b87c04ef9645da86848598c652081348f2f5e5867a877c845c80,27d341b6ab68bbee84da6c0c54eca0365336930fb583fb7574e0846425a762f8,22050222a8fd465c82a23c0406c23c62
aime24__model=qwen2_5_7b,qwen2_5_7b,99,uniform,258.604125095,0.06547966320321126,0.0,2970,0,64,77a410ab86049c5451fb6c627a27244fa26f5aee43c0d3af2c48aef4c0d9f913,8048792d0ba0a2bcd828ca0385228d78f540510c79a92fc2a366bb17d82af98f,4b5a38c0385540478b920a3730bbd2a0
aime24__model=qwen3_5_27b,qwen3_5_27b,8,uniform,587.966743539,0.15119048454861006,0.0,240,0,8,d20f582a8dbbf65bcb5994c580b70a69639ed668babaf62950ad5b1a83d68047,3449669f89cdb70f8e482387b07689d9f32ad9bfa2bbaaf6b1dbed5bc29548fe,42c9cd416c3941bf86b67ff893d020b3
aime24__model=qwen3_5_27b,qwen3_5_27b,18,uniform,1238.161514143,0.343788053554559,0.0,540,0,16,3e91068c83633ca249f7184006211f4871bf37883aae209d58cfc1529ae83629,779a13a40d5c7589cdf0f90f4d2b21babb2fb66d738e112b19d8d571e7c51f7a,f953c51c89f14257a98163f134cc3afd
aime24__model=qwen3_5_27b,qwen3_5_27b,40,uniform,2531.475562761,0.7619172549366016,0.0,1200,0,32,f7ed26c56d3b91353d881ab203461eeec58b799c64e6d3952c817dd2d8ce8b0d,a4a2f9d1c0b321ac2b9fdf7fe7d0075db7745bfec4723fa0fb293a1fd995e5e0,b5de963afee64c3c94c007ff7b53cf59
aime24__model=qwen3_5_27b,qwen3_5_27b,87,uniform,5264.55277386,1.6501774655056507,0.0,2610,0,64,6bd2959bfeef5f301cb8c1c6a013007b26331f3d1a1b9f0a15d4a8c2bf57f223,ce82e2e7036162ee127f15e065dab770f2a0a4410bdd967cd1b16088241607d1,f14a3e1ff7274eb0a6360ed82bfc7d61
aime24__model=qwen3_5_4b,qwen3_5_4b,8,uniform,234.057319705,0.029592134359543807,0.0,240,0,8,0460ce5a5ef0dc0b09e7c2858b73255cc6d0beea64de41bad04657d5ef36d0db,2baf08245f0ffa8022998f62242ae5421f5e48389c650d1f5ad21402952fbc55,d405b7bedb5247b38ac61b7a1a3adf5b
aime24__model=qwen3_5_4b,qwen3_5_4b,17,uniform,496.312522107,0.06099298574266573,0.0,510,0,16,c0ecdf67450f246b40217a1d7edb6fec67de1fb883a54fdadd3383eac2248e74,f2f25d39e7bcd1f48b73aec4f1cb809b5388e243004e681422727c936ed757f7,87bba9a87c59443fb24b940456641002
aime24__model=qwen3_5_4b,qwen3_5_4b,37,uniform,968.378788318,0.13336418916257384,0.0,1110,0,32,829e76c819b924e1804f5c9dd84841f0058094cea0aa0fb2cba3b3eeee4e8a27,0ed093b85e30578843bea1931224dd9b2c4cebe304b9aebdac7c8f67667df981,2137a38f243547c19095eecf4941326a
aime24__model=qwen3_5_4b,qwen3_5_4b,79,uniform,2012.189191169,0.2846282977957847,0.0,2370,0,64,81c996ade4f8d05ccce4fdb52800ff5c9230e779a3cc449c67e2a4f480d08591,8ef018c7ceb435c2ec464392c79476a91fffce206d0db9f88ad30a6502e61351,1f030dc2fea44822a592a8bde19bf43a
aime24__model=qwen3_5_9b,qwen3_5_9b,8,uniform,264.872053118,0.0519784739101655,0.0,240,0,8,c5b615e622bd394959f89a272c8b8fbf2979afb9cc272f12ff309e2bd06c5a5e,2bee3fb5b23d39ac7b0ffd706ebfb6cecc5e4eaa9b08b61c884db19127e1b999,aec832d1e39b4a129e332d8203309a56
aime24__model=qwen3_5_9b,qwen3_5_9b,17,uniform,568.060011487,0.11284905241463296,0.0,510,0,16,3866728e51505fbbcee411434eadf8317f327f51767385e4d04b4bb86323e7c1,046bfeb6ed83a8435b2126eeecf16f05d093f23e1748ae12b82eb7d60b16aaae,b5b2b1dedc7e49538e3ef24fa82af98d
aime24__model=qwen3_5_9b,qwen3_5_9b,36,uniform,1087.845539132,0.2334399160962775,0.0,1080,0,32,c5e3fbd44607a4f6d9e548ec68697e0f509982414916458030d2a8e4d8b78875,ba78d5d5c4b52970c3b9faea65f7f96420572dece57ec663232b0379becf8304,b29e2858db7d4a5ab694e12750d21848
aime24__model=qwen3_5_9b,qwen3_5_9b,76,uniform,2224.138900741,0.49537002145619763,0.0,2280,0,64,c4ff1c5b79ec8d95ff1c94a7e56edb1a268c4808a083358c2998ffada4d7f8f4,135ac9f17583f145a9f5ea203ee4838db0883c92d8ab9a2cde3251115cd5e9de,d7b44d1b319f4b2d9684992ce3600efe
aime25__model=qwen2_5_32b,qwen2_5_32b,8,uniform,48.558141068,0.016331644078895105,0.0,240,0,8,9817702c5ec0026378929944b06ab774d93c9cce76865deaf1bbf446269750aa,d2162873eee972e08df8538c1b7d31c934b3fb40c85db2d481c006eab8fc1fe5,cff5c6e419ff43d6b052cb4d841571ba
aime25__model=qwen2_5_32b,qwen2_5_32b,19,uniform,433.981860923,0.04146505137160192,0.0,570,0,16,2df32e568aa527056c5f7ac7c0e80681a9b75abc4aefc121c9a44f89f2a2d016,445f3a20e70d0f2500c448fb05795e0002c43c49bd2a763ffa9b0191b28bb6ad,c4cc90e3adbd44eab60c0521b574a7ea
aime25__model=qwen2_5_32b,qwen2_5_32b,41,uniform,517.412369351,0.09488266470384231,0.0,1230,0,32,a940b4501c4e01734de5ccc7968efc8a96ab1845b74043d2215bb04d4793bcf8,a13c3e7722cd7494efa158bfee8d80532465f11c9f8d49fa3f91d10493614a97,dd77c47ead504057828f3a1423458c33
aime25__model=qwen2_5_32b,qwen2_5_32b,89,uniform,864.471702472,0.2036108245485568,0.0,2670,0,64,da359ad1f385a44b1f0f7a729f1a23793c7ef46bde6af92a9f4dd7ae3120ae98,a2c1f99de147bbecd093910d9d2f24d2afc1eba921966e126a9901fea9ec67fa,7e60b60e790f4c18a3a86b87658fd610
aime25__model=qwen2_5_3b,qwen2_5_3b,8,uniform,69.24951949,0.002144939902951424,0.0,240,0,8,d2d54b399bf84a9045c76650fc9fc47225ef004d1d8e0e468943ba641a3b7457,32fcdd616d34d5c2755d9dce5c149950b8ee42dcbb6bee68aef6d46a4f757a80,f375e8e1a66e402eb0d4a729a30a75c3
aime25__model=qwen2_5_3b,qwen2_5_3b,18,uniform,75.57152837,0.004991043281608704,0.0,540,0,16,0b19db34aebf18a293838997a95a975ced506499ce54b71e98703906635aef3a,af40bbfa7248edd1d53906d9b411c261fea628d2fba0f04914913cb8841e709a,e01e1509eb544412abb2bf11ab757747
aime25__model=qwen2_5_3b,qwen2_5_3b,39,uniform,85.995488819,0.00938261906649088,0.0,1170,0,32,21942b559290b8f7250dd7fef3937a0665ce09c14f587b17ef8d34882620939c,8ae2eb32ecdc71dacc99387a4e1f171efd9a274d9f33ba3a2f92d16752cd970d,1215a8d6ce9f44578f1f32e96aa6f8d0
aime25__model=qwen2_5_3b,qwen2_5_3b,85,uniform,130.570135068,0.022264962394112,0.0,2550,0,64,a812cf9cc753d28712b952fbe5f44bd11779698e4f1c3cd840b5201cc2107b63,bf7abb7d51194aef6596a6ed0272692de39f81ae8cf089ef6c2dcf65177f7ad1,977dc9d2072b4920b1e9ce004df8e57d
aime25__model=qwen2_5_7b,qwen2_5_7b,9,uniform,99.097676395,0.004732276258855936,0.0,270,0,8,b68b3feba4b60de8305fa5aa9a79b0554c15a789543abd851e6fcf5ad79f5a89,fc25315d8112153d21a83544a41582735be22e3ed64bc70548d4612a09be3bb8,e5061c19dd6643d5a2e8032cc7910fdc
aime25__model=qwen2_5_7b,qwen2_5_7b,19,uniform,109.409645552,0.01029306474387968,0.0,570,0,16,67af88a96b6e5bc6fe43caff2b48698dfdb3e6550008fa08455ec4c11254ff15,360a3ac05a515226c1935027451c34ac7bec5bab325c1ace76211f46943e78f6,d436d0aadd5a4e40a1a87381cedef0ed
aime25__model=qwen2_5_7b,qwen2_5_7b,42,uniform,137.391466382,0.022981792006175745,0.0,1260,0,32,483dde9da6362baf8b9d0053b669509a1cf90148a33e9450458df266ab9b09bc,bc5e9a5165c26c66056382d051abea9fb5591bd133f03a027cace439bb265428,c88e2aca521e4f6cb3bb5fc4b3fd3836
aime25__model=qwen2_5_7b,qwen2_5_7b,93,uniform,210.224220694,0.05212251374713958,0.0,2790,0,64,1aee54f7ae8c04de91ea753432d852b6ff2206716cce940f197bd802aaf7990c,71d315534c1171c4c76ffc44ada9043b7beabdb1f81d24140c1fab47a106a75a,9b51ee536ba747daab467bc43fa8038f
aime25__model=qwen3_5_27b,qwen3_5_27b,8,uniform,599.666704091,0.16420737722091724,0.0,240,0,8,b7b17ee98f0fd0b7f77c494bfcd973081f0c957b9245dac411ccf8fcc8fe727a,718e11527a45af5a551a61419fd40653da9c7a2a3206bf2fc69e4bfedeb31146,ff020df3a8c44bdd93f7d575f2f9658b
aime25__model=qwen3_5_27b,qwen3_5_27b,18,uniform,1367.770774524,0.37127577755488256,0.0,540,0,16,4f2a1d960ebff64e4c62da88d061b9c3162863204d656003e6d165a58d7ac68a,789363c92b8580412be7b32db0916f91f379deffd72c083c0fe8de0737555e1d,92d59b1ce620498d871e4c1e1fe4ccfb
aime25__model=qwen3_5_27b,qwen3_5_27b,38,uniform,2667.834883108,0.784558956627754,0.0,1140,0,32,77ca5ee6b8b474c8c32aa33153e0225f05f0d7d4de3734deb0100ce8644eb13a,28d408cb3279646e24e03dae94e8aee4e9cd43a645fad4ab13bd7f1db358e54b,2f23c85130d64bc0a9a14f323f41d384
aime25__model=qwen3_5_27b,qwen3_5_27b,82,uniform,5498.462252383,1.6939489028161956,0.0,2460,0,64,bf7e6fb8be702c2d0de3ba478c9de64bee78725146434664eeea8766956f37b1,eb58c626b256b9ccc397f6eadf0e508c8b42b50c059e6cd409059a46a1d7f4dd,440ecbe2f68847be84838de11820802d
aime25__model=qwen3_5_4b,qwen3_5_4b,8,uniform,275.305564437,0.03057026564753203,0.0,240,0,8,da37e2ed454c8dc8d7fb995f6f67f15ac4af460ad8b66108aab41b17f1a1f38b,db13a6da8433d90280a8f431e704bdf24354f1638ec479fa22d56d8a1790ef90,09377f9a78514eba9d0331445cd413b3
aime25__model=qwen3_5_4b,qwen3_5_4b,18,uniform,540.86634328,0.0687668434430464,0.0,540,0,16,2c41e2a8a29e24cb019c83e2a46310d95dd143847756c3244fcf95090def1528,aadb6b54ffa80bfb3a772a92f30eecaf0bd2574532a1936a55a657e2947285e3,95bde46374d74b16891fd6c7464bacfe
aime25__model=qwen3_5_4b,qwen3_5_4b,38,uniform,1064.679628029,0.14499575620071628,0.0,1140,0,32,15537eba24a796365478243b5b9637578a49d0d4a26247991b882baef1affb22,f2fd02ebbbf6a230685fd106a5b87ef126952219847e7f8131df314490f737e4,2209167b62644fc2bf0c9aab9e7686c9
aime25__model=qwen3_5_4b,qwen3_5_4b,84,uniform,2280.147378912,0.32010945361104487,0.0,2520,0,64,d9089528d160c94d776bd0207b3e8d79339f6f81a34229b856ad3cc44db8641e,7cca7ebe6362dfec4fffccbeb7277fbab852f918782a07faf056a6156ad1a6b3,443b4a2443c04f92ba6934ddb8c2190c
aime25__model=qwen3_5_9b,qwen3_5_9b,8,uniform,274.280794881,0.054131539533312,0.0,240,0,8,fedc8b8bed142dd3cfdfbbe3b47a5745d81c6a89ee0727dfabf575e044992640,f5d449a7b7b17454bcbcef5ab053ef53d6694c254610e1243925a8d12f0f92ce,e2dffdfb52b547f09caf456693a91fdc
aime25__model=qwen3_5_9b,qwen3_5_9b,18,uniform,591.99189911,0.12344022948195225,0.0,540,0,16,0f1ee04fca27737a10a1bb192915855288982d3f2f82bfecf37f646e493c245a,e2cdd198fa3a2a742d93f286aad815dfa69cc628533b0b6259aaea28080d3c4d,af60e47e73264e0ab9fa05568f6748d8
aime25__model=qwen3_5_9b,qwen3_5_9b,39,uniform,1222.539451532,0.2666565149815337,0.0,1170,0,32,c822cf35d44eb8b907611627a37ba4e0911b7feb53f3d0ac0ac83f99b65df642,6c34429ea73f1808c7ebc26a17f6364f2b80cf3b64be833faffcddb45c073998,de37138687ba4ed99ec9908c2e631579
aime25__model=qwen3_5_9b,qwen3_5_9b,85,uniform,2645.197101809,0.5839964816801413,0.0,2550,0,64,d27a972b5613811e47e190d51f34e8e5177de72adb3bc10eb844434602d98e8f,ae00d0447c2e1390b68bc34a47c8d32ba3d2f610eb3a46f6768fb5aca3d08f43,7b5085c300ba417889f76debb3e993cf
aime26__model=qwen2_5_32b,qwen2_5_32b,9,uniform,396.376108172,0.022420701520254976,0.0,270,0,8,d78088f5cdfe6b24d47c4a314f6e03767fec9f698cd64d63b24a224f31ecb2f7,ccff63d823d5cd14fec85a77958257774b8133fe4d6ba51e4f1c7a3dc912501d,6d807c74b405408eab8648bd4f124bb2
aime26__model=qwen2_5_32b,qwen2_5_32b,19,uniform,561.030416318,0.04844559809563443,0.0,570,0,16,e1d3bec31c2c8b2be41eb89bf5ff17355438127be048a114262d407e5158a5aa,7f63a97b0ea637685520e663c1647e465ccc2c3a3a2e7e34dadafde9a05127db,c0f7d20e25824d14b94ff787c13e5303
aime26__model=qwen2_5_32b,qwen2_5_32b,42,uniform,659.979133443,0.11648798940567552,0.0,1260,0,32,a068676226e7558c6b9613b7053b8823e14a89661562fd461700558176218751,7677b5cd25837ec4c4244d889ebc47302f8b6dec1a9aef81461d72480ca912c9,0687b9eb672d451b82d32de9c452b2b0
aime26__model=qwen2_5_32b,qwen2_5_32b,91,uniform,896.737314931,0.22817533471531007,0.0,2730,0,64,40f322e59fbbf98ad19723357f855e382001417136cef01c460c52354213fce3,751ee3d58babf061df316f80a3cb5881846e5ab574afb2d56f129b860ee78433,9c90850371c94e4c8dfe9b9b76fee064
aime26__model=qwen2_5_3b,qwen2_5_3b,9,uniform,73.500871899,0.003069510259933184,0.0,270,0,8,be880cdc6c15a6244056ded19ddb7ac2ba85b12300d9706ce9a50fe6a61479c6,9670b7f8cdb4ff51df8632eb31f797194ce5f8a6097bd9b96ad58e7da40e4201,846fd311292141a6ab4946170e6373bb
aime26__model=qwen2_5_3b,qwen2_5_3b,20,uniform,87.879793449,0.007052359176880128,0.0,600,0,16,c9924511be08b02d0205913d0649505d00be9b51542e707c2df5e54f94bfaf54,21ba91d2176594f3a8dc6acb8b6e70b033e20d117d61f866de85bf66ae42f0d3,58351a50625444a485373d8c28c9f89c
aime26__model=qwen2_5_3b,qwen2_5_3b,46,uniform,112.928137888,0.016090208271204352,0.0,1380,0,32,84dbc4315e31fa94eef6867275b44ab7a82645ba1e2eef5ff6569f0ec242f45e,fa5bb8b1993f865f8d2ad81fb8a61716a17d7ad7f205ff4adafb2e1dd66016ef,ce1ff89e5cd64643ae29ad7ac6a78853
aime26__model=qwen2_5_3b,qwen2_5_3b,101,uniform,211.711449018,0.03814588349958554,0.0,3030,0,64,10882317a16b8293426f8c0d4d32553a008efe0a899126de1487e20d56383b95,00b53f940e56a4e2659bb28b8725aaa2466fa17ad71428239e43099d409b5515,3ac41bf5dd4f4656a3040ca71cb88e56
aime26__model=qwen2_5_7b,qwen2_5_7b,9,uniform,99.648973519,0.005446507054313472,0.0,270,0,8,fc7d899b2748ffde1187deade4eea0bac9dceab459500cca8ce19397411c79aa,5f82fe708359eed43f5f04c149620335b40ac278bb081cec62d76b7692aeea64,cf329ebf1eb9466c9ed08eaa0be24792
aime26__model=qwen2_5_7b,qwen2_5_7b,21,uniform,122.923698689,0.013308598194260992,0.0,630,0,16,f55bd5f66870a76bd6a36463d8679610d8615ed66b10d1549e0791500c5cca8d,7242fa7d99faa2ad460423e628ce2b55dbad4c78a56a5ecf47ee6e9b611973f3,9f1cea2f51504f6887ef6f18a694bd83
aime26__model=qwen2_5_7b,qwen2_5_7b,45,uniform,189.627498592,0.02956889186402816,0.0,1350,0,32,7328dca1160d53e9a1e2940b9b5f39d5de062f328d46a3270cdf606321c58441,14b52deb8a961a37ab95d4242d1f1bcf86526ff0fe240fca7f9c670a45117771,6d5be6cd70f24274bfc0b62e2aead554
aime26__model=qwen2_5_7b,qwen2_5_7b,99,uniform,259.253743334,0.06833439051225293,0.0,2970,0,64,77b505959b310673522e2d6ee25b128a8735ef8e8315dea435af1d835a3fbb3e,e2d3905519ce42c146f59a2dee5041b1c2d4cca4109010acbb1f22cae3d4c71c,0fa111f150ef4ba08bb402f3ec090861
aime26__model=qwen3_5_27b,qwen3_5_27b,8,uniform,593.844438158,0.1576280927143557,0.0,240,0,8,333f01486e6f0e365bf99281225cb674dbeb1beae7114a7f6dd663ebd401ca41,517fb841b0a456d7e629a86b568119c2e3446ba14cbc188f9f40fc4cbc36df81,b6d6db7edc23454da2f6a7a706f0b42e
aime26__model=qwen3_5_27b,qwen3_5_27b,17,uniform,1231.445691092,0.3382452825311478,0.0,510,0,16,9072203e35849c301ed52e85c44f3c9f97d4bb58544c9d99af1d1e44fc9de48e,eee5f6843d7625cb1e1a8d01beeec8e85851e905bd277108f1372d5aacf248d3,0547be793de14809b8f9c2a7610d49f1
aime26__model=qwen3_5_27b,qwen3_5_27b,37,uniform,2413.698163816,0.7326816281500058,0.0,1110,0,32,f8d7415b76c14785a6e0b49f13b7121cf6a0c72aed98cb64abe35d26dbd11f9a,d6b3e5d15533450c34097b914ab1a30b9bef4424192fbfc47086f43030af67eb,c00979e3076a45ed8c3887b705c02b7e
aime26__model=qwen3_5_27b,qwen3_5_27b,80,uniform,5105.275445277,1.5847613426656204,0.0,2400,0,64,b6ad64ac199eb650b98c58edbf43f1488d008b643e933928f7344c87a5d79200,7a9ce748d7e1ac424ec87ace3cd7dd26773943cdc55abfa9697c92ffe0143c33,1c53ad748e7b48f6bb29f5a56f724ef3
aime26__model=qwen3_5_4b,qwen3_5_4b,8,uniform,264.151939161,0.029782886335952895,0.0,240,0,8,8b4cb7b0bea8f38dbaec3963a36c1817eae6364e25244575affb81e534ff462b,3bb21aca1a57e252e260cb9425643207630f1e27be9598d3f55b0a1be3619627,016b36709d94442bbc958ff5b5fe481b
aime26__model=qwen3_5_4b,qwen3_5_4b,18,uniform,518.574705284,0.06733749171489382,0.0,540,0,16,076156dd0e56d7218519f26fd921d4214fc586fba7718b55f4ceb21a44c0db84,2faa9fdcec395c66025a2661169f5090b105d81550a61ba597e50902aaa1b19a,cfa37a8bd91a4fda94f8956013fdcbd1
aime26__model=qwen3_5_4b,qwen3_5_4b,38,uniform,1044.563220927,0.14116590955807745,0.0,1140,0,32,2c521292e903ad84c116dc4e98d62e2d9225902f7c0b4344b6b08b708bc6e2f0,30b4e10a4ceead60fcc33cf25f7b8fefd623206d12e7639ee98290aaeca75d57,d2b4b9e31f254a2eb0c68e658b2b7af4
aime26__model=qwen3_5_4b,qwen3_5_4b,80,uniform,2112.176443884,0.2986702388642263,0.0,2400,0,64,8d0ae32fe37058ed514b8a45fc339878f5e1958b863a020cdb48d1fdafaf816e,718f8cff00be63a5a4713b32459d961fdbc2b5d81fce4777bf159c667d84626f,828cb30fe24142c4a78ecd3a4d72a0b3
aime26__model=qwen3_5_9b,qwen3_5_9b,8,uniform,291.285139411,0.05388396958872474,0.0,240,0,8,a5ce452b01b021d194dcb34ee796b0b11f41393c83f03d0688bc1b2e42a80216,c6d434f8c98ecf1bdb3c81d38e413d547910b2c98be6a6f6a45c503bf9849c82,b3b02f74ffba4595849dff7bee88e6f3
aime26__model=qwen3_5_9b,qwen3_5_9b,17,uniform,582.706220352,0.11674069655257395,0.0,510,0,16,ef09c1cc775812b6201ed3d1bf6c5c58e6dd43ed66e3ed545fb70410f2603ca0,a612472f3f3394977f484c4e4fa64ceebf029abb8290e0f7689c53a37c39742c,d8941e2a3a9e4d4d873a1048d6f0c67d
aime26__model=qwen3_5_9b,qwen3_5_9b,37,uniform,1178.21519313,0.2527784109226127,0.0,1110,0,32,0cb3daa13c9ffe59e7d8008e7e7b6b08f8e664e8128208c20bd95ddba8280d8c,b04532714f8d9de7e5f1be9e3d4c3b8e2e3cca471883989ad14382173bee12c1,2b7b784701c74b4c8e10070a61068d21
aime26__model=qwen3_5_9b,qwen3_5_9b,79,uniform,2404.259269493,0.5361936373266453,0.0,2370,0,64,b29a08d7d529dc2010bc06431a1427a12e9d8b0594063ab8afcfa85f106bf7b0,1c24c848413f6a5790bbe20e68b6a21fd5c1c6531cb96cd5435e75177593dc25,42de94bc9bda40b29eba2fbc21a103b4
gpqa_diamond__domain_biology__model=qwen2_5_32b,qwen2_5_32b,9,uniform,26.694648227,0.005323371617683456,0.0,171,0,8,41246bf9ab156aa6ff6790fb6a7f1767224a3e77e0823552c845310e51146096,151ae4090d7b2001dd66e26adc1820f44640de65a0dd781f0eca963800211126,9aa8da1fe5b04b69aee5d6b2c0062694
gpqa_diamond__domain_biology__model=qwen2_5_32b,qwen2_5_32b,21,uniform,397.665099548,0.013591538221185024,0.0,399,0,16,d8913e2c3bfe3489e13e473befcc40439317a20dc1214393f12ed7dace6c239c,674004f940265ed0e55208bec2f8b4a510e2dcc4583deabd99cd2cc07d4831ae,7b382ab14e764fff9bbf97ddd27492cc
gpqa_diamond__domain_biology__model=qwen2_5_32b,qwen2_5_32b,49,uniform,50.994471572,0.028732299220998143,0.0,931,0,32,86c3b2cd45fe227afcd628e778e16c1a1c1b43e6724ee1f09ec04eb65423d2cd,302014322ff83b8284575eae8a1aad5881b2e4c6558fcfbe085f0b4aa516e29d,02d7a9be88df40b387fdc1773b2db8ce
gpqa_diamond__domain_biology__model=qwen2_5_32b,qwen2_5_32b,115,uniform,449.323379359,0.07075552965159936,0.0,2185,0,64,7759b81f35d9d8a5e2c6ca2f4e41a5f086564601721f54b3e80b767daf261e01,5612c29df08775f9f8d144f018b449b7b36063528d61a62af4be0d5cd9115d95,cb09f90c257f4df181c9031f24bb9b6b
gpqa_diamond__domain_biology__model=qwen2_5_7b,qwen2_5_7b,9,uniform,1.229182784,0.000997932300244992,0.0,171,0,8,19743c9a6192cee73a1af9460cfd37543e1a008a42e243edd815e0ac1a4286f8,b28f30c4ec0065b0f490a4a2f9cb385efe2312e1cae1d1db717f1e1e7341caa4,fdf03d1dd6b746efa5e68cfe34c47ebf
gpqa_diamond__domain_biology__model=qwen2_5_7b,qwen2_5_7b,20,uniform,2.343500052,0.00221762733387776,0.0,380,0,16,174b4d6185ff113ee142b94e0139a166db236f638b5f6444048580fafdc911ea,9867bf9e546d16490a95d88e18010927cad3da5a922a6ed946b51f0dcf05c15c,ffeb463ef4b74424a0fedc32dd85bf1d
gpqa_diamond__domain_biology__model=qwen2_5_7b,qwen2_5_7b,48,uniform,5.36308875,0.005322305601306624,0.0,912,0,32,39ecc13c9e53c65c56223d262ab0c10b0d7a52e8e86f71d65c76cbe14b09f31a,fe2cbe9276f40eb4845f8be0684b5a3a5a633c9bfb124dec7eb8c49275aecb5c,c4cbb380554f4b818c73c77bc3f6853b
gpqa_diamond__domain_biology__model=qwen2_5_7b,qwen2_5_7b,120,uniform,13.180084662,0.01330576400326656,0.0,2280,0,64,41b8f84f59030721fcd0741f29048caa3c884991bb2359d26eb5e688afa4106d,40e0c916afe7db8feb87db36e21b30ad003ae784e5b85de30f1f4b7e55b8946b,3ad45b515d8d4460a9ac9a5d0162838f
gpqa_diamond__domain_biology__model=qwen3_5_27b,qwen3_5_27b,8,uniform,447.585093636,0.06916908073914163,0.0,152,0,8,8c0a3050d49692ec9220f0f9217ab46d72244501e53cd4770e9ab5096faed9b0,6d0064a140f82f6eccc2a23183e0b0b303f3248e747a57b1292f378e1dd99e92,61754d8b3f674470b2413649fd5545f5
gpqa_diamond__domain_biology__model=qwen3_5_27b,qwen3_5_27b,18,uniform,662.957445893,0.15301931899545396,0.0,342,0,16,2def71363491ca86f80f7911ad92d6ba2f2ae451d492819c509a4feec8b4a94a,01394e9bfcdc8ee45d2c1bcc008af42406a289cf88c455a47b92344f44b71099,7671cdf864c54662a76bc9e8b3ec6dde
gpqa_diamond__domain_biology__model=qwen3_5_27b,qwen3_5_27b,40,uniform,1217.59262374,0.3385350718350408,0.0,760,0,32,0379e80e80bb2a17c78276d26fb0305480c41db460d71bb22646cb1f1af26513,c3ddd7cb2eb219b41965cf164d8d8773a1703b04533b87d7ac3fe98e53f9b335,244de8d9131f45ab8172cee8a598b5f7
gpqa_diamond__domain_biology__model=qwen3_5_27b,qwen3_5_27b,87,uniform,2347.115384082,0.7421289800752743,0.0,1653,0,64,9944d31fac5eac0528001053973f30cc28ab8b79d955e6777d06cfb87d2d903a,0f9b240c9c5c260f95bc39bf03606b10ddf212a189905887cbd55ca92ba9c74c,9c1427b1cd884d4f93e76e138349bf72
gpqa_diamond__domain_biology__model=qwen3_5_4b,qwen3_5_4b,8,uniform,133.005560626,0.011294876215523327,0.0,152,0,8,ea0dc32fd24577123aac9462ee2a6892ad1fab4e4562f3a962c378bf930e023c,d15660028685ffc69226c6cf2a484bee3cb2e3d634b65dc7a71bb907950861bc,61d5824b4214456088eed6fcea7e0f19
gpqa_diamond__domain_biology__model=qwen3_5_4b,qwen3_5_4b,17,uniform,220.127638642,0.024393219346694143,0.0,323,0,16,cd409c02f09c748be72cbf5c34fd39677228660dc90a9521a7b57db917993d69,ed3cf52727e00ee901eb25e3df1f4788d510bd6ddbbc40b5c282cdbe1bef3038,52d5fcd735964ce5848455c25a890c78
gpqa_diamond__domain_biology__model=qwen3_5_4b,qwen3_5_4b,38,uniform,422.446393826,0.0553263280900137,0.0,722,0,32,6ea3ae3fea71f614a7099d898d2fafb39c53f896f9d00612b6a3ca2dd5a237ee,1e3074de0411565c279c2445cdcaced6ed0c557fc87bc40e9cefc6565dc1f57e,15a04fa177bf47bda5ce5baea379d0e2
gpqa_diamond__domain_biology__model=qwen3_5_4b,qwen3_5_4b,81,uniform,767.612464062,0.11632555975212851,0.0,1539,0,64,fa8ea3c695f2710c28b896798fdca9fe4000221231906e32567513f72fad4306,b1e74b4abbcd7d3218b9e82533ef3d87e01e6f072b512802e3ee26607dd444dc,2f0043aa8128452082f3cf2cb2807393
gpqa_diamond__domain_biology__model=qwen3_5_9b,qwen3_5_9b,8,uniform,157.161120639,0.01894737611424768,0.0,152,0,8,ace3a4d8e7ff3891d9a773b23173f512924e9c008caff62a314e19a5532da08c,2a4d5b21aef40eb416780b1aca69ebb1c239f4700a1807c81df06ae703092f88,c5017ee2cff2479f8ac19621f51ba36f
gpqa_diamond__domain_biology__model=qwen3_5_9b,qwen3_5_9b,18,uniform,253.984343858,0.04516879267742515,0.0,342,0,16,b8f6b8231a8ac21138dc8267843b413b73cf184aecc9a7f7cd5afd4f3b2b78cb,fe2dd9e91f0721de9559a40fe75bc4c84d343a0edf1e2332cde539f19fc7e2eb,8c3f5fd7af6941adbc87642d86bd76a5
gpqa_diamond__domain_biology__model=qwen3_5_9b,qwen3_5_9b,38,uniform,433.346923775,0.09049958544726017,0.0,722,0,32,a49daca31078c5086f2be662272e5f335e0e295dfae0492b0f5c60109415c9ac,056eef6e1c21b0917d2fa91c12e8a90f648a82e81084e3a3bbe17732ad41bd25,0a5dda507d59460289aabbfc67ec7b6d
gpqa_diamond__domain_biology__model=qwen3_5_9b,qwen3_5_9b,80,uniform,805.722770569,0.1954695341638953,0.0,1520,0,64,3af62708c0a136579bd4075880b6eda296636c90095f4a0c3b77061e6e5f89fa,79a2ae88b2aaf0fa6d525f29201d8168d5968fca497922b1f356871b354fa867,a9ba3f75b6a14f988c29b49e13c1dde8
gpqa_diamond__domain_chemistry__model=qwen2_5_32b,qwen2_5_32b,9,uniform,39.755132297,0.01767529202516992,0.0,837,0,8,ed550285be84871bc64d6d597a3f932d53cade39f24cb034796c320b05c3f35b,127ddf2302e0372d06f2e974e38a0c8a92981eea8e8931b59aef65c49392b066,364cebe1e7ba4f52811e57a07ddc4e65
gpqa_diamond__domain_chemistry__model=qwen2_5_32b,qwen2_5_32b,20,uniform,62.338922319,0.03937119508554138,0.0,1860,0,16,fff29703ec26a590a5df452da1fb7529ffe468239502a007ade6a3be487bc7e1,ceb2279ca29e131426de2eae0c7d8d9d2ce57f002f87c6b4dc19f595f6743029,6ab9b4ee18584a34948482a42640a297
gpqa_diamond__domain_chemistry__model=qwen2_5_32b,qwen2_5_32b,46,uniform,184.053503552,0.09140213670512845,0.0,4278,0,32,b450a109dd4064dd7402bc33d3b4aaa820d1e1e4f8b503b10866f3893bc35fe8,4ff90aa98909bddcc02fd6f9bc94af3a58cbfe035f3789d44c4ab98d19fbcf03,c2e20bf45176493e953c3424b3535dd0
gpqa_diamond__domain_chemistry__model=qwen2_5_32b,qwen2_5_32b,105,uniform,594.791860259,0.20995050608556645,0.0,9765,0,64,8d0142495225cf42684b42368705e5b9f3cd8dfb084c2e5fbaa65160b52be468,1c6ed16f13795a102460d1be41befdd5d8daaa4b78c874e4f5ff4786ff702d62,8632febf091a4b4ca55e0de09ae63531
gpqa_diamond__domain_chemistry__model=qwen2_5_3b,qwen2_5_3b,9,uniform,5.858407351,0.001346622725226496,0.0,837,0,8,0d632c914726f24a22b9eee116d261a1c87a99a3d011ca62224dc991eec45ccb,a11d0e4d5fe5ffebabe63ee3ae8388958493fe406d15acbe44059df63e14108f,44a1168bdda6494996f40c1a2c958013
gpqa_diamond__domain_chemistry__model=qwen2_5_3b,qwen2_5_3b,21,uniform,9.679906889,0.0031204304492544,0.0,1953,0,16,55069f72e613cc9d6c07cbea82e4dc54afe5e5f5e838f11cbbb0e8eeceb522be,677d937faf95fb804e342bd492ff07cdfe5743af2b2077ac7437e484e8577c5f,11ace1c8460c4348bd8964ea2b3e9e2a
gpqa_diamond__domain_chemistry__model=qwen2_5_3b,qwen2_5_3b,49,uniform,16.94794992,0.00720005986291712,0.0,4557,0,32,987fc7b6afbdfac0960daf1a650f4c142468af25c11e6204e4e359fe1ce0e030,a1f71438dc57f05f1a137c6bd57702f978d96c250b34d545823ebb57e40239ce,8a56a89a3654406ab045902dbb608de3
gpqa_diamond__domain_chemistry__model=qwen2_5_3b,qwen2_5_3b,114,uniform,72.679253303,0.016738454564134912,0.0,10602,0,64,cace370dfa2e18e74f1e0c076c54889eb0a71294795ba4fea6b57acf880a5adc,3743b16f03e3c64e3b0200b1b592bf4292daf301fa6f23e1e027d1dca0504443,9ace9c5e28394a7ebce016012402cd41
gpqa_diamond__domain_chemistry__model=qwen2_5_7b,qwen2_5_7b,9,uniform,2.998690245,0.003078142047719424,0.0,837,0,8,278aea55acf2e23c3d520f6e4cb7b2fec8f823f821e7c9298c6c9ffebf02b0b9,d7ab81c799636e877cd7f69901e3e86fa1252c192261e56b8c8a3b561a31d5c6,667b2f9db4a94d79b1bbdd5487cd34fe
gpqa_diamond__domain_chemistry__model=qwen2_5_7b,qwen2_5_7b,22,uniform,7.234213749,0.007524361487813632,0.0,2046,0,16,7a9537d3095a14f259e0def3e6a987cd9f6cbf2a2ec8cdcb695b2f3813d77970,bdda6ea8d35fff5c3323250a28bc29bd69c71f2f6ab6f3b3e95e74d2aae8951f,6e33f32bf81c47faba547715f994048f
gpqa_diamond__domain_chemistry__model=qwen2_5_7b,qwen2_5_7b,54,uniform,17.736152473,0.018468880806426623,0.0,5022,0,32,c7a28f2e0ddf0aa8c72a94258c4b63c253ab7263450fad70a1104a9743935158,4aa76843ef43e27d8fc4f7207f0278f35b88972fbfc1300115b38bd644ea6b74,2f10ce150a9f4804a1c6c3f9919c2050
gpqa_diamond__domain_chemistry__model=qwen2_5_7b,qwen2_5_7b,131,uniform,97.948217434,0.044804310004407294,0.0,12183,0,64,4a4ebba149ca89479ade4a93cb0a29b9ed75d2c559fa2fae1904681b73591e07,b721e003315d47f10f7e22f292d455dbd887d7a1d0fcaed747bcdd179628dfc4,ac2df0cde10d45ef8beacc7d8eae91e2
gpqa_diamond__domain_chemistry__model=qwen3_5_27b,qwen3_5_27b,8,uniform,1566.430784418,0.45500558623594495,0.0,744,0,8,6ad3cc53bbae7832c8fbd718335bb3798d5556ed957818d1b14db61cb4556515,5a3bbd7a091749c244d6860c2b3e7ef7b62c62e89e52009bc0338b64ea30ae6f,76a1ea7c3a664360bc76174b9f2493fc
gpqa_diamond__domain_chemistry__model=qwen3_5_27b,qwen3_5_27b,17,uniform,3167.009373154,0.9733508833417533,0.0,1581,0,16,b84f62a448991b18c9f6c4553a02a878fbb76620f98af7b07f56a6b4b1296b94,c5ea48a33a82e256f3a8c47a6e90c684514b05f6748b261a92a6537979916931,83cce1599a0d479b835b8af924dbcde2
gpqa_diamond__domain_chemistry__model=qwen3_5_27b,qwen3_5_27b,35,uniform,6306.783598712,1.9903140228207994,0.0,3255,0,32,0460355343c45d6a11043fcbda1639da6ec68f495faeceb34dc0b47d4fa10472,c8203a714dc30087ca15cfcce2723f6fbe3ae4598d5b2ab154d171c0c7e24fa6,fb7d7b8f69594dee8ec3d94e2c560536
gpqa_diamond__domain_chemistry__model=qwen3_5_27b,qwen3_5_27b,75,uniform,13228.282129084,4.266089238792127,0.0,6975,0,64,15bbb1ccd5cf8fb9068ea3905b6d2142010babb2c4585f51ffd97a190503f17d,286842ac69d5f981351cda233034e02240691c37ba9b1c0effd61d6285d62b43,36812af2fee64b2387af9239b4bb4f3c
gpqa_diamond__domain_chemistry__model=qwen3_5_4b,qwen3_5_4b,8,uniform,512.618688516,0.07132965798533529,0.0,744,0,8,70ee723b78ac9d19ac327fc34aacf9fd5aac719de1b897e4f6b431f9b8c7b741,8aa2df598985e556d2ce0fd8e7d3fdca48870e4af8406699fca99c4fcc603d98,11e99cf0c91447acaa29b16243120469
gpqa_diamond__domain_chemistry__model=qwen3_5_4b,qwen3_5_4b,17,uniform,1047.470702322,0.15398858048904193,0.0,1581,0,16,cadede3b3495f67134dfad6ce9e885c6f205b8983ddd195b8e3ff71f5cde1ac2,eeff91b4d8bb982db0d1daf4b67b500363cda41e7c4fb576e5d515f419a09a82,8366373574284e29984d185adba2fed8
gpqa_diamond__domain_chemistry__model=qwen3_5_4b,qwen3_5_4b,36,uniform,2103.653533532,0.324360031936895,0.0,3348,0,32,7ab920435462aaef7282451777ee6e88bd56251022cefe1fd77a37f04226f5a0,3845763a43ed53023a2e3ed7f56a383cc6d8954ecbba720189df7a08692c08e4,18f12e723d4e40bea913e6294f882616
gpqa_diamond__domain_chemistry__model=qwen3_5_4b,qwen3_5_4b,75,uniform,4328.863738417,0.6759559778786796,0.0,6975,0,64,63bd4690b8c090a6e20f7a6c211a5c3fe66909b37fe56b54af4fb0e1a1b743da,2daa9d4cb759d5727dd044f3168e8b6ac818967eea2bb58d3aa01db31a7d0047,137d57de1a2d4e66834b7f5bef521e69
gpqa_diamond__domain_chemistry__model=qwen3_5_9b,qwen3_5_9b,8,uniform,602.193153377,0.12987981246207897,0.0,744,0,8,77c0b0066e228e7cb9b12672055104792601b309c35b00a950e9cae64fa86f20,d9b6ad03dfcc1d57d5519ab6e965d424d4cc00c5f6e08ade87422f1e7197535e,63f35c14c5e24ad6aa0acc22ff78b33b
gpqa_diamond__domain_chemistry__model=qwen3_5_9b,qwen3_5_9b,17,uniform,1191.473280665,0.27559476400843774,0.0,1581,0,16,80a8fc47c0ec058df41e84c67286fe9e9cc3a145acf071ab2ddd8ebd6066f15e,0b342097df3f36fe57fbd1a7f7fa40c2cba0a88936b4116e6f7cbe1ac5937431,077f061813b24f52bff10a313946bb74
gpqa_diamond__domain_chemistry__model=qwen3_5_9b,qwen3_5_9b,36,uniform,2401.580451408,0.5808498043302769,0.0,3348,0,32,0c88cf16c23d050a10d3a7f0feef43732a37e9e822b3711ada45a888b066183a,8c1918635a64bca7f446b0982b9d215e7934c460fe6c49080c80c46b0d97afd3,563a7284357d46dda68a09f0a7596353
gpqa_diamond__domain_chemistry__model=qwen3_5_9b,qwen3_5_9b,76,uniform,4981.701441844,1.229883355255936,0.0,7068,0,64,34ccf75aba5c85f89149dfb9d8618d778ab460a84d640c08224415ca1677dfbe,ae11733438e538e895fe8b227821d929aaf1317eca00f72388a1c4b37a596ad3,c79a91e903244b01b68b7b8c88ccf424
gpqa_diamond__domain_physics__model=qwen2_5_32b,qwen2_5_32b,8,uniform,54.879028233,0.023942792776105982,0.0,688,0,8,240ef801ba6e3d25a0e412d6d721b2f5ae25a8498dc3fbce3f45d29290e87cef,760bbc799e781a042f7c22f594dff48c30081cb4484ff69d579844eb317dabdf,1d65425a1af04894ada55a6449d155f2
gpqa_diamond__domain_physics__model=qwen2_5_32b,qwen2_5_32b,18,uniform,92.12616128,0.05453001235192013,0.0,1548,0,16,4dafd70b99e4540035b2309c9bed3ecd6e06847e398c4e113f2b24f9e36cf38a,73771391dd9cd8bcb86b02b7af54e86969ffcb72e477d3e5c3c9aa6dca5d0546,a45d4648657a441092d6ef7221d00817
gpqa_diamond__domain_physics__model=qwen2_5_32b,qwen2_5_32b,38,uniform,510.308836569,0.11571531054072012,0.0,3268,0,32,15132e16b2009030c320d0f3291e3f9cde5b38fd8fb03e0fb79de3c9619317bb,a5d72af0a21ac86ac92c236831d9fa795f75512732620185cffc41dec7ddcffe,ce2fde15fd0d4a3c878610cff898efee
gpqa_diamond__domain_physics__model=qwen2_5_32b,qwen2_5_32b,83,uniform,619.547246275,0.2518414479570514,0.0,7138,0,64,cf03b58a47a5b64f58dddba4bf54e2013ed2a2a81c0fd7e2fe32da24134ad38b,f7d3754bb01e9b8271343e467afc74aec00a5ba9e7d5e013610d4d883eb2fbf2,f24038ee54a14b88a4988b2c769a208f
gpqa_diamond__domain_physics__model=qwen2_5_3b,qwen2_5_3b,9,uniform,6.140947428,0.001132323441434624,0.0,774,0,8,aafe3172658eeaf1ee36485ceaab72bcea5585afc2ee3e7f06142d4bbfcd45bb,da739371cc9f47686af52cac38e738685ebf8da31a5282cf8c0bc0ff2d49fb11,4c99dd76defc460594f1699d6a378f57
gpqa_diamond__domain_physics__model=qwen2_5_3b,qwen2_5_3b,21,uniform,7.197744071,0.002654492581339136,0.0,1806,0,16,2601735c07ea1d0c56418f2e0b04c970da1ec2e02a7ff7e28f7e25ffca0d9c19,0c61bb72f8dc13a984d232a6f406f9067a2d87b604304bd381217ea9a6f993bb,80fd064c7f1c4a37ac73544f8d905823
gpqa_diamond__domain_physics__model=qwen2_5_3b,qwen2_5_3b,48,uniform,74.390249914,0.006644533385060352,0.0,4128,0,32,2a1c8bbfa33936db5392c2d1d9ea0eeea24e9ffcbf8fac88b64661495ebf50d8,9d07cc3583a47b2e3a5181eb6ad40927a73111f97881bc1f293744a051f48d72,70b04b66ca114259a8d9a7e7bb6d557b
gpqa_diamond__domain_physics__model=qwen2_5_3b,qwen2_5_3b,108,uniform,114.784583832,0.0143038019006464,0.0,9288,0,64,e5470e28be838c68888b41bcd3803be0dfb598e1ef42881cb33d30cdec158e88,e63b27e84c26c305957d8897d3c94ad8aa6705c95419bc1918724b2c87a5a741,21451b18bc3a4e8cbea2728acf054a69
gpqa_diamond__domain_physics__model=qwen2_5_7b,qwen2_5_7b,9,uniform,2.476335808,0.002477220422777856,0.0,774,0,8,03ff4e02ec6c5bba01224b019115e022f0548e75a5df2dfc0da17129896eb59b,9f6527f0c18081a2b41b4c925fa24820b6789c5a7a9702e6be7b23256c4d6c81,2c23c0795c64420bacf4ff76d8c4dbb6
gpqa_diamond__domain_physics__model=qwen2_5_7b,qwen2_5_7b,22,uniform,5.920586816,0.006055484591822848,0.0,1892,0,16,eefbdcc7be1cec8c2841af0f18bf52f6ea03bd8c32f86e35fe2003814ddfd3ad,5a289001558034030fb96467c56e55dfce81d22beb81ccfdbe85f4d428e37dd8,3edb4201b2214de1b50e39ad5aae6041
gpqa_diamond__domain_physics__model=qwen2_5_7b,qwen2_5_7b,54,uniform,14.502491489,0.014863379428366337,0.0,4644,0,32,4d76cfa0f7f8614afe688094e07136dd87ea9bfa6747c18444d62f61c1b2183a,ad3026b94666dd1fd9e099647c5aa34400b75a058fa6b2b37ba411933a3f3f32,be1676fe8e904099be1b4680d3f28c4b
gpqa_diamond__domain_physics__model=qwen2_5_7b,qwen2_5_7b,127,uniform,75.675617072,0.03495650330762957,0.0,10922,0,64,f1190c258237f1bea71df6e810f2cc5c0288b644851bd074ad685924c7cf331f,85c092aa1c837b1b6154eae954a953f6af85f13275c9a55797672637cdde33fa,2cc7177299134237a8e3fff12945aa21
gpqa_diamond__domain_physics__model=qwen3_5_27b,qwen3_5_27b,9,uniform,1194.719532141,0.35872236992454043,0.0,774,0,8,7e9bf8bc12a04a5a57c017ca7a079f864caf391dde252924d6804a6b0d2c9da8,2474db0e1d3cb06119094ba83fc0c754417e4134ad64b514bf67a7284c98b25b,9d1386ec5e08492da12f3c7ac9fd8fa1
gpqa_diamond__domain_physics__model=qwen3_5_27b,qwen3_5_27b,20,uniform,2360.755251576,0.7976314133441915,0.0,1720,0,16,f3e71e0d8bb4a1e8ec36dc9c34978b9a597375b1a0c43dbe90a07ba5c73c79f3,91d9d5cd1b9bd811bb34e9db8e4abf84083e5a45f34fcb03af2f3e6a86cac895,0bdfa123697749fe8ac64850e7d370a7
gpqa_diamond__domain_physics__model=qwen3_5_27b,qwen3_5_27b,46,uniform,5288.257081289,1.8440535918196235,0.0,3956,0,32,710b4f059cb96c8ca9f92cc9d4739ef3312820d7c5e0b471704972a002a58a04,85d9346785adf211f01621df19066c778cf4aedebf8489e6f23f955e0fd28c35,5057ade316694f90917ea50055352819
gpqa_diamond__domain_physics__model=qwen3_5_27b,qwen3_5_27b,105,uniform,11911.276312127,4.211039904839499,0.0,9030,0,64,28c47847213b4b098fa3ec7bf1c3de8a7938371730506cc233ceb7b1135b5900,96770ce2234132dbdff973993cd49d767b345f109b5b95521d85898a89a4230e,ac895275f09244ada83d13d27a032f27
gpqa_diamond__domain_physics__model=qwen3_5_4b,qwen3_5_4b,9,uniform,372.417913291,0.055290300499603456,0.0,774,0,8,a5ca78dd6621e1cb1af1deb0b9ea8a506928a06e5db0104a4d4449aa61553b2a,b289569ad31407a640df6c48e5a771623c3bf9d9bd4ac6d7cf40332bf338a43a,4608f7b6380d4f799303d21145237748
gpqa_diamond__domain_physics__model=qwen3_5_4b,qwen3_5_4b,21,uniform,802.291296074,0.1292622691631616,0.0,1806,0,16,ba0684a9eb18bf77c75f6682382e833f9a6fedf091ecbd9c83c290e8190952e4,80844627310bbea57d11a64c050fd62e7bd6286d08762a374022fe758552d799,7efe8d2b622f4def92cecf7abf532ef5
gpqa_diamond__domain_physics__model=qwen3_5_4b,qwen3_5_4b,47,uniform,1712.35791285,0.28785855046605413,0.0,4042,0,32,e2c0c31516735ff4389fc00324c5f941e7a3adf5f60750632d97b1385449914d,773341fdf58519e07d9ceb4109a0a9d4bd8022d7943804832a7e0f1329bea805,0d1c3920f1f94eb1ac7f4930ba46ea5c
gpqa_diamond__domain_physics__model=qwen3_5_4b,qwen3_5_4b,106,uniform,3755.222525547,0.6489569519768555,0.0,9116,0,64,3f058a7c9465b1d3b510345e1e093b877fbcde4f67f2fce4f1e1a83cc548a19f,bfdc5fc31c2716775f33877200f61ec9c03f984206f2dd4a7c52d4472b2aa6c1,6f156f28f6524a0e9155e532af9f9baf
gpqa_diamond__domain_physics__model=qwen3_5_9b,qwen3_5_9b,9,uniform,416.535505991,0.09729044811288166,0.0,774,0,8,5e382308cba325867fce49869ce568bdaf4a2f116cc80eb7f9a698ce6b70236b,573396f16e15959d8b4197e8ae7a06a3fbfcd51577fdbc6f5ef62739f6d25b29,05f0e9f2934942ccb524251c8189c327
gpqa_diamond__domain_physics__model=qwen3_5_9b,qwen3_5_9b,21,uniform,880.472338822,0.22837150766049075,0.0,1806,0,16,59acf0d946bf86d4cce8fe2d35e0b515b74753829e46a8f3853c131f2ee0e3fb,3081b1ada3431d5ff55123e984c9730f0a29fd02e715e31261df9d9e3ddd55f2,fb1975634e4f4322b6e64d42dbcabe8e
gpqa_diamond__domain_physics__model=qwen3_5_9b,qwen3_5_9b,48,uniform,1919.463085033,0.5208984244497807,0.0,4128,0,32,80a7d21127343be6b03690d172e735d8ae1e2446919ea2974831642ce89aefbc,f3f74d98a3f438de6d1968f5c66d2a89d5c8f035c9b7bbe731130367ae70fa52,15294fee87884237bcd73b65e0df584b
gpqa_diamond__domain_physics__model=qwen3_5_9b,qwen3_5_9b,110,uniform,4300.928574162,1.193227912062386,0.0,9460,0,64,2be89e35b7c390cd48605bd48005ddc3d4882b9336d6ed3eb0df5995f914f6ac,58066ba876b8956bf12a906173b6241fc3d7ea25ccd2001d1aac7bed82ab7c28,8645199bb1d646cb8faff4677d2a45ff
hle__text_only_sample100__model=qwen2_5_32b,qwen2_5_32b,8,uniform,75.395929603,0.031100656832538626,0.0,800,0,8,f2a80c6fbfd7acf89c7b8cbae3e90005f97e5532c609cce05a610f0034fce118,cd3b70044a0d7199aa07586bafd4a5f1752f4ebb9406742e0d004f88c1cce53a,801bcbfda5b34240bbbf86e804249fa0
hle__text_only_sample100__model=qwen2_5_32b,qwen2_5_32b,18,uniform,448.258188569,0.07154518642930688,0.0,1800,0,16,b76547c2f75850e65c6ae850ff2fbef612b5c9c01faa27ed7c78377ffd7f8e45,6eac400dfcf7a05248180db6786a4d93faeec36e7a03f311059bbc2a8824b720,6712f25746cd47d0adea2eb0f537d6d8
hle__text_only_sample100__model=qwen2_5_32b,qwen2_5_32b,39,uniform,581.227636288,0.1547205161575547,0.0,3900,0,32,a2705c0355d12442c7aa08fccafa7a4c7727f2205331248d6f8930e5f3d99148,ef1c224c3bb427b860eed07edce75a7681b7aed0ae79e41ba4eee19eb33e15be,9e097c03a6794780b786b0aa7e6241b4
hle__text_only_sample100__model=qwen2_5_32b,qwen2_5_32b,87,uniform,841.059131484,0.3432337376666153,0.0,8700,0,64,7281e41cf641d6b2483091fd534d1d7ed85f8a53e7a158cb2d7dbbd858374dde,eecd0d8b87fc367c9cec30640d6485a422878a1fa4ac037f904ab457aa55fa5c,fd33197894c64210b0850d49e6c210bd
hle__text_only_sample100__model=qwen2_5_3b,qwen2_5_3b,8,uniform,76.546813566,0.004312817913626624,0.0,800,0,8,781adcc9b93856a11fe2e7fce25a11ec551ae539d4629bc44bbc9ba73d907135,8691c79a0eb862c4a7335cac5bbf5ddadd6a0651b6158c7575bb8389aab4ef30,157aa2950acf415f96eaa7fb112df532
hle__text_only_sample100__model=qwen2_5_3b,qwen2_5_3b,19,uniform,95.879764532,0.010293252340015104,0.0,1900,0,16,90ca0ef4fafbbaef9cea44b5e95b71d0df958f7721257b2bf0bdb8e99d6b5e3c,430e59c46d93418f42e6d7c6d53959d34f4b6d533abbaa5a2da7abf74f800e56,5029dc690b154fb5b8717e06138d6e10
hle__text_only_sample100__model=qwen2_5_3b,qwen2_5_3b,41,uniform,115.43355544,0.021492705470119937,0.0,4100,0,32,5c9c9be455531c769868096c705b1201c4762d23bf3a238e10bdc087a142cc19,56dee2f0739a48d8a459d643abb1578d7fc1b45a83586051a8bfa31f75c7443e,83d3f028703e4ab3b4578ad48955f7a7
hle__text_only_sample100__model=qwen2_5_3b,qwen2_5_3b,91,uniform,196.850829721,0.04883289225379021,0.0,9100,0,64,dd4284c83343fe5bb4b8083cc7524c5212eb86c9e519269f4f17011e22cbd4f8,5cb7d8e4d3ee57747b90a9cde29fc52c03bec888a6702eb240bf4f227a9b969e,f25ec1f2753243e9b22deb8739c9b6d2
hle__text_only_sample100__model=qwen2_5_7b,qwen2_5_7b,8,uniform,106.287452871,0.009105920354470913,0.0,800,0,8,f9f64f7c2a004d13f164dd81de5e087045f80f6eaf91789900af3ea92d6b9925,2fa91233b54e533b271b2be6171a6d866c7cebdd7df3a75f154f8dbe14df91a7,3fabec7d331c45509b8e9caf59500e1a
hle__text_only_sample100__model=qwen2_5_7b,qwen2_5_7b,19,uniform,142.54853987,0.02262836246677709,0.0,1900,0,16,53aea2e8d963fee3a7239be7fb24f61ffa0709d173664036fcb91b8df7c249c5,01621ac47836e383f6f9d13c3cce25a1c33fdecb3cf598d8e2ca1405557dd13e,dd3c5dac3478426d8156a0b8f31f3db3
hle__text_only_sample100__model=qwen2_5_7b,qwen2_5_7b,42,uniform,195.896890648,0.050207908017670146,0.0,4200,0,32,cb775ca211f19622c3b446e3fdc9b94539283fb4cca354e0b84bc9780eae8643,dc1739f13eb655e81c666edc9eed20a4397e36a7274ffff06d014b99ffd959b4,7d2ba28c943042ac94ca3ff49be2c416
hle__text_only_sample100__model=qwen2_5_7b,qwen2_5_7b,94,uniform,300.27297262,0.11137994545054003,0.0,9400,0,64,90303083301f67570ae7849c1aec2f53c87f84091a299b86a65628c62502f65e,6bb91513883e5224b9620f322f5cfd60e60320ca3e0f36f40cf8692cfc71e966,da50b29a89144aa39a7efaef5f869ab5
hle__text_only_sample100__model=qwen3_5_27b,qwen3_5_27b,8,uniform,2046.953161136,0.5642096398278502,0.0,800,0,8,72920b35cf264321efff7a97226e9433bf9956a0bcf1cd901f4e3d73ff55e397,0c3f056eaff9eb9cabb8663816750bedc6c277522c8797c8bfda0589b3e4a0a1,2b02d8e3327942e7bedb50da0e0a42d0
hle__text_only_sample100__model=qwen3_5_27b,qwen3_5_27b,19,uniform,4488.090295602,1.3343854705503815,0.0,1900,0,16,e3eca07a8e102b6c62cdf15c61f5b32b400281519293628fb0842b6bfeb1200c,b595d6401a664580ebc16ac8cc27765ec19b7d9b75a1499e7e8791dce1001fca,e75bde45238c461cb55aa88d8fde6662
hle__text_only_sample100__model=qwen3_5_27b,qwen3_5_27b,42,uniform,9685.006055368,2.944583363274027,0.0,4200,0,32,816cf241fb1ea22dddd41f28fb75280aa7342b1f9de0f3ab8a725829d761ca1f,3da6f9c44c47625c7e475c8ff6c8b2dff75cc2954b2ee2fefc89add6a347746a,bf4090b13a6c463f84536a92cee7566c
hle__text_only_sample100__model=qwen3_5_27b,qwen3_5_27b,91,uniform,20826.066397142,6.401243202092454,0.0,9100,0,64,842d4fe63f7aa16dfa162240b301509678e1e0e8f671d6fd2ab6f300b5647454,b159f2ac6e27b212febb3f050152ef31ef4b3c14128c15b7c8d37e99c1ad2b9d,d8a191a4bff749b4aa913e324707292d
hle__text_only_sample100__model=qwen3_5_4b,qwen3_5_4b,9,uniform,978.842909654,0.12702149674313523,0.0,900,0,8,741aecde6fc7e734439f0fc7a09e9cdc1ff74ddd251bd38cfefe5f53f4876b08,addac03330bfc0442d42cf20ecd3c31076f0e1f8b70e308e19284ea5ce74c579,6358d0acfb184de5bf93110fe9146899
hle__text_only_sample100__model=qwen3_5_4b,qwen3_5_4b,20,uniform,2068.724823168,0.27829945087286684,0.0,2000,0,16,705fc25d14ce11ea9ca3c9b22be698f2ff045417c182255225d0ddd82694d4a0,942a4903a93004b5297b668611321a42e7610201c9aec7fdcde8dfe4dbf0c6da,bd0754d38e6b4481ba116dad294806ab
hle__text_only_sample100__model=qwen3_5_4b,qwen3_5_4b,45,uniform,4608.41851163,0.628017123666989,0.0,4500,0,32,69d350a65b88fc78092394b4e32c7cb4967fc5f119c2883c825cf12997d67163,33a8ea2aa1f7a925a88b1ccea4618cd5854c7d1aebddf8b5c38a131abfa403c7,5e50934500b7416db55ba0c7d5551fd8
hle__text_only_sample100__model=qwen3_5_4b,qwen3_5_4b,99,uniform,10077.650740564,1.384977554720557,0.0,9900,0,64,0336290978331b796d6e581f6d0c26fe75d6efaa589347a6601f282c3a74433c,9aeb13bed5c106b954f0125530bbee22825a059bfe8322ca3438f2433d497284,3cdd98505644423cbf122b725ea6a009
hle__text_only_sample100__model=qwen3_5_9b,qwen3_5_9b,9,uniform,1072.341206631,0.2233491650831022,0.0,900,0,8,df9a5821bb05276a28b311d006e85f9a09d15f2bc78f9a492bc594f2383771bb,9b1b6354cf2b40ff982a5056d093323bc96694f1d25eb3601e95862cc4cff0e6,8b5a0552523b47f0a48a983934328aa1
hle__text_only_sample100__model=qwen3_5_9b,qwen3_5_9b,19,uniform,2183.114658445,0.4716131111966505,0.0,1900,0,16,b465c813aa3de2fdc592d83a63a6760eadf251db3067d9b3a17f516a2df348e3,75acbfc6ed4372bb0adc92110f4df5a2fc96e796cfe30c006aec3b2de7d067d7,65f80bbcd3294b69bc53ad77a596d2cd
hle__text_only_sample100__model=qwen3_5_9b,qwen3_5_9b,43,uniform,4918.655017823,1.0676799435009352,0.0,4300,0,32,33cd2f1e2ad528fdab37863b24e08802fd4772397045af8564e9bb76173f26c4,7feddd6465af0639ff6904bef5bf55c5c1f0cb539f32254a875df98102ce8db5,79510f8b10b044ec89e435a7feb1377f
hle__text_only_sample100__model=qwen3_5_9b,qwen3_5_9b,95,uniform,10838.934062436,2.3598510216310387,0.0,9500,0,64,b29a00537e9efa13acd831b37c53844fa9332791d983173ab10e59a2ccca179e,fbde3328fc48669bd971db769d3a8eac6cabcbd27642a1eb59846e83842f4adc,7761116ba51e456f9908890172b3cf76
hmmt__model=qwen2_5_32b,qwen2_5_32b,9,uniform,393.70611759,0.016143249911474176,0.0,270,0,8,b7f51d046fbad6f565fbbf8ab90dee735dbc9caeea0afa164bba874ae1e62ab9,7d4afd9f82b4b311d149e104241edc5c6deb7f6c5aea6b692e3451d43a01bb01,c9612c34401d40c58bb0be53961307ff
hmmt__model=qwen2_5_32b,qwen2_5_32b,22,uniform,422.770682237,0.04111683776152166,0.0,660,0,16,a43598c98c0daf8388af1f5fd8a7aee88e03c59c6c90e63fc1ca361e48d01df7,acb1d805a0d1cd985448aa96b3b2e2ab13fe545775fd82ae4e3b818983a9afee,ac3f223e11564cbd95aca88e9706b68f
hmmt__model=qwen2_5_32b,qwen2_5_32b,49,uniform,505.836618903,0.08259590122144973,0.0,1470,0,32,1a29c71ecc42d29e97a3c57fe2434817e5bb2272f17056880d77e758b201270c,c4ba3696e64cbdda441ca806c46d3457c0dfdfb7831b4c8d8f5f05db7098e3a1,a7824a2738114b8da8b42d1f68649d7a
hmmt__model=qwen2_5_32b,qwen2_5_32b,114,uniform,697.27832187,0.20361045677372006,0.0,3420,0,64,97f02551d6a583ba80c4ce488386c395e23a5183e47891a6f280f80534921803,9e5a84d42a77f0a3eea8a181fc49ac21d2afbd924b67dee36308b11427886a2a,a3e298ad47874b76b8be44e6b1d21971
hmmt__model=qwen2_5_3b,qwen2_5_3b,8,uniform,64.377962018,0.001741057300250624,0.0,240,0,8,8914f64476c1d4ba46402d20d710e4ccdedd1624e18a93a356fbcca1ddb9cb28,ce35e011beff88e4e6c1e5928b7969078b59c4dba648e1b3ace27661247aea87,3f050609d43e43798a0330c1c4b4f49c
hmmt__model=qwen2_5_3b,qwen2_5_3b,16,uniform,73.406396589,0.003385800785846272,0.0,480,0,16,39aaf7e9e4ebf4a05f497d011bb7f32b55e513a480011f791c6d979486cf4b9d,50cacac40d3d966f036f69592029bf311345a39707edd4bb2505429073c489eb,9b2663e253f247a68891b5ab858b9169
hmmt__model=qwen2_5_3b,qwen2_5_3b,34,uniform,89.03229976,0.007887031753924608,0.0,1020,0,32,e48de1c62f7b30a5c75c78476d185fad7b4fb6ed6e0028868ece50677b3e3cc3,3d385a4c8d1efa50b91098eaf55937b12eb4cb271a311a71917006d1cd28895b,fe1439fea6af40e0941b8c27e668d55c
hmmt__model=qwen2_5_3b,qwen2_5_3b,71,uniform,114.641151499,0.017201617954062335,0.0,2130,0,64,5ff20094541aa178e85669c4a5df874daabd0c8cebf55bc575a811b8b67532cc,e1a5aee4793f86fb5f74ccc9830128a60b441eee8411771a8b3b41653acd4670,1653db4737394279af6e98516519d4ab
hmmt__model=qwen2_5_7b,qwen2_5_7b,9,uniform,98.553480451,0.004338721822905344,0.0,270,0,8,b6e7ba6a7a42d81ceb467c8010b391c3b026a7db23783de29fd0e01bb986f9fb,f5c7c1627c5b5b5a2f5dd4727b1d500bc917fd848a7daab18e1e8b08dc525951,b174a76f790b40559f26eab1ed807715
hmmt__model=qwen2_5_7b,qwen2_5_7b,20,uniform,115.389453234,0.009211658825521152,0.0,600,0,16,65c9bf6b06e0649ebe7c9370bee79f82bdb3ec5beb9679de41f316c6a8e3f4f0,ec6078e89fc8eead885aa204ef9f48f6cbc569609244f51ed4f8801069730c12,cf807f64c3594e53ae046b2e15d37887
hmmt__model=qwen2_5_7b,qwen2_5_7b,43,uniform,141.542455006,0.019988554643986432,0.0,1290,0,32,4f587fb7dac08453d0a27dea2a3e9614766dc160c546257b4597f183a6e76b3d,7b2f39afea8ac45359a07c7bb6a83ab06ad90c8eb3d5336222b2a3031fd87e7a,ed211e1eca5b42c99bdaf5e04341343e
hmmt__model=qwen2_5_7b,qwen2_5_7b,92,uniform,187.239935071,0.04195445228939059,0.0,2760,0,64,f486bd2eba04e4d3a1a3e15d33438458f731679e8d1b95bd39ffb7c1d679845f,3156ed34e19032d6f9e07bd5120f9f3702e80ea16aa4c49b8c66d56ebfefa2b0,c803076472c3433abf652aa452de6010
hmmt__model=qwen3_5_27b,qwen3_5_27b,8,uniform,616.270519936,0.1691325297236142,0.0,240,0,8,0ce106f239b11ab2d429d256f138aaef0a88015aa598fbd383e91b3cb73ce625,f6eee31b40a15d317475abf583fb6e19ecd6122e9ee6dd4ec6b47e8ee45912c4,4db3a3fa4c084cb6b989850a97912cb3
hmmt__model=qwen3_5_27b,qwen3_5_27b,16,uniform,1277.880300429,0.3411264604143442,0.0,480,0,16,3b724129d9966e6e94656f8cf332fd12be39c8af3794b0d82bbbf384666b19ac,490ab17bddf2bb2405b9fae610d3edda05ee0ee2a4e17f60d34b56f360b7e199,0ddfaec9d4cf4fb7a98bd6d5aea46e7d
hmmt__model=qwen3_5_27b,qwen3_5_27b,34,uniform,2460.710982756,0.7273716204446065,0.0,1020,0,32,8f06bf7ca25468db97c8046e3a83edc7294d266c8087a27332385e8f914a3237,d8fbd2e352855f03edb42c2a620fef757fa73ead0b61a8fc364b4b006ef93474,11f7264805034719a656c39606a159fc
hmmt__model=qwen3_5_27b,qwen3_5_27b,72,uniform,5099.105945037,1.5403208916854927,0.0,2160,0,64,dcbaa5e0e8f851c556d095b04f8d1c0b3f883b74a21e0fc300292ecf301f7f3c,8568c56b71a5f44f4266a9da43114cd38543fdba192f226f60a7c66c989125a2,ae7ebbd9d1af4f0fa3dff9878b4bf58f
hmmt__model=qwen3_5_4b,qwen3_5_4b,8,uniform,288.868073933,0.03308908184770969,0.0,240,0,8,d8196589caf67bc9eb23006c8ac16d7c0f14a4ecbe8ffd9426414ab988810f43,63aea4edb41caba0cac02b27737792f465b7463371768b5616c7f617fa45ee07,4f4345a980194b44a6bd46e3fa627ce2
hmmt__model=qwen3_5_4b,qwen3_5_4b,18,uniform,626.386515007,0.07367799770531226,0.0,540,0,16,38c8738af9c4798ba96912b7c586ef7be6e6f757676e57fa16280e1fcd17fdf5,6abb334c175145c562321f53ce5044f84b41a8fb3a272bca0e4ccf8006854ace,e528de58419c4707881d4c8ab9020007
hmmt__model=qwen3_5_4b,qwen3_5_4b,38,uniform,1173.06887936,0.15560147866725785,0.0,1140,0,32,96f77c63a8a7763468b6c28544fe602b90a2898d400dacc5551930ac46b4cf1c,65de72b8b7b258666bdbadf53589a12601f4d9b4fee5ce1572f0801c38287d27,b2403835ec214740b9d0fc51172b5bdb
hmmt__model=qwen3_5_4b,qwen3_5_4b,82,uniform,2421.73131349,0.3343930168703775,0.0,2460,0,64,b1d5a8baaf16c67377ee506a0db089a44df4f81fe8ab21a6143fd0f14b0bbbfc,4e26d06c46ba3ec9acc4e5e15412b7006cb27aa4242ee71fc7fa7af1cb29dc87,0c6ad38b6d8d4a6e80f945fb56588aad
hmmt__model=qwen3_5_9b,qwen3_5_9b,8,uniform,313.413155814,0.05848995685030707,0.0,240,0,8,0a3a8820dc7901457c57aef841610d115c04ebd355df975bbe882cb96dbb366e,e0274c6877429f86a2e0698a5b0cf4e68a26d78f7986087cf0e949b719481643,42b08d44bfea439594a9df595bc87d32
hmmt__model=qwen3_5_9b,qwen3_5_9b,17,uniform,598.139321665,0.1260040684001198,0.0,510,0,16,66d63fc7093c16d2dc059a2188444adc27972998564b61a1e2255943be79bd0d,610bdd2cbc239277a685cf6c6ef1f047da101c8566ee5dd8a524780a9bbc66bf,2431912aa2954a9a8141e1652527c704
hmmt__model=qwen3_5_9b,qwen3_5_9b,37,uniform,1301.081471355,0.2753717259867443,0.0,1110,0,32,ebbba94fb9213e6948d2859864258c65aed54039ec5961674114ef5da8e3d0be,b0efc0681644decb20cc94b26a9cbea748acda13a0052c30ab2040430855b5c3,76d002f04bca482894abe33bba1a4341
hmmt__model=qwen3_5_9b,qwen3_5_9b,79,uniform,2675.172117106,0.5854366591435838,0.0,2370,0,64,4cc52a39e8b5531ac23c6527b8a087271dbc26b4f4d1bbfbca3012e3f13eccbb,d4331657be438a4496327259966072b722b1708bbb69fb148bf633876ed53f93,19cd1f167eb94d2492bd58ed95f1df2b
livecodebench_gt_2024_03_30__difficulty_easy__model=qwen2_5_32b,qwen2_5_32b,8,uniform,47.079571949,0.03229370777486131,0.0,800,0,8,f33d35474d2b892dc208d95b492454f0193e95500f9519615d5ad4a285caeb70,6598d4e62f65261c20c92837882456f7ef448dc41c52d9f052c8cc0da39e6ebf,8dcec0c5949b411a864e38521ce2b6f2
livecodebench_gt_2024_03_30__difficulty_easy__model=qwen2_5_32b,qwen2_5_32b,16,uniform,90.094089738,0.06492494760047002,0.0,1600,0,16,b15681fc5ede2bb91afc8d5826fb53ea71d5f4d82f5eab4f154a0d6523acdd1a,bbbefe91fa4c98854be020684b9e0d015927e925ebaaec2595caa61447755a5f,63e8233b4d144ee89e89b82463fb7249
livecodebench_gt_2024_03_30__difficulty_easy__model=qwen2_5_32b,qwen2_5_32b,34,uniform,182.271633652,0.13782707666697422,0.0,3400,0,32,b43c3cc49db304a0f34c079d887d5bf5f75aec99b3999a8f0d31bd001b4759ef,ba4e7ce0814670d8ce1788eccadecb90536e954371fa985af0821ab84fd9b2ee,7e1dfdf65be049a08e8558b7e81409c6
livecodebench_gt_2024_03_30__difficulty_easy__model=qwen2_5_32b,qwen2_5_32b,70,uniform,363.123806752,0.28362148462859266,0.0,7000,0,64,2b1ac7d11a79d9da9a21e899ebe2a3efd30b50b755395ad9d83a4a6c7e833a3e,9a0cd741a2cd2518084d695b6e4383e76f9f2232cffe40a86f695f386f22c357,ac396007ad4e4c5e8e14ad01dae5a5f7
livecodebench_gt_2024_03_30__difficulty_easy__model=qwen2_5_3b,qwen2_5_3b,8,uniform,14.632085014,0.004196343014719488,0.0,800,0,8,07e9ba3c187c7bd6159b763e0894895522ba3fb861aae2da7c67ce5b6c94f2c6,9453617b830145d15e377231732d7e7e096b80248493ef51f9cfb4a76869668d,2981f7777cae45b28414ecd1858a218b
livecodebench_gt_2024_03_30__difficulty_easy__model=qwen2_5_3b,qwen2_5_3b,17,uniform,74.393988727,0.009099340939214847,0.0,1700,0,16,30e550e1ef6705243f74a40cdd4f6190266f86389f9bfe69e467c88326b3a0b0,8b6728d442765d11a86a4dd2fbf14f61cc023357525a5c4b4b4e92ee3cfc434a,200e3cda666e447d979dbe4c8cd02207
livecodebench_gt_2024_03_30__difficulty_easy__model=qwen2_5_3b,qwen2_5_3b,35,uniform,107.928299492,0.019571765351817216,0.0,3500,0,32,6947e01bf54c0a013c87bfea94ab72d64fc441265e501598255c0abca72e2fa2,4bce22668bc9beaaf03562e53523d920407001438e1fac252d4c63b4111c0811,90899fa505a44ee0ba03e89d0c4721c9
livecodebench_gt_2024_03_30__difficulty_easy__model=qwen2_5_3b,qwen2_5_3b,73,uniform,151.600266709,0.039423664172531715,0.0,7300,0,64,4dd085a1870355660806b2ac3f6c3d9f7a459d082c2cf3ed40bae33fc16341bf,e144e00d1fcae02ce904be73966645579ed7454ecf3f7094ba20202c11061710,7a03dadd292044798575caa8caf6129f
livecodebench_gt_2024_03_30__difficulty_easy__model=qwen2_5_7b,qwen2_5_7b,8,uniform,12.79232298,0.00584512181808128,0.0,800,0,8,cff6784ec4a605a0d89b5b1c7f89a9e5da85248083178587de717c936010a33e,98b5c8b20eb364967a3c6cd9c463d63337dd97f5e9d56cc7c614891fd176b732,67b76a8209414843968cf2ee49d8a498
livecodebench_gt_2024_03_30__difficulty_easy__model=qwen2_5_7b,qwen2_5_7b,17,uniform,19.251512973,0.01244244619401728,0.0,1700,0,16,23197d30fbc545214760daab60e0c5640f317068d2c423798050a2d70286f504,95d7a3d1f70b4746110f868f4a2599c54dbdd1004ddcd61d0d6e0c478475cf70,07d41766577a48b4a4b06f004aa761cd
livecodebench_gt_2024_03_30__difficulty_easy__model=qwen2_5_7b,qwen2_5_7b,37,uniform,36.396417586,0.02715741879401779,0.0,3700,0,32,04afc3ebe0007cd12170352bd7fa023585e5fd8bf0ffce25aba7a2ec6b12b004,c53adfbff6499badd2c5bb20e245ee7554e7e32a9f9deb7303113b1a8716f660,42875e07c5b34a8abf2424bced18fca4
livecodebench_gt_2024_03_30__difficulty_easy__model=qwen2_5_7b,qwen2_5_7b,78,uniform,74.79431225,0.05712608451314688,0.0,7800,0,64,ae95168ca333d23b3b46574695f1a8a536d15e5cde2c6b4fd8fb39a33c356e3f,7d44bf427bbc8e0cd0758c41d1ad442baf10d6762f56cb46ffa8ff7d194e8c92,535fdedb5c454b90b08a92247ee3b307
livecodebench_gt_2024_03_30__difficulty_easy__model=qwen3_5_27b,qwen3_5_27b,8,uniform,450.032293515,0.13942340506493747,0.0,800,0,8,0464e5de7b7082abae4c5fd4666e3d44cb71fb30bff67b7a4d5de5bbbd1fdde0,2223385e8b4d9a3c97544245f3660536079185b8621056968b2de1d19144b89f,5926bb675db84c8c8e06ed7848af34e5
livecodebench_gt_2024_03_30__difficulty_easy__model=qwen3_5_27b,qwen3_5_27b,17,uniform,810.769297337,0.29767638618403636,0.0,1700,0,16,d751017b102e01d617ff63792d4f253f6be13381ee971820b3b00057caafbebf,15261d6dd91d8510005e5821c68bfff5c82090b964ca1c0271429daeb8504e77,31cb4327efdf41de8e074a8c1fbed53a
livecodebench_gt_2024_03_30__difficulty_easy__model=qwen3_5_27b,qwen3_5_27b,36,uniform,1577.797202207,0.6281298064543119,0.0,3600,0,32,da429d9aa5bf5aa8b6554d69bf7067767a853db0d2e5ec72428d4ca42986ce97,bd7c30801e2e777861618b43bb4106ec44f777516df3d8bf232ab7250d9547f3,fc6023c61c0541bcb7b4591584ba39a0
livecodebench_gt_2024_03_30__difficulty_easy__model=qwen3_5_27b,qwen3_5_27b,76,uniform,3195.717547365,1.3304898107282022,0.0,7600,0,64,1bc7ffcec0de2695c52bcd4253cdc4935f181259e1600edd695db32c234cd00c,ed2df94557b7b18d431eed5993fa0e361c9bc481db06ef0cc200fb88da5c82fa,998f4b9fd8db42fc87bab46177384ea4
livecodebench_gt_2024_03_30__difficulty_easy__model=qwen3_5_4b,qwen3_5_4b,8,uniform,219.72342842,0.030794576339103746,0.0,800,0,8,7efd600423a8c97f3fef93ee3fc4b2e549dabd8e912e8ca2844d92fb769a52ed,e82aa2f0399d9ff3c2a302ec9d63e82dde04a3d9a416b5ccf92cc9772d26fd3e,680f7ce5000f4229b483beb74503ec7e
livecodebench_gt_2024_03_30__difficulty_easy__model=qwen3_5_4b,qwen3_5_4b,16,uniform,372.932635013,0.061860811742314496,0.0,1600,0,16,6179a32fa7bfb55ec4f825d7e67603b5e65f7ab12aeb62c55ba5019d12902152,4084a9ca26058ec5b17e0a15da636ec961bb8a720016d3f3fcf38b267bf5a03d,699a9240ae0f472d9b2f8044482b1a23
livecodebench_gt_2024_03_30__difficulty_easy__model=qwen3_5_4b,qwen3_5_4b,33,uniform,680.762597123,0.12491398230019482,0.0,3300,0,32,ed961af7c0f68383217f29733185bbee0341c2d80ca36b48470d38c2f3e9ac32,1bb9270ef86467fcd4fdc3c857007984a327dcb8ae40bf7a87f7a1bb72368024,4951f7b5c1874b6f95ae58469a20ee51
livecodebench_gt_2024_03_30__difficulty_easy__model=qwen3_5_4b,qwen3_5_4b,69,uniform,1386.564866246,0.26507408427294105,0.0,6900,0,64,d10d53654530b7a98267b3cdd65dc7d9cab975aef8b4745359f0c2340a882033,403fe1ea98bb9499c041d3c06ecffaf6cbdd3d703c77a839fc8846ceccd7d83d,c677f0cab88443e38036fc1b11de543f
livecodebench_gt_2024_03_30__difficulty_easy__model=qwen3_5_9b,qwen3_5_9b,8,uniform,265.177407744,0.05505295772337254,0.0,800,0,8,d5930dec681aac61b44f540a7621f6d1a09b6158843f9e96754ae51ae0879027,202706dc790f6ac99df2ccbbfbdda209b03c3c8ca2c1574297a4ee6b5c988938,473b917226cd41368e864d732007d7a2
livecodebench_gt_2024_03_30__difficulty_easy__model=qwen3_5_9b,qwen3_5_9b,16,uniform,413.169924995,0.10858496232253849,0.0,1600,0,16,374c7a429034bd22339d33cc703433b5b768b1764d06a375c7a73603cadf0a0d,bcfcfb90ca96bab0684823f88656d92bb92a9b1108aa0bcf98743ba52f69e9b3,6e2de82050dd4832bf0d21178024d057
livecodebench_gt_2024_03_30__difficulty_easy__model=qwen3_5_9b,qwen3_5_9b,33,uniform,766.594569704,0.22699083687629518,0.0,3300,0,32,e558c969dd99e328ed8d748fd174f39fa784315a11f47fb89128d46a38e52557,ce729aa0500afd4572250bc8c9d4e41f2ea6f55847f1f0de9b7615c85306ad38,7e74ac70beb74279a456c84a383b41b1
livecodebench_gt_2024_03_30__difficulty_easy__model=qwen3_5_9b,qwen3_5_9b,68,uniform,1490.704844502,0.46762504776513125,0.0,6800,0,64,bd8ce15a12293de0b7b912f8c3f2e52242892ac8d900e95b21780584921e1fbd,596ef5132681f64622b7a2d0c2773a2ceb4d320b3ab116d09c15f7cca395dcb2,da04c8b7abc04d0a9624059ae4a52d86
livecodebench_gt_2024_03_30__difficulty_hard__model=qwen2_5_32b,qwen2_5_32b,10,uniform,110.318702484,0.07178157626994688,0.0,1000,0,8,d6cec4614b0fafa743967e7982e380c71c367e40de4251bf75760711897b8c2d,542d86b8c6f431373bd1bd2297fe5822e76ac6987dd17c4ffe1c1161e727abb4,67d88cc7f994439d982ed30d84011a4c
livecodebench_gt_2024_03_30__difficulty_hard__model=qwen2_5_32b,qwen2_5_32b,24,uniform,245.619403473,0.17305752804949606,0.0,2400,0,16,cac7c37956645266ac8983f1c7b393524547de2f7c69617257281d3ff616821a,6096c25f2daf0a073255f2581bc3e4854a80ce029ec5ed7105fef10d1388c0f2,2d8d3442fce148bfaeffbd33be03f8af
livecodebench_gt_2024_03_30__difficulty_hard__model=qwen2_5_32b,qwen2_5_32b,56,uniform,555.098650254,0.40421252061273294,0.0,5600,0,32,957dba16a10f058739c4b102c33cdb6a74d162ac8ed412200c9264e875ee0782,dee115e1bb8be5ba269d70ec776e156f4b3cda1ce65ed239b3c5ca44165c48d7,a9c1e141bac34f7c8501d924b444c77f
livecodebench_gt_2024_03_30__difficulty_hard__model=qwen2_5_32b,qwen2_5_32b,133,uniform,1297.289914946,0.9590467268495114,0.0,13300,0,64,9b32107659d8876212725590eb5ccf8561810532441f57985a70489fcc1ef7b6,300c2023a416145b62d38e66a2d536e7656c14caaca24e1e3b3b5ba3997e3c3f,232d7a2a9f73484885b156e64735a701
livecodebench_gt_2024_03_30__difficulty_hard__model=qwen2_5_3b,qwen2_5_3b,11,uniform,83.652311726,0.008827822433189888,0.0,1100,0,8,1761e728ebe5c9c07c03149877b88a7473fbceb17b36db3eea326987726f4700,5828f46562c15dbf903cd0042b91edc35a1c168ad667a83f27d3622c8b938c1b,213dc87f71904219bab9a63204431e80
livecodebench_gt_2024_03_30__difficulty_hard__model=qwen2_5_3b,qwen2_5_3b,26,uniform,114.039034872,0.021555156049559553,0.0,2600,0,16,79f0e5fd81181341db81eb414b1fda327ab6a5b25c8426d66858eda6e3378c20,23bcb1800f387226bf4a97a6aea1db336a8f6972c421544b369f51e9b8e4de30,44244ca6d37540348503b686e5b7a1d1
livecodebench_gt_2024_03_30__difficulty_hard__model=qwen2_5_3b,qwen2_5_3b,64,uniform,191.60366135,0.05241174179045376,0.0,6400,0,32,898a336aa8466d37ba4c8c0a77d928cc97ada693857ff38e6d72486bd2b8137d,958c8b80fd8e82c06dbe674d6ef2541676345d7c56d82e99c7b4e8f150cea36e,e2ab257898a946b899490ca4d9882f61
livecodebench_gt_2024_03_30__difficulty_hard__model=qwen2_5_3b,qwen2_5_3b,158,uniform,369.562213979,0.1275996964043899,0.0,15800,0,64,8794664d776339ad31c7f2391546b4d866522d42fbc29c83b2250aaf76ccda20,a5bed712a473d2c1b093571c5cc60f8e0a77b02303f7868bd07d8cd81679694a,02edddb3786044d6b00a0ddc78906008
livecodebench_gt_2024_03_30__difficulty_hard__model=qwen2_5_7b,qwen2_5_7b,10,uniform,22.177689578,0.013852638385230848,0.0,1000,0,8,6283daf0d3aecaebe93926cb55f003fde391b293e70162b51362361cab329ee6,bdbd23a668d727d486b59395dc033eaa7e646089cf843ad848f5202bb487fe3b,78f1ae53b54343369e0e19e73c1e3430
livecodebench_gt_2024_03_30__difficulty_hard__model=qwen2_5_7b,qwen2_5_7b,27,uniform,141.586178926,0.03777961839951667,0.0,2700,0,16,518593475786fb82faa4f080c146d17831630d4764345bd6c89b4321400c4968,24dcfe8ab8ef4ebd3cf0340ba712e0fe59d3341774d979cedff7222d217316d7,0a0d8ecb5e9e42dc9db1f25628e22319
livecodebench_gt_2024_03_30__difficulty_hard__model=qwen2_5_7b,qwen2_5_7b,69,uniform,183.279810804,0.09576709293733478,0.0,6900,0,32,916ba24a66253b0b16b6aa495957a3030f144e0de6940255e0686a1a35f5c6ed,b46ea61b69acee0a8f5779f65cd524fe1cb0600a48eee0627e4dcc04797ee7c0,c323264f9f9e4ed2915384d4c60e5aad
livecodebench_gt_2024_03_30__difficulty_hard__model=qwen2_5_7b,qwen2_5_7b,177,uniform,411.201324701,0.2472174381206405,0.0,17700,0,64,2f267a6bfd1f9c719176783c03295009776c55bca8eaf098d99ca698b24349e7,44aa2191f5248316749507d32326649ecde155d58710fcab1adc095a41c7827c,84dc3cd98634413cb91faa2bc226a9a0
livecodebench_gt_2024_03_30__difficulty_hard__model=qwen3_5_27b,qwen3_5_27b,8,uniform,1728.672268498,0.47770543181976166,0.0,800,0,8,707cdeb2110f0b817b8350f35e46e70c8e9a0cd41f9fc31280b100ca55b66e78,ad356f5fa0f241bd0a756e2d0e767433cee4bd7c8c3a480e13c1023dafe59cc2,44066748e6cf4249ad18872f8fe45340
livecodebench_gt_2024_03_30__difficulty_hard__model=qwen3_5_27b,qwen3_5_27b,18,uniform,3661.312217507,1.091072983404579,0.0,1800,0,16,d853d820c70d280634384605ae12ed4cb43d5f561b795c7f319da9a3a00ff40d,73c470953752b77a3b17d59c55a54f76c18f9108cdc02aa0de3a8e8459d27ebd,3b2b1d7b208d48fd88fa7b79f7c8bad9
livecodebench_gt_2024_03_30__difficulty_hard__model=qwen3_5_27b,qwen3_5_27b,38,uniform,7435.592459235,2.2964590588211364,0.0,3800,0,32,1ae2f40d749b249dc90837571913c70e2903415cfe244176846338edd08d74cf,3ff8f83e52a6c7127c04fd8720cb8f379e03e831e461c665b72a64e4f820d3ac,9f1a5535248d4af2a702fde4b866387c
livecodebench_gt_2024_03_30__difficulty_hard__model=qwen3_5_27b,qwen3_5_27b,81,uniform,15493.093850698,4.863209314877023,0.0,8100,0,64,a63a9d44ebfc90c87915857356d559bb5d37fbf8d7b9dce44f8c216f1cc7e380,978b6307cffd087e1465c0142a376d899d601c2e8a5d96adfe24ee0be1144b60,7fd0ac6250df4c67b6b38dfefd10c7b4
livecodebench_gt_2024_03_30__difficulty_hard__model=qwen3_5_4b,qwen3_5_4b,8,uniform,677.695256258,0.0882344583210455,0.0,800,0,8,db8e0afb2e6aed52d08870bc645c6a49f914dab71e74158ffb4be46407928c5b,beb32d09274bea46d591fd169ed8fa18442349b7cec64621de4b2b4f5fd4b625,08d4d3ff6bc04f4da1b4d03fb24d671b
livecodebench_gt_2024_03_30__difficulty_hard__model=qwen3_5_4b,qwen3_5_4b,19,uniform,1515.144028625,0.20579717549496934,0.0,1900,0,16,80b9efdba7ad55f98c648e56bfa3bacdb0069ee84261d22f4f2dbcc1448f6f3c,aee2ae9b6c07eaf69e7055afac9384da28d2648177829e27a4ecd166d06dfd7f,da00ba3aedf9421984f52e13ac83f51d
livecodebench_gt_2024_03_30__difficulty_hard__model=qwen3_5_4b,qwen3_5_4b,40,uniform,3148.400264624,0.43774505811539965,0.0,4000,0,32,521a59409f5efc1dd57381b2852a05f3eef7c2612f4e6f06d8bf2f566ef5cf74,8c34837c30b4286026678deb6db2cb6f86c678dd9e1515dd4188d24bf83b19b6,a74b4f8ebadd4216bdcb0c651021a783
livecodebench_gt_2024_03_30__difficulty_hard__model=qwen3_5_4b,qwen3_5_4b,87,uniform,6751.108419548,0.9531030401178706,0.0,8700,0,64,b0fa087e56b8beea4c2e5ae3f16ff64a39a515564811f9e32fce026df2446362,c87e08ec4a22eda5241e74a5a4c45010b6e0d5ff90b714f02f2e7380b2329357,aca92c30c62e43e7a0f510903a6233f6
livecodebench_gt_2024_03_30__difficulty_hard__model=qwen3_5_9b,qwen3_5_9b,8,uniform,759.628042981,0.15290330484730472,0.0,800,0,8,9a4f5fa800714e893297bd0d6cc850e7638a72442dd3de808a559640ea848d3d,b9aca0ffedba094adf8dbeeba9473bb0bd12c337028dd4f05f8e7d7e6c329755,1597f8098fa14cad888b04e13125b857
livecodebench_gt_2024_03_30__difficulty_hard__model=qwen3_5_9b,qwen3_5_9b,18,uniform,1638.892039671,0.3512419712299694,0.0,1800,0,16,05f1f3601e40aa3f5209124643f25139c34e0a4d95b52e866103b6b2ddeac1f7,93e7d8148c742e16977eb7d9673797405b4973b6516e140fe9cf307969d73331,588589ec31924d30bf1dcb0647bd4209
livecodebench_gt_2024_03_30__difficulty_hard__model=qwen3_5_9b,qwen3_5_9b,38,uniform,3399.075842702,0.7496974396959006,0.0,3800,0,32,ec7bc6394dd65b142ef2f5a4357dc1c86bfeb82b66b049ab189f350a3d5eec0e,47216cf533e84e1a516d40cadedf618df0ead39cc6211da63131679ce869516f,9e7db6b5f41b43b09e5404126c98d4ab
livecodebench_gt_2024_03_30__difficulty_hard__model=qwen3_5_9b,qwen3_5_9b,83,uniform,7285.437308522,1.6218463219625625,0.0,8300,0,64,ad80fe70e57ab9f0ba3f588e27348d66dbdffcc545a023567cb514aba377d53f,4f43ce555f3504f7d7340d520532c99166538efe802932583ddf7313317a6b67,9bf7591d27c5473cb84e71c2f4d9024f
livecodebench_gt_2024_03_30__difficulty_medium__model=qwen2_5_32b,qwen2_5_32b,8,uniform,66.99083911,0.044359427408304127,0.0,800,0,8,19bfdd2cfc84e0b15d79e7c5d0676dbb3bd06160092e5ba043f88f2a9e2069cb,8ca629237b877c8754dcf882253bcba4af2bd0c6b359ee38520c7ec216e00274,60fabea4e3064180bafc3391ab033749
livecodebench_gt_2024_03_30__difficulty_medium__model=qwen2_5_32b,qwen2_5_32b,18,uniform,146.789025678,0.10051565788086886,0.0,1800,0,16,681b179cf4f4cd1fdd3dc6ebc28e2ee750aaa6649c9f5e5d640b6cd21a2d59e9,c1020925a40333011ac4fbe21b08abd30fe07e307b7e4614eb0dba4c8a917b4b,f567a2bc4f074069a3fd000b6a5b7631
livecodebench_gt_2024_03_30__difficulty_medium__model=qwen2_5_32b,qwen2_5_32b,38,uniform,292.348142301,0.21211174722395135,0.0,3800,0,32,b0d9536b892e40578ad4e286741207f9581fea28c70b05a4b8cbbfced7a9d478,20eba8ddcb7ca82cf35d396851999f52b7ef593e26580015bc1bcdeb3f2e1ef8,4c016d2cf1c14501b67ab501180a848f
livecodebench_gt_2024_03_30__difficulty_medium__model=qwen2_5_32b,qwen2_5_32b,82,uniform,621.874563353,0.45757736649541836,0.0,8200,0,64,50520fab6e41ffcef0fe1dc4d016dd9e5692acce1c79c6b84300883a00d2b604,74511a26ec38ae8c812b550e1f92be3efb667dd8fbf1f3bbd36bcb81a01e8678,c29e03a7c1ba41daaac3e4e0a5478d32
livecodebench_gt_2024_03_30__difficulty_medium__model=qwen2_5_3b,qwen2_5_3b,9,uniform,73.78445675,0.005965711188860928,0.0,900,0,8,56a08cc0fffefe8a1f019c5f66c4ba72db50b59917e7c9c742d507c3ce4c377f,5a8e5d95456d086a984e78b72d1bd1d6756ebead539136cc2a322cff12db1697,53c9c6a9969142af843d40ea667590ab
livecodebench_gt_2024_03_30__difficulty_medium__model=qwen2_5_3b,qwen2_5_3b,20,uniform,82.566853567,0.013227349000921087,0.0,2000,0,16,e3324cb5f05e161d2f0ab17d5002a050075b936aea2c586dd72ab51bcb70a4d8,3d17265080b01fc496b66940de3076d51b35f13c410c7caec3c4b571bf8ccf3d,220157e0f8b34d1096dcf4cab21e383f
livecodebench_gt_2024_03_30__difficulty_medium__model=qwen2_5_3b,qwen2_5_3b,45,uniform,123.363559927,0.02966432766710579,0.0,4500,0,32,54813eba3cce77c588699cea83a9423d1faf94003b6cb289b59e15cd151f1d82,e622bb71c3d4eb0018b149f116e5efe0f9214c4573fdefba15075ab3196ab297,e0bf9cca58d34af186ae1de125c6d70e
livecodebench_gt_2024_03_30__difficulty_medium__model=qwen2_5_3b,qwen2_5_3b,101,uniform,218.980587746,0.06589713780908033,0.0,10100,0,64,ef54e745dd655e7f3c5e6046cc72cd9e7e053eb323b6431673c541ddc8c955d9,48ed620f9c3c874e97f92770e1a11062e911082d334481e444a2b7279f7463ac,a012e639f03a4921adacb8d115eba2d1
livecodebench_gt_2024_03_30__difficulty_medium__model=qwen2_5_7b,qwen2_5_7b,9,uniform,15.557918108,0.008899063854256128,0.0,900,0,8,946e40e88e8fdff4c419a283c68b605d3bb51ce858fcded141904ab1ae3aa5e4,7fc56bda694255a38f41fd2ff6835eda71e0f05e21b6d033076082f6dd88b205,fcf7be6f86684c299ebabfb547a3c6db
livecodebench_gt_2024_03_30__difficulty_medium__model=qwen2_5_7b,qwen2_5_7b,20,uniform,29.955085831,0.019771297217846272,0.0,2000,0,16,2d62b94010b51de8dc6c83f87d7d4fe21b02e975cab673ba509f771af8530483,5d83f48c3245153be65b89e19a05731ffe5eb150446d90df774b4e71de965134,78b734fc98bb477a85038d50aad86aba
livecodebench_gt_2024_03_30__difficulty_medium__model=qwen2_5_7b,qwen2_5_7b,46,uniform,146.932961635,0.04571757276090368,0.0,4600,0,32,4e69f99087063ee0d0db0ddcdce7dbcb755b8b6a6a35097e62e2e3eca38a38b4,1c70486a2f487dd233d84de5503ff5ddf97ceb3cd7e7f341e11b12b4b5b8a75f,12d2a3465f80476597968a38a4c45ff7
livecodebench_gt_2024_03_30__difficulty_medium__model=qwen2_5_7b,qwen2_5_7b,104,uniform,193.659345173,0.10328328703857562,0.0,10400,0,64,83390326bcfcd65096f5a6255e911f0934f9ba8e906596ec8c47de4bdb63bd31,78122bb61dd91209f50c932c36f468ae8b962be697973f7cbccc2fbc1ed5f717,039b0cd2368446029af4af9c99b79518
livecodebench_gt_2024_03_30__difficulty_medium__model=qwen3_5_27b,qwen3_5_27b,8,uniform,901.433463396,0.23794984087762636,0.0,800,0,8,217d3011f859833debf5e05207b5dd2a24db9ecb8a3f9c1747ade01e8bf38ccb,d112aecd4732022f42071eef9d7d5f9a174b9be7472dba55296f42cd2aa343d1,d3e889f7338a4e2faf39944287d7170e
livecodebench_gt_2024_03_30__difficulty_medium__model=qwen3_5_27b,qwen3_5_27b,17,uniform,1582.543441694,0.5060459314102098,0.0,1700,0,16,76e3ce663ca72f414ad9b2a5a212f1eb36339635755ec61b15fcae3b4bde349f,e05fdb0d2f4db18ea411c737c318318987e6cd32678567b22efa46c436eba53d,37f63c14fea7490eaa9c3e8a6828b285
livecodebench_gt_2024_03_30__difficulty_medium__model=qwen3_5_27b,qwen3_5_27b,35,uniform,3050.811081936,1.047465831043708,0.0,3500,0,32,60c97a77955ec4b46bee886868507398f62e46085f2a2c3999146b0aeaf86385,f55d9b411f2ede8f18f2e46c28f4673237620a3c726cb6ad0a41a2dcc93d7bc5,313bbb43e09d4b1bab8cfe22fd826388
livecodebench_gt_2024_03_30__difficulty_medium__model=qwen3_5_27b,qwen3_5_27b,73,uniform,6232.583754914,2.214826147051635,0.0,7300,0,64,7bd1449c226861c12a574fee57636a438d718f7a081af7f78f72bd1536e69471,4236a44f84f0080262f7a8053b727fb76b42f94206af00ffced18ac5cf566ac4,7a1481d5318b44c9a40e25b2a50cf28c
livecodebench_gt_2024_03_30__difficulty_medium__model=qwen3_5_4b,qwen3_5_4b,8,uniform,366.635223225,0.0487554215462441,0.0,800,0,8,2b6b364a429966667c89e0cf656e09e382b60eea88fac324c73e8c6c9d8839fe,d7d4f4db79e9af0e871f46b8ebe6923169ba00ccb627578b29464ecf5b0edf3c,7389ea47247e458484ecac2ef42c8c5b
livecodebench_gt_2024_03_30__difficulty_medium__model=qwen3_5_4b,qwen3_5_4b,16,uniform,664.329265285,0.09767762330640384,0.0,1600,0,16,fb06408e168a0d99f54403204a4c3facc7d44f51963bccd1e0bd8f1edcb6606c,2ca059a3f336c003999baa83d4503f6424349842a0dd59ed77988953851f9f8e,07af024086d14b689e7117edee15eb9a
livecodebench_gt_2024_03_30__difficulty_medium__model=qwen3_5_4b,qwen3_5_4b,34,uniform,1346.734428338,0.20851693141648384,0.0,3400,0,32,b3b8f26f82a6a06388bdf40937b80b90de38deee07d22b2f973e89052cf3f8a9,df89a97c5c6e4b1148e69ba2a41688dc1ca160f9dd0034f088dae0e665f35544,2f565d1039b84c7e94305e5ba0c9afe6
livecodebench_gt_2024_03_30__difficulty_medium__model=qwen3_5_4b,qwen3_5_4b,71,uniform,2773.092869706,0.4498174592718766,0.0,7100,0,64,4586fecab86d21ec0251bc12e756945114b93a9b8b7b7da1a59342e2b94665e0,a18f22b35990c47215ebef3390ea97046bf9b2af76c849ee0f46b4eb7d1911f4,7da940c4a7474767a0b53c1cf1c51e0c
livecodebench_gt_2024_03_30__difficulty_medium__model=qwen3_5_9b,qwen3_5_9b,8,uniform,411.325722586,0.08263193294580122,0.0,800,0,8,322012778ac76dad5ca12d71874fb44465e8058d7073360b2ea23bf6bea7e9fc,0c6818215c262ace10be61593201e3ff4f9cca378ed6c196c972ce678a949ea0,1d9885774c4f4f40bd481d6c920d4c7b
livecodebench_gt_2024_03_30__difficulty_medium__model=qwen3_5_9b,qwen3_5_9b,16,uniform,722.762040593,0.16665023499698073,0.0,1600,0,16,05e68b3b29e70e3e42fca567a0b0825741aefc37afaf3adeb370665943607e2c,94b0347be6ec522874a89d2f59d75ca2e8ad09122606b5c4228d2e97393eee1a,f874634be2a04e8db9396cefe722f8b2
livecodebench_gt_2024_03_30__difficulty_medium__model=qwen3_5_9b,qwen3_5_9b,34,uniform,1389.100799768,0.34892220011958375,0.0,3400,0,32,663c7d4db39ee671136e31b9a791391f7e8f60ac39a57bc3097890e23455b94c,dce61c5e568993b37cc3a3b5526e9ae64456fb5ebe78849d78b95a229d0a5438,3c092b1bd4bc4d26ac685f07d9547f20
livecodebench_gt_2024_03_30__difficulty_medium__model=qwen3_5_9b,qwen3_5_9b,70,uniform,2753.284959003,0.711141594341162,0.0,7000,0,64,08faf65843d107d667e7da89a6d6ec968d948439abc6ec5dd9aa013a18657f47,de451d37fe294b0cbeaa5deb4e12dfdbf0fea3dfc45a35080b9eae061a472ba5,8b058e78a9eb48d4912b2a69a62f5c2f
math_100__model=qwen2_5_32b,qwen2_5_32b,8,uniform,147.458704634,0.03355404559222989,0.0,800,0,8,97939f81419a457ebba9ca8d2a4fecc13582482daf5e66a07132138d6fead3e2,734a88e65458a59aa3342cc8322948154606913aaf1b85ad1f44dc2e09812374,ad6197d6a35e45b188ff15fb48aab318
math_100__model=qwen2_5_32b,qwen2_5_32b,19,uniform,497.079928964,0.08220841422886298,0.0,1900,0,16,debe36edf0aecb757092d90e2f8bee1244312f836a1d97fe35e61f00f94e859e,5baad7110aedf780193cfbdd740acac3829f74c820b379c0da538f8eef5433b9,8a7b56d68c2e4991832eac705b026d1e
math_100__model=qwen2_5_32b,qwen2_5_32b,42,uniform,719.078266076,0.1821251229488476,0.0,4200,0,32,4320bfbbf03c1c13e1ec8028de147fdb74338b71efb3599c38fc476afcbad128,bc54faeac7af2ec4ea4c91155375afbb77c4275ec14d3ceda21c6ca39ba89161,39b0f008c6f9404bbcadc9464dc7cfde
math_100__model=qwen2_5_32b,qwen2_5_32b,93,uniform,964.965156935,0.39454331270482124,0.0,9300,0,64,e5a5d8516b9451b9c826733169cf943d699fa52262eb9695e44fa607ae890c7c,791fe1d81e0721ae8d84a332fd9d46fe9f38bf08216ab0c706bf513efd7069aa,ac0efe12477249ec976f62a738e89667
math_100__model=qwen2_5_3b,qwen2_5_3b,8,uniform,78.400125741,0.004712334688477184,0.0,800,0,8,52bd863af5a595b7662bf0152451dfb8e84ecacf93f74fc073dc6cca48285ea9,79bee7a95592c372a5c75cf40822fa7c6eb6794d97978bfb962747fde6028976,2c539f4124df4708a332d369128d7bfc
math_100__model=qwen2_5_3b,qwen2_5_3b,17,uniform,84.588584881,0.008846364288401408,0.0,1700,0,16,5a320822c8e1c2c0b96746e3ef4098ff26904f109eace615cf39c2a923556292,8858a43f94550a5b8954c50f7d381db7df88798719a29a6150783b1242ba3586,7f4c681a50d14eb5b4c0d0e22000168f
math_100__model=qwen2_5_3b,qwen2_5_3b,37,uniform,128.691122864,0.020649086566039553,0.0,3700,0,32,65b2a6cecc58641cb0f0fc7b1fa460c8ecfab28030bcf0892380ea73bf0cd835,745ee104ec28d33635c5a87d3610987a15dfba3f2514e64c262bd3d4f380e0ac,0c466bd16e7147b4a49ae63235ff23e8
math_100__model=qwen2_5_3b,qwen2_5_3b,78,uniform,198.711660464,0.04303433905271603,0.0,7800,0,64,a9ddb8436c688a467f0bff4163ec6643066abc9ca694a37802eaffe60a121a28,94bfdb1f07a16c1b4876502e51f94b96baf8ff1624181eab131d9f286a9303f9,2f8c3d6391264165b842748300342ab0
math_100__model=qwen2_5_7b,qwen2_5_7b,8,uniform,18.791789388,0.00739975461507072,0.0,800,0,8,c6ba7b61428e6714fb05e93e984593d15cbbe6437e9bd54e6998e9a2edd563a3,3ac283eaa6bc4040e5f636e24400a05afb154cab40b28598f485f97a4cdf4b69,5916a55ba7414b328af6e5381d3a8263
math_100__model=qwen2_5_7b,qwen2_5_7b,19,uniform,127.355295268,0.019602088128157696,0.0,1900,0,16,e786e310fdf1f2ef3709ca776c8850e4f2063bdce77fa3ac4c4a657f1a8d9a55,19dd274fb4260e0a04d441c5d0a1e1aef30c800abea3da267f371b484954f4e4,3bb4d8cab34549e688a01a39850ba269
math_100__model=qwen2_5_7b,qwen2_5_7b,42,uniform,163.729730202,0.04063484828150272,0.0,4200,0,32,2a2bdeb5b1d6a0138d22d187e431cad78c5daf7bd7176c242c894bce7d7d697f,b22ba0fc15a76191402ea76a734d5ca5f5b06ab10cfd393c2ea248cb54fc73d9,c148c2ac87874579a99147ec26f2a43a
math_100__model=qwen2_5_7b,qwen2_5_7b,91,uniform,260.232315027,0.08934624950785229,0.0,9100,0,64,27c31186fd6ace93e4675b321877d1f9d52153325c7943797c404fda9ae11236,a37116233b6253e84eccfc6e5aaaa2500fcefee64deff8a2eb4e9ca46cc15f81,e2b65f922644420bb07023aefda4c564
math_100__model=qwen3_5_27b,qwen3_5_27b,8,uniform,1082.843248556,0.31679337874968266,0.0,800,0,8,2c66c88110c6345e2e65fea6bf18d4da35d8b03edb9a44a542b9477435618806,cccd174f90df7beebdd82cd5969e132be8896cad18909663e09f2d3be6713b77,e5be9fd9fc014101937abf5a61e3a965
math_100__model=qwen3_5_27b,qwen3_5_27b,16,uniform,1923.34979794,0.6264049719187159,0.0,1600,0,16,e53793de8cae635ad668a53088c40aacf93ff6c312972fcc5bf541921f097de5,d8a17d6ceec8053adf6a93836a71010b8e4bceb9fe06c1e0309653d035e0d97c,f8e801ea04fb4a899a2831bcd490511c
math_100__model=qwen3_5_27b,qwen3_5_27b,35,uniform,3979.307260266,1.3790343706113137,0.0,3500,0,32,e028bb890f07dbd36f70f6a4cf626bf29bd23388b44f8ca706e2d8dda11d2305,6ead3e337811c788099fcdafce238ecae285681e97ca8fcfd92f9e790f3651e2,995b44bdffcb4c74b12ba0a6fc419f82
math_100__model=qwen3_5_27b,qwen3_5_27b,73,uniform,8123.974138611,2.8743789166562674,0.0,7300,0,64,f6d9c6ffc7c4b4346fbbded026f06703556607cdd3b90fd294ca89f360fcd187,16c8079fe372a32fd859c0bb7b175ad1aa3f1f448d7895d528dd59d8fb9ca723,141c162aa5ef43848ffb47827f0eee68
math_100__model=qwen3_5_4b,qwen3_5_4b,8,uniform,358.571553172,0.0500653924628521,0.0,800,0,8,ca98fe87ecc7e1e49d4a4c506a1e095e5c6c3974dd7d6b56f06b1d25ce416d87,a641be7d37fcf76b703012edcabeb509958d3978df10e7458fdbec85ff7348c0,8a7b6ff4b8924f53823e724f84b3057e
math_100__model=qwen3_5_4b,qwen3_5_4b,15,uniform,618.447942329,0.09472479558148915,0.0,1500,0,16,71ab70049e959788f819500153441ba7185488ae109f1212f1bb0c8bb3074d86,1b567c381b1a08d13a87c02298a18d04749e9d20a7bbab93ba768c0bd6f0ef68,b0cab8ce5c424e09aaa606824f34c64c
math_100__model=qwen3_5_4b,qwen3_5_4b,31,uniform,1186.038192823,0.1951501599384064,0.0,3100,0,32,ee404f141af3a4cdac7bc3d739dc42d0c88b7ad6f55b33f11c61ee6ad32ccda5,239f227af9fafdbc69b26abec56b5b32de53cebaa4b53d8aff9f79c32c02ef18,7fe1ce75e912406d82db6d80a49d94ff
math_100__model=qwen3_5_4b,qwen3_5_4b,65,uniform,2417.285209812,0.4101389075602719,0.0,6500,0,64,f371443af5fa437864f597107f4ecb39763851f5f6edab8487680361d0a064e2,fb52d1223ff0da72176dd70122f8839f35070b3a2eff8461964f4c13348898c9,ec286ca0180142149fca7aa8bd2b7bec
math_100__model=qwen3_5_9b,qwen3_5_9b,8,uniform,480.376268454,0.09975203375266202,0.0,800,0,8,71d034997cd1044458de1c8d6a6a07f693aafe698b51b36428fe95209360f48d,27c50b6c63c92cef8b264804f4b7bbad4bf06ca046c038310fc837520158949d,4d02946812674b96a5d625ef44d2f3c2
math_100__model=qwen3_5_9b,qwen3_5_9b,16,uniform,811.244119411,0.1969138929794089,0.0,1600,0,16,714dae06b966170bb83cee21593bd774a360ba4dd11b1e4aff0e98f2350d4cfd,fb8b5e47d73e90eb1d11b5555e40c9f89d41473c31fa00b5855242060888b18c,01db3c6b722843e5af3b77e2c2d710bc
math_100__model=qwen3_5_9b,qwen3_5_9b,33,uniform,1615.305585479,0.4093529464020521,0.0,3300,0,32,fbd1702416c2aaaad5c24b942fc7ee2cd82c00114fbd62fdb74748a6ce395479,9205a60269dce0894ef79c6a8897153d4f09a04bf7e7d5aa8ce31b43e900716d,b57942d8a8474297901a9eedec53bdfc
math_100__model=qwen3_5_9b,qwen3_5_9b,69,uniform,3264.318204419,0.8570257554781225,0.0,6900,0,64,3245e18ebd284e81622ecf847920dabef8cee0782a8d6eef573f5a4f92599f34,9ac3ed2cc47c1ff32763fc4de4a068ff3bf582742a53aee3af7dff8ca63de55e,aa259a5bdb91415d82c688501a0855c6
mmlu_science__subject_college_biology__model=qwen2_5_32b,qwen2_5_32b,12,uniform,13.690358584,0.0105241461894144,0.0,1200,0,8,ae82b48bb7e28d22f0699d97ed4e25977cc57514db9122ff0326d8b4061d0a28,6cb072fff43352c2d826acd89a3eb7d4376a2f0ee945bbd036809c7e9d401215,42eb7b9a3da24d6682eff7b27a348f39
mmlu_science__subject_college_biology__model=qwen2_5_32b,qwen2_5_32b,31,uniform,33.828663604,0.0272406308707328,0.0,3100,0,16,c77ae5e6c30d26f88e4f6b3567fff67e38cb604839cde9a209eec088d5d7c979,75df59a6b53ca0a0e8d44db4d0ddb6d7869ada77feee1111924a3f99ad87abf0,a8281a1674c544c6a603351f33929218
mmlu_science__subject_college_biology__model=qwen2_5_32b,qwen2_5_32b,74,uniform,70.725819843,0.06496566791627162,0.0,7400,0,32,4243314d4170500b0d02005c26c5d874ed1e4742a9f8996189a3a62767bcc62e,7e6628cd5c14a4519762755956f9795a5cadf8d4507ee67fad086bd76f2ed35a,cec74cbca64a42fb8b0e45b767f813d0
mmlu_science__subject_college_biology__model=qwen2_5_32b,qwen2_5_32b,178,uniform,203.482795907,0.1562022496850985,0.0,17800,0,64,3ad7903d3ee45ef4ab0455d206e86093cb1cb9aeaf13ab080607f102b9b22547,bdf7c1a7b2b395827b975aebabc4036b9246c3be7d7e02854f9182d9be2c9032,9e97d16a8a52415fae062447233770b7
mmlu_science__subject_college_biology__model=qwen2_5_3b,qwen2_5_3b,11,uniform,4.74493843,0.000821928588664832,0.0,1100,0,8,2e517f73b6c3a0e3d21c7e16b73c561a3410a5d07ffc4f5ab4ddb2d522f947aa,b8f98f02af6b2f88a9018475cbdb00b30ee36459870e5edabfba5649013921af,16c806c819254d818ebb1df20250361a
mmlu_science__subject_college_biology__model=qwen2_5_3b,qwen2_5_3b,27,uniform,3.953451931,0.002017461081268224,0.0,2700,0,16,ad637bdf13b6df990dc48f2870b0a0b23e8ba9534de0518b2da8dc54a260bcdf,d8a15833fb571acba4b4aff1fb731c0dd57dee8e539f5d77d308be869b9f2a9d,4d02b950d734458b8d2cb3d91c4c87fb
mmlu_science__subject_college_biology__model=qwen2_5_3b,qwen2_5_3b,66,uniform,27.533772249,0.004931571531988992,0.0,6600,0,32,a922939abee82ac92a1bebb22c0e1b6673c3eae82f63c477e66a74f89d726906,2b4dee9fff7f989b24beec08e16871ed9cf31e95801e6368ab26241c84c88dec,5a30af5e7e7e4eee8e1c2982ace797d6
mmlu_science__subject_college_biology__model=qwen2_5_3b,qwen2_5_3b,161,uniform,173.482680247,0.012030045706821632,0.0,16100,0,64,a79715f5c9ca229adf418f3a5a6aeb7fbd739b441d523c1bd5d18182fad6331a,1c78c234a1479c8fb5bef95d0946d34e8930cca811892576730e4c4541cb6e35,ddee96e2f24c496e87a38e516156e051
mmlu_science__subject_college_biology__model=qwen2_5_7b,qwen2_5_7b,12,uniform,2.308003395,0.002105479087968256,0.0,1200,0,8,62e0aa82d821fb5ec624ca55f6118897475c0fb109f4e6e0e09b6f5b5d159ab2,9f2cb7e437a961930c6d16f77c0654f86472314f7f6b2a69d4f345fd9a75d6ea,d0512f5986bc4f29a5f002d3189a3dbf
mmlu_science__subject_college_biology__model=qwen2_5_7b,qwen2_5_7b,30,uniform,5.386702702,0.005263470734362624,0.0,3000,0,16,52f19de93df590e836a96d9dbb0a59cb4b96a8e0d728c3d0d7c1c4a5468d7368,f4daa24e7f64794ab5a1c2aa5a5b83bae1f29418d15e5c8f1f0fea6ad3906191,a5a8857e420647d1a8d772d4e114e9b0
mmlu_science__subject_college_biology__model=qwen2_5_7b,qwen2_5_7b,74,uniform,35.263349853,0.012983901159634943,0.0,7400,0,32,8f1bdd1923b4dca11815dde4d8686331d2ddbd030e1a2882c9573fda68ec757f,2160d69f2707145f2f2e097ac04768e122973723256dcd52ffe4c35c5a018c3a,391af69b691e4f9b885904efa4844a78
mmlu_science__subject_college_biology__model=qwen2_5_7b,qwen2_5_7b,191,uniform,238.276312532,0.03351263428054528,0.0,19100,0,64,86a172fb6d93f6e3d361e00a95cfba9939eaeffa24b7b1dc627189f90efc655f,7e63f937e2614022ce14c02ef4951c6dfac3b2992cede9f99f4ca791e53b39e0,18a33c18d7294d38a394e18d72cb96f1
mmlu_science__subject_college_biology__model=qwen3_5_27b,qwen3_5_27b,11,uniform,488.712636678,0.14864748547519488,0.0,1100,0,8,a85d468f8c9855cb699ee84500f0714472a50356611a48f3468d5a42264a665e,44f0721820cf2e0fa1077fceff63b201589a41a83b1cc320fcac6dca953a4f9b,47f002f6f01e4fba98f3433e6fedfa9a
mmlu_science__subject_college_biology__model=qwen3_5_27b,qwen3_5_27b,30,uniform,1164.456770811,0.42626434404780134,0.0,3000,0,16,d8f6374897a5357386f1332c48ced54490cbf5d3efa9ea259b9c026977f1107c,a339a5540bb9db5af481fc126a5aa222f0c1b11015f287bbde9d87e285d25792,1d5d304103ac40deaabe7629225fd624
mmlu_science__subject_college_biology__model=qwen3_5_27b,qwen3_5_27b,74,uniform,2624.923433059,1.0545367254274651,0.0,7400,0,32,593d6bc46728f768a632dbf6b481396117b26a40376c56dc3f024eadaa323b6a,2a40081486437bcd57e24d3e8674cb3f74f65a400491aba11177ff07724218b5,7fb4dcdddfad425fa7bf8899e6ab2e39
mmlu_science__subject_college_biology__model=qwen3_5_27b,qwen3_5_27b,190,uniform,6501.317371233,2.6945767885256746,0.0,19000,0,64,0c07acfb89cfefa99c9cffb5ea74df54c6ea9aaa3f9eb80b8d5093d05648f11a,6ed7348990e4b6c02c0b511cfa340179895d8d52ffb7e06e6ce7d2b183b05225,a789fd7a3f59482099fd7cee78405f28
mmlu_science__subject_college_biology__model=qwen3_5_4b,qwen3_5_4b,10,uniform,237.342326543,0.034742154797932544,0.0,1000,0,8,c9a3d7ae70d60c8ce0d4d5cc6455d86835f1c4b76a4b50108ad9786c81bf93fd,b9f8ebdeaf1845103104e55d93f8c792456b6bf8821eaea2e77a53aaddaaea70,a36878601417422abe843572f783b1ab
mmlu_science__subject_college_biology__model=qwen3_5_4b,qwen3_5_4b,26,uniform,517.329948115,0.08785481202369332,0.0,2600,0,16,38110d173beccdc9a2cd9c09f75b66fb1216b469c07c9c7efcbae0de70565353,1f70434c7d3d9d45d8d8a1e96ecde88d72ef1e9aafff7656a2e93efa13fa3bdb,999f9370283f41d88c512ec2400bb869
mmlu_science__subject_college_biology__model=qwen3_5_4b,qwen3_5_4b,65,uniform,1284.827321028,0.22334610491998208,0.0,6500,0,32,fbb0cbdb6cf9341e18cdb54effb3549e428126672cbb13b07320b3e49568e2b2,4672a24071f1227709801561845e51674db580129e6afbc18d6da0d4586bf165,bc31c3cf33354b7180fbf6eadbe4ad8b
mmlu_science__subject_college_biology__model=qwen3_5_4b,qwen3_5_4b,163,uniform,3032.313311241,0.5510949208255836,0.0,16300,0,64,89c2af3114dcf4af91cef3c0342bf8513d88d8c64d422d5bd946458e5880ab7a,6b60d18f2596088d496692d700cd09252473fe39bdea9566d95325f09080c4bf,6e84d9c72f9c4162bca50f2d45afc50e
mmlu_science__subject_college_biology__model=qwen3_5_9b,qwen3_5_9b,10,uniform,205.962671483,0.03864482184267571,0.0,1000,0,8,61d2c5cc77f3388fdd3ba6747eff1abae4fffd62eded0252c51260df24603330,693e359f296af9f6f871ba3eaba34731a819c2ebc1453294433b23d258f1b9e8,9811548224f8449aa56c29241a1ecd08
mmlu_science__subject_college_biology__model=qwen3_5_9b,qwen3_5_9b,22,uniform,301.145890916,0.08119637953979188,0.0,2200,0,16,8e86359b80b551286ea77e1e2580b405cbba0e83d758b5c660fdcab80a1ba46d,aafc63b6f1975260fddb7ea5d6aff36605604923a11592b159e8a2af525b7475,5eef8113cc954e26b50103ef41c148f0
mmlu_science__subject_college_biology__model=qwen3_5_9b,qwen3_5_9b,53,uniform,635.730489313,0.19427769480564427,0.0,5300,0,32,30d3e35e97756d6f17a67d80db0b2910786dc5e378f9e5ed594856d4c48eaf3e,40fa2312b3498a9b551a5c8ee161f2dd2161b6855b8d1da5113ee10d6deb1c36,cf5b2a01259e48179bf5e2ad1220d8be
mmlu_science__subject_college_biology__model=qwen3_5_9b,qwen3_5_9b,128,uniform,1405.80390405,0.4682812520145459,0.0,12800,0,64,df49ce776a2eb7068b19810b8993b74d0d5bdd8cc76903ef63dcc271637bd08a,4d45c757a051ec9b6bf40325aafc7fe79b48e2dfec7750e5d3132517be7da944,1771b31b07ad4150a6b8f7ec5b9be248
mmlu_science__subject_college_chemistry__model=qwen2_5_32b,qwen2_5_32b,9,uniform,34.072341278,0.012901584644139008,0.0,900,0,8,a096236ad173e8d20a112a1df618f96b6c9cf3593524c248605ed708c5c71355,53f0393dbc5e119bee2e32cd8dc4afa89130d00dab77fb52cad45afd2ae7edcc,6492a62f2b2544ee8440c1895964120c
mmlu_science__subject_college_chemistry__model=qwen2_5_32b,qwen2_5_32b,21,uniform,413.363761094,0.030668413703970818,0.0,2100,0,16,06da16987b3542179c3b80c640a098b992947f83ea7a0fc5656df850492ac872,360dca15fde56bfe8be7f3398fdc1c0c616d0d71c59cc5b892e49600d6264032,f1fa64456ee4444d940d85d69331c53b
mmlu_science__subject_college_chemistry__model=qwen2_5_32b,qwen2_5_32b,49,uniform,460.529711938,0.07105701652620493,0.0,4900,0,32,5aa62b7441069f0581df60c719c05293f1c45c6764f304aa454002c89230edcf,feab78c567e6f87962be4692173f573cf5a03da31df011d7e88f902cdb168efd,27185de7fd144ba39f7f6b72ad135aeb
mmlu_science__subject_college_chemistry__model=qwen2_5_32b,qwen2_5_32b,114,uniform,586.33732115,0.1662160905880576,0.0,11400,0,64,0d4526f956ca78d81307fd3ea157fdc40b9e4308c93082a464eeb9210d18c3a3,5540fe8201f3cc95e6d1c6ed8779466201a6a1aa97370ef6aa30ae72ad73f320,aa0fedcf732e451089cae53cfc4d216e
mmlu_science__subject_college_chemistry__model=qwen2_5_3b,qwen2_5_3b,10,uniform,0.972129487,0.00078270916419584,0.0,1000,0,8,4e52c694333b5d6e961e96690f3a12e326a66a60be5f8992d49d81d7a4254bf8,ff687d6215c4b7e84a5bcc1f745afc5cf93ca9856712baf5ef07a574cc490b91,13a93f8d06b949dd9d6122bcd5152027
mmlu_science__subject_college_chemistry__model=qwen2_5_3b,qwen2_5_3b,24,uniform,3.282834535,0.001878501994070016,0.0,2400,0,16,dbfcbc661d425bedc96a651e7103b42e1591f9db7c23cfd5911f0641da1645aa,37d74726889e19a958a06a23cfeb263da86394eb13266c5353c56c534141c9e2,399d6a7706f342a78554988cd5186215
mmlu_science__subject_college_chemistry__model=qwen2_5_3b,qwen2_5_3b,62,uniform,23.896629973,0.004852796818014208,0.0,6200,0,32,3af0a6c0b958007550f5370a821856e3f972bbf36318662fde0597f5cf4c33ad,28a871968f4bed5015d7f79ac69b81b9f154b78f04f3b6629e9afd96b344875f,25918af41aff49d3a0ffdebd563bcba4
mmlu_science__subject_college_chemistry__model=qwen2_5_3b,qwen2_5_3b,156,uniform,167.480654076,0.012210262961455104,0.0,15600,0,64,0f08e01a9256d08807c3a6a56838fb87348fcc48201120cbbdb290b91f57d5fe,5efee144cc60eeba29dd2e8ba81c234c532f28fdedb8b803410d404ae118f634,0606d8c8abe748b2a8d96c217a56d3b7
mmlu_science__subject_college_chemistry__model=qwen2_5_7b,qwen2_5_7b,10,uniform,2.013465047,0.001837118308759552,0.0,1000,0,8,7a457b3dcee08d41bee5708b5ea1f7081ea8e6b4dab5f7ca44b9674a5ebff1b2,7df0ecad2d488875936e4da84d87d39efc42e31b90fa7638ab653e0902286ad5,d582e0db04974b78b7617eb60ef03fb9
mmlu_science__subject_college_chemistry__model=qwen2_5_7b,qwen2_5_7b,24,uniform,4.44098987,0.004408822986788864,0.0,2400,0,16,39c69df2f517328b5c488fe00cc51bf376c7772f562a55ee749e58407e20dcb0,cba8c080211c8ac2bd87bd8b9829f5bcb65a18ac18bac2f7248f5d8ffe9c8ca7,b5fb1da0b0ee4651ace893735b7b23e3
mmlu_science__subject_college_chemistry__model=qwen2_5_7b,qwen2_5_7b,60,uniform,23.09788738,0.011022539867881471,0.0,6000,0,32,41a490af329ede5c9267dfa865b5fe8837ed583454a8da0f6dd344e21dcee4a6,a9e81bd235dd8e0baa9c773edc0fbe7ea6920ad80d66de42f504caf6772c2da7,d9472eb506cf4436be3ea4beae7bb6d2
mmlu_science__subject_college_chemistry__model=qwen2_5_7b,qwen2_5_7b,152,uniform,158.839444464,0.027923075305345026,0.0,15200,0,64,ebca942d21ff2fda9d0c9ce992fe4acf3c1517e6dedafdec99d4254b9ef9b893,8a2619f8e34ac8f9bc4bba3b3baa57db155fa0b6de525a3c97017de664e0c9bc,b4501c45d48e40d98b7ec4a547a97327
mmlu_science__subject_college_chemistry__model=qwen3_5_27b,qwen3_5_27b,10,uniform,1072.165046718,0.308599051707648,0.0,1000,0,8,4423e7003fbe6ea0f7f52e45f758d91eb7cfa88d3d63f05fbf6866d5459aa5ca,2982b748754a8f19e044f871461a700c3d6d0c02dd5349465886801646d443c5,177341bde76549a6a8c77dea20052446
mmlu_science__subject_college_chemistry__model=qwen3_5_27b,qwen3_5_27b,26,uniform,2405.338088017,0.8037214384640604,0.0,2600,0,16,47fc984da5c4c7efb0d9ccb7dd4f719fe266bfd18e152424199ea6ac0dff3142,6763b30bed155213ca478ceec19aae7442ba2d1e66f23d757bb2a921f34456b1,622d08c71fa847fc907ea67a73cd2fcf
mmlu_science__subject_college_chemistry__model=qwen3_5_27b,qwen3_5_27b,64,uniform,5501.52837648,1.9575346848761712,0.0,6400,0,32,e277e6b1f0a20ba843689f2452192c8a489984af2e85ed51be5d27f52133ee89,46d047be3a08a753ea5b1807055ee42a8a3fd1c89d7d63323ea1449b456ec33b,f71881af13894ab58ef051bb37189407
mmlu_science__subject_college_chemistry__model=qwen3_5_27b,qwen3_5_27b,155,uniform,12983.093989048,4.725731880377385,0.0,15500,0,64,01068a55ef5dd96b4ee082a64308f43165571ef80f7362afccabeb9675f43eda,255f031b3b3aa1288b134b196e92c02c48da1d0d8dc3f790a19b6ef2eb469f67,7da00da4ea534c669c0c607d57d306f7
mmlu_science__subject_college_chemistry__model=qwen3_5_4b,qwen3_5_4b,10,uniform,314.986365267,0.049106064400406525,0.0,1000,0,8,c1f51414917ab83b4b73c19bdb37720bf758657d2665b9b1e3abf0d50c67dac5,d8bd14f018c1354827705444afeb9dcfaf231961a8c9619d298ccc2c43d22e93,b6e2a9e07aa84dcc917a026686960256
mmlu_science__subject_college_chemistry__model=qwen3_5_4b,qwen3_5_4b,24,uniform,680.129326428,0.11701627166770995,0.0,2400,0,16,b4b2262f6515a936ee95dab2011a460669411914e2c3323a16fb6b9cdaa43ee5,557210ba6e77586d4d1de2f7fbce826c231cf2d961bf82f4d9d7bebc033dda56,ed96f2a49a744521987b4ce270ab45d9
mmlu_science__subject_college_chemistry__model=qwen3_5_4b,qwen3_5_4b,57,uniform,1520.304995014,0.27302389080548145,0.0,5700,0,32,130a3b2494a843fdac28740e8adc509b0ae352ecbad0cc1f8f13919b00ef89aa,be897d63cefbfd829cf064f674798069e216b8a4032823c9cf0f6a02cc2e7638,1f6f87a914a6453e9b5a3840b10713c2
mmlu_science__subject_college_chemistry__model=qwen3_5_4b,qwen3_5_4b,133,uniform,3528.797054275,0.6470122388307435,0.0,13300,0,64,97aa4ce0e7164f1e49d4d16cf5af72b3d291a075b736f68c41ab46f1267116c0,55dd0f14000b4362827e85c4732dd0ae611df0ace42f10a069416d6e5ff12713,dbc42cf35e3d41e3a23da2570658e6ab
mmlu_science__subject_college_chemistry__model=qwen3_5_9b,qwen3_5_9b,9,uniform,334.019872276,0.06810044370261709,0.0,900,0,8,c37b6cb7a4e96889dc82e708e7127e8d984b80dcd58739d0dffc5ae503808450,a11b46854bdb242830c79d935056171345cc16a6d4ffc3aabced35cf5bc705b7,e2ff3454a2ee493e8163dc6cb21490fd
mmlu_science__subject_college_chemistry__model=qwen3_5_9b,qwen3_5_9b,23,uniform,650.023755261,0.1764675609479414,0.0,2300,0,16,b86c3f45f7597af8cf0cc51bbb49e9c6cf16d300f076c3eeffad896a201b222e,c2e98afe7c76a1a48bb0c8347f5ea800381dc39f457c1a37f057ac2b5c1c4415,e3e306cdbd4e47d094476a7146e2ff7f
mmlu_science__subject_college_chemistry__model=qwen3_5_9b,qwen3_5_9b,56,uniform,1503.535323028,0.4313262686235259,0.0,5600,0,32,a4299fbc47eee1d31f2e03a164ccd35c49bf94cceeed8097c5fca09c22f4717c,a23b4bc152611526a6d2588ba8866612777067835884f6a7ccf9544e98b529c0,6e23db03e6434d1ca8bfac9847c3791a
mmlu_science__subject_college_chemistry__model=qwen3_5_9b,qwen3_5_9b,136,uniform,3510.931692559,1.0439090006597551,0.0,13600,0,64,e38ac50d037ab58fe42d7c047b8e00380c47cbe0d6254df80ca354f14403dc3b,b2c5a2d3d87313cf283ba6b4cd5cc6ea9e7afbc17ebf1f331fcfaf870b8a31d1,8468f3ceed044f099f65f9390797704d
mmlu_science__subject_college_physics__model=qwen2_5_32b,qwen2_5_32b,9,uniform,38.80409072,0.017169935045165056,0.0,900,0,8,600ef33dcaac7eb1d7667cf0b4b8296472a90f1688726b837d510063f7eea8b3,648578f6c8ddbcfe4d1dd1dc538108ad73207290c63509cb858ecc7cf3bbe214,b4811682b6584d18a5ee7e7899a99f2b
mmlu_science__subject_college_physics__model=qwen2_5_32b,qwen2_5_32b,21,uniform,71.813453266,0.04038206820101734,0.0,2100,0,16,d562ef4f5bf993786624246a678f062bd83a33de540377dffdf72cbb086a7632,d4884303c2642e6137df0e612a13dc7336c6d6956e9a6da4e4417b0525f7a626,3935d40854de4d25b49e40589d97cede
mmlu_science__subject_college_physics__model=qwen2_5_32b,qwen2_5_32b,49,uniform,139.854669368,0.09409905056658227,0.0,4900,0,32,55a8943f627e81fd154c4cafdd6fb9a9dee457ea3c465fdd1a5f02a173e79b76,2d9e7b89cef5963e39186296cf30ca3d477952cfeafe704c83fac0b122755c49,084de1b5690a44a38fcb0aeac0510dbe
mmlu_science__subject_college_physics__model=qwen2_5_32b,qwen2_5_32b,110,uniform,307.753286137,0.2115183785538048,0.0,11000,0,64,676758f72f09e52721340d1b1fb95e6cae8ecd8d2285983b4a7025ed710b5b2a,3b7938c5f2cbdd182646035ed277e5329fc8ebe453bfcb8a71c63db84a272eac,3a54a9ebd0f7472aa31fd3dbd7e438dc
mmlu_science__subject_college_physics__model=qwen2_5_3b,qwen2_5_3b,9,uniform,0.873928824,0.000720084881006592,0.0,900,0,8,8056ff3b7fd6b7e6079cc2fc71521fafc384e9ba23ca7d4ad260e1987873d76f,324c77e2455a7dfc2c7bc0d93048226a15cb148a04f5cc3ae522604825ca4360,28b67474865e4a6f983e1eaa5ca25ed9
mmlu_science__subject_college_physics__model=qwen2_5_3b,qwen2_5_3b,20,uniform,2.395102511,0.0016001472774144,0.0,2000,0,16,475943a2ccd7de6dffd83854c2b4d6f3787dea3cbd5b7caa806106985989af8a,81fa0b7f12ac872950ea833ab83d3909e90806d0889a1f6db4862c7092d9525c,bf20f714473d4f25987a7b72236de198
mmlu_science__subject_college_physics__model=qwen2_5_3b,qwen2_5_3b,48,uniform,13.683032717,0.003840403082346496,0.0,4800,0,32,10856ad897cb2c68c307d795adbe502e37ed6c70449b6b977697d7d410e9abe2,28781b3df3b289d2e1e53c68cc1e9cd7382f03238ffec877a09f21cc85ca3f7e,f501929812604be2a8b93a0081aac266
mmlu_science__subject_college_physics__model=qwen2_5_3b,qwen2_5_3b,116,uniform,88.455233049,0.009280972048277504,0.0,11600,0,64,9d8c2201f5134beb38b23a55421c7e451143b68025d17682b37d6021e53ef0dc,3b561e517bf61659cdcf61d0e002da65948bf18fffbbb4d78b40aa376506b6f7,40972d84e58447a58a14c22525b8cc46
mmlu_science__subject_college_physics__model=qwen2_5_7b,qwen2_5_7b,9,uniform,1.750863833,0.001690017492502528,0.0,900,0,8,888f742488253def4aef595cdbdcec83b7d4bed5a77cb5ae7800b97be2aff9e7,b4eae59affe74829f466d5e928b9509570f6c2b1c51f1485aa294bace61fab13,8e77f91233244271a39ed70d9552a1d6
mmlu_science__subject_college_physics__model=qwen2_5_7b,qwen2_5_7b,21,uniform,4.065834484,0.003943411974211584,0.0,2100,0,16,50b203dc8d06373e5d59201a0c8004c601eb7fa3b8138b2efdd8ba63657bf19e,dbd5fce5554f7ee86861f2d6ab45494873d47136ce1af05684fd280d1c4677f8,6017d26f6a32496294e61976f83d377b
mmlu_science__subject_college_physics__model=qwen2_5_7b,qwen2_5_7b,51,uniform,15.240019474,0.009576614490691584,0.0,5100,0,32,0b1dd9210f96668b7567783664c2fced1fa3671cb11deacc43c14442900c02c6,4e59e7760fc9d1337dbf6f069adda218f7e608080e7aec2195b03ea54075710f,68f10fc5701e4a23bf600045f67460ca
mmlu_science__subject_college_physics__model=qwen2_5_7b,qwen2_5_7b,126,uniform,105.218716373,0.023660415107710976,0.0,12600,0,64,e2d01335585e750304c734bbe1e767e785edbc7b37596b0123bf0980522b586a,d78f1586aa79ea0162043d693d48f858456c980c8e82be508fe41e12c9cc5481,f4b3de96a06f4e33aa3de595f63d3ef9
mmlu_science__subject_college_physics__model=qwen3_5_27b,qwen3_5_27b,9,uniform,727.436858171,0.24118351910236877,0.0,900,0,8,5995b0fd5ab78fdea7da9257576617a285027017eea7c59626e6f82361f87a51,5a417218e0e13edb7efbe3588de6ca3e925072c0899979e7023fe20c0658b4cd,0f9e32dfb63f4a658a14f4314c8398c2
mmlu_science__subject_college_physics__model=qwen3_5_27b,qwen3_5_27b,21,uniform,1643.275696213,0.5775257826962934,0.0,2100,0,16,768e0e0aef8bff028f4c3e40d611f72bd0107b26849ec3679413c1b39477e34b,e8d841b2175894d4596637f36dcbfb284491281182c87f18d099489f9dc70cec,b80059d45e0d4094b489e783cdd28cd5
mmlu_science__subject_college_physics__model=qwen3_5_27b,qwen3_5_27b,51,uniform,3679.091082927,1.3797057994843034,0.0,5100,0,32,4a2ce1166f35c1645a7bbb9ea25feadfa17bb548f3d11a427005da2a4e7bd112,0390b3e9528403ff5bee57bc39177a208a646ce7caedc0582119d0e8fa6d5bf8,946e0ed994da462086af2b68beca24a1
mmlu_science__subject_college_physics__model=qwen3_5_27b,qwen3_5_27b,138,uniform,9708.237122416,3.7022022554574274,0.0,13800,0,64,03b753204b8a7c98654209097405296ff3991f77d272c599b2ace6e9aa1132af,e6efab01f8385c95c469ba6f08ea020a345cf8d8467be2eec712beaf6f64d67a,8ab3e0e1e5d74a228dd3be28d55d998f
mmlu_science__subject_college_physics__model=qwen3_5_4b,qwen3_5_4b,11,uniform,236.117431246,0.04131266148193894,0.0,1100,0,8,fc6be5c2a7ccb5ebf24799be8bdb04846862d468bb474dfdeb3b4591c50fabbe,46494d42535900be2e3d91b9d1188a8065e3033278a059c94250a38b815c1c2f,9bf18580ddd9499bb94074c7b79cf98f
mmlu_science__subject_college_physics__model=qwen3_5_4b,qwen3_5_4b,29,uniform,581.448712388,0.10957781882356121,0.0,2900,0,16,ff15fcb924861655a0361b726eb91639b85e4011e8a69c9e163ba65379003684,44d8c940ce32ff0ca4e8597a6352210d0fb1642a553c9428a217c691d4f5e3dd,4db0260b8ece4a55913653733fec3007
mmlu_science__subject_college_physics__model=qwen3_5_4b,qwen3_5_4b,72,uniform,1374.803529896,0.2731809898876477,0.0,7200,0,32,7b028650ed92f3131127f553507263b6dc8734444316ff521a5001d1713c6781,44aa065b017c0fa0c23b25f54851123f5047ec829d4935852478e894552440e5,5385931e34914430a5ead781a7021cb4
mmlu_science__subject_college_physics__model=qwen3_5_4b,qwen3_5_4b,173,uniform,3207.2903667,0.649480543878701,0.0,17300,0,64,2df53b4a51596d0808da6939a0f14eeb78d52dc7ef10af2ffc72deb7848bcd7f,fcaaad27c7274f20fee6e1717aa279630518dab17d6963efeef24d5776144c96,9af0ad26d5bf485c9d1f4605ac3a7dbf
mmlu_science__subject_college_physics__model=qwen3_5_9b,qwen3_5_9b,13,uniform,296.796170553,0.07338021986404966,0.0,1300,0,8,def25d004072ade5e51efecbe8470a00bc1a0fca86ba5afeef1e59ae53698f11,b9b817a8f64da9b2356ba20d48a5da35902edaf3c4b9d172bf3ed448d9d02046,95b2598b384445a695bfa23f084c4ca1
mmlu_science__subject_college_physics__model=qwen3_5_9b,qwen3_5_9b,34,uniform,598.11502146,0.187530143998123,0.0,3400,0,16,90084dda41d46ae4d98dfcbe9dc37e74142d6a0e82323b6ff708fd1348db5c24,d2d0f7dcb0771789b40048a455ae5a8b64a86e85c997e4755d8d6c446dd13ee7,aaa680f6de4247e096fb00626f53eba6
mmlu_science__subject_college_physics__model=qwen3_5_9b,qwen3_5_9b,81,uniform,1356.794070659,0.4456105984943063,0.0,8100,0,32,81be83910f05d196ac9803e2ca6aa5c8ab5905ea59c9d6f009f99db7dfd89fcd,2841034f406be1dc206f073d32610d3275b8cea16827ac51a02fca9e2fb9badf,f58e63dc515649fc9e358a1220299966
mmlu_science__subject_college_physics__model=qwen3_5_9b,qwen3_5_9b,191,uniform,3136.11640751,1.0503737322596187,0.0,19100,0,64,78159af9dff4a0c05f9ac8fbffc663b93fec926c642547099bc8dc1932cabd54,aefb937014fe709e476a54a5e9a2a3c27d2abdcf7f2aa74a27dfe7efb622a542,2c9b8409f30d4cea81d4e6ff56d87607
supergpqa_science__field_biology__model=qwen2_5_32b,qwen2_5_32b,9,uniform,42.442427671,0.01711451679623168,0.0,900,0,8,b9991bbe157bae55d98a93011eb96720bbb1068b6fc24718de0a7bb406475380,426f68defb0d790b533cd3233deacd5588b544841350be11177afc9e1c184437,6cb8b3d1b80e455a987f6546206b91f4
supergpqa_science__field_biology__model=qwen2_5_32b,qwen2_5_32b,20,uniform,67.878183441,0.03805472864737075,0.0,2000,0,16,6277155f162ae9c2cbbdbd18a988d20adfc01fb9dfa3fcb08827f1b1531ba697,f8f33c2f5611b07631baf2d26bae0a2af5b57039420ca993bd23eb628eb25852,11053b3333aa4d91a9968fa3c5e7a4ad
supergpqa_science__field_biology__model=qwen2_5_32b,qwen2_5_32b,47,uniform,126.313529515,0.08934559761822924,0.0,4700,0,32,d8da3e2d7dd292d2189422cd0bdd5f642148519b735958b63340965c5f9ec72c,6f749772475eaef15438bb62ce07b28938e70c8a3117c64436c63f8f05dcc52f,9bb8904b1db444cf83b4234203ec30ad
supergpqa_science__field_biology__model=qwen2_5_32b,qwen2_5_32b,107,uniform,262.840211019,0.20412996434188901,0.0,10700,0,64,2c676e911a772ad4413fedcef18358f85758e2e0c1273e20ffe0592ca950b199,67b414f0aa4d78b6479737a10dc9842eba52a8fd00659a51125a830dc9d662e1,f263eb1e085e41cb9cbaebc609f6a1be
supergpqa_science__field_biology__model=qwen2_5_3b,qwen2_5_3b,10,uniform,4.033064557,0.00125665521123328,0.0,1000,0,8,227a91f02d5ccfcf362ef1b088caa65c5f57186bc69395562bc03026e5c07f9f,86aaa94b101a4395606dabf3700e6ae8d977f7e291c1c3930348ab31c5014bb3,eb79b128ecef46049048af84f5562ab6
supergpqa_science__field_biology__model=qwen2_5_3b,qwen2_5_3b,27,uniform,6.906508887,0.003396084902682624,0.0,2700,0,16,403e20f8fa77fb8630094c4d2b39843751c6298f04075ad16c6b32e9a7b72adc,2a52bb6cf6cf068c9c83196d975a92ad6ecdaf5f82bc6dd6cfc8ec8e15c67c52,4db0e6cbea734096b419e822bc8d3828
supergpqa_science__field_biology__model=qwen2_5_3b,qwen2_5_3b,67,uniform,89.927597024,0.00869342666452992,0.0,6700,0,32,63a0f86a0467fbf5a9612d95885c30f4b8d95a7ba93e81f0924ea4c7489efe62,f619dd14a9687a8c7c592209925164f0fb44ccba73696dfbf844545a3a7e3305,60bf3fe81aaf4878b52c6457567c8605
supergpqa_science__field_biology__model=qwen2_5_3b,qwen2_5_3b,170,uniform,235.392392656,0.02162184988577792,0.0,17000,0,64,881fc2d9ce02686276d53b4075c9d9f5ef021028b5a3db232d0efc31301dc25c,0c8931a03600200d24a43faabeb758d5f433549c755bc870afd7344844ee3c7a,b668c09d528c4de1a4e3ade3576b7b9c
supergpqa_science__field_biology__model=qwen2_5_7b,qwen2_5_7b,10,uniform,2.831126763,0.002865325513465856,0.0,1000,0,8,a1af2dcc1aa0056c3489385f6f2f35759aa89a09c9a0fb72d4aebba164cd64d6,9aceaf5c95c9d72365e96869274f1f5e22b497e1fb98751829e260b35d5cd49c,19f62608a30545a88d302da2454fecaa
supergpqa_science__field_biology__model=qwen2_5_7b,qwen2_5_7b,24,uniform,6.717266016,0.0068769292884992,0.0,2400,0,16,44f1407948bb4fdb418014ed998a913faa1f9a03afdc0b541282cf96162489bf,184957bcee803901bd5bd64e2a97dcaaceebe181d2ec693ea5e99b8f7a3096b2,5d459104d352487eb0322585f15e2958
supergpqa_science__field_biology__model=qwen2_5_7b,qwen2_5_7b,57,uniform,20.04338187,0.016332457753780224,0.0,5700,0,32,511f859c95f197de3c849ff0e19020d4345814dcd224526543cc8aca7e84689a,d1773211cd9b782b6c1a8cb2e38e16526a4d2417e62b8fe70b019b48d3b14dfb,303b597b08f243f7b3ae55761d687c8b
supergpqa_science__field_biology__model=qwen2_5_7b,qwen2_5_7b,141,uniform,134.582956503,0.0404005989173248,0.0,14100,0,64,9b34d0fa39b5a49d53086a7012859c23fca89da21d25ba39d3efc663756e2487,e533cb9955000229f10f604d25d3c0d0a1be628c37c1df678d289f414646781b,011e71f7b43d4c808828fb9d143927dd
supergpqa_science__field_biology__model=qwen3_5_27b,qwen3_5_27b,9,uniform,1129.369610281,0.3292948823487744,0.0,900,0,8,7a4588ed798578a6c0cab9b4ccaf963196b8d93ab381bf8796466b585ba72c2c,2171d5b305498f3ab7e0058b931423fa84e4fcf67fa458065638bbeb2147c1c1,7ccd2cdc179f4009866c18dd398ca068
supergpqa_science__field_biology__model=qwen3_5_27b,qwen3_5_27b,19,uniform,2072.304063162,0.695312783594069,0.0,1900,0,16,c75f8dd01ea66b929125a19263f3e3972871b0b3765580713f339dd376b63c5d,32872eed69f748e7ad339e2ed550e2e1a255de7d60b4b3f732649a8f63caedf5,55ee57d9738d42b6a5ca7ef1bc1c1d49
supergpqa_science__field_biology__model=qwen3_5_27b,qwen3_5_27b,43,uniform,4472.813966565,1.579958447160534,0.0,4300,0,32,2d093ccdc4a5801c4491e23802af813318be4fe50173e7a4ae07c578c3139eda,9743a911ff3d1d36dc8a70dc49b0da304da2439f2d7b7cdcae73281e738a0062,1bd72948ee43449da9e733da643fcc6f
supergpqa_science__field_biology__model=qwen3_5_27b,qwen3_5_27b,95,uniform,9649.13424569,3.49718361829384,0.0,9500,0,64,f75e22c7017aad0dd69543b98ec0e09b67a2a9ba883a452eae6d725949f5f3d9,7243700a4ddc0a1fc05a3d3d16d4d914897801c137df6de8d3f74124a6b95be2,3cff77c7676d4b9b872c385ca8340dec
supergpqa_science__field_biology__model=qwen3_5_4b,qwen3_5_4b,8,uniform,300.219091192,0.04283348674646221,0.0,800,0,8,7efa4ad3650f1d12a8e8f5363fb3857d42fdbe9dd04ba8f8d3c6b9f3aa0457d8,4c741477f23aaedd555ba0ba3d2999136611bc67073a081810d56d7738def892,4bb68e43d2b042b390ef6d1cf2295fb0
supergpqa_science__field_biology__model=qwen3_5_4b,qwen3_5_4b,18,uniform,570.326287822,0.09646859983339111,0.0,1800,0,16,83998087d08270c6113e5db5201fa09cb413e515fbe51b8907825cc3c1d04bb2,9f56b3c535d459a58193df834ec99279a56344f24d917cd3b68b0f72f6dd2c49,0a28e969a05a461982f05c0aed6cb9ef
supergpqa_science__field_biology__model=qwen3_5_4b,qwen3_5_4b,39,uniform,1203.576170987,0.21019589523084697,0.0,3900,0,32,f32cf950b6c7ff05d5342e7f48e26b2d4788067d08962f836efe69634d93c593,8668a270137e5ecb2738512d6ba732ecad876bc989b7a8998fd8b5d06fd2cf21,68221c174e2b4ecc972856afafb28b33
supergpqa_science__field_biology__model=qwen3_5_4b,qwen3_5_4b,85,uniform,2493.068079656,0.455179496979583,0.0,8500,0,64,d9518ed296996690652aff14fea0df174303f02367ef6b36ffe0d992f508be6f,ba168414799531af9691d18ef159235de2fb1ec60797d50935789c7861f75064,fdc7546441b144d3af982b1f3bf75d06
supergpqa_science__field_biology__model=qwen3_5_9b,qwen3_5_9b,8,uniform,319.772476027,0.0730045947045888,0.0,800,0,8,a0de227dc2eeaa3239fa388c2581307e15a15ce3bc5e26f8792e4ab75acd9c57,ea6ebe70120ccf72464a89a793fdb69c97a838056bd72db6dee5b6d52c189b7a,1461a29d189046cf996227cc78abe734
supergpqa_science__field_biology__model=qwen3_5_9b,qwen3_5_9b,18,uniform,624.298015517,0.16771143346353767,0.0,1800,0,16,df94bf845c9222237931d9e8c0d5038ec9dc2fb2a53a8b44e60932ae521e1449,f785d5da0a39ab64c9a610ba773228bce2402852ea5f5e50e809195723ccc1d4,0749bc5e190844f88c2d71305c7e721f
supergpqa_science__field_biology__model=qwen3_5_9b,qwen3_5_9b,39,uniform,1292.876752695,0.3648152608673034,0.0,3900,0,32,39bf042190cad6f17a25c199a0069050d68544f0411ed8ef116d7b6dd15f7c35,55c29736535cbef821e37a2baa69d30eb53b6adf805e0c2603f3b5f82f18e46b,e0646824bb054eb4aabc1eb1743d408d
supergpqa_science__field_biology__model=qwen3_5_9b,qwen3_5_9b,84,uniform,2662.730709025,0.7813033523029452,0.0,8400,0,64,1016c3b8d5c168ee0df3b872bf9c6b9d6f7d337e716812ce6d3a52db53806d6e,6e227f578a72206929ff0b5eb6aa1f2e48e8056f8f5e8fa1e0caf49be4f9b5bc,7253f76c42f846908a750fea4f850345
supergpqa_science__field_chemistry__model=qwen2_5_32b,qwen2_5_32b,8,uniform,79.28316226,0.040674208192546815,0.0,800,0,8,de240f224562fec877a2da4ed517d0847116145b24ceb4135710e8331616f3a6,25ba0303e5543a314fb80f973ea7a854087d96c225d0a6438482a85ac79d3f6d,c83cc8d662464986883ac14d69e19570
supergpqa_science__field_chemistry__model=qwen2_5_32b,qwen2_5_32b,18,uniform,158.38717823,0.0909711630045266,0.0,1800,0,16,cd204d69b83b68f329f8217fdf2ff8e7d32b3b745f22f2fd394371389095f345,d5745e223eff1bd5feebcd8337a5cf0fa2fe76ff7298507a3335685d325a583b,7edaefd16deb47bcbb346d7153835418
supergpqa_science__field_chemistry__model=qwen2_5_32b,qwen2_5_32b,38,uniform,697.768576993,0.19587340409711615,0.0,3800,0,32,f8fcd0a06dc3d304f6fba791be4def120161802f5adf14473a0ed6123a141366,c02557b125c456616f3f2361c467cb056921d07f407e63ad705f48e0452de811,d6ae40e917c643dc9ccbe8d115016fdc
supergpqa_science__field_chemistry__model=qwen2_5_32b,qwen2_5_32b,83,uniform,923.676432404,0.42560719146808523,0.0,8300,0,64,70031da530b90ed65270b8f55812124dbba07faf47717b5a2bdc18e753b04c50,f1ac408ac0e208512e8a48125357ad0882bbc285bbda5c4bbb9ac10fe88c9b07,6a57c127021947a182fbcc8aac226504
supergpqa_science__field_chemistry__model=qwen2_5_3b,qwen2_5_3b,8,uniform,7.676804214,0.001746821099610112,0.0,800,0,8,8194d0b6959d814c33bfdc55188ca7aed496cf7b7100196b0f7d278183eba57b,e051c029314f2da8aad37150caa31899474863587ff87cc7766564dae14a6c7f,1ddccc84295b42e4bf1ab1959f8ab21a
supergpqa_science__field_chemistry__model=qwen2_5_3b,qwen2_5_3b,19,uniform,66.639880056,0.00432941402181632,0.0,1900,0,16,0a1dc3f69d279e5a2378885dce2b6de921eca38c83ddbeba99fc0cde8ded9095,6648d1d9770a7eaa4063e99f8d5ce3f1d9d13accac187d0bc53c186b4d4d44f9,205833262f1d44038cf8a72230c581be
supergpqa_science__field_chemistry__model=qwen2_5_3b,qwen2_5_3b,43,uniform,82.144088857,0.010072757977595903,0.0,4300,0,32,b1a378564d4a2afa3e296cd279f69cc913fb507cd2832444cc867b5b74d76eb4,39442f6af906d12c00ea3e40291fbd6cacbf3b6eaef2aada669d22d2b6ea8924,ea55b5ea87724e6fa0d6a5781d00b56b
supergpqa_science__field_chemistry__model=qwen2_5_3b,qwen2_5_3b,97,uniform,130.979568342,0.022261762940215295,0.0,9700,0,64,32bfb4bd978470bc92053875028e30454f5d156ca7583f651d94ad780786b1ce,7236ceadc075423c03e7fca966fc4c4561ca7a5cae3209ff6be94b842e9a98ec,d2fa0790ca6b42f681d01e2b20a1f175
supergpqa_science__field_chemistry__model=qwen2_5_7b,qwen2_5_7b,10,uniform,8.475118926,0.004244734594845696,0.0,1000,0,8,7a028b26eacea88b89932bf7df486dc4261c451f53eb538f85324b6261cf0477,23729856fd7d12e28a31e5ec4855802c4562cc59a35e246fb2d5642933bbb3ed,33f70fb5785f479bbbc36805f016ed60
supergpqa_science__field_chemistry__model=qwen2_5_7b,qwen2_5_7b,23,uniform,15.789342055,0.009741496583512064,0.0,2300,0,16,920c00cb2b7bae6b88ca6de6924c69d3fe2f247c43bbacc187b318d6c273d9df,36a3b18c0117b69f4f2a1a0779caacb20eb1c57ca4f01306c2e2da632d782dd7,0744c869b82949e58a48c0e55a413058
supergpqa_science__field_chemistry__model=qwen2_5_7b,qwen2_5_7b,55,uniform,28.256036288,0.023304733321010174,0.0,5500,0,32,e422ddf779742e5a7e28d38b86a35b23bedc0a9f5cdc0b09493f75b0c3f7da84,13713f403cf251ae6df9af8c1bf3a1451838f229342f08ae74eed061a67d2543,3f084eaf6c2d43e5987538f5650f568e
supergpqa_science__field_chemistry__model=qwen2_5_7b,qwen2_5_7b,131,uniform,201.113697599,0.05654087001203917,0.0,13100,0,64,9ba8524a7aa44cdd50ca00ff0c370dc0a0c7a1341bc8b5c0eecdb32b783a0649,6262cd6af589b8369b086e1268635288e17e1fe6d50980513bd37a2ef9ebe321,4e9e537791f94836a1cb3a398c166fea
supergpqa_science__field_chemistry__model=qwen3_5_27b,qwen3_5_27b,9,uniform,1603.321196264,0.4875033296151204,0.0,900,0,8,4cf33bd88b334febf35258eb7b4cdec39fa445f793947178ade05f0e550ded48,361c5afb9fcbeccba7b82ef2ee5de7486220cd5a8522575daf8ed0c5340c4438,a56e575a20b5482780751429a9dd6ae6
supergpqa_science__field_chemistry__model=qwen3_5_27b,qwen3_5_27b,20,uniform,3392.327639795,1.0793309304429446,0.0,2000,0,16,5554e45608c7c0a00999317eeb15c4111550dc508622ea71dcaa3035b8011fed,6de3691d3d6490d7fb91f73a4917c582d0c3c4ab533a2b4af0fa33ddb27cfcd1,932a54b290a243ba8471ce45605cf801
supergpqa_science__field_chemistry__model=qwen3_5_27b,qwen3_5_27b,44,uniform,7209.76595906,2.3647732629845093,0.0,4400,0,32,2747faea58151e185cb706d7d59c8d2469ac89c1b1f6628792a8b5ae07899e0a,30487f272d6ec4bac2f440d6ff1c1daba9f38503fd188eae0505fe11b1fb5cde,647bd6be9ae44358adcab9de44c10024
supergpqa_science__field_chemistry__model=qwen3_5_27b,qwen3_5_27b,97,uniform,15561.785191226,5.209761490186792,0.0,9700,0,64,2a5beb6666c2dd24ea449fc22426f915f19e19ba34a4678f3ddf5c50d5cefbb0,bbc5891cb5629ed6e15aa6d3dc6c7c6a973b4b6e906e8ac5b8c0c7f1ab75b80b,520e6cf7188c4ac5a98edfad9bd66f27
supergpqa_science__field_chemistry__model=qwen3_5_4b,qwen3_5_4b,8,uniform,487.776293447,0.06783285110450381,0.0,800,0,8,35973088392ae840316da44942b62bb8f111d70332606bd2eb241bcf6066e886,e9a005ce4f96673201cb700a661eb5924a90325ecb5b657ace2dd5368a4bf660,80d9c4ee794f49d085f15930b5e19697
supergpqa_science__field_chemistry__model=qwen3_5_4b,qwen3_5_4b,18,uniform,987.112867997,0.15240026827338546,0.0,1800,0,16,9805db4a5d8d28e3122d1bf83cb8b04dcd128120f2dd3dd499018e10bf8d2eb5,f84affd7ea7bcd53221b458de5fb1be278553bceace564d235f2610ca3e9c651,edc6369bad344aeda4fbb05e15a79300
supergpqa_science__field_chemistry__model=qwen3_5_4b,qwen3_5_4b,40,uniform,2103.623650952,0.3358386843901153,0.0,4000,0,32,e10c2a1d27d984a6fa1905f3711f6d3c1dee4f46c1751ca3ab3d004b6aadd4a4,621123d144c9bbafb2b28138d576a83cbe1c5e057e5b8f05cc8c762e3e116235,a468e66f0f0948e2909a2106e3821f40
supergpqa_science__field_chemistry__model=qwen3_5_4b,qwen3_5_4b,87,uniform,4481.066072238,0.7322457830416528,0.0,8700,0,64,a4ffdab509bceab8300ac849b5bfc6d1e17520ceba255aba3f102fc5d48f30a4,5f418e818d3cd8edc1135ff2adf8ed408687ec51b4a31a71e033f88e50e9d8f5,defa5211109b421d83e0700ef1589a09
supergpqa_science__field_chemistry__model=qwen3_5_9b,qwen3_5_9b,8,uniform,585.040931679,0.1259286627384105,0.0,800,0,8,8b0841598c5f181918076882daf2bbd3a825080d24d723ca556941d40861df99,417807933268d6e852f2b539513e5cf4ad04019fb279e151d0aeb2291a227a0f,f54f631ca77047d78052062115715dad
supergpqa_science__field_chemistry__model=qwen3_5_9b,qwen3_5_9b,18,uniform,1169.4970535,0.28063953859359025,0.0,1800,0,16,464112223bd287b1dd994023868095608046795f2b01a904d3463755be47189c,c7733472cb0c63806bd9fce40fdad423aea65506cf172c820486573c5d53a0a1,faef7b860fa5467f8302aff0758c15e7
supergpqa_science__field_chemistry__model=qwen3_5_9b,qwen3_5_9b,41,uniform,2593.975530541,0.6446628750212793,0.0,4100,0,32,6f352c083f7912be7247bdd9334f1d91a3a789f11659e86f76eec394ab771b60,0fc671ec1eab78d0eeed733711f2f2609f0cf47dfdfe37d25ebf1fdd4518b82f,eeec7a8393d74cdcb81b589773897eb4
supergpqa_science__field_chemistry__model=qwen3_5_9b,qwen3_5_9b,88,uniform,5446.761253752,1.3809511693929555,0.0,8800,0,64,3b3323af5254d5c2eec788ab202c192db2c0a1c2221aa663f1ef8533f8d0b61d,254de888416745f01d91577eeb225ddf7de5cc1678792a8b73b750fbfb625e04,c699975e8f2042ffaeed0eaa644cd8a9
supergpqa_science__field_physics__model=qwen2_5_32b,qwen2_5_32b,8,uniform,422.779005539,0.0461581827475927,0.0,800,0,8,ca4780f34d161d3c6fb0917171b190e3b5cbbe5b7de1c330372cac67a7fc5efb,cab07f53f52c49538fac3bfe76e81e091688891ffc12c0193b5f530b06178ae8,f63ef70b40d2460982de36eaf79eda49
supergpqa_science__field_physics__model=qwen2_5_32b,qwen2_5_32b,17,uniform,481.354818981,0.09524341383315456,0.0,1700,0,16,8c7b52294023d35e8c6609bbfc50b61e3cfe6b8ac9d99d1f80ef2f08af1093a5,f4f1c05138a6595d33c73aa590cedd12c6391fb0a69f057efaa48dff480eafb8,29f416a856b843d68598143d2fcbce60
supergpqa_science__field_physics__model=qwen2_5_32b,qwen2_5_32b,37,uniform,698.396838604,0.2068669648853463,0.0,3700,0,32,e113fdb392c9bb8084d8828ae040ce862b48d32b2492997d53377acd3453d183,e53c07b027bebac9ab83ebd5752a84591ec7aa53f2c15d8ea7f8bd5190b7365d,d1ef8bc4b1314fe48e7553a2d7c03a41
supergpqa_science__field_physics__model=qwen2_5_32b,qwen2_5_32b,79,uniform,1082.901340664,0.4495327045382574,0.0,7900,0,64,0389cdaba8eeee44493558377c71db3549e261a04ffb244a9cea5861aae23831,9b59fb4d3a3ed7d330645c8bfaa4c0a5a06b66c24a6394b2d668a8d3723397d8,666b20df72474f3fb86f942f68f8d722
supergpqa_science__field_physics__model=qwen2_5_3b,qwen2_5_3b,9,uniform,7.126532003,0.00207282708488192,0.0,900,0,8,078b6787daef2bd430e687eb8ad7536cf694fd2ccafa613fc33eb8998f40c87b,8d6c0abf90475bf4476a6ff08f00eb40ef828fb8c40475d0f5260ba2b63259bd,32e5546ea34a4fe79259e84e11511387
supergpqa_science__field_physics__model=qwen2_5_3b,qwen2_5_3b,21,uniform,68.185730017,0.005093388281552896,0.0,2100,0,16,f3297fc382a7fb49c8b0f27a86e24033f3d17725e0cb80503aae0a9a63bd54e3,7d4537cee09551111b073dfd938874f3869ef9a28f5bd9abee3deef36e9934cf,aa4174bada184c50bc48147a82f31657
supergpqa_science__field_physics__model=qwen2_5_3b,qwen2_5_3b,47,uniform,79.912187231,0.01133560193417216,0.0,4700,0,32,2b73c2620702303d340f52f0ecc7a5a0f923fa8be61dfb3cb68e6a3bf8949a17,4b192197bb59be123a088bad64b118a54fe337ba3b1695ab6ce62ae476675e7f,e6453caada8d4795b84d31f87cb5a623
supergpqa_science__field_physics__model=qwen2_5_3b,qwen2_5_3b,107,uniform,150.826886718,0.025634970094575615,0.0,10700,0,64,06fae11c8a392b0de1478fb9ae2f01a6dab5813e4634d6d3670d3724eda78be7,f48007b10cc7c25da53b3880f5496223e50de7506fedd5a8727198bfa3dba356,aed45cdf3cbe45888e261ce004c593b6
supergpqa_science__field_physics__model=qwen2_5_7b,qwen2_5_7b,10,uniform,8.689895441,0.004697677340504064,0.0,1000,0,8,66a8f66e7b486eef3468d630f9f7d49d578b78e19c9c38a5cb45b2f10f0fa1d2,00411dba45c1ba6ac54053ecce5d45893b04b09f8d759fd0aaef299c4aec507c,a159786b3e1e44e29fb44a70001bec00
supergpqa_science__field_physics__model=qwen2_5_7b,qwen2_5_7b,23,uniform,106.259338181,0.011101178669328384,0.0,2300,0,16,f658611f0d2e94db3284a3373a6879cb4ca0bbd4d79def9d124e24f813125d5d,ae50bec74bbe4e3f958c37130454518fa57fed2ae7bcf003062ad92765fda64e,a66f3ff550d94efca5b4c2dd65c073bb
supergpqa_science__field_physics__model=qwen2_5_7b,qwen2_5_7b,56,uniform,30.152537125,0.026322170923044865,0.0,5600,0,32,ae8b5c6f43d1632ad451c1923f1d271479bfdcfe2d5d32ecc5341d56b59c846a,dda3b94f1d4bc60b6fc0bb788d42b34f9c9cd263bc2022c51c05a7b7b0766179,f1283fc7d29348698c66034540e7534f
supergpqa_science__field_physics__model=qwen2_5_7b,qwen2_5_7b,137,uniform,125.851285817,0.06442313235377152,0.0,13700,0,64,8b7fd5b562efc4fed1c69ec8e5ed1a1fdf7d5ff0b268c503c31f719409d793e5,83ddaa4e14e99718db1d1833b81e8634bd5fe76c7c43ddc0c7370b048d039b6d,256a149de12e4d799689e72684af625a
supergpqa_science__field_physics__model=qwen3_5_27b,qwen3_5_27b,9,uniform,1670.582580346,0.49954547993770293,0.0,900,0,8,e9949e7bedd19e4da1a7d6515ccf01d8f4b33063424bcfb901a42b19fb733ec5,81dac359c680aad92e7bb070d32e924438be3615732f5c7460497da72b45316b,d912026081d44caf8ae7d9ad7b130344
supergpqa_science__field_physics__model=qwen3_5_27b,qwen3_5_27b,20,uniform,3450.724854596,1.1102999593002456,0.0,2000,0,16,d74206beb9e68b9b1483ab30ef5431b75473f671074fdba20cefba2256f11a71,3f8ac40c1b95f471983f11e9f5b63ffd2f14080a0832668b781b1e06a8b88a8e,996e090210964df88ff4f99532d9ccaa
supergpqa_science__field_physics__model=qwen3_5_27b,qwen3_5_27b,46,uniform,7773.197297566,2.571100162877571,0.0,4600,0,32,d0529f14b620f6fbd23aacb4f00c7706f1f26bbe2d0daa8f863a8dd64029fdce,7069efe2268def5b6905f2a8a6a3831c60d932ae1399fd085667390d99ded9de,e537766c01a840ada6ee126b32bb448c
supergpqa_science__field_physics__model=qwen3_5_27b,qwen3_5_27b,102,uniform,16953.741233818,5.6732966990981035,0.0,10200,0,64,aafcb3e35bd9ce0edaafd11c47267a8412a1cbe6d29baa9b672341112a9ac1ad,cc92fe2f47b1b9730308ef2ac97af9abeac70f2038f3af53f5268e4c6281ddf4,17f17612ca27473f887369eb4b6e0709
supergpqa_science__field_physics__model=qwen3_5_4b,qwen3_5_4b,8,uniform,478.992637418,0.06778722053440922,0.0,800,0,8,59a89d6385c9f561e3d69866ecc80e86d83c353b5f0fde83e8a9841501632b10,37ab360f3caa2302c1ddecaca6c248f8802ccf6a5806a62da99ef7ebb4ed2537,e33600e3cd3742bb9daeb25cb9cde336
supergpqa_science__field_physics__model=qwen3_5_4b,qwen3_5_4b,19,uniform,1030.291094896,0.16056151843812558,0.0,1900,0,16,69101841f38cd078830661f6f34eae846bf99a104f884794c59ec18709611321,0e422d0b915f2aac1bd583b5828584e7d7258f7685bdb529abda8161b9560205,fba8ebfebf1b4c049f248194c2b3e0c2
supergpqa_science__field_physics__model=qwen3_5_4b,qwen3_5_4b,41,uniform,2146.904313364,0.3468066966886052,0.0,4100,0,32,0a2f6cec852fb55b6d8057fc4f7df0d65be951ee45e3b8108377433c1e757959,1a8a75e5aa8257f61606adc9f91c8145f3b1ef7a50a8ec395a2c6582a329fc52,e863d051d3594d1483fc26b5161a46dc
supergpqa_science__field_physics__model=qwen3_5_4b,qwen3_5_4b,88,uniform,4546.542469542,0.7455874776327988,0.0,8800,0,64,6f7935c58b6ed872b425b18693bb3eaa67086a3b8c03490ecbd08a69301e3cd5,f1afe4eae6a2bd0a3098fea60f0eac4aa8f9d7921fbccb63c1619216bf74c8d9,eae41dcea27a45eba39e6b9edb0f0a07
supergpqa_science__field_physics__model=qwen3_5_9b,qwen3_5_9b,8,uniform,562.518235101,0.12588522497305396,0.0,800,0,8,72feaae47295cce5155de7de6b9167ca060a82876f8de12ab70e666b8e4f0e2c,d1c60157f797b58e4a0583686ecc265a82ebe5df3e8b37f48152898294ee3336,bfcbcb3911d441be9166deee05379b24
supergpqa_science__field_physics__model=qwen3_5_9b,qwen3_5_9b,19,uniform,1216.638734647,0.2966703888194509,0.0,1900,0,16,a2604b1e849369b54ce233d0bc84e063dea0ae4ec051e874a53d7ec6d8c3abaf,efb8e10f4f4d4d6525f9804c666f7c08f95000fb22405acd97c223a6a34d3667,6f9e498b776e45f89dc871fc5e11be96
supergpqa_science__field_physics__model=qwen3_5_9b,qwen3_5_9b,42,uniform,2577.314706135,0.6523351838749,0.0,4200,0,32,40035de14b4dd1c1b1d96d6ea825ffbd94a161997ca232e2d6f8c2fc90944811,301e3719289f5cd118aac463b1642df1575f7290b9daaa9d9e3c8bf8ef87cefd,cc808e97548945a79de1095308ac65b7
supergpqa_science__field_physics__model=qwen3_5_9b,qwen3_5_9b,92,uniform,5517.545710422,1.4236496589516585,0.0,9200,0,64,a5f4a18eb95e859cb519ef516f2bbc87b33284937f41c620e3baae1a99df5554,afd3e66977b50a7fea08f50d1ac37c1df96403981bd6289a3e32ba552aaf2b5f,75c3e184792d48169f2499bc4ce1aa9e
