n_tasks,b,alpha,m,weight,prior_risk,prior_risk_mc_se
19,8,0.01,1,0.125,1.0,8.913113862272855e-19
19,8,0.01,2,0.20442867172703333,0.8177146869081333,0.0007648744792045378
19,8,0.01,3,0.27797960146235345,0.7412789372329425,0.0008623594533288032
19,8,0.01,4,0.3585548963819532,0.7171097927639064,0.0008862692904768323
19,8,0.01,5,0.45619633184145053,0.7299141309463207,0.0008831864059797628
19,8,0.01,6,0.5850707516036042,0.7800943354714722,0.0007768818015236889
19,8,0.01,7,0.8755950622839553,1.0006800711816632,0.0005513070412388253
19,8,0.02,1,0.125,1.0,9.087880800748793e-19
19,8,0.02,2,0.21066908554542377,0.8426763421816951,0.0006752127178852899
19,8,0.02,3,0.29064998121694485,0.7750666165785195,0.0007600699602332026
19,8,0.02,4,0.378796717131737,0.757593434263474,0.0007802633964907994
19,8,0.02,5,0.4829398285157388,0.772703725625182,0.0007521360396165232
19,8,0.02,6,0.6150570609093985,0.8200760812125313,0.0006252162690426427
19,8,0.02,7,0.8753455934559086,1.00039496394961,0.0003895039342606704
19,8,0.03,1,0.125,1.0,0.0
19,8,0.03,2,0.21529330780381148,0.8611732312152459,0.0006256646178952883
19,8,0.03,3,0.30063553495873124,0.8016947598899499,0.000706450791059578
19,8,0.03,4,0.3933920555025623,0.7867841110051246,0.000713942305438826
19,8,0.03,5,0.5001614673850464,0.8002583478160743,0.0006726500743011181
19,8,0.03,6,0.6341232469219942,0.8454976625626589,0.0005404050235356683
19,8,0.03,7,0.8751973268764012,1.0002255164301728,0.0003172195164883747
19,8,0.04,1,0.12499999999999994,0.9999999999999996,1.4156122016551005e-18
19,8,0.04,2,0.21904334192513547,0.8761733677005419,0.0005906498556632827
19,8,0.04,3,0.3081616164111185,0.8217643104296495,0.0006628473200918307
19,8,0.04,4,0.40377077645005244,0.8075415529001049,0.0006615581235268173
19,8,0.04,5,0.5130083734691184,0.8208133975505894,0.0006151128311014207
19,8,0.04,6,0.6479776953166876,0.8639702604222501,0.0004819171764380313
19,8,0.04,7,0.8751003755940511,1.00011471496463,0.00027327510982827756
19,8,0.05,1,0.125,1.0,0.0
19,8,0.05,2,0.22200092009446448,0.8880036803778579,0.0005605946763999341
19,8,0.05,3,0.3141571994056165,0.8377525317483108,0.0006278908292582743
19,8,0.05,4,0.41252528626673035,0.8250505725334607,0.0006247302124861159
19,8,0.05,5,0.5236273807696855,0.8378038092314969,0.0005731385770819208
19,8,0.05,6,0.6589110113424919,0.8785480151233226,0.0004400055740184846
19,8,0.05,7,0.8751013466296774,1.0001158247196313,0.00024347667669123003
19,8,0.06,1,0.125,1.0,6.524632369768366e-19
19,8,0.06,2,0.22434252943513358,0.8973701177405343,0.000532841528155664
19,8,0.06,3,0.3189707346970551,0.8505886258588137,0.0005984022648504991
19,8,0.06,4,0.4195724098472946,0.8391448196945892,0.0005929801026723535
19,8,0.06,5,0.5321846260194629,0.8514954016311407,0.0005388376253114461
19,8,0.06,6,0.6677050953685519,0.8902734604914024,0.000406567712768227
19,8,0.06,7,0.8750136116015352,1.0000155561160404,0.0002214607644473415
19,8,0.07,1,0.125,1.0,5.69240885321628e-19
19,8,0.07,2,0.22642842676504388,0.9057137070601755,0.0005098110093400849
19,8,0.07,3,0.32332205159148847,0.8621921375773025,0.0005725588747172257
19,8,0.07,4,0.42585195468835474,0.8517039093767095,0.0005651611759493076
19,8,0.07,5,0.5394862102376323,0.8631779363802116,0.000506985255332268
19,8,0.07,6,0.6749167604448768,0.8998890139265022,0.0003782829514502883
19,8,0.07,7,0.8750154552015366,1.0000176630874704,0.00020370597346378242
19,8,0.08,1,0.12499999999999999,0.9999999999999999,0.0
19,8,0.08,2,0.2282856211158099,0.9131424844632396,0.0004889395874419499
19,8,0.08,3,0.3271860968662089,0.8724962583098905,0.0005506756531285015
19,8,0.08,4,0.43119317824832426,0.8623863564966485,0.0005412390826151632
19,8,0.08,5,0.5457612132001299,0.8732179411202079,0.00048270440339031906
19,8,0.08,6,0.6812318308064875,0.9083091077419835,0.00035553152686939
19,8,0.08,7,0.8750108146933898,1.0000123596495885,0.0001897688023080653
19,8,0.09,1,0.12500000000000006,1.0000000000000004,9.165554995626987e-19
19,8,0.09,2,0.2298951238803559,0.9195804955214236,0.0004693441044748559
19,8,0.09,3,0.3303989618315115,0.8810638982173641,0.0005291891378355504
19,8,0.09,4,0.436037483541923,0.872074967083846,0.0005195270682317492
19,8,0.09,5,0.5514002981716726,0.8822404770746761,0.00045942275347102057
19,8,0.09,6,0.6870310652384161,0.9160414203178882,0.00033418007196576327
19,8,0.09,7,0.8750733369312005,1.0000838136356578,0.00017757067731737956
19,8,0.1,1,0.12500000000000003,1.0000000000000002,0.0
19,8,0.1,2,0.23136017731568434,0.9254407092627374,0.0004523809789440471
19,8,0.1,3,0.33341541665801416,0.8891077777547043,0.000511212591899222
19,8,0.1,4,0.4401140337907137,0.8802280675814274,0.0004987882535460986
19,8,0.1,5,0.5563047999947948,0.8900876799916717,0.0004385231531556702
19,8,0.1,6,0.691678685656982,0.9222382475426426,0.00031696383296983197
19,8,0.1,7,0.8751128739077744,1.0001289987517423,0.00016738380583173013
19,8,0.11,1,0.12500000000000003,1.0000000000000002,7.753296906932538e-19
19,8,0.11,2,0.23257467986465596,0.9302987194586239,0.00043499754471358084
19,8,0.11,3,0.3359069108426171,0.8957517622469788,0.0004925277961645044
19,8,0.11,4,0.4437880675714493,0.8875761351428986,0.00048142791719855624
19,8,0.11,5,0.5605368339779697,0.8968589343647516,0.00042041024438774677
19,8,0.11,6,0.6956101190386081,0.9274801587181442,0.0003025878494977229
19,8,0.11,7,0.875044355527237,1.000050692031128,0.00015889552600493548
19,8,0.12,1,0.12500000000000003,1.0000000000000002,0.0
19,8,0.12,2,0.23365642344370233,0.9346256937748093,0.0004198898457500402
19,8,0.12,3,0.33825441206732365,0.9020117655128631,0.00047663933942548116
19,8,0.12,4,0.4472052844958038,0.8944105689916076,0.0004654487855114807
19,8,0.12,5,0.5644047960370976,0.9030476736593561,0.00040346907275077204
19,8,0.12,6,0.6993402483102755,0.9324536644137007,0.0002887808955175688
19,8,0.12,7,0.8750322092504111,1.0000368105718984,0.00015101758447441568
19,8,0.13,1,0.12499999999999997,0.9999999999999996,6.775579768605609e-19
19,8,0.13,2,0.2347108045620075,0.9388432182480299,0.00040677829594672416
19,8,0.13,3,0.34047123216613856,0.9079232857763695,0.00046196761845726465
19,8,0.13,4,0.4502520351450141,0.9005040702900281,0.00044907565282809806
19,8,0.13,5,0.5680722855231684,0.9089156568370694,0.00038828404204375907
19,8,0.13,6,0.7028854978028859,0.9371806637371812,0.0002762240842175392
19,8,0.13,7,0.8750411386827567,1.0000470156374361,0.00014431388383143642
19,8,0.14,1,0.12499999999999996,0.9999999999999997,0.0
19,8,0.14,2,0.23567365204992682,0.9426946081997073,0.0003939886423283901
19,8,0.14,3,0.3424504520695969,0.9132012055189251,0.00044718357452280995
19,8,0.14,4,0.45305177934519697,0.9061035586903939,0.000433877954154187
19,8,0.14,5,0.5713136956748482,0.9141019130797572,0.00037484491188082887
19,8,0.14,6,0.7062340943990154,0.9416454591986874,0.00026480273365143313
19,8,0.14,7,0.8750531098824429,1.0000606970085062,0.00013828798589376597
19,8,0.15,1,0.12499999999999997,0.9999999999999998,1.2117174400998395e-18
19,8,0.15,2,0.23645472298230696,0.9458188919292279,0.0003813196950227532
19,8,0.15,3,0.34412357775452773,0.917662874012074,0.0004342824748598544
19,8,0.15,4,0.4555339318848622,0.9110678637697244,0.0004210187082333592
19,8,0.15,5,0.5740942968315549,0.9185508749304876,0.00036276845900374486
19,8,0.15,6,0.7090923569062447,0.9454564758749928,0.00025454583764849024
19,8,0.15,7,0.8749880725138496,0.9999863685872566,0.00013316449608161493
19,8,0.16,1,0.12499999999999993,0.9999999999999994,5.767308969705966e-19
19,8,0.16,2,0.23727141961866025,0.949085678474641,0.00037001946715983444
19,8,0.16,3,0.3457644022120537,0.9220384058988096,0.00042177267682046263
19,8,0.16,4,0.45781433891713,0.91562867783426,0.000408568796152536
19,8,0.16,5,0.5767297027629639,0.9227675244207422,0.00034994205432715107
19,8,0.16,6,0.711689191473193,0.9489189219642574,0.0002443746986650689
19,8,0.16,7,0.8749521181013717,0.9999452778301392,0.00012808495446922443
19,8,0.17,1,0.12499999999999994,0.9999999999999996,1.1020597532129759e-18
19,8,0.17,2,0.2380382008813776,0.9521528035255103,0.00035983177580561736
19,8,0.17,3,0.34736414985326425,0.9263043996087045,0.0004107475674179418
19,8,0.17,4,0.45999978551810894,0.9199995710362179,0.00039673312801847687
19,8,0.17,5,0.579293763660484,0.9268700218567745,0.00033821533818970844
19,8,0.17,6,0.713844613412328,0.9517928178831039,0.00023634749306597532
19,8,0.17,7,0.8749726863171323,0.999968784362437,0.00012350431459268974
19,8,0.18,1,0.12499999999999996,0.9999999999999997,5.281845251717248e-19
19,8,0.18,2,0.23875381700248802,0.9550152680099521,0.00035055584805606863
19,8,0.18,3,0.3489085261787607,0.9304227364766954,0.0003992719515397278
19,8,0.18,4,0.4621720999227205,0.924344199845441,0.0003861057098834675
19,8,0.18,5,0.5817529520200707,0.930804723232113,0.0003270941435576288
19,8,0.18,6,0.7158535694776017,0.9544714259701356,0.0002288670443771389
19,8,0.18,7,0.8750156367062996,1.0000178705214853,0.00011913610077633861
19,8,0.19,1,0.125,1.0,0.0
19,8,0.19,2,0.23937304472570234,0.9574921789028094,0.000340640381602623
19,8,0.19,3,0.3501369996643412,0.9336986657715766,0.00038821339463472056
19,8,0.19,4,0.4640104925355242,0.9280209850710484,0.0003743752509464074
19,8,0.19,5,0.5839970936954114,0.9343953499126583,0.0003166148722147093
19,8,0.19,6,0.7177532450194527,0.9570043266926037,0.00022194946091953633
19,8,0.19,7,0.8750245489561549,1.0000280559498915,0.00011520046227650013
19,8,0.2,1,0.12499999999999996,0.9999999999999997,4.893474277326272e-19
19,8,0.2,2,0.23999381035444878,0.9599752414177951,0.0003313185184159643
19,8,0.2,3,0.35136846106232456,0.9369825628328655,0.00037730031723462947
19,8,0.2,4,0.46573892528460564,0.9314778505692113,0.0003633791022396964
19,8,0.2,5,0.5859803317395732,0.937568530783317,0.00030728534890663137
19,8,0.2,6,0.7196065469373482,0.9594753959164642,0.0002150604462299373
19,8,0.2,7,0.875070152212617,1.0000801739572767,0.00011136141925310908
19,8,0.25,1,0.12500000000000003,1.0000000000000002,4.19440652342252e-19
19,8,0.25,2,0.2423671380064028,0.9694685520256112,0.00029282147105052695
19,8,0.25,3,0.3565279500063458,0.9507412000169222,0.000336101679010707
19,8,0.25,4,0.4727342415331787,0.9454684830663574,0.0003215830806818073
19,8,0.25,5,0.5940884055466095,0.9505414488745753,0.00027049509122903983
19,8,0.25,6,0.7276213164914287,0.970161755321905,0.00018680190362901585
19,8,0.25,7,0.875054440236133,1.0000622174127234,9.697610125849345e-05
19,8,0.5,1,0.12500000000000003,1.0000000000000002,1.1185084062460053e-18
19,8,0.5,2,0.24781916330710727,0.9912766532284291,0.00018163496365052446
19,8,0.5,3,0.3684628438905025,0.9825675837080067,0.00020824261462039416
19,8,0.5,4,0.4895914421306081,0.9791828842612162,0.0002005251041509556
19,8,0.5,5,0.6139607730296723,0.9823372368474755,0.00016705039708386443
19,8,0.5,6,0.7453420923487731,0.9937894564650308,0.00011640578562564117
19,8,0.5,7,0.8750078659238364,1.0000089896272417,6.078558468233139e-05
19,8,1.0,1,0.12500000000000003,1.0000000000000002,4.19440652342252e-19
19,8,1.0,2,0.2500525638479857,1.0002102553919427,9.49105625298827e-05
19,8,1.0,3,0.37503621242906526,1.0000965664775074,0.0001124295002588165
19,8,1.0,4,0.49910546885810886,0.9982109377162177,0.00010672719094625327
19,8,1.0,5,0.6250092496956635,1.0000147995130617,9.0252251868989e-05
19,8,1.0,6,0.7499980926368152,0.999997456849087,6.49068377943709e-05
19,8,1.0,7,0.874997317942578,0.9999969347915179,3.43385200314153e-05
19,16,0.01,1,0.0625,1.0,1.023189091332343e-18
19,16,0.01,2,0.09902255405347755,0.7921804324278204,0.0008289774847552422
19,16,0.01,3,0.1285607624331659,0.6856573996435513,0.0009536623685289192
19,16,0.01,4,0.156597401577713,0.626389606310852,0.001009925168464665
19,16,0.01,5,0.18508542157917368,0.5922733490533557,0.0010428308287632143
19,16,0.01,6,0.21529509115121767,0.5741202430699137,0.0010655100098138886
19,16,0.01,7,0.2482391343552743,0.5674037356691984,0.0010826334025078892
19,16,0.01,8,0.28469192834766605,0.5693838566953321,0.0010979172372470698
19,16,0.01,9,0.32608613584006835,0.5797086859378991,0.0011061502881130445
19,16,0.01,10,0.37428928611803514,0.5988628577888562,0.0011077007998905226
19,16,0.01,11,0.43053344350326406,0.626230463277475,0.0010946593713121492
19,16,0.01,12,0.4993324724614987,0.6657766299486648,0.001061043940230844
19,16,0.01,13,0.5831654017985006,0.71774203298277,0.0009746673080953999
19,16,0.01,14,0.6881770801702285,0.7864880916231183,0.0008498770652642813
19,16,0.01,15,0.937878486810719,1.0004037192647668,0.00029770008437076295
19,16,0.02,1,0.0625,1.0,1.043251622534938e-18
19,16,0.02,2,0.10264188843533258,0.8211351074826606,0.0007457453916651845
19,16,0.02,3,0.13605405883949206,0.7256216471439577,0.0008606569486872135
19,16,0.02,4,0.16820071399395656,0.6728028559758262,0.0009160334690558749
19,16,0.02,5,0.20069648408273158,0.642228749064741,0.0009449831452926061
19,16,0.02,6,0.23498677868412726,0.6266314098243393,0.0009593926304226778
19,16,0.02,7,0.2718582561068724,0.6213902996728512,0.0009658401157664156
19,16,0.02,8,0.31256906741641916,0.6251381348328383,0.0009682540680794768
19,16,0.02,9,0.3579971058686347,0.6364392993220173,0.0009627905466051353
19,16,0.02,10,0.4094284592105505,0.6550855347368807,0.0009474277247453047
19,16,0.02,11,0.46944773551138924,0.682833069834748,0.0009170597523244217
19,16,0.02,12,0.5394062728684281,0.7192083638245709,0.0008681078211199242
19,16,0.02,13,0.6236408213070761,0.7675579339164013,0.0007740644046184711
19,16,0.02,14,0.72501437087498,0.8285878524285486,0.0006310916583773682
19,16,0.02,15,0.9377411634658125,1.0002572410302,0.0002106896799929115
19,16,0.03,1,0.0625,1.0,0.0
19,16,0.03,2,0.10504158861371318,0.8403327089097055,0.0006905716113484792
19,16,0.03,3,0.14137610151809832,0.754005874763191,0.0008083246324954914
19,16,0.03,4,0.17644273691105997,0.7057709476442399,0.0008605383448955749
19,16,0.03,5,0.2117850262334768,0.6777120839471258,0.0008853195795853049
19,16,0.03,6,0.2489826391169737,0.6639537043119297,0.0008964883797568724
19,16,0.03,7,0.2887318196465565,0.6599584449064148,0.0008973015161233477
19,16,0.03,8,0.332027485237583,0.664054970475166,0.0008944432164090628
19,16,0.03,9,0.3801626855802231,0.6758447743648411,0.0008813510442882944
19,16,0.03,10,0.43408375411737915,0.6945340065878067,0.0008572056422402465
19,16,0.03,11,0.49538602834702455,0.7205614957774903,0.0008187483365350624
19,16,0.03,12,0.566188548401245,0.7549180645349933,0.0007621534286076139
19,16,0.03,13,0.6500763251070217,0.8000939385932576,0.0006637425556652559
19,16,0.03,14,0.7471351340527582,0.8538687246317236,0.0005239811825243459
19,16,0.03,15,0.9376030969714587,1.0001099701028893,0.00017244838643065653
19,16,0.04,1,0.06250000000000001,1.0000000000000002,1.0833766849401281e-18
19,16,0.04,2,0.10703147794189882,0.8562518235351906,0.0006533501539763539
19,16,0.04,3,0.14556676713414413,0.7763560913821022,0.0007684937975712927
19,16,0.04,4,0.18286727562012148,0.7314691024804859,0.0008159658054928025
19,16,0.04,5,0.2204815859363404,0.7055410749962893,0.0008377668444997155
19,16,0.04,6,0.2599054236365206,0.6930811296973882,0.0008468181942048972
19,16,0.04,7,0.30188168515621333,0.6900152803570592,0.0008449024073945371
19,16,0.04,8,0.34738116378536116,0.6947623275707223,0.0008360573493288171
19,16,0.04,9,0.39739102784802105,0.706472938396482,0.0008181923806110788
19,16,0.04,10,0.4527282399536601,0.7243651839258562,0.0007898727708669165
19,16,0.04,11,0.515224209393135,0.7494170318445599,0.0007454368372734287
19,16,0.04,12,0.5862216355008328,0.7816288473344438,0.0006844916619407143
19,16,0.04,13,0.6693323360609825,0.8237936443827477,0.0005861379541836446
19,16,0.04,14,0.7628905162857897,0.8718748757551884,0.000453035675625418
19,16,0.04,15,0.9375692506056059,1.0000738673126461,0.00014875077298565653
19,16,0.05,1,0.06250000000000001,1.0000000000000002,1.3241270593712672e-18
19,16,0.05,2,0.10869744205530281,0.8695795364424225,0.0006252621157427262
19,16,0.05,3,0.149110243991996,0.7952546346239786,0.0007358996476293062
19,16,0.05,4,0.18828541336696356,0.7531416534678542,0.0007825311558467675
19,16,0.05,5,0.22787075039491633,0.7291864012637324,0.0008045191732164789
19,16,0.05,6,0.2692375513594164,0.7179668036251106,0.0008102143839399593
19,16,0.05,7,0.3129889493900993,0.7154033128916555,0.000804632918268546
19,16,0.05,8,0.360083211638798,0.720166423277596,0.0007918511210657409
19,16,0.05,9,0.4114539974160286,0.7314737731840508,0.0007700054507673086
19,16,0.05,10,0.46800573163022097,0.7488091706083535,0.0007374708029609496
19,16,0.05,11,0.5312569364363715,0.7727373620892676,0.0006898392015574026
19,16,0.05,12,0.6022156587932992,0.8029542117243991,0.00062643826992557
19,16,0.05,13,0.684475006271185,0.8424307769491507,0.000529998154507379
19,16,0.05,14,0.7750689944565607,0.8857931365217836,0.00040341676409762656
19,16,0.05,15,0.937568860721574,1.0000734514363456,0.00013250009785557764
19,16,0.06,1,0.06250000000000001,1.0000000000000002,0.0
19,16,0.06,2,0.11002184914428177,0.8801747931542542,0.0005974751129270465
19,16,0.06,3,0.15205758605372174,0.8109737922865159,0.0007080996946880624
19,16,0.06,4,0.19284849033990534,0.7713939613596213,0.0007537471349741439
19,16,0.06,5,0.23407233557857748,0.749031473851448,0.0007734658556897364
19,16,0.06,6,0.27697923269665864,0.7386112871910896,0.0007778992864579302
19,16,0.06,7,0.32219031234158985,0.7364349996379197,0.0007701573981233222
19,16,0.06,8,0.37060471860914534,0.7412094372182907,0.0007550121404300007
19,16,0.06,9,0.42316081551467394,0.7522858942483092,0.0007297444914209966
19,16,0.06,10,0.480588209979742,0.7689411359675872,0.0006939935723809148
19,16,0.06,11,0.5443193649046482,0.7917372580431244,0.0006443164004665161
19,16,0.06,12,0.6152105194145561,0.8202806925527414,0.0005799341785343091
19,16,0.06,13,0.6966020571313993,0.857356378007876,0.00048569684231027067
19,16,0.06,14,0.7847423561951886,0.8968484070802157,0.00036567163217704414
19,16,0.06,15,0.9375406394946912,1.0000433487943372,0.00012056596977368267
19,16,0.07,1,0.06249999999999998,0.9999999999999997,6.534653020273789e-19
19,16,0.07,2,0.11115228293410441,0.8892182634728353,0.0005725764707451295
19,16,0.07,3,0.1546220557480406,0.8246509639895498,0.0006815765035514829
19,16,0.07,4,0.19687169657882783,0.7874867863153113,0.0007263506329725482
19,16,0.07,5,0.2394932408732896,0.7663783707945266,0.0007443615676971768
19,16,0.07,6,0.28369888765578777,0.7565303670821006,0.0007468553393478527
19,16,0.07,7,0.33021427891082294,0.7547754946533095,0.0007382165803635649
19,16,0.07,8,0.37980826583810184,0.7596165316762037,0.0007204459191463029
19,16,0.07,9,0.43336311433162106,0.7704233143673264,0.0006932531795971175
19,16,0.07,10,0.49148092253213393,0.7863694760514143,0.0006557340835777084
19,16,0.07,11,0.5554944491777988,0.8079919260767982,0.0006047640508885244
19,16,0.07,12,0.6262119463708337,0.8349492618277781,0.0005402521918497057
19,16,0.07,13,0.7067689721197271,0.8698695041473563,0.0004486125752950497
19,16,0.07,14,0.7927373988973387,0.9059855987398157,0.00033478703901253064
19,16,0.07,15,0.9375445515580191,1.000047521661887,0.00011100461308352703
19,16,0.08,1,0.0625,1.0,0.0
19,16,0.08,2,0.11214680838646675,0.897174467091734,0.0005509378430710516
19,16,0.08,3,0.15681863257848488,0.8363660404185862,0.0006588116538303664
19,16,0.08,4,0.20033377495193375,0.801335099807735,0.0007035177663754054
19,16,0.08,5,0.24418698361240565,0.7813983475596982,0.0007206778725929662
19,16,0.08,6,0.28962697396801923,0.7723385972480513,0.0007217870753027846
19,16,0.08,7,0.3372826067800075,0.770931672640017,0.0007117656138779571
19,16,0.08,8,0.38791857619887965,0.7758371523977593,0.0006921973541287972
19,16,0.08,9,0.44226469783350725,0.7862483517040129,0.000663135153211805
19,16,0.08,10,0.5009308978650028,0.8014894365840045,0.0006244403960288772
19,16,0.08,11,0.5652250330339544,0.8221455025948428,0.0005729398725578453
19,16,0.08,12,0.6356434074426754,0.8475245432569007,0.0005080935047347985
19,16,0.08,13,0.7153708975541943,0.8804564892974699,0.0004188500885051821
19,16,0.08,14,0.7994993776493461,0.9137135744563954,0.0003106342301831247
19,16,0.08,15,0.9375410722653703,1.000043810416395,0.00010351360677179586
19,16,0.09,1,0.0625,1.0,1.0521683030694248e-18
19,16,0.09,2,0.11304304766595887,0.9043443813276709,0.0005311025309063901
19,16,0.09,3,0.15875544356799892,0.8466956990293277,0.0006380909069865454
19,16,0.09,4,0.20342378033300434,0.8136951213320174,0.000681033104525877
19,16,0.09,5,0.24842791609525147,0.7949693315048046,0.0006968209927046777
19,16,0.09,6,0.2949852735318157,0.7866273960848419,0.0006969378329677737
19,16,0.09,7,0.3436620758297224,0.7855133161822228,0.0006857408373587148
19,16,0.09,8,0.3951657319373093,0.7903314638746186,0.00066450633623873
19,16,0.09,9,0.45021080316943834,0.8003747611901126,0.0006343262666303564
19,16,0.09,10,0.5093628533605402,0.8149805653768644,0.0005947161586992068
19,16,0.09,11,0.5738567773598813,0.8347007670689183,0.0005430830777723938
19,16,0.09,12,0.6439360360851278,0.8585813814468372,0.0004787950266405004
19,16,0.09,13,0.7229917020844577,0.889835941027025,0.00039229245952266447
19,16,0.09,14,0.805395271194576,0.9204517385080869,0.0002891633350093095
19,16,0.09,15,0.9375735409191482,1.0000784436470915,9.698920333808934e-05
19,16,0.1,1,0.0625,1.0,9.630014977245583e-19
19,16,0.1,2,0.11389359585060728,0.9111487668048582,0.0005138167664063458
19,16,0.1,3,0.16055734716302558,0.8563058515361365,0.0006191696032879947
19,16,0.1,4,0.20624098117263204,0.8249639246905281,0.0006607885409685078
19,16,0.1,5,0.2522618694886637,0.8072379823637239,0.0006757865659846853
19,16,0.1,6,0.29980437588899717,0.7994783357039924,0.0006741463192609509
19,16,0.1,7,0.3493563859343363,0.798528882135626,0.000662180232696457
19,16,0.1,8,0.4016477652035984,0.8032955304071968,0.00064035654261471
19,16,0.1,9,0.45727151431003815,0.8129271365511789,0.0006095256435132229
19,16,0.1,10,0.5168210800835012,0.826913728133602,0.0005693057229526221
19,16,0.1,11,0.5814380618616971,0.8457280899806503,0.0005179369457935928
19,16,0.1,12,0.6511928220920081,0.8682570961226775,0.0004542890333113663
19,16,0.1,13,0.72962391529067,0.8979986649731324,0.00037010720211513436
19,16,0.1,14,0.8105128181437815,0.9263003635928931,0.0002714558147501684
19,16,0.1,15,0.937587523059306,1.0000933579299265,9.165648115806769e-05
19,16,0.11,1,0.06250000000000003,1.0000000000000004,4.450234194030156e-19
19,16,0.11,2,0.11459043888122494,0.9167235110497995,0.000495175444561433
19,16,0.11,3,0.16214067598356935,0.8647502719123699,0.0006002405617107808
19,16,0.11,4,0.20871360782350076,0.834854431294003,0.0006419779074245878
19,16,0.11,5,0.25562818275356397,0.8180101848114048,0.0006564648802865413
19,16,0.11,6,0.3039656465664765,0.810575057510604,0.0006539439560191565
19,16,0.11,7,0.35429889100651185,0.8098260365863129,0.0006413211318259075
19,16,0.11,8,0.4072421881923182,0.8144843763846364,0.0006186114235852395
19,16,0.11,9,0.4634204272046382,0.8238585372526901,0.0005874351869842054
19,16,0.11,10,0.5233182292050057,0.8373091667280091,0.0005467247757681974
19,16,0.11,11,0.5880088247500838,0.8552855632728492,0.000495602213726665
19,16,0.11,12,0.6574564352099647,0.8766085802799529,0.0004324404606097346
19,16,0.11,13,0.7352339830856441,0.9049033637977159,0.0003508321018787228
19,16,0.11,14,0.8148469351320939,0.9312536401509646,0.00025633234360481014
19,16,0.11,15,0.9375536416009786,1.0000572177077107,8.714025643216373e-05
19,16,0.12,1,0.0625,1.0,8.292512897072586e-19
19,16,0.12,2,0.11522766615776964,0.9218213292621571,0.00047928149333691507
19,16,0.12,3,0.16359829124599218,0.872524219978625,0.0005824499846497419
19,16,0.12,4,0.2109945954173987,0.8439783816695948,0.0006230151544688085
19,16,0.12,5,0.258726086318728,0.8279234762199297,0.0006371535473637602
19,16,0.12,6,0.3078388913708166,0.8209037103221778,0.0006338304848795199
19,16,0.12,7,0.35887363449174414,0.8202825931239865,0.000620301838655517
19,16,0.12,8,0.41237524283760313,0.8247504856752063,0.0005970558899094464
19,16,0.12,9,0.4689891454126509,0.8337584807336016,0.0005655285180843645
19,16,0.12,10,0.5291166446634876,0.8465866314615802,0.0005247418040474893
19,16,0.12,11,0.5938591080854552,0.8637950663061166,0.00047409471163031483
19,16,0.12,12,0.6630265453761923,0.8840353938349231,0.0004114958492038582
19,16,0.12,13,0.7402703441464509,0.911101962026401,0.000332455133937428
19,16,0.12,14,0.8187127176526378,0.9356716773173004,0.00024205311631729534
19,16,0.12,15,0.9375373999265049,1.0000398932549386,8.292691962968965e-05
19,16,0.13,1,0.06250000000000001,1.0,7.778089020082971e-19
19,16,0.13,2,0.11581768605467192,0.9265414884373753,0.0004648028661251334
19,16,0.13,3,0.16495108262876088,0.8797391073533912,0.0005655139289487019
19,16,0.13,4,0.21314359680240416,0.8525743872096165,0.0006059237652620643
19,16,0.13,5,0.26161455976450637,0.8371665912464203,0.0006198530270215062
19,16,0.13,6,0.31142753883870655,0.8304734369032175,0.0006158868351199446
19,16,0.13,7,0.3630673570380963,0.8298682446585057,0.0006019083694223603
19,16,0.13,8,0.41710066882647767,0.8342013376529552,0.0005781520218454242
19,16,0.13,9,0.47412107414132754,0.8428819095845823,0.0005463238786618709
19,16,0.13,10,0.5345033139525758,0.8552053023241214,0.0005051102967512205
19,16,0.13,11,0.5992292629270458,0.8716062006211577,0.0004552167335920637
19,16,0.13,12,0.6681105295833987,0.8908140394445315,0.0003933705342559909
19,16,0.13,13,0.7446754480073843,0.9165236283167806,0.00031685076447118246
19,16,0.13,14,0.8222110619600282,0.9396697850971751,0.00022984399685416473
19,16,0.13,15,0.9375438508613109,1.0000467742520647,7.932097834209812e-05
19,16,0.14,1,0.062499999999999965,0.9999999999999994,7.337154268377585e-19
19,16,0.14,2,0.1163523934747432,0.9308191477979456,0.00045104131052290503
19,16,0.14,3,0.16620112929308786,0.8864060228964687,0.0005505066750680177
19,16,0.14,4,0.2150960421448422,0.8603841685793688,0.0005898916909363826
19,16,0.14,5,0.26426280976988437,0.84564099126363,0.0006042681172072875
19,16,0.14,6,0.3147329631562265,0.8392879017499375,0.0006000027148188012
19,16,0.14,7,0.36694143203823093,0.8387232732302421,0.0005850172494763949
19,16,0.14,8,0.4214273571546943,0.8428547143093886,0.0005605652812854929
19,16,0.14,9,0.47882900687332236,0.8512515677747953,0.0005285579924599736
19,16,0.14,10,0.5394324511843805,0.8630919218950089,0.00048737555602195424
19,16,0.14,11,0.6041763032426838,0.878801895625722,0.00043793729500577985
19,16,0.14,12,0.6727656018797521,0.8970208025063362,0.0003768928577731345
19,16,0.14,13,0.7487902639404199,0.92158801715744,0.0003029792417438982
19,16,0.14,14,0.8253753465631838,0.9432861103579243,0.00021890095368630417
19,16,0.14,15,0.9375471660423915,1.0000503104452176,7.605192356415074e-05
19,16,0.15,1,0.0625,1.0,6.955010816899589e-19
19,16,0.15,2,0.11681456523288059,0.9345165218630447,0.0004375685478265006
19,16,0.15,3,0.16726908861470294,0.8921018059450823,0.000536330814041774
19,16,0.15,4,0.21683119592114,0.86732478368456,0.0005754112437189753
19,16,0.15,5,0.26659188568904996,0.8530940342049597,0.0005893693622622488
19,16,0.15,6,0.31762168976591176,0.846991172709098,0.0005847039938536499
19,16,0.15,7,0.3703440885709657,0.8465007738764929,0.0005700699949166696
19,16,0.15,8,0.4252623334917364,0.8505246669834728,0.0005452363390371709
19,16,0.15,9,0.4829784539006299,0.8586283624900086,0.0005130221252671139
19,16,0.15,10,0.5437735252140136,0.8700376403424217,0.00047194587238228553
19,16,0.15,11,0.6085955516188227,0.8852298932637421,0.00042346253798141836
19,16,0.15,12,0.6769103754659862,0.9025471672879816,0.0003626236959948675
19,16,0.15,13,0.7524822219242003,0.9261319654451695,0.0002909596639786779
19,16,0.15,14,0.8281731287003687,0.9464835756575642,0.00020964260845192796
19,16,0.15,15,0.9375140305288092,1.0000149658973965,7.334451046397069e-05
19,16,0.16,1,0.06249999999999998,0.9999999999999997,0.0
19,16,0.16,2,0.11727957814683877,0.9382366251747102,0.00042550682790929985
19,16,0.16,3,0.16828135118334678,0.897500539644516,0.0005218246326863948
19,16,0.16,4,0.2184208542892559,0.8736834171570236,0.0005599302122450992
19,16,0.16,5,0.2687752300097427,0.8600807360311766,0.0005733427219178986
19,16,0.16,6,0.3203182442763007,0.8541819847368018,0.0005687016957193579
19,16,0.16,7,0.37349108358546496,0.8536939053382055,0.0005537102754025897
19,16,0.16,8,0.4288080476792923,0.8576160953585846,0.0005288833314037293
19,16,0.16,9,0.48681394294766983,0.8654470096847463,0.0004970565970350292
19,16,0.16,10,0.5477571708764024,0.8764114734022438,0.00045625565925889924
19,16,0.16,11,0.6124885880423271,0.8908924916979301,0.000408560883338184
19,16,0.16,12,0.6805888908991641,0.9074518545322188,0.00034888379394220476
19,16,0.16,13,0.7558690396897394,0.9303003565412177,0.00027925702062568707
19,16,0.16,14,0.8306880818041616,0.9493578077761847,0.00020054833713433734
19,16,0.16,15,0.9374908489123274,0.9999902388398159,7.070390419367461e-05
19,16,0.17,1,0.062499999999999986,0.9999999999999998,6.325598073288764e-19
19,16,0.17,2,0.11769054715522762,0.9415243772418209,0.0004143133324579411
19,16,0.17,3,0.1692272253352197,0.9025452017878383,0.0005088115111072124
19,16,0.17,4,0.2199563351455546,0.8798253405822184,0.0005460140439356177
19,16,0.17,5,0.2708671030051919,0.866774729616614,0.0005589558236535583
19,16,0.17,6,0.3229275348274658,0.861140092873242,0.0005544399950588978
19,16,0.17,7,0.3765509173833592,0.8606878111619639,0.0005393665730693501
19,16,0.17,8,0.4322237045438076,0.8644474090876152,0.000514279803487644
19,16,0.17,9,0.49049533005975504,0.8719916978840089,0.00048262288443623875
19,16,0.17,10,0.5515951416469667,0.8825522266351467,0.00044209990133193823
19,16,0.17,11,0.6162415702346306,0.8963513748867353,0.00039514081160782965
19,16,0.17,12,0.684118938749992,0.9121585849999893,0.00033649328986266067
19,16,0.17,13,0.7590006946075261,0.9341547010554165,0.00026862833287262847
19,16,0.17,14,0.8330774808630048,0.9520885495577197,0.00019247282297187656
19,16,0.17,15,0.9374963300262827,0.9999960853613682,6.828255569757392e-05
19,16,0.18,1,0.0625,1.0,0.0
19,16,0.18,2,0.1181110094034051,0.9448880752272408,0.00040413798287906123
19,16,0.18,3,0.17019024381646655,0.9076813003544885,0.0004968857020742407
19,16,0.18,4,0.22144517765328536,0.8857807106131415,0.0005333466137689393
19,16,0.18,5,0.27286933172440947,0.8731818615181104,0.0005452526468251146
19,16,0.18,6,0.3254146538096684,0.8677724101591159,0.0005405231851745873
19,16,0.18,7,0.37942228385464966,0.8672509345249135,0.000525153875159117
19,16,0.18,8,0.4354617756088605,0.870923551217721,0.000500342051729821
19,16,0.18,9,0.4939687695968023,0.8781667015054264,0.0004688676375490742
19,16,0.18,10,0.5551614967368623,0.8882583947789798,0.0004285580055573418
19,16,0.18,11,0.6197977057339213,0.9015239356129766,0.0003824535079350424
19,16,0.18,12,0.6874231770127882,0.916564236017051,0.00032476642229766313
19,16,0.18,13,0.7619974794812981,0.9378430516692902,0.00025861932802281185
19,16,0.18,14,0.8353113787172604,0.9546415756768691,0.0001849727075254258
19,16,0.18,15,0.937526041315796,1.0000277774035156,6.601345024412572e-05
19,16,0.19,1,0.0625,1.0,5.828693275701273e-19
19,16,0.19,2,0.1184688953428504,0.9477511627428032,0.00039353674919436073
19,16,0.19,3,0.17102130366796015,0.9121136195624541,0.0004849602049465523
19,16,0.19,4,0.22277196844152158,0.8910878737660863,0.0005207449784863367
19,16,0.19,5,0.27468440066436595,0.8789900821259711,0.0005324041737750186
19,16,0.19,6,0.3276624150712336,0.8737664401899562,0.000527502153276326
19,16,0.19,7,0.38203740861013064,0.8732283625374415,0.0005119315713195985
19,16,0.19,8,0.43838804282854676,0.8767760856570935,0.0004874381228369194
19,16,0.19,9,0.49710100825813364,0.8837351257922377,0.00045585502000811275
19,16,0.19,10,0.5583873391019775,0.8934197425631638,0.000415964323830596
19,16,0.19,11,0.623035029974199,0.9062327708715623,0.0003708922770015909
19,16,0.19,12,0.6904432985307181,0.920591064707624,0.0003137073788770475
19,16,0.19,13,0.7645711003775204,0.9410105850800252,0.00024950886158986533
19,16,0.19,14,0.8372999673151764,0.9569142483602018,0.00017819222962989982
19,16,0.19,15,0.9375275944355307,1.0000294340645663,6.393199245047369e-05
19,16,0.2,1,0.06249999999999997,0.9999999999999996,5.617508736726589e-19
19,16,0.2,2,0.11882252152668582,0.9505801722134866,0.0003834864138067444
19,16,0.2,3,0.17182868081127106,0.9164196309934458,0.00047278517955168275
19,16,0.2,4,0.2240365530810865,0.896146212324346,0.0005079217140226807
19,16,0.2,5,0.27641771445466884,0.8845366862549402,0.0005195861008940791
19,16,0.2,6,0.329806514483735,0.8794840386232935,0.0005143959325412805
19,16,0.2,7,0.3845725920279161,0.8790230674923797,0.0004987163871347196
19,16,0.2,8,0.44117155656133256,0.8823431131226651,0.00047425511243574965
19,16,0.2,9,0.5000711795689894,0.88901543034487,0.0004431617279115731
19,16,0.2,10,0.5614691387605552,0.8983506220168883,0.00040372123585440345
19,16,0.2,11,0.6260758937246723,0.9106558454177052,0.00035958403492413095
19,16,0.2,12,0.693308357132062,0.9244111428427494,0.0003030902687402484
19,16,0.2,13,0.766933884261295,0.9439186267831322,0.0002408177339913849
19,16,0.2,14,0.839180677985503,0.9590636319834321,0.0001717937319924245
19,16,0.2,15,0.9375509482639537,1.000054344814884,6.19233043809832e-05
19,16,0.25,1,0.06250000000000001,1.0000000000000002,1.4445022465868373e-18
19,16,0.25,2,0.12017119353498182,0.9613695482798545,0.00034062615207995525
19,16,0.25,3,0.17504255137442823,0.9335602739969507,0.00042458239121386887
19,16,0.25,4,0.22913771391559906,0.9165508556623962,0.00045825818680102703
19,16,0.25,5,0.28331136082480657,0.906596354639381,0.0004681789636104095
19,16,0.25,6,0.3383580856071787,0.90228822828581,0.0004621730520685542
19,16,0.25,7,0.39458950384124813,0.9019188659228531,0.00044661109473526057
19,16,0.25,8,0.45233618634068823,0.9046723726813765,0.000423054048692341
19,16,0.25,9,0.5120085448871862,0.9102374131327755,0.000392938821733598
19,16,0.25,10,0.5737907498219613,0.9180651997151382,0.000355427627761626
19,16,0.25,11,0.6381274889063205,0.9281854384091934,0.0003153536165121884
19,16,0.25,12,0.7045548134385009,0.9394064179180014,0.000262791122254583
19,16,0.25,13,0.776311036254781,0.9554597369289612,0.00020807023887368584
19,16,0.25,14,0.8466278774597191,0.9675747170968221,0.00014709266078301187
19,16,0.25,15,0.9375464201373696,1.0000495148131943,5.4254571884638494e-05
19,16,0.5,1,0.06249999999999998,0.9999999999999997,1.2840019969660778e-18
19,16,0.5,2,0.12320709231463815,0.9856567385171052,0.00021188591889816124
19,16,0.5,3,0.1824955624286871,0.9733096662863313,0.0002740900897368727
19,16,0.5,4,0.2412674008335303,0.9650696033341212,0.0003000459222220325
19,16,0.5,5,0.300005440289501,0.9600174089264032,0.0003084425702512075
19,16,0.5,6,0.3590571045455147,0.9574856121213724,0.0003049468741649392
19,16,0.5,7,0.4187180527416497,0.9570698348380565,0.00029317245972389455
19,16,0.5,8,0.47906303090063973,0.9581260618012795,0.0002747506860376968
19,16,0.5,9,0.540356074623399,0.9606330215527092,0.00025159841806644687
19,16,0.5,10,0.6027160331145891,0.9643456529833425,0.0002262159147213694
19,16,0.5,11,0.6660007845932739,0.9687284139538531,0.00019644394775034536
19,16,0.5,12,0.7307840505894985,0.9743787341193312,0.00015994248224614086
19,16,0.5,13,0.797722371038342,0.981812148970267,0.00012722096028345553
19,16,0.5,14,0.864156960506973,0.9876079548651119,8.800983004174948e-05
19,16,0.5,15,0.9375059036237569,1.000006297198674,3.48643134270937e-05
19,16,1.0,1,0.06250000000000001,1.0000000000000002,1.4445022465868373e-18
19,16,1.0,2,0.12462752226705341,0.9970201781364273,0.00010760010920110419
19,16,1.0,3,0.18615960503667878,0.992851226862287,0.00014688588024097023
19,16,1.0,4,0.24747055810305527,0.9898822324122211,0.0001651769493647938
19,16,1.0,5,0.30873835944047556,0.987962750209522,0.00017240461426042082
19,16,1.0,6,0.37001977123107194,0.9867193899495252,0.00017202608815764734
19,16,1.0,7,0.43156664945287765,0.9864380558922919,0.00016649680891693615
19,16,1.0,8,0.4933957156484518,0.9867914312969036,0.00015628988759633182
19,16,1.0,9,0.5554648429011588,0.9874930540465049,0.00014320579965302352
19,16,1.0,10,0.6178219378689228,0.9885151005902766,0.0001272692942672321
19,16,1.0,11,0.6808164655929413,0.9902784954079147,0.00010879066046090875
19,16,1.0,12,0.7446266323015085,0.9928355097353447,8.985392064056124e-05
19,16,1.0,13,0.8085705911133729,0.9951638044472284,6.974899954408218e-05
19,16,1.0,14,0.8731220976431084,0.9978538258778383,4.545266932490943e-05
19,16,1.0,15,0.9375116142883553,1.0000123885742458,2.0784922340537797e-05
19,32,0.01,1,0.03125000000000001,1.0000000000000002,5.462692870946564e-19
19,32,0.01,2,0.04877022859350013,0.7803236574960021,0.0008600839337399254
19,32,0.01,3,0.06198926447134058,0.6612188210276327,0.0009878790426100983
19,32,0.01,4,0.07364920443034823,0.5891936354427858,0.0010413438713786777
19,32,0.01,5,0.0846275273731814,0.5416161751883609,0.0010692749293867766
19,32,0.01,6,0.09538148203675009,0.5087012375293337,0.0010868906888506864
19,32,0.01,7,0.1060658150843464,0.4848722975284407,0.0010976571576166861
19,32,0.01,8,0.11693216730873811,0.46772866923495243,0.001111041523971218
19,32,0.01,9,0.1281389786138007,0.4556052572935135,0.0011216220180644088
19,32,0.01,10,0.13967804311747664,0.44696973797592526,0.0011315464076525998
19,32,0.01,11,0.15189810582332924,0.4418853987587759,0.0011446346264970837
19,32,0.01,12,0.16468898099543702,0.439170615987832,0.0011546555939291575
19,32,0.01,13,0.17814051708460873,0.4384997343621138,0.0011668762874281877
19,32,0.01,14,0.192578573970513,0.4401795976468868,0.0011808210539464767
19,32,0.01,15,0.20793474275995938,0.44359411788791336,0.0011949300538841266
19,32,0.01,16,0.2244963501513294,0.4489927003026588,0.0012109470311240276
19,32,0.01,17,0.24228775178926362,0.456071062191555,0.001225367404057074
19,32,0.01,18,0.261512995342024,0.46491199171915376,0.0012406413528344487
19,32,0.01,19,0.282504832364458,0.47579761240329765,0.001255493465439625
19,32,0.01,20,0.3056124723416889,0.4889799557467022,0.0012684423213301843
19,32,0.01,21,0.33083452189587265,0.5041287952699011,0.0012775806680259273
19,32,0.01,22,0.35879089562467326,0.521877666363161,0.0012848997661611004
19,32,0.01,23,0.3898926942015873,0.5424594006282953,0.0012871171601867323
19,32,0.01,24,0.42488814481341997,0.5665175264178933,0.0012822643620938466
19,32,0.01,25,0.46411355466747645,0.5940653499743699,0.0012676342037259633
19,32,0.01,26,0.5090067018860488,0.6264697869366755,0.0012401280723770692
19,32,0.01,27,0.5614257274941424,0.6653934548078725,0.0011884967172559532
19,32,0.01,28,0.6212970437424816,0.7100537642771219,0.0011015362189501989
19,32,0.01,29,0.6930015452100775,0.7646913602318096,0.000975706808496216
19,32,0.01,30,0.7829782751303634,0.8351768268057211,0.0008289401182977864
19,32,0.01,31,0.9689787671714671,1.0002361467576435,0.0001539102330763389
19,32,0.02,1,0.03125,1.0,0.0
19,32,0.02,2,0.05065086847652566,0.8104138956244106,0.0007770757971838351
19,32,0.02,3,0.0658852659488298,0.7027761701208513,0.0008993641539782822
19,32,0.02,4,0.07967641917006511,0.6374113533605209,0.0009585658785353523
19,32,0.02,5,0.09271424208231493,0.5933711493268156,0.0009899568218340144
19,32,0.02,6,0.10556082865512327,0.5629910861606575,0.0010071611777967735
19,32,0.02,7,0.11832982293102988,0.5409363333989937,0.0010166080591024226
19,32,0.02,8,0.13130632563942252,0.5252253025576901,0.0010260362881536692
19,32,0.02,9,0.14471973813669384,0.514559068930467,0.0010351239966338536
19,32,0.02,10,0.1584623833807022,0.507079626818247,0.0010421400398220521
19,32,0.02,11,0.1729544663474198,0.5031402657379486,0.0010499537544809859
19,32,0.02,12,0.1881003959841903,0.5016010559578408,0.0010572917335004053
19,32,0.02,13,0.20395586513236613,0.5020452064796703,0.001064624834222718
19,32,0.02,14,0.22079102505591283,0.5046652001278007,0.0010723758022721745
19,32,0.02,15,0.2385686013096031,0.5089463494604867,0.0010793037841403308
19,32,0.02,16,0.25753256804413366,0.5150651360882673,0.001085247425087103
19,32,0.02,17,0.27776203124324034,0.5228461764578641,0.0010895177536351794
19,32,0.02,18,0.29944075332973374,0.5323391170306377,0.0010934709622374005
19,32,0.02,19,0.3229594281495428,0.5439316684623879,0.0010966784661844656
19,32,0.02,20,0.34843723597656684,0.557499577562507,0.001096461275602969
19,32,0.02,21,0.3760886030972723,0.5730873951958435,0.0010923416299760086
19,32,0.02,22,0.40631962787519443,0.5910103678184646,0.0010853812655949452
19,32,0.02,23,0.4394161735779431,0.6113616328040946,0.0010721776429607418
19,32,0.02,24,0.47602468714893814,0.6346995828652509,0.0010506935743943527
19,32,0.02,25,0.5164600203511296,0.6610688260494458,0.0010204219450748566
19,32,0.02,26,0.5618919335448269,0.6915593028244023,0.00097803928913443
19,32,0.02,27,0.6130323482253721,0.7265568571559965,0.0009168062488292755
19,32,0.02,28,0.67117029989763,0.7670517713115772,0.000825737528972904
19,32,0.02,29,0.7372914167046606,0.8135629425706599,0.000703017391842049
19,32,0.02,30,0.8173855073841262,0.871877874543068,0.0005715124238339119
19,32,0.02,31,0.9688775984091244,1.000131714486838,0.00010916120594189995
19,32,0.03,1,0.03125000000000001,1.0000000000000002,7.569221494383478e-19
19,32,0.03,2,0.051923633945912845,0.8307781431346055,0.0007220389089281057
19,32,0.03,3,0.06870523925718656,0.7328558854099899,0.0008513570350523193
19,32,0.03,4,0.08404307264358969,0.6723445811487175,0.0009111024784926493
19,32,0.03,5,0.09856500193308132,0.6308160123717205,0.0009411950341502427
19,32,0.03,6,0.11292527407849945,0.6022681284186637,0.0009594145908701252
19,32,0.03,7,0.1272935084034539,0.5819131812729321,0.0009698872318492382
19,32,0.03,8,0.14189359979390587,0.5675743991756235,0.0009808633615667865
19,32,0.03,9,0.1568874916469814,0.5578221925226006,0.000987874687606229
19,32,0.03,10,0.1722863741811439,0.5513163973796604,0.0009933823937217823
19,32,0.03,11,0.18841890028383826,0.5481277099166203,0.0009995470818193967
19,32,0.03,12,0.20518997878865297,0.5471732767697413,0.0010039311797354847
19,32,0.03,13,0.22271212188987993,0.5482144538827814,0.0010078545468161471
19,32,0.03,14,0.2411733988287867,0.5512534830372267,0.0010109203873146853
19,32,0.03,15,0.2606734383424941,0.5561033351306541,0.0010133657201725182
19,32,0.03,16,0.2812945333626608,0.5625890667253216,0.0010135738771698934
19,32,0.03,17,0.3031358941482585,0.5706087419261335,0.0010126665119538387
19,32,0.03,18,0.3264548665535701,0.580364207206347,0.0010101534334703546
19,32,0.03,19,0.3514793855730819,0.5919652809651906,0.0010056112986928348
19,32,0.03,20,0.3784480323348747,0.6055168517357995,0.0009981534709910221
19,32,0.03,21,0.4074135353474919,0.6208206252914162,0.000986689761815031
19,32,0.03,22,0.4388737434041284,0.6383618085878231,0.0009718483576804853
19,32,0.03,23,0.47304666006237717,0.6581518748693943,0.0009504796655771034
19,32,0.03,24,0.5102480181024214,0.6803306908032284,0.0009216889862669123
19,32,0.03,25,0.5510527057528714,0.7053474633636754,0.0008842851294696295
19,32,0.03,26,0.5960476319204968,0.7335970854406115,0.0008365778840078838
19,32,0.03,27,0.6460549592640396,0.765694766535158,0.0007731975922669144
19,32,0.03,28,0.7021463731182358,0.8024529978494124,0.0006825065109895018
19,32,0.03,29,0.7641967740827097,0.843251612780921,0.0005687866079352011
19,32,0.03,30,0.8378024854951265,0.8936559845281349,0.0004504145588164003
19,32,0.03,31,0.9687788327910586,1.0000297628810928,8.945336151345605e-05
19,32,0.04,1,0.031249999999999986,0.9999999999999996,1.1568055491416255e-18
19,32,0.04,2,0.052957836713818617,0.8473253874210979,0.0006856996445229331
19,32,0.04,3,0.07091588527462046,0.7564361095959516,0.0008131581171830951
19,32,0.04,4,0.08745222526282401,0.6996178021025921,0.0008705620306065975
19,32,0.04,5,0.10323720363060371,0.6607181032358638,0.0009019019227076103
19,32,0.04,6,0.11887733842249501,0.6340124715866402,0.0009216339183702212
19,32,0.04,7,0.1345115538910177,0.6149099606446524,0.0009326986907890904
19,32,0.04,8,0.1503682981449326,0.6014731925797304,0.0009416797410293494
19,32,0.04,9,0.16665881462728968,0.5925646742303633,0.0009484291083886915
19,32,0.04,10,0.18338599285117071,0.5868351771237463,0.0009531358692184156
19,32,0.04,11,0.20085688758287176,0.5843109456956269,0.0009568460865067313
19,32,0.04,12,0.21891635673131582,0.5837769512835089,0.0009584194496497484
19,32,0.04,13,0.23774834354458255,0.5852266918020493,0.0009594542505685163
19,32,0.04,14,0.25751773886620377,0.588611974551323,0.0009595863417106154
19,32,0.04,15,0.27826212816360113,0.5936258734156824,0.0009580632588995524
19,32,0.04,16,0.3002158419699156,0.6004316839398312,0.0009550434278582334
19,32,0.04,17,0.32332128951516453,0.6086047802638392,0.0009504593949126327
19,32,0.04,18,0.34788964752365836,0.6184704844865039,0.0009436197960337875
19,32,0.04,19,0.3740432583468675,0.6299675930052505,0.0009346340197915908
19,32,0.04,20,0.40196568038263303,0.6431450886122129,0.0009223356622943748
19,32,0.04,21,0.43193092281668083,0.6581804538158945,0.0009057621989931665
19,32,0.04,22,0.4641238326381295,0.6750892111100065,0.0008858730307178528
19,32,0.04,23,0.4988308093613806,0.6940254738940946,0.0008600151460197658
19,32,0.04,24,0.5363199869816901,0.7150933159755868,0.0008266053582518093
19,32,0.04,25,0.5770442919961081,0.7386166937550183,0.0007854891490238543
19,32,0.04,26,0.6214123246832983,0.7648151688409826,0.0007354475045004508
19,32,0.04,27,0.6703887191072144,0.794534778201143,0.0006721944467469025
19,32,0.04,28,0.7244535688559246,0.8279469358353426,0.0005857613639863817
19,32,0.04,29,0.7833013948601176,0.8643325736387505,0.0004802123701414525
19,32,0.04,30,0.8520034701720873,0.9088037015168932,0.00037409212729037173
19,32,0.04,31,0.968761741670231,1.0000121204337868,7.721313426662731e-05
19,32,0.05,1,0.031249999999999986,0.9999999999999996,9.425822993005838e-19
19,32,0.05,2,0.05381040920453856,0.860966547272617,0.0006560347206196386
19,32,0.05,3,0.07280913687002238,0.7766307932802389,0.0007833812897325
19,32,0.05,4,0.09037901181750783,0.7230320945400627,0.0008417447176274063
19,32,0.05,5,0.10724775819663235,0.6863856524584471,0.0008752028933503805
19,32,0.05,6,0.12396757340309043,0.6611603914831491,0.0008940239660656517
19,32,0.05,7,0.14065718781450826,0.6430042871520377,0.0009044617561850967
19,32,0.05,8,0.15759252425542145,0.6303700970216858,0.0009121448557196423
19,32,0.05,9,0.17497306834149357,0.6221264652141993,0.0009173518835318854
19,32,0.05,10,0.19279633284365053,0.6169482650996817,0.0009204689870638412
19,32,0.05,11,0.2113392058683103,0.6148049625259936,0.0009228898000158504
19,32,0.05,12,0.23046811034832768,0.6145816275955406,0.0009227121199817639
19,32,0.05,13,0.25042480374107995,0.6164302861318891,0.0009217688349210071
19,32,0.05,14,0.2712681351305583,0.6200414517269903,0.0009189893043467125
19,32,0.05,15,0.2930466141091742,0.6251661100995718,0.0009148594509207887
19,32,0.05,16,0.3160565442877779,0.6321130885755558,0.0009092913623625629
19,32,0.05,17,0.3401577331959072,0.6402969095452371,0.0009013782993109294
19,32,0.05,18,0.36566216004317503,0.6500660622989778,0.000891382490749782
19,32,0.05,19,0.3926476914381293,0.6613013750536915,0.0008791277432265233
19,32,0.05,20,0.4213491787027599,0.6741586859244159,0.0008632683651832984
19,32,0.05,21,0.45198314067561435,0.6887362143628409,0.0008436446651078504
19,32,0.05,22,0.4846830981321486,0.7049935972831252,0.0008206805594016585
19,32,0.05,23,0.519697702615492,0.7230576732041628,0.0007912969771025633
19,32,0.05,24,0.557248303663878,0.742997738218504,0.000755533427880285
19,32,0.05,25,0.5977485626637326,0.7651181602095778,0.0007128172463760301
19,32,0.05,26,0.641526895190894,0.7895715633118696,0.0006617267245658403
19,32,0.05,27,0.6893723410209744,0.8170338856544883,0.0005997904700631346
19,32,0.05,28,0.741741085354212,0.8477040975476708,0.0005170967712350743
19,32,0.05,29,0.7979039428034487,0.8804457299900124,0.00041878773529080497
19,32,0.05,30,0.8627061247532303,0.9202198664034458,0.00032250844818143337
19,32,0.05,31,0.9687773630795559,1.0000282457595415,6.880264200209326e-05
19,32,0.06,1,0.031250000000000014,1.0000000000000004,7.997667994065563e-19
19,32,0.06,2,0.05450256020490986,0.8720409632785577,0.0006278620696001424
19,32,0.06,3,0.07432499940048634,0.7927999936051876,0.0007550255657163702
19,32,0.06,4,0.09278649593733748,0.7422919674986999,0.0008150678802532358
19,32,0.06,5,0.11058537165408068,0.7077463785861164,0.0008486861315057746
19,32,0.06,6,0.1282353893394161,0.6839220764768859,0.0008686697032408904
19,32,0.06,7,0.14587633615425222,0.6668632509908674,0.0008787543451575303
19,32,0.06,8,0.1637463057939265,0.654985223175706,0.0008859842765016665
19,32,0.06,9,0.18204678716701167,0.6472774654827083,0.0008897002466771306
19,32,0.06,10,0.20076226381522203,0.6424392442087106,0.0008911714363417001
19,32,0.06,11,0.22024343888435785,0.6407081858454047,0.0008921695897567399
19,32,0.06,12,0.24035098643407077,0.6409359638241887,0.0008907209324759954
19,32,0.06,13,0.2612108239599717,0.6429804897476225,0.0008877030281440274
19,32,0.06,14,0.28295754248302196,0.6467600971040504,0.000883507473808114
19,32,0.06,15,0.3056163828264394,0.651981616696404,0.0008774410094097898
19,32,0.06,16,0.32945586388820813,0.6589117277764163,0.0008698208216341835
19,32,0.06,17,0.35434522670852275,0.667002779686631,0.0008595922094836599
19,32,0.06,18,0.3805880252925794,0.6766009338534744,0.0008471356396526157
19,32,0.06,19,0.40829197825699287,0.6876496475907249,0.0008325744086869564
19,32,0.06,20,0.43755762799593656,0.7000922047934985,0.000814148135390743
19,32,0.06,21,0.4686453662369479,0.7141262723610634,0.0007925986281064611
19,32,0.06,22,0.5016784135340819,0.7297140560495737,0.0007673216603676039
19,32,0.06,23,0.5368645176184003,0.7469419375560351,0.0007362699794816742
19,32,0.06,24,0.5743872905488594,0.7658497207318125,0.0006992265719428397
19,32,0.06,25,0.6145840904279398,0.786667635747763,0.0006554538691749495
19,32,0.06,26,0.6577448196954504,0.8095320857790157,0.0006040830383842547
19,32,0.06,27,0.7045217116373228,0.8349886952738642,0.0005438509813067513
19,32,0.06,28,0.7554075813717556,0.8633229501391493,0.00046501246988385475
19,32,0.06,29,0.8093083741927253,0.8930299301436969,0.00037318801308819366
19,32,0.06,30,0.87103279740206,0.9291016505621973,0.00028463207462835335
19,32,0.06,31,0.9687695735963393,1.0000202050026727,6.267172624976838e-05
19,32,0.07,1,0.03124999999999999,0.9999999999999997,1.395511456107358e-18
19,32,0.07,2,0.05511815653355375,0.88189050453686,0.0006034637640360243
19,32,0.07,3,0.07570466140584999,0.8075163883290665,0.0007299886455744766
19,32,0.07,4,0.09496010535807294,0.7596808428645835,0.0007900355082026303
19,32,0.07,5,0.11357024795984863,0.7268495869430311,0.0008232601465550994
19,32,0.07,6,0.13202141376180987,0.7041142067296526,0.0008424323782873139
19,32,0.07,7,0.1505018879872337,0.6880086307987826,0.0008532673824485125
19,32,0.07,8,0.16920479213066192,0.6768191685226477,0.0008594312536061287
19,32,0.07,9,0.1883259310566091,0.6696033104234992,0.0008627841820764465
19,32,0.07,10,0.2078577000303182,0.6651446400970182,0.0008632166108978209
19,32,0.07,11,0.22810729887122738,0.6635848694435705,0.0008627129422748204
19,32,0.07,12,0.24906010812448118,0.6641602883319497,0.0008603670983616567
19,32,0.07,13,0.2706879644540202,0.6663088355791266,0.0008558032269329568
19,32,0.07,14,0.2931852138190595,0.6701376315864216,0.000849923831763308
19,32,0.07,15,0.3165604384901162,0.6753289354455813,0.000842111649019925
19,32,0.07,16,0.34110434148392516,0.6822086829678503,0.0008329221150128437
19,32,0.07,17,0.36664012663047585,0.6901461207161899,0.0008209693196029632
19,32,0.07,18,0.3934738007424135,0.699508979097624,0.0008065419613028399
19,32,0.07,19,0.42170024032476905,0.7102319837048742,0.0007899517527102758
19,32,0.07,20,0.4513837896933858,0.7222140635094171,0.0007699583024346275
19,32,0.07,21,0.48279175469052876,0.7356826738141391,0.0007465458587157392
19,32,0.07,22,0.5160005832744488,0.7505463029446527,0.0007196053180447662
19,32,0.07,23,0.5512238362399018,0.7669201199859502,0.0006876389020968016
19,32,0.07,24,0.5886331280373173,0.784844170716423,0.0006501765788712736
19,32,0.07,25,0.62850930685866,0.8044919127790848,0.0006060990359541106
19,32,0.07,26,0.6710541698437701,0.8259128244231015,0.0005553991729430559
19,32,0.07,27,0.716903551478871,0.8496634684194025,0.0004976553640886235
19,32,0.07,28,0.7665212832943249,0.8760243237649427,0.0004223423562534322
19,32,0.07,29,0.8185272397747344,0.903202471475569,0.00033630223266068734
19,32,0.07,30,0.8776987924660818,0.9362120452971538,0.00025457755753289894
19,32,0.07,31,0.9687650434550842,1.000015528727829,5.777174064333943e-05
19,32,0.08,1,0.031249999999999997,0.9999999999999999,6.212474245390211e-19
19,32,0.08,2,0.05566077026936799,0.8905723243098879,0.0005813430815398763
19,32,0.08,3,0.0769052306822161,0.820322460610305,0.0007076126072895741
19,32,0.08,4,0.09687563467959824,0.7750050774367859,0.0007687048771470358
19,32,0.08,5,0.1162000685251775,0.7436804385611361,0.00080205651930925
19,32,0.08,6,0.13539978060321606,0.7221321632171525,0.0008212388026538244
19,32,0.08,7,0.15462348412045884,0.7068502131220975,0.0008321484652980886
19,32,0.08,8,0.17408462885313733,0.6963385154125493,0.0008379932382090973
19,32,0.08,9,0.19391859518642549,0.689488338440624,0.0008402840656046803
19,32,0.08,10,0.2141634536062229,0.6853230515399134,0.0008401171228426779
19,32,0.08,11,0.2351252711751067,0.6840007888730377,0.0008389310003115123
19,32,0.08,12,0.25676349465589926,0.6847026524157315,0.0008350500344132852
19,32,0.08,13,0.2790775190168016,0.6869600468105885,0.0008290435446451354
19,32,0.08,14,0.3022245890813429,0.6907990607573551,0.0008220825532669646
19,32,0.08,15,0.3262231167299128,0.6959426490238139,0.0008129867634806445
19,32,0.08,16,0.3513348915677468,0.7026697831354936,0.000802317220247135
19,32,0.08,17,0.37743563998092905,0.7104670870229253,0.0007893190187094603
19,32,0.08,18,0.40475271558666703,0.7195603832651859,0.0007737582052861389
19,32,0.08,19,0.4333934809068358,0.7299258625799341,0.0007556812403107909
19,32,0.08,20,0.46343349734924083,0.7414935957587854,0.000734615479212806
19,32,0.08,21,0.4951184256876911,0.7544661724764817,0.000709841162586961
19,32,0.08,22,0.5284687098874232,0.768681759836252,0.0006816099872916397
19,32,0.08,23,0.563699402255702,0.7842774292253246,0.0006487822779438441
19,32,0.08,24,0.6009340534217262,0.8012454045623018,0.0006109489324935258
19,32,0.08,25,0.6404765387843351,0.8198099696439489,0.0005670501014826808
19,32,0.08,26,0.6824274280933228,0.8399106807302434,0.0005170494139218877
19,32,0.08,27,0.7274202198141316,0.8621276679278597,0.00046117803276538364
19,32,0.08,28,0.7758480774267374,0.8866835170591285,0.0003891049130895938
19,32,0.08,29,0.8262225553074186,0.911693854132324,0.0003081084994972173
19,32,0.08,30,0.8832566512165326,0.9421404279643014,0.00023159890633256015
19,32,0.08,31,0.9687606058331084,1.0000109479567572,5.398544519074821e-05
19,32,0.09,1,0.03125000000000001,1.0000000000000002,5.617409662498428e-19
19,32,0.09,2,0.05612948182917478,0.8980717092667965,0.0005602271341329257
19,32,0.09,3,0.07797502446742863,0.8317335943192389,0.0006864528446017043
19,32,0.09,4,0.09858768294271421,0.7887014635417137,0.0007466098707858571
19,32,0.09,5,0.11858399273618281,0.75893755351157,0.0007797680690152476
19,32,0.09,6,0.13846879727106665,0.7385002521123555,0.0007990790903497448
19,32,0.09,7,0.15837552155927243,0.7240023842709598,0.000810075370386265
19,32,0.09,8,0.17849919006182602,0.7139967602473041,0.0008151645340491643
19,32,0.09,9,0.19899843820591623,0.7075500025099243,0.000816831790038958
19,32,0.09,10,0.21990857607526745,0.7037074434408559,0.0008162042331183493
19,32,0.09,11,0.2415360288829878,0.7026502658414191,0.0008141759021671756
19,32,0.09,12,0.2637829072718755,0.7034210860583348,0.0008094615233397138
19,32,0.09,13,0.28669255337923877,0.7057047467796647,0.0008025830019251849
19,32,0.09,14,0.3104249195277263,0.7095426732062315,0.0007941087816677249
19,32,0.09,15,0.3349604102482107,0.7145822085295163,0.0007838217665892059
19,32,0.09,16,0.36056389256858157,0.7211277851371631,0.0007720571142576226
19,32,0.09,17,0.38716463919417543,0.7287804973066832,0.0007578890175941287
19,32,0.09,18,0.4149040594519654,0.7376072168034942,0.000741035889443074
19,32,0.09,19,0.4438853318282048,0.7475963483422395,0.000721777287981325
19,32,0.09,20,0.4742205935286194,0.7587529496457911,0.0006995670421987904
19,32,0.09,21,0.5060922556872578,0.7711881991424882,0.000674118322760583
19,32,0.09,22,0.5395081512448825,0.7847391290834654,0.0006452786638241815
19,32,0.09,23,0.5747169986474183,0.7996062589877125,0.0006119793690809737
19,32,0.09,24,0.6117881081584761,0.8157174775446349,0.0005742680946098623
19,32,0.09,25,0.6509848888329454,0.8332606577061702,0.0005308636532599343
19,32,0.09,26,0.6923697268920489,0.8521473561748295,0.00048171979466549815
19,32,0.09,27,0.736561988162591,0.8729623563408484,0.00042800182265353856
19,32,0.09,28,0.7839717453266355,0.8959677089447264,0.0003591170135538051
19,32,0.09,29,0.8328609388142344,0.9190189669674311,0.0002829509020345195
19,32,0.09,30,0.888011775441811,0.9472125604712651,0.00021138913379988936
19,32,0.09,31,0.9687842652045597,1.000035370533739,5.057055651151728e-05
19,32,0.1,1,0.031249999999999986,0.9999999999999996,1.0282715992370007e-18
19,32,0.1,2,0.05656600645679123,0.9050561033086597,0.000542368972950806
19,32,0.1,3,0.07894355202991375,0.8420645549857466,0.0006668940060695237
19,32,0.1,4,0.1001374523445085,0.801099618756068,0.0007266907395594247
19,32,0.1,5,0.12073704552006678,0.7727170913284274,0.0007601221070286527
19,32,0.1,6,0.1412421652701658,0.753291548107551,0.0007786667967353465
19,32,0.1,7,0.16175935908376024,0.7394713558114754,0.0007898622345795548
19,32,0.1,8,0.1825090452784214,0.7300361811136856,0.0007950699554135188
19,32,0.1,9,0.20359617538025018,0.7238975124631116,0.000796454174834812
19,32,0.1,10,0.22509654194214077,0.7203089342148504,0.0007951208708118022
19,32,0.1,11,0.24728812203954065,0.719383627751391,0.0007925893173222017
19,32,0.1,12,0.27006886797831886,0.7201836479421836,0.0007871819268178563
19,32,0.1,13,0.29352424634942026,0.7225212217831884,0.0007797626542732203
19,32,0.1,14,0.3177753568027561,0.7263436726920139,0.0007703188087771751
19,32,0.1,15,0.3427934589036323,0.7312927123277488,0.0007588817792938972
19,32,0.1,16,0.3688423732799699,0.7376847465599398,0.0007460412467884656
19,32,0.1,17,0.3958346009037506,0.7451004252305894,0.0007309608909369541
19,32,0.1,18,0.4239205571053073,0.7536365459649906,0.0007131796900406083
19,32,0.1,19,0.4531889578197479,0.7632656131701017,0.0006930186929443349
19,32,0.1,20,0.4837377789396766,0.7739804463034826,0.0006700312802438463
19,32,0.1,21,0.5157473260538575,0.7859006873201639,0.0006439455849701099
19,32,0.1,22,0.5492163803240291,0.798860189562224,0.0006145167923119537
19,32,0.1,23,0.5843588001741877,0.813020939372783,0.0005810025032502703
19,32,0.1,24,0.6212358000008416,0.8283144000011219,0.0005435957154126305
19,32,0.1,25,0.660098317650196,0.8449258465922509,0.0005008631571947307
19,32,0.1,26,0.7009627932004604,0.862723437785182,0.0004527043211638502
19,32,0.1,27,0.7444502491258007,0.8823114063713193,0.00040100455994530936
19,32,0.1,28,0.7909262942854204,0.9039157648976235,0.00033481462534721337
19,32,0.1,29,0.8385445093055006,0.9252904930267594,0.000262616105613208
19,32,0.1,30,0.8920469389077565,0.9515167348349403,0.00019516220223724287
19,32,0.1,31,0.9687861155339309,1.0000372805511544,4.781554594383859e-05
19,32,0.11,1,0.031250000000000014,1.0000000000000004,1.42555835348766e-18
19,32,0.11,2,0.05692662563327165,0.9108260101323464,0.0005233766151183547
19,32,0.11,3,0.07978351028936312,0.8510241097532066,0.0006478902151565053
19,32,0.11,4,0.10149307991286999,0.8119446393029599,0.0007082739399464918
19,32,0.11,5,0.12262615970074375,0.7848074220847601,0.0007420015146011028
19,32,0.11,6,0.14364964946507802,0.7661314638137493,0.0007603492480828026
19,32,0.11,7,0.16471945253186732,0.7530032115742507,0.0007714179338408046
19,32,0.11,8,0.1859991150284422,0.7439964601137689,0.0007760658573401725
19,32,0.11,9,0.2076305036509931,0.7382417907590866,0.0007773829876283326
19,32,0.11,10,0.22965800023480937,0.73490560075139,0.0007756093894127412
19,32,0.11,11,0.2523463722484737,0.7340985374501056,0.0007722146823279241
19,32,0.11,12,0.2756079618152454,0.7349545648406544,0.0007660542702541499
19,32,0.11,13,0.29952328322545346,0.7372880817857317,0.0007579763415274857
19,32,0.11,14,0.3242130026740262,0.7410582918263457,0.0007478546597708303
19,32,0.11,15,0.349636699412719,0.7458916254138007,0.0007355990436244605
19,32,0.11,16,0.37605215900591593,0.7521043180118319,0.0007220607520343453
19,32,0.11,17,0.40335906683502165,0.7592641258070997,0.0007060969468070491
19,32,0.11,18,0.4317421670019882,0.7675416302257568,0.0006877316553376479
19,32,0.11,19,0.4612481741247437,0.7768390301048316,0.0006671085707132496
19,32,0.11,20,0.49199257301949834,0.7871881168311974,0.0006437577763043141
19,32,0.11,21,0.5241120412315722,0.7986469199719198,0.0006173631266545296
19,32,0.11,22,0.557622403526536,0.8110871324022343,0.0005877242339073575
19,32,0.11,23,0.5926938739553493,0.8246175637639642,0.0005542355264294752
19,32,0.11,24,0.6293903571672814,0.8391871428897085,0.0005170945826375679
19,32,0.11,25,0.6679458404570523,0.8549706757850272,0.0004750346333531949
19,32,0.11,26,0.7083507781073213,0.8718163422859339,0.00042779294382899193
19,32,0.11,27,0.7511822909938363,0.8902901226593615,0.00037784009164851647
19,32,0.11,28,0.7968306725567872,0.9106636257791855,0.0003142591625616959
19,32,0.11,29,0.8433621670601735,0.9306065291698467,0.00024569253005157993
19,32,0.11,30,0.895453719558337,0.9551506341955597,0.0001816847618812739
19,32,0.11,31,0.9687703572875509,1.000021013974246,4.5479027050185384e-05
19,32,0.12,1,0.031250000000000014,1.0000000000000004,1.3281841490144588e-18
19,32,0.12,2,0.05726008038135052,0.9161612861016083,0.0005070288021203397
19,32,0.12,3,0.08056035159203467,0.8593104169817033,0.0006302748941328629
19,32,0.12,4,0.10274620905012814,0.8219696724010251,0.0006896542515306311
19,32,0.12,5,0.12437802722638051,0.7960193742488353,0.0007235385236632235
19,32,0.12,6,0.14590765952846252,0.7781741841518003,0.0007414154360407801
19,32,0.12,7,0.1674742569362261,0.7655966031370336,0.0007518871910739865
19,32,0.12,8,0.18923887420922833,0.7569554968369133,0.0007562002626186083
19,32,0.12,9,0.21135660838559325,0.751490163148776,0.0007570856875327792
19,32,0.12,10,0.23384936713126447,0.7483179748200464,0.0007548312194990531
19,32,0.12,11,0.25697632007814214,0.747567476590959,0.0007505982981855466
19,32,0.12,12,0.28068758452416664,0.7485002253977778,0.0007436673998475168
19,32,0.12,13,0.305032783141932,0.7508499277339865,0.0007347930292291944
19,32,0.12,14,0.33011065365483455,0.7545386369253361,0.0007241512962351339
19,32,0.12,15,0.35590404856785945,0.7592619702781003,0.0007115043255474727
19,32,0.12,16,0.3826305671284349,0.7652611342568698,0.0006973374551180868
19,32,0.12,17,0.41023939360169753,0.772215329132607,0.000680797071709709
19,32,0.12,18,0.4388738284510053,0.7802201394684539,0.0006618816779575511
19,32,0.12,19,0.46859971179945015,0.7892205672411793,0.000640922911353504
19,32,0.12,20,0.49948212771964906,0.7991714043514385,0.0006173941400265375
19,32,0.12,21,0.5316844051938717,0.8101857602954234,0.0005907151557707884
19,32,0.12,22,0.5651987047284737,0.8221072068777799,0.0005610910901302251
19,32,0.12,23,0.6001895161425921,0.8350462833288238,0.0005279900874366614
19,32,0.12,24,0.6366946856564644,0.8489262475419525,0.0004913394651106412
19,32,0.12,25,0.674972636935482,0.863964975277417,0.0004502175089739179
19,32,0.12,26,0.7149308068257278,0.8799148391701266,0.00040413079531077275
19,32,0.12,27,0.7571522720694251,0.8973656557859854,0.00035603658201947716
19,32,0.12,28,0.8020552171745774,0.9166345339138027,0.00029504483144909377
19,32,0.12,29,0.8475773338944912,0.9352577477456453,0.00023004572837157837
19,32,0.12,30,0.8984378759263334,0.9583337343214224,0.000169316472759606
19,32,0.12,31,0.9687553001569329,1.0000054711297373,4.333416654118375e-05
19,32,0.13,1,0.031249999999999986,0.9999999999999993,1.661054121844385e-18
19,32,0.13,2,0.05757346805202469,0.921175488832395,0.0004922459317567712
19,32,0.13,3,0.08128937190437055,0.8670866336466192,0.0006131423187329079
19,32,0.13,4,0.10393603879165318,0.8314883103332253,0.000673058730022259
19,32,0.13,5,0.12602100294889487,0.8065344188729273,0.0007068748601494118
19,32,0.13,6,0.14800947341666434,0.7893838582222097,0.0007244612720321707
19,32,0.13,7,0.17003491753134659,0.7773024801432987,0.0007347437769886527
19,32,0.13,8,0.1922454493865737,0.7689817975462947,0.000738602994742076
19,32,0.13,9,0.21481103692053177,0.7637725757174463,0.0007391179023032853
19,32,0.13,10,0.23774643657189412,0.7607885970300613,0.0007363668426659296
19,32,0.13,11,0.26129321961048646,0.7601257297759606,0.0007316539931362
19,32,0.13,12,0.2853942445225501,0.7610513187268001,0.0007240914851507757
19,32,0.13,13,0.31013037377369823,0.7633978431352572,0.0007147088214467139
19,32,0.13,14,0.33556964828005076,0.7670163389258303,0.0007035258075997409
19,32,0.13,15,0.3617040444187875,0.7716352947600799,0.0006904130743701724
19,32,0.13,16,0.38871628125169444,0.7774325625033887,0.0006756765856027534
19,32,0.13,17,0.41660474773039,0.7841971721983811,0.0006586993254476776
19,32,0.13,18,0.44547384567830445,0.7919535034280968,0.0006392281794768383
19,32,0.13,19,0.47538748954488297,0.8006526139703292,0.000618202740490715
19,32,0.13,20,0.5063979580143605,0.8102367328229768,0.000594297770348306
19,32,0.13,21,0.5386521392582981,0.8208032598221685,0.0005675527298815642
19,32,0.13,22,0.5721601459243405,0.8322329395263135,0.0005379325896491925
19,32,0.13,23,0.6070522596135637,0.8445944481580016,0.0005051212941251488
19,32,0.13,24,0.6433883151417132,0.8578510868556175,0.0004689859980212069
19,32,0.13,25,0.681380242694302,0.8721667106487065,0.000428634126451423
19,32,0.13,26,0.7209207625892612,0.8872870924175523,0.00038366268809776556
19,32,0.13,27,0.762584217057626,0.9038035165127419,0.0003372427669568466
19,32,0.13,28,0.8067985144529735,0.9220554450891125,0.00027858668426347655
19,32,0.13,29,0.8514120418485508,0.939489149625987,0.00021659669296402714
19,32,0.13,30,0.9011394713378865,0.9612154360937454,0.00015874431109140887
19,32,0.13,31,0.968761485418617,1.0000118559159918,4.1482276654353974e-05
19,32,0.14,1,0.031249999999999986,0.9999999999999996,0.0
19,32,0.14,2,0.05785826452089417,0.9257322323343067,0.0004784003895454247
19,32,0.14,3,0.08196935422689093,0.8743397784201701,0.0005981251990538673
19,32,0.14,4,0.10501969540972293,0.8401575632777835,0.0006570003747131391
19,32,0.14,5,0.12753874371967663,0.8162479598059306,0.0006917446258455382
19,32,0.14,6,0.14996398468890623,0.7998079183408332,0.000709355668133815
19,32,0.14,7,0.17240519603616372,0.7881380390224627,0.0007188549099045856
19,32,0.14,8,0.19502986784399087,0.7801194713759635,0.0007221081970106361
19,32,0.14,9,0.21802305148342052,0.7751930719410507,0.0007221636564710253
19,32,0.14,10,0.24137179422013944,0.7723897415044462,0.0007188663721852217
19,32,0.14,11,0.2652834803563004,0.7717337610365103,0.0007135088445513823
19,32,0.14,12,0.2897571760583625,0.7726858028223,0.0007058223798757013
19,32,0.14,13,0.3148391541780577,0.7749886872075267,0.0006962037428852775
19,32,0.14,14,0.34058605466782926,0.778482410669324,0.0006843797632300115
19,32,0.14,15,0.36702432284992065,0.7829852220798308,0.0006709079111444045
19,32,0.14,16,0.39430847678593745,0.7886169535718749,0.0006558826172944183
19,32,0.14,17,0.42243417140073414,0.7951702049896171,0.0006385629471053173
19,32,0.14,18,0.4514985044053402,0.8026640078317159,0.0006187304143605394
19,32,0.14,19,0.48157617410073894,0.8110756616433499,0.0005973437677544177
19,32,0.14,20,0.5127027559673257,0.8203244095477211,0.0005733194415808318
19,32,0.14,21,0.545017460713645,0.8305027972779353,0.0005466452416317254
19,32,0.14,22,0.5785102426495043,0.8414694438538245,0.0005170934987721173
19,32,0.14,23,0.6133083027702907,0.8532985082021435,0.00048463182186100873
19,32,0.14,24,0.6494478356037895,0.8659304474717193,0.0004490301804617218
19,32,0.14,25,0.6871547409593463,0.8795580684279631,0.00040961678300938673
19,32,0.14,26,0.7263082285682222,0.8939178197762735,0.0003656135193203114
19,32,0.14,27,0.7674473323696105,0.9095672087343533,0.00032063732466159375
19,32,0.14,28,0.811007593792115,0.9268658214767027,0.0002642023331915385
19,32,0.14,29,0.854831788993339,0.9432626637167879,0.00020495167035040416
19,32,0.14,30,0.9035423683444324,0.9637785262340611,0.00014956340172572643
19,32,0.14,31,0.9687671337733422,1.000017686475708,3.980363952695665e-05
19,32,0.15,1,0.031249999999999993,0.9999999999999998,7.426405994489449e-19
19,32,0.15,2,0.05810133405286377,0.9296213448458204,0.00046437137754656664
19,32,0.15,3,0.08254909487461745,0.8805236786625862,0.0005833838750806623
19,32,0.15,4,0.10598522871580293,0.8478818297264235,0.0006422660148854208
19,32,0.15,5,0.12887286273503284,0.8247863215042102,0.0006769695731134616
19,32,0.15,6,0.15167717393297275,0.8089449276425213,0.00069441403240973
19,32,0.15,7,0.17450503460846586,0.7977373010672725,0.0007043480496346623
19,32,0.15,8,0.19750844232682827,0.7900337693073131,0.0007073332902005879
19,32,0.15,9,0.22088498852032354,0.7853688480722614,0.0007071358003386349
19,32,0.15,10,0.24460494458375232,0.7827358226680075,0.0007035369563047842
19,32,0.15,11,0.2688670457945998,0.7821586786751993,0.0006982075618594463
19,32,0.15,12,0.2936755970214468,0.7831349253905248,0.000689920363472802
19,32,0.15,13,0.3190657524278742,0.785392621360921,0.0006799294202643643
19,32,0.15,14,0.3451048584440114,0.7888111050148832,0.0006678923010715958
19,32,0.15,15,0.3718071159780066,0.7931885140864141,0.0006540812115992174
19,32,0.15,16,0.39930905327967026,0.7986181065593405,0.0006385957749880005
19,32,0.15,17,0.4276282679408474,0.804947327888654,0.0006209571007639699
19,32,0.15,18,0.45686884064974276,0.8122112722662094,0.0006008850582154532
19,32,0.15,19,0.4870754308143567,0.8203375676873376,0.0005791925637055935
19,32,0.15,20,0.5182695313723311,0.8292312501957297,0.0005550533924766095
19,32,0.15,21,0.5506129831486437,0.8390293076550761,0.0005284844251228623
19,32,0.15,22,0.5840751739518868,0.8495638893845625,0.0004989805400649292
19,32,0.15,23,0.6187869991170807,0.8609210422498514,0.00046686289056838744
19,32,0.15,24,0.6547626032024169,0.873016804269889,0.0004319542458526239
19,32,0.15,25,0.6922186258867655,0.8860398411350597,0.00039323869544268864
19,32,0.15,26,0.7310379055361033,0.8997389606598193,0.0003501751839489269
19,32,0.15,27,0.7717089233665899,0.9146179832492918,0.0003065442617050982
19,32,0.15,28,0.8147040769436381,0.931090373649872,0.00025203023284278134
19,32,0.15,29,0.8578183536238492,0.946558183309075,0.00019510012180810814
19,32,0.15,30,0.9056276550379767,0.9660028320405085,0.00014180836416073176
19,32,0.15,31,0.9687494994701974,0.9999994833240748,3.840602095331417e-05
19,32,0.16,1,0.031249999999999983,0.9999999999999994,7.06936724475438e-19
19,32,0.16,2,0.058343491180762715,0.9334958588922034,0.0004514554708778956
19,32,0.16,3,0.08309854925799441,0.8863845254186069,0.0005681197935727788
19,32,0.16,4,0.10687873956268035,0.8550299165014428,0.0006263309511669726
19,32,0.16,5,0.13012545770925676,0.8328029293392432,0.000660579208615119
19,32,0.16,6,0.1532764960952016,0.8174746458410752,0.0006780595974496472
19,32,0.16,7,0.17646021453449945,0.806675266443426,0.0006879107902648506
19,32,0.16,8,0.19982233717574094,0.7992893487029638,0.0006908496576397137
19,32,0.16,9,0.22353947624162895,0.794807026636903,0.0006906601921108908
19,32,0.16,10,0.24760299977545322,0.7923295992814502,0.0006871326505094157
19,32,0.16,11,0.2721676144665478,0.7917603329935936,0.0006814110879495504
19,32,0.16,12,0.29727272284888945,0.7927272609303718,0.000672722602087143
19,32,0.16,13,0.3229481306181142,0.794949244598435,0.0006626541591829603
19,32,0.16,14,0.3492365808275216,0.7982550418914779,0.0006502509629471555
19,32,0.16,15,0.3761966042552244,0.8025527557444787,0.0006363081169992465
19,32,0.16,16,0.4039280127733609,0.8078560255467218,0.0006206183108921115
19,32,0.16,17,0.4324265001807999,0.8139792944579765,0.0006027706205153442
19,32,0.16,18,0.46181682670537094,0.8210076919206595,0.0005826769766754968
19,32,0.16,19,0.4921458629199151,0.8288772428124885,0.0005609037276483783
19,32,0.16,20,0.5234217693711002,0.8374748309937603,0.0005368235677277915
19,32,0.16,21,0.5557837144784847,0.846908517300548,0.0005103499875454664
19,32,0.16,22,0.5891994586132051,0.85701739434648,0.0004811679676066164
19,32,0.16,23,0.6238064981245144,0.8679046930428025,0.000449478268136383
19,32,0.16,24,0.6596353580839098,0.8795138107785464,0.0004153166688212148
19,32,0.16,25,0.6968669228596375,0.891989661260336,0.00037748511595399613
19,32,0.16,26,0.7353626347760716,0.9050617043397804,0.00033528876615710883
19,32,0.16,27,0.7755751563681337,0.9192001853251954,0.0002929691927714164
19,32,0.16,28,0.8180540621703069,0.9349189281946363,0.0002404881065078812
19,32,0.16,29,0.860525941080453,0.9495458660198103,0.00018573925201114888
19,32,0.16,30,0.9075097752348746,0.9680104269171995,0.00013451588161730058
19,32,0.16,31,0.9687415462456996,0.9999912735439479,3.7057275529170966e-05
19,32,0.17,1,0.031249999999999993,0.9999999999999998,6.75433305381167e-19
19,32,0.17,2,0.05856485779991133,0.9370377247985813,0.0004398490100231231
19,32,0.17,3,0.08362100382850043,0.8919573741706712,0.0005546009499814625
19,32,0.17,4,0.1077387838808073,0.8619102710464585,0.000612023336831074
19,32,0.17,5,0.1313384868923104,0.8405663161107866,0.0006458938494440882
19,32,0.17,6,0.15484488494408952,0.8258393863684774,0.0006638541845307603
19,32,0.17,7,0.17836558537723687,0.8153855331530828,0.0006735723426749969
19,32,0.17,8,0.20206673226065053,0.8082669290426021,0.0006761383966912687
19,32,0.17,9,0.22612124828110183,0.8039866605550287,0.0006756998410767888
19,32,0.17,10,0.2504985421507113,0.8015953348822761,0.0006723009084719082
19,32,0.17,11,0.27536493591601685,0.8010616317556853,0.0006661474321279072
19,32,0.17,12,0.3007550660018434,0.802013509338249,0.0006572128241414749
19,32,0.17,13,0.32668401345731435,0.8041452638949276,0.0006468306907905761
19,32,0.17,14,0.3532206369905416,0.8073614559783808,0.0006344016684410824
19,32,0.17,15,0.380403744937193,0.811527989199345,0.0006202179365999196
19,32,0.17,16,0.4083252073947588,0.8166504147895176,0.0006040550603993021
19,32,0.17,17,0.4369982086597829,0.8225848633595915,0.0005859245523738036
19,32,0.17,18,0.4665287574860312,0.8293844577529442,0.0005658465432108094
19,32,0.17,19,0.4969567302094777,0.8369797561422782,0.000543913582256491
19,32,0.17,20,0.5282966965552797,0.8452747144884474,0.0005199310357205443
19,32,0.17,21,0.5606791431758048,0.8543682181726548,0.000493510605946914
19,32,0.17,22,0.5940486671655048,0.8640707886043706,0.00046460495819114625
19,32,0.17,23,0.6285670978190927,0.874528136096129,0.0004333040710937339
19,32,0.17,24,0.6642355472437865,0.8856473963250486,0.00039968440332338866
19,32,0.17,25,0.7012327717856718,0.8975779478856599,0.0003626239897973926
19,32,0.17,26,0.7394102611722162,0.9100433983658043,0.00032147689373318735
19,32,0.17,27,0.7792210795908352,0.923521279515064,0.00028053997673930083
19,32,0.17,28,0.8212338296374639,0.9385529481571016,0.00022974958708028688
19,32,0.17,29,0.8630797238146422,0.9523638331747776,0.00017707261384467777
19,32,0.17,30,0.9092808460455825,0.9698995691152879,0.00012779791001896995
19,32,0.17,31,0.9687491651594521,0.9999991382291117,3.57758840706953e-05
19,32,0.18,1,0.03125000000000001,1.0000000000000002,0.0
19,32,0.18,2,0.058789295607167016,0.9406287297146723,0.0004293958432277086
19,32,0.18,3,0.0841515759719164,0.8976168103671084,0.0005426061637223905
19,32,0.18,4,0.10857605763679495,0.8686084610943596,0.0005989443989847195
19,32,0.18,5,0.1324967565568925,0.8479792419641121,0.0006319006952643
19,32,0.18,6,0.1563318732561452,0.8337699906994411,0.0006496903637111676
19,32,0.18,7,0.18016779219611853,0.823624192896542,0.0006590253080658144
19,32,0.18,8,0.20419745994802643,0.8167898397921057,0.000661727060653219
19,32,0.18,9,0.22856100063503731,0.8126613355912439,0.000661191695300923
19,32,0.18,10,0.2532317633786219,0.81034164281159,0.0006575709065299718
19,32,0.18,11,0.27836930905259943,0.8098016263348348,0.0006511113577990332
19,32,0.18,12,0.3040297818678882,0.8107460849810353,0.0006420904637453524
19,32,0.18,13,0.33023307524584966,0.8128814159897838,0.0006316765806405581
19,32,0.18,14,0.35700913119933414,0.8160208713127639,0.0006190931255794862
19,32,0.18,15,0.3844058879767307,0.8200658943503588,0.0006046673792942413
19,32,0.18,16,0.41250410596455284,0.8250082119291057,0.0005883154447992977
19,32,0.18,17,0.44132762041516754,0.8307343443109036,0.0005701695095907204
19,32,0.18,18,0.4709628532337366,0.8372672946377541,0.0005498971571180389
19,32,0.18,19,0.5014776677185999,0.8445939666839579,0.0005279698034084711
19,32,0.18,20,0.5328698770309049,0.8525918032494479,0.0005040417502421263
19,32,0.18,21,0.5652576357331248,0.8613449687361902,0.00047781173836694183
19,32,0.18,22,0.5985947268544008,0.8706832390609467,0.00044926985011749406
19,32,0.18,23,0.6330240845364278,0.8807291610941604,0.00041835072932275665
19,32,0.18,24,0.6685265544104148,0.8913687392138864,0.00038532181876227406
19,32,0.18,25,0.7053011344972563,0.9027854521564881,0.0003491012149433827
19,32,0.18,26,0.7431680389515795,0.9146683556327132,0.0003088948830620951
19,32,0.18,27,0.782586389829275,0.9275097953532149,0.0002692177939794
19,32,0.18,28,0.8241608275815618,0.9418980886646423,0.00022001412949695066
19,32,0.18,29,0.8654233536193217,0.9549499074420099,0.00016924252550000484
19,32,0.18,30,0.9108998078639216,0.9716264617215162,0.00012176239325462333
19,32,0.18,31,0.9687628109855962,1.000013224243196,3.4605199183877195e-05
19,32,0.19,1,0.03125000000000001,1.0000000000000002,0.0
19,32,0.19,2,0.05898560311314506,0.943769649810321,0.0004183586832688389
19,32,0.19,3,0.0845981979856424,0.9023807785135188,0.0005299289708512325
19,32,0.19,4,0.10931783581914495,0.8745426865531596,0.0005856943985815926
19,32,0.19,5,0.1335540635330175,0.854746006611312,0.0006185383861621164
19,32,0.19,6,0.15769602041689815,0.8410454422234568,0.0006361799809267997
19,32,0.19,7,0.1818175707885006,0.8311660378902885,0.0006453053865908394
19,32,0.19,8,0.20613629334447559,0.8245451733779023,0.0006481349723709855
19,32,0.19,9,0.23078144535304507,0.8205562501441602,0.0006473061782183234
19,32,0.19,10,0.2557234748744552,0.8183151195982568,0.0006434674044479278
19,32,0.19,11,0.28112314617893436,0.8178127888841727,0.0006368748220991523
19,32,0.19,12,0.30703627748339396,0.8187634066223839,0.0006276280224683084
19,32,0.19,13,0.33345878565013937,0.8208216262157277,0.0006170883758455922
19,32,0.19,14,0.36043974808110135,0.8238622813282318,0.0006044146191764126
19,32,0.19,15,0.3880299480212313,0.8277972224452936,0.0005898276023934363
19,32,0.19,16,0.4162888535792184,0.8325777071584368,0.0005733387916297855
19,32,0.19,17,0.4452624364058207,0.8381410567638977,0.0005551197209988785
19,32,0.19,18,0.4750075422320527,0.8444578528569826,0.0005347583709296445
19,32,0.19,19,0.5055934311377633,0.8515257787583382,0.0005128180521489228
19,32,0.19,20,0.5370254462270205,0.8592407139632328,0.0004889692508276824
19,32,0.19,21,0.5694018066540958,0.8676598958538604,0.0004629304400481512
19,32,0.19,22,0.6027032745883941,0.8766593084922096,0.0004348125400703761
19,32,0.19,23,0.6370276097106128,0.8862992830756352,0.00040423564402921556
19,32,0.19,24,0.6723738602057517,0.8964984802743357,0.0003717855650459713
19,32,0.19,25,0.7089481513459285,0.9074536337227885,0.0003364151216561951
19,32,0.19,26,0.746550862518277,0.9188318307917256,0.0002970956363538713
19,32,0.19,27,0.7856076121676263,0.9310905033097794,0.00025871237720477986
19,32,0.19,28,0.826800631505257,0.9449150074345793,0.0002109617223593138
19,32,0.19,29,0.8675177684835588,0.9572609859128924,0.00016201428165453952
19,32,0.19,30,0.9123348934489005,0.9731572196788274,0.00011623493977414529
19,32,0.19,31,0.9687617711279386,1.0000121508417432,3.35236449623405e-05
19,32,0.2,1,0.03124999999999998,0.9999999999999993,5.998250995549168e-19
19,32,0.2,2,0.059172725603888414,0.9467636096622146,0.00040778826826161737
19,32,0.2,3,0.08502893358879177,0.9069752916137789,0.0005170667658739157
19,32,0.2,4,0.1100375209614106,0.8803001676912848,0.0005724212935001392
19,32,0.2,5,0.13455441108787988,0.8611482309624311,0.0006051527273934013
19,32,0.2,6,0.15898356440176556,0.8479123434760831,0.0006225050341041652
19,32,0.2,7,0.1834090822038937,0.8384415186463714,0.0006313346626311086
19,32,0.2,8,0.20800358136931196,0.8320143254772479,0.0006341412080235293
19,32,0.2,9,0.23291752966658721,0.8281512165923101,0.0006333663165529326
19,32,0.2,10,0.2581248835419289,0.8259996273341725,0.0006294821782075123
19,32,0.2,11,0.28378055424906923,0.8255434305427469,0.0006228460380364013
19,32,0.2,12,0.3099167606902758,0.8264446951740689,0.0006133289222640353
19,32,0.2,13,0.33655192950943935,0.8284355187924659,0.0006025798840786329
19,32,0.2,14,0.3637289485531645,0.8313804538358047,0.0005899586004927772
19,32,0.2,15,0.3915013893708245,0.8352029639910923,0.0005751421964316849
19,32,0.2,16,0.41991711926683084,0.8398342385336617,0.0005587977015686263
19,32,0.2,17,0.4490324114302919,0.8452374803393731,0.0005405739494652268
19,32,0.2,18,0.4788897314678113,0.8513595226094423,0.0005202869804530814
19,32,0.2,19,0.509550350597018,0.8581900641633986,0.0004984772704174926
19,32,0.2,20,0.5410119064958412,0.8656190503933459,0.0004746947377205501
19,32,0.2,21,0.5733792417985583,0.873720749407327,0.00044887361119404223
19,32,0.2,22,0.6066420124395248,0.8823883817302178,0.0004211071962480886
19,32,0.2,23,0.6408655958336128,0.8916390898554613,0.0003909715772830122
19,32,0.2,24,0.676059778839792,0.9014130384530561,0.00035914908981240937
19,32,0.2,25,0.7124425178431678,0.9119264228392548,0.00032463805659504276
19,32,0.2,26,0.749784988036817,0.9228122929683901,0.000286179630595058
19,32,0.2,27,0.7884911943107953,0.9345080821461277,0.0002488387290594448
19,32,0.2,28,0.8292710851837831,0.947738383067181,0.0002026316805491909
19,32,0.2,29,0.8695141254008925,0.9594638625113296,0.00015542440809108852
19,32,0.2,30,0.9137093114581876,0.9746232655554,0.00011111615675790624
19,32,0.2,31,0.9687797465825199,1.000030706149698,3.248677658852441e-05
19,32,0.25,1,0.031249999999999993,0.9999999999999998,5.1413579961850035e-19
19,32,0.25,2,0.05988513157660051,0.9581621052256082,0.00036307322923021993
19,32,0.25,3,0.08680091350651241,0.9258764107361325,0.0004658623065584528
19,32,0.25,4,0.11291175620390423,0.9032940496312338,0.0005198622525010874
19,32,0.25,5,0.13860437592767824,0.8870680059371409,0.0005507264554546885
19,32,0.25,6,0.16420305551608927,0.8757496294191429,0.0005669423009650335
19,32,0.25,7,0.18981789640112884,0.867738954976589,0.0005752833980257221
19,32,0.25,8,0.2155509330926974,0.8622037323707896,0.0005775986269996688
19,32,0.25,9,0.24157945239335804,0.8589491640652732,0.0005762596966824454
19,32,0.25,10,0.2678565897969237,0.8571410873501559,0.0005721849260955066
19,32,0.25,11,0.2945076007269772,0.8567493839330247,0.0005651736503461516
19,32,0.25,12,0.32159144026568814,0.8575771740418351,0.0005551968161066271
19,32,0.25,13,0.3490904684046792,0.859299614534595,0.0005437601758914741
19,32,0.25,14,0.3770413015309983,0.8618086892137105,0.0005306762758398601
19,32,0.25,15,0.405540743302153,0.86515358571126,0.0005155928492430046
19,32,0.25,16,0.43456406964228017,0.8691281392845603,0.0004992186565692928
19,32,0.25,17,0.46415410348448094,0.8737018418531407,0.00048114095978780334
19,32,0.25,18,0.49438734360768877,0.8789108330803358,0.00046147388349882364
19,32,0.25,19,0.5252887205006974,0.8846967924222273,0.00044017848183025847
19,32,0.25,20,0.5568359799431302,0.8909375679090082,0.0004174314393071676
19,32,0.25,21,0.5891325620873341,0.8977258088949854,0.0003927628822551268
19,32,0.25,22,0.6221683997618032,0.9049722178353501,0.0003669235563055994
19,32,0.25,23,0.6559809063276937,0.9126690870646174,0.00033907096051333447
19,32,0.25,24,0.6905436426183607,0.920724856824481,0.0003097283342355084
19,32,0.25,25,0.726096843838423,0.9294039601131815,0.0002787287711442312
19,32,0.25,26,0.7623896589017379,0.9383257340329083,0.00024400540317222785
19,32,0.25,27,0.7996525849382607,0.9477363969638647,0.00021094157829306805
19,32,0.25,28,0.8387245048618033,0.9585422912706325,0.00017121746462922134
19,32,0.25,29,0.8771796148720179,0.9679223336518818,0.00013060793248490681
19,32,0.25,30,0.9189266255443012,0.9801884005805882,9.184448607814537e-05
19,32,0.25,31,0.9687775913927021,1.0000284814376281,2.8540350918575212e-05
19,32,0.5,1,0.03125000000000001,1.0000000000000002,1.3710287989826675e-18
19,32,0.5,2,0.06151123825801351,0.9841798121282161,0.00022648639872873511
19,32,0.5,3,0.0909128485373936,0.9697370510655318,0.0003036032975510147
19,32,0.5,4,0.11985387521010044,0.9588310016808035,0.00034594308170446235
19,32,0.5,5,0.14855117672818485,0.950727531060383,0.00037171304087677394
19,32,0.5,6,0.17712775500828334,0.9446813600441778,0.00038632396720201807
19,32,0.5,7,0.20571644989896898,0.940418056681001,0.00039403424168150237
19,32,0.5,8,0.23435540510238878,0.9374216204095551,0.0003955862560734974
19,32,0.5,9,0.2631065167086336,0.9354898371862528,0.0003939516282982027
19,32,0.5,10,0.2919973985839161,0.9343916754685315,0.0003898552558041204
19,32,0.5,11,0.32109257904459043,0.9340875026751722,0.0003831515663284192
19,32,0.5,12,0.3503836845065424,0.9343564920174463,0.00037464620006009996
19,32,0.5,13,0.3798913245695446,0.9351171066327251,0.00036490163028285135
19,32,0.5,14,0.4096413904557264,0.9363231781845175,0.0003537888829922918
19,32,0.5,15,0.4396485350059566,0.937916874679374,0.00034136926676319823
19,32,0.5,16,0.4699565274378367,0.9399130548756734,0.00032819286957833603
19,32,0.5,17,0.5005276295710712,0.942169655663193,0.0003139715065552469
19,32,0.5,18,0.5314095190396035,0.944728033848184,0.0002984652254539172
19,32,0.5,19,0.5626250686044141,0.9475790629126972,0.0002820380715377825
19,32,0.5,20,0.5941220232701916,0.9505952372323065,0.000264730549234033
19,32,0.5,21,0.6259893317499053,0.9538885055236651,0.00024673174519033184
19,32,0.5,22,0.658189630061123,0.9573667346343606,0.00022779716296686403
19,32,0.5,23,0.6907403449953169,0.9610300452108756,0.0002086316815652434
19,32,0.5,24,0.7236546263176161,0.9648728350901549,0.0001879756912923817
19,32,0.5,25,0.7568836013890493,0.9688110097779832,0.0001675858706299551
19,32,0.5,26,0.7906707119396732,0.9731331839257515,0.0001451560033957718
19,32,0.5,27,0.8245495812129802,0.9772439481042727,0.0001229235783197344
19,32,0.5,28,0.859591797933551,0.9823906262097726,0.00010013065405373545
19,32,0.5,29,0.8941395157348219,0.9866367070177345,7.472308236652175e-05
19,32,0.5,30,0.9301588011452788,0.9921693878882974,5.1607873648902526e-05
19,32,0.5,31,0.9687556980133349,1.0000058818202167,1.8636256334825642e-05
19,32,1.0,1,0.031249999999999993,0.9999999999999998,5.1413579961850035e-19
19,32,1.0,2,0.06225805035212519,0.9961288056340031,0.00011606312776261905
19,32,1.0,3,0.09296418170457765,0.9916179381821618,0.0001633288908255155
19,32,1.0,4,0.1234606610079911,0.9876852880639287,0.00019227579735750798
19,32,1.0,5,0.1538477339929439,0.9846254975548412,0.00021051339529296886
19,32,1.0,6,0.18416471099367926,0.9822117919662895,0.0002215509953179446
19,32,1.0,7,0.2144530280078723,0.9803566994645593,0.00022788819174468443
19,32,1.0,8,0.24478122519428322,0.9791249007771329,0.00023068642265016155
19,32,1.0,9,0.2751345656098361,0.9782562332794177,0.00023132228082894103
19,32,1.0,10,0.3055183281097971,0.9776586499513508,0.00022934721989642412
19,32,1.0,11,0.33596721917755296,0.9773591830619722,0.00022554491870080133
19,32,1.0,12,0.36648676131315566,0.9772980301684151,0.0002204344377477577
19,32,1.0,13,0.39708160600460435,0.9774316455497953,0.00021446997420687902
19,32,1.0,14,0.4277830346986567,0.9777897935969297,0.0002078348016333237
19,32,1.0,15,0.45856881007593564,0.9782801281619963,0.0002001743753227875
19,32,1.0,16,0.4894847842285161,0.9789695684570322,0.0001919945442611435
19,32,1.0,17,0.5204643732705562,0.9796976438034,0.00018307808118909924
19,32,1.0,18,0.5515715739866024,0.9805716870872934,0.000173428764940434
19,32,1.0,19,0.582799087829172,0.9815563584491318,0.00016333069314783497
19,32,1.0,20,0.6141392574669298,0.9826228119470877,0.00015271817968444474
19,32,1.0,21,0.6456227995542577,0.9838061707493452,0.00014179844391332065
19,32,1.0,22,0.6772159259793863,0.9850413468791074,0.00013047378574262733
19,32,1.0,23,0.7089749028226355,0.9863998647967104,0.00011852523534342775
19,32,1.0,24,0.7408034941938701,0.9877379922584936,0.00010664799687046783
19,32,1.0,25,0.7728770525257205,0.9892826272329222,9.401297728983686e-05
19,32,1.0,26,0.8049682038311162,0.9907300970229124,8.177493951602529e-05
19,32,1.0,27,0.8373426399232835,0.9924060917609288,6.82654208148446e-05
19,32,1.0,28,0.8698766778553466,0.9941447746918249,5.5700997294177e-05
19,32,1.0,29,0.902792764539798,0.9961851194921908,4.145069276113656e-05
19,32,1.0,30,0.935840023682002,0.9982293585941358,2.711345298278025e-05
19,32,1.0,31,0.9687522501020424,1.000002322685979,1.1449083021201537e-05
19,64,0.01,1,0.015625000000000003,1.0000000000000002,0.0
19,64,0.01,2,0.024206205258776037,0.7745985682808332,0.0008754719468680704
19,64,0.01,3,0.030460359957939564,0.6498210124360441,0.0010032415576816216
19,64,0.01,4,0.035774281463861975,0.5723885034217916,0.0010528126150877875
19,64,0.01,5,0.04058875241857817,0.5195360309578005,0.001074836396259809
19,64,0.01,6,0.04512786022926532,0.48136384244549674,0.001085480177423025
19,64,0.01,7,0.049456640659073535,0.45217500031152946,0.0010882378941152475
19,64,0.01,8,0.05369106675846353,0.42952853406770825,0.001093109427588392
19,64,0.01,9,0.057888725423693006,0.41165315856848356,0.0010947491459750425
19,64,0.01,10,0.06202573951309035,0.39696473288377826,0.00109540366244556
19,64,0.01,11,0.0662443832440305,0.38542186614708646,0.001098900893141595
19,64,0.01,12,0.0704597963980744,0.37578558078973007,0.0010991255181619021
19,64,0.01,13,0.07469544206943428,0.3677314071110611,0.0011013547105758145
19,64,0.01,14,0.07903400825290904,0.36129832344186996,0.0011050420797621653
19,64,0.01,15,0.0834318197493923,0.35597576426407385,0.0011093260067493317
19,64,0.01,16,0.08795584502314835,0.3518233800925934,0.0011152619315544826
19,64,0.01,17,0.09253497407836887,0.34836696123621225,0.0011204751973613683
19,64,0.01,18,0.09720841747411821,0.3456299287968647,0.0011268842731510373
19,64,0.01,19,0.10203616693432703,0.34370077283141737,0.001134103436494809
19,64,0.01,20,0.10705016533055926,0.34256052905778966,0.0011419407632671623
19,64,0.01,21,0.11209860904486964,0.3416338561367456,0.0011476351332427293
19,64,0.01,22,0.11736507108561181,0.3414256613399616,0.001155530494295914
19,64,0.01,23,0.12277316197071442,0.34162966809242273,0.001164004179348436
19,64,0.01,24,0.1283319600387191,0.34221856010325097,0.0011719291220278608
19,64,0.01,25,0.13404333619891762,0.34315094066922913,0.0011799157237889683
19,64,0.01,26,0.13996039997947365,0.34451790764178136,0.0011892300302525586
19,64,0.01,27,0.14617683063228049,0.34649322816540556,0.0011990218197743298
19,64,0.01,28,0.15254078629854106,0.3486646543966652,0.0012087078758912357
19,64,0.01,29,0.1592177953598514,0.3513772035527755,0.0012195231529350794
19,64,0.01,30,0.16613627195675654,0.3544240468410806,0.001231379308142835
19,64,0.01,31,0.17330883046573128,0.3577988758002194,0.0012425295790842066
19,64,0.01,32,0.1807912698161611,0.3615825396323222,0.0012540192895071293
19,64,0.01,33,0.18856942929928835,0.36571040833801377,0.0012652750570745312
19,64,0.01,34,0.19665485644752606,0.3701738474306373,0.0012762835911165702
19,64,0.01,35,0.20523607910413985,0.37528883036185573,0.001288769620909781
19,64,0.01,36,0.21416192211329374,0.38073230597918883,0.0013015719615397615
19,64,0.01,37,0.2235354294152506,0.3866558779074605,0.0013147936646918023
19,64,0.01,38,0.23329743612950982,0.39292199769180597,0.0013275008005314752
19,64,0.01,39,0.2435477791138323,0.39966815034064795,0.0013400907435197954
19,64,0.01,40,0.2543836260209775,0.407013801633564,0.0013524529370270194
19,64,0.01,41,0.26577982079320855,0.4148758178235451,0.0013644662666546731
19,64,0.01,42,0.27782414741700445,0.42335108177829245,0.0013768588792614606
19,64,0.01,43,0.2905088990399868,0.43238533810602686,0.0013886250890100722
19,64,0.01,44,0.30395489013058336,0.442116203826303,0.0013999493409214657
19,64,0.01,45,0.31825403825432313,0.45262796551725953,0.0014096882149264303
19,64,0.01,46,0.3334164988253052,0.46388382445259857,0.001418349366623534
19,64,0.01,47,0.34965920004277273,0.47613167665398837,0.0014262016712136769
19,64,0.01,48,0.36690552992872955,0.4892073732383061,0.0014320516288353277
19,64,0.01,49,0.385472106848529,0.5034737722103235,0.0014362580577467624
19,64,0.01,50,0.40532982096104203,0.5188221708301338,0.0014377345331349708
19,64,0.01,51,0.42669656256590466,0.5354623530238803,0.0014361077398439674
19,64,0.01,52,0.44986658444453104,0.5536819500855767,0.0014304460709143316
19,64,0.01,53,0.4748843038223607,0.5734451970685109,0.001419687246310012
19,64,0.01,54,0.5021552518487356,0.595146965154057,0.0014022185410363782
19,64,0.01,55,0.531807276429854,0.6188302853001938,0.0013772253807992165
19,64,0.01,56,0.5644601818898222,0.6450973507312253,0.001340494372980687
19,64,0.01,57,0.6006208715467832,0.6743813294560372,0.0012884934675120442
19,64,0.01,58,0.6400672928412744,0.7062811507214062,0.0012192518673730878
19,64,0.01,59,0.6839846788040269,0.7419494820925038,0.001125932616732766
19,64,0.01,60,0.733830455163862,0.7827524855081195,0.0010076001583878397
19,64,0.01,61,0.7902320311821733,0.8290959015681819,0.0008718010539381275
19,64,0.01,62,0.8635090922358235,0.8913642242434306,0.0006603781181280908
19,64,0.01,63,0.9845075340016478,1.0001346377159597,7.806746793786514e-05
19,64,0.02,1,0.015624999999999993,0.9999999999999996,1.1501849138447693e-18
19,64,0.02,2,0.025164480830789513,0.8052633865852644,0.0007927083005954978
19,64,0.02,3,0.032443074188357554,0.6921189160182946,0.0009172507226857869
19,64,0.02,4,0.03883070566472407,0.6212912906355851,0.0009755910064422322
19,64,0.02,5,0.044671207311286154,0.5717914535844627,0.001004197570796728
19,64,0.02,6,0.0502368906714178,0.53586016716179,0.0010176637450122089
19,64,0.02,7,0.05557927957398976,0.5081534132479064,0.0010227807433439969
19,64,0.02,8,0.060824301609424127,0.486594412875393,0.001027556808005014
19,64,0.02,9,0.06606319853565647,0.469782745142446,0.0010318292201669764
19,64,0.02,10,0.07122948008177579,0.45586867252336505,0.001033828128941918
19,64,0.02,11,0.07649897069528364,0.4450849204089229,0.0010368958917567632
19,64,0.02,12,0.0817849802563582,0.4361865613672437,0.0010395631012933666
19,64,0.02,13,0.08709947841103657,0.4287974321774108,0.0010425953256441092
19,64,0.02,14,0.09252258036554004,0.4229603673853259,0.0010464586488931672
19,64,0.02,15,0.09799177699600294,0.4180982485162792,0.001049977955768419
19,64,0.02,16,0.1035783037459492,0.4143132149837968,0.0010536204198363115
19,64,0.02,17,0.10923579762073657,0.4112406498663023,0.0010565917111980947
19,64,0.02,18,0.11502063379814247,0.40896225350450655,0.0010608235802033008
19,64,0.02,19,0.12098921240619478,0.4075426102103403,0.0010662193364385118
19,64,0.02,20,0.12714774295746983,0.40687277746390343,0.001071323679459416
19,64,0.02,21,0.13339580034233753,0.4065395819956953,0.0010756276605256427
19,64,0.02,22,0.13986270744812007,0.4068733307581675,0.001081855017713365
19,64,0.02,23,0.14649984277687933,0.40765173642262065,0.0010870905506639452
19,64,0.02,24,0.1533113911444593,0.40883037638522474,0.001092415793505
19,64,0.02,25,0.16029219154218224,0.41034801034798657,0.0010981163087925372
19,64,0.02,26,0.16748473979314474,0.41227012872158697,0.0011046728577103618
19,64,0.02,27,0.1749507399142501,0.41469805016711125,0.0011103333193198245
19,64,0.02,28,0.18261706033081437,0.41741042361329,0.0011162897098620046
19,64,0.02,29,0.19065693741110404,0.4207601377348503,0.0011230868085190275
19,64,0.02,30,0.19892935852135413,0.42438263151222216,0.0011304590633589488
19,64,0.02,31,0.2074484017288136,0.42828057131109903,0.0011364330700016332
19,64,0.02,32,0.21632778296816368,0.43265556593632737,0.0011428924456495999
19,64,0.02,33,0.22554935788889915,0.43742905772392565,0.0011493575341338744
19,64,0.02,34,0.23509216739424083,0.44252643274210035,0.0011550726732712762
19,64,0.02,35,0.24508156337130912,0.44814914445039383,0.001160857715330092
19,64,0.02,36,0.2554646969409957,0.4541594612284368,0.0011668042098279053
19,64,0.02,37,0.26631718013027983,0.4606567440091326,0.001172830305898745
19,64,0.02,38,0.2775816434954319,0.4675059258870432,0.0011779926361846947
19,64,0.02,39,0.28935092252438016,0.4748322831169316,0.0011829770773378622
19,64,0.02,40,0.30170711183658605,0.4827313789385376,0.0011874270100404917
19,64,0.02,41,0.314587580699374,0.49106354060390084,0.0011911227831982532
19,64,0.02,42,0.32816382046267145,0.5000591549907374,0.0011945763617794765
19,64,0.02,43,0.34234583243355965,0.5095379831569259,0.0011964399776940905
19,64,0.02,44,0.3572940471209236,0.5197004321758889,0.0011979104581202938
19,64,0.02,45,0.3730362061769664,0.5305403821183521,0.0011979360003424966
19,64,0.02,46,0.3896210311782495,0.5420814346827818,0.001196358246983594
19,64,0.02,47,0.4071741399437061,0.5544498926893019,0.0011930416665630302
19,64,0.02,48,0.425693910879678,0.567591881172904,0.0011873703339624452
19,64,0.02,49,0.4453857452387023,0.5817283203117743,0.001179438911865027
19,64,0.02,50,0.46628129815208064,0.5968400616346632,0.0011682111066468432
19,64,0.02,51,0.48843452871612725,0.6129374478006302,0.0011539041969548304
19,64,0.02,52,0.5122307862407562,0.6304378907578538,0.0011349194490795612
19,64,0.02,53,0.5375715556453221,0.6491430105905777,0.0011119507719124125
19,64,0.02,54,0.5647601190711584,0.6693453263065582,0.001082562761835878
19,64,0.02,55,0.5939736249237856,0.6911693090022232,0.0010470650777201769
19,64,0.02,56,0.6255640664433249,0.714930361649514,0.0010021584361350935
19,64,0.02,57,0.6595814879468015,0.7405827233086895,0.000946990312881931
19,64,0.02,58,0.6966582178350412,0.7687263093352179,0.0008765745248037562
19,64,0.02,59,0.7367887968232911,0.7992285253676377,0.0007906603459489087
19,64,0.02,60,0.7804261699648363,0.8324545812958254,0.0006907926990905032
19,64,0.02,61,0.8295436131589627,0.8703408400356331,0.000576737704357894
19,64,0.02,62,0.8900071614249871,0.9187170698580512,0.00042427571659708977
19,64,0.02,63,0.9844424329879621,1.0000685033528502,5.5518566773152566e-05
19,64,0.03,1,0.015624999999999997,0.9999999999999998,0.0
19,64,0.03,2,0.02581334276286969,0.8260269684118301,0.0007374257206766054
19,64,0.03,3,0.033881435670830976,0.7228039609777274,0.0008709501080406977
19,64,0.03,4,0.0410569769983155,0.656911631973048,0.0009317735146264277
19,64,0.03,5,0.04764982754760332,0.6099177926093224,0.0009611960285737657
19,64,0.03,6,0.053979965231508026,0.5757862958027522,0.000978013433652355
19,64,0.03,7,0.0601182144357048,0.549652246269301,0.000986523384309323
19,64,0.03,8,0.06616015489727768,0.5292812391782215,0.0009953428795428647
19,64,0.03,9,0.07217535227846839,0.5132469495357752,0.0010002163680656294
19,64,0.03,10,0.07814902726522695,0.5001537744974525,0.0010036068319028502
19,64,0.03,11,0.08421365415985621,0.48997035147552703,0.0010080587009503067
19,64,0.03,12,0.0902914881231987,0.4815546033237264,0.0010110642679169886
19,64,0.03,13,0.09641157911548805,0.4746416202608642,0.0010142117479578214
19,64,0.03,14,0.1026201064673238,0.4691204867077659,0.0010172367746706682
19,64,0.03,15,0.10892935909908831,0.4647652654894435,0.0010205982547194226
19,64,0.03,16,0.11533914294258683,0.46135657177034733,0.0010228582715122979
19,64,0.03,17,0.12182055332279865,0.45861855368583015,0.0010253720059923393
19,64,0.03,18,0.12843901770644123,0.4566720629562356,0.0010282337249575395
19,64,0.03,19,0.13524253406072845,0.45555379894140113,0.0010316159502068152
19,64,0.03,20,0.14222730642797005,0.4551273805695041,0.0010350520354407567
19,64,0.03,21,0.14937076165586777,0.4552251783797875,0.0010379734416369932
19,64,0.03,22,0.1567181080643164,0.4559072234598296,0.0010423247439781734
19,64,0.03,23,0.16425032730874958,0.45704438903304234,0.001046073173439435
19,64,0.03,24,0.17196128649445971,0.45856343065189253,0.0010494573370812173
19,64,0.03,25,0.17987625524326425,0.4604832134227565,0.001053793981407352
19,64,0.03,26,0.18799618563969053,0.4627598415746229,0.0010582515449802776
19,64,0.03,27,0.1963819785734872,0.465498023285303,0.0010614900969178958
19,64,0.03,28,0.20502234860451826,0.46862251109604175,0.0010652058124863593
19,64,0.03,29,0.21399899242024753,0.47227363844468423,0.001068893873865122
19,64,0.03,30,0.22321390291042284,0.4761896595422354,0.0010725872493779016
19,64,0.03,31,0.23268757137208712,0.4803872441230186,0.001075461141992035
19,64,0.03,32,0.24254870773259735,0.4850974154651947,0.0010785353945523895
19,64,0.03,33,0.2527161514886558,0.49011617258405965,0.0010815805921370156
19,64,0.03,34,0.2632458619282175,0.4955216224531152,0.0010843348404499923
19,64,0.03,35,0.27421924113525986,0.5014294695044751,0.0010869975297689814
19,64,0.03,36,0.28557386182917316,0.5076868654740856,0.0010888437508860275
19,64,0.03,37,0.2973591520203069,0.5143509656567471,0.001090490601631469
19,64,0.03,38,0.3095813523192914,0.5214001723272277,0.0010914465118342471
19,64,0.03,39,0.32233465365553926,0.5289594316398594,0.0010918002117963773
19,64,0.03,40,0.33560046494082996,0.536960743905328,0.0010917145557842519
19,64,0.03,41,0.3494162224519368,0.5454302009005842,0.001090347168423909
19,64,0.03,42,0.3638658495415832,0.5544622469205076,0.0010885541219054617
19,64,0.03,43,0.37892348250882196,0.5639791367573164,0.001085307298898721
19,64,0.03,44,0.39469384095985843,0.5741001323052487,0.00108121617474969
19,64,0.03,45,0.4112078532653044,0.5848289468662106,0.0010753453222286868
19,64,0.03,46,0.42851028905774274,0.5961882282542508,0.001067575326400293
19,64,0.03,47,0.44672608292213706,0.6083078575961015,0.001058232004751788
19,64,0.03,48,0.46581851106502775,0.6210913480867036,0.00104665357055038
19,64,0.03,49,0.48597053887243613,0.6347370303639983,0.0010325882074613195
19,64,0.03,50,0.5071693248651673,0.6491767358274142,0.0010154214707863401
19,64,0.03,51,0.5295778615655938,0.6645682968666276,0.000995068586480435
19,64,0.03,52,0.5533184167720739,0.681007282181014,0.0009712843243372396
19,64,0.03,53,0.5784681062406503,0.6985275245170116,0.0009429495610266182
19,64,0.03,54,0.6051256292873456,0.7171859310072243,0.0009096424364411436
19,64,0.03,55,0.6335398344968142,0.7372099892326565,0.0008704689035299694
19,64,0.03,56,0.6638520412408361,0.758688047132384,0.0008245305121052128
19,64,0.03,57,0.6962911220181058,0.7818005580554169,0.0007699684038404245
19,64,0.03,58,0.7310180080974562,0.806640560659262,0.000704453740589894
19,64,0.03,59,0.7682727601209745,0.8333806211481756,0.0006256284271798751
19,64,0.03,60,0.8080803083547599,0.8619523289117439,0.0005379163509865178
19,64,0.03,61,0.8520127182646068,0.8939149830972924,0.0004422938508224864
19,64,0.03,62,0.9052117318338849,0.9344121102801393,0.0003180655304890205
19,64,0.03,63,0.9843930399023045,1.0000183262499602,4.552083026536338e-05
19,64,0.04,1,0.015625000000000007,1.0000000000000004,1.1944227951464912e-18
19,64,0.04,2,0.026341791924672623,0.8429373415895239,0.0007010827504710476
19,64,0.04,3,0.035013072119757516,0.746945538554827,0.0008337548118861525
19,64,0.04,4,0.04280125444983865,0.6848200711974184,0.0008937330201287753
19,64,0.04,5,0.050039127484239485,0.6405008317982653,0.0009260940695972077
19,64,0.04,6,0.05702169120105889,0.608231372811295,0.0009461624529841297
19,64,0.04,7,0.06380539608335888,0.5833636213335668,0.0009570058650295648
19,64,0.04,8,0.07048780541506651,0.5639024433205321,0.0009657043449402705
19,64,0.04,9,0.07715821282596058,0.5486806245401641,0.0009723905692658549
19,64,0.04,10,0.0837983867736414,0.536309675351305,0.0009772142660322755
19,64,0.04,11,0.09053939906904492,0.5267746854926251,0.0009816593984267176
19,64,0.04,12,0.0972684474114189,0.5187650528609009,0.0009842969174330535
19,64,0.04,13,0.1040557731429873,0.5122745754731682,0.0009870906688607983
19,64,0.04,14,0.11095293503065402,0.50721341728299,0.0009899080338640618
19,64,0.04,15,0.11791982673437554,0.503124594066669,0.000992189367531213
19,64,0.04,16,0.12503340909800292,0.5001336363920117,0.0009945402105327086
19,64,0.04,17,0.13222292206545558,0.4977804124817151,0.0009967231987262947
19,64,0.04,18,0.1395671532612147,0.4962387671509856,0.0009988552438340839
19,64,0.04,19,0.14706862096723863,0.49538903904754067,0.0010012446154670633
19,64,0.04,20,0.15474680408260352,0.4951897730643313,0.0010032443704482746
19,64,0.04,21,0.1626086936116474,0.49556935195930635,0.0010049513950047223
19,64,0.04,22,0.17066964642612167,0.4964935168759903,0.0010079370486700402
19,64,0.04,23,0.17892817675324807,0.49788710053077717,0.0010100418096586662
19,64,0.04,24,0.1873645166315257,0.499638711017402,0.0010115022756135076
19,64,0.04,25,0.1960088087643148,0.501782550436646,0.001014002354108487
19,64,0.04,26,0.20487359911135725,0.5043042439664178,0.0010163869785000438
19,64,0.04,27,0.21399353896053355,0.5072439442027462,0.001018285238665793
19,64,0.04,28,0.22338587838926846,0.5105962934611852,0.00101969598501386
19,64,0.04,29,0.23308901949960037,0.5144033533784285,0.0010214840738508818
19,64,0.04,30,0.24305444381629177,0.5185161468080891,0.001022994915249367
19,64,0.04,31,0.2532849982602791,0.5229109641502537,0.0010237103964255536
19,64,0.04,32,0.26387549421780876,0.5277509884356175,0.0010246281001131704
19,64,0.04,33,0.27481550335563887,0.5329755216594209,0.0010251107103872153
19,64,0.04,34,0.2860950180919525,0.5385317987613223,0.0010254086386968686
19,64,0.04,35,0.2977870112774571,0.5445248206216358,0.001025058400964834
19,64,0.04,36,0.3098720104774562,0.5508835741821444,0.0010235511698559717
19,64,0.04,37,0.32236293621471823,0.5576007545335667,0.0010221228882711297
19,64,0.04,38,0.33528604192308475,0.5646922811336164,0.0010200113675335513
19,64,0.04,39,0.34870842638216965,0.5722394689348426,0.0010173380269232043
19,64,0.04,40,0.3626355756858133,0.5802169210973013,0.001014071266206105
19,64,0.04,41,0.3770781461403672,0.5886097890971586,0.0010092549983796368
19,64,0.04,42,0.3921133912942609,0.5975061200674452,0.00100398210552018
19,64,0.04,43,0.40771951665559986,0.6068383503711254,0.0009972551530807647
19,64,0.04,44,0.42400703411816887,0.616737504171882,0.0009894391103297381
19,64,0.04,45,0.4410506104660471,0.6272719793294892,0.0009800391665971027
19,64,0.04,46,0.45878891887355755,0.6383150175632105,0.000969076449369604
19,64,0.04,47,0.4773447370557008,0.6500013440758479,0.0009560634852489165
19,64,0.04,48,0.4966916244353448,0.6622554992471265,0.0009409438424388323
19,64,0.04,49,0.5170248089117708,0.6752977095990476,0.0009237457989910931
19,64,0.04,50,0.5382761480006448,0.6889934694408254,0.0009034414862470819
19,64,0.04,51,0.5605996472218803,0.7034975965137321,0.0008803422416336664
19,64,0.04,52,0.5841564362797412,0.7189617677289122,0.0008537639491779319
19,64,0.04,53,0.6088753152284471,0.7352456636720871,0.000823494542402282
19,64,0.04,54,0.6349521798922481,0.752535916909331,0.0007886925738086666
19,64,0.04,55,0.662495976122279,0.7709044085786518,0.0007489105597102019
19,64,0.04,56,0.691660070713664,0.7904686522441875,0.0007040293079267816
19,64,0.04,57,0.7225968361485932,0.8113367984826311,0.0006521233637735887
19,64,0.04,58,0.7554778009240352,0.833630676881694,0.0005913155293677903
19,64,0.04,59,0.7903357332713132,0.8573133377858313,0.000519836523612981
19,64,0.04,60,0.8271919380207726,0.8823380672221575,0.00044200831711117914
19,64,0.04,61,0.8673619734107837,0.9100191196441011,0.0003599790543250471
19,64,0.04,62,0.915498696945778,0.9450309129762869,0.0002542248570839496
19,64,0.04,63,0.9843809051281971,1.0000059988603907,3.935121498771339e-05
19,64,0.05,1,0.015624999999999997,0.9999999999999998,9.732333886378817e-19
19,64,0.05,2,0.02677907427457221,0.8569303767863107,0.0006715122673461873
19,64,0.05,3,0.03598261916787542,0.7676292089146759,0.0008049721162593288
19,64,0.05,4,0.04430601936991954,0.7088963099187127,0.000867028622633491
19,64,0.05,5,0.052101287798773134,0.6668964838242961,0.0009028431056390254
19,64,0.05,6,0.05963978391583091,0.6361576951021966,0.0009233537476027469
19,64,0.05,7,0.06696649793963148,0.612265124019488,0.0009350559272777227
19,64,0.05,8,0.07420709741805345,0.5936567793444276,0.0009440158221646113
19,64,0.05,9,0.08144281450473305,0.5791489031447684,0.0009507594667006134
19,64,0.05,10,0.08865065196774985,0.5673641725935991,0.0009556875022512753
19,64,0.05,11,0.09595492386855128,0.5582831934170257,0.0009605900108775262
19,64,0.05,12,0.10325868370958659,0.5507129797844619,0.0009633493103124323
19,64,0.05,13,0.11064558258514708,0.5447167142653394,0.0009662667997481837
19,64,0.05,14,0.11811682131364731,0.5399626117195305,0.0009684332739323575
19,64,0.05,15,0.12566497823279182,0.5361705737932453,0.0009703289183528815
19,64,0.05,16,0.13339662380296322,0.5335864952118529,0.0009724386401678545
19,64,0.05,17,0.14118332807723843,0.5315137057025447,0.0009737821715834763
19,64,0.05,18,0.14913471370695297,0.5302567598469439,0.000975109197752953
19,64,0.05,19,0.15723209449361716,0.5296238972416579,0.0009767017898019805
19,64,0.05,20,0.16549774879556026,0.5295927961457929,0.000977794598155948
19,64,0.05,21,0.17399159527882108,0.5302600998973596,0.000978791552000471
19,64,0.05,22,0.1826684757200884,0.5313992020948026,0.0009807695404890997
19,64,0.05,23,0.1915400245013648,0.5329809377429281,0.0009813108182917347
19,64,0.05,24,0.2005736150797849,0.5348629735460931,0.0009815142286783303
19,64,0.05,25,0.20984650267890032,0.5372070468579848,0.0009827908499776376
19,64,0.05,26,0.2193351174359666,0.539901827534687,0.0009838766391994226
19,64,0.05,27,0.22907617496115978,0.5429953776857122,0.0009844992954507984
19,64,0.05,28,0.23907150590726536,0.5464491563594637,0.0009839729748143111
19,64,0.05,29,0.24938635604497042,0.5503698892026934,0.000984211713535769
19,64,0.05,30,0.25994758327281275,0.554554844315334,0.0009837500686377136
19,64,0.05,31,0.27078498900850956,0.5590399773078907,0.0009826144311319074
19,64,0.05,32,0.28197176298852233,0.5639435259770447,0.0009814753126799877
19,64,0.05,33,0.2934988092352284,0.5692098118501401,0.0009800439152716574
19,64,0.05,34,0.30535895102142074,0.5747933195697332,0.0009781836071578892
19,64,0.05,35,0.317623764089504,0.5807977400493787,0.0009756631917247451
19,64,0.05,36,0.3302492151211053,0.5871097157708538,0.0009719308616221206
19,64,0.05,37,0.3432686759721829,0.5937620341140462,0.0009682110752632003
19,64,0.05,38,0.35670980362876165,0.6007744061115986,0.0009639148455228099
19,64,0.05,39,0.37064158795605096,0.60823234946634,0.0009587686165135114
19,64,0.05,40,0.38503587036914494,0.6160573925906319,0.0009529118153524257
19,64,0.05,41,0.3999462652072219,0.624306365201517,0.0009456870878605813
19,64,0.05,42,0.4153992269119781,0.6329892981515858,0.0009377554369591526
19,64,0.05,43,0.43139369452648596,0.6420743360394211,0.0009285507873353723
19,64,0.05,44,0.4480200979005225,0.6516655969462145,0.0009181300821640709
19,64,0.05,45,0.4653279576839861,0.6617997620394469,0.0009062735428660792
19,64,0.05,46,0.48333231898720486,0.6724623568517633,0.0008928658150166993
19,64,0.05,47,0.5020644118515559,0.6836621778404166,0.0008775578739782538
19,64,0.05,48,0.5215510216912849,0.6954013622550466,0.0008600940398727331
19,64,0.05,49,0.5418909691756761,0.7077759597396588,0.0008407012167912479
19,64,0.05,50,0.56309212287724,0.7207579172828671,0.0008187362301913614
19,64,0.05,51,0.5852397681112061,0.7344185325317096,0.0007938716907714404
19,64,0.05,52,0.608482375730083,0.7489013855139485,0.0007661964691459938
19,64,0.05,53,0.6327746005984318,0.7641051780811252,0.0007351369450651731
19,64,0.05,54,0.6582240520359793,0.7801173950056052,0.0007003345330202322
19,64,0.05,55,0.6849609866062746,0.7970455116873014,0.0006611956594643097
19,64,0.05,56,0.7130678116705055,0.8149346419091491,0.0006177002610929541
19,64,0.05,57,0.7427079001413656,0.8339176422639895,0.00056869317374573
19,64,0.05,58,0.7740441710982043,0.854117706039398,0.0005119995624174734
19,64,0.05,59,0.8069715493981471,0.875358968838668,0.0004465758487964644
19,64,0.05,60,0.8414377416369218,0.8975335910793834,0.00037672572125590955
19,64,0.05,61,0.8787315127266878,0.9219478166312791,0.0003046099529381567
19,64,0.05,62,0.9230235127433073,0.9527984647672849,0.0002119116643581112
19,64,0.05,63,0.9843885030790119,1.0000137174135995,3.5058943836754834e-05
19,64,0.06,1,0.015624999999999997,0.9999999999999998,8.257737842988088e-19
19,64,0.06,2,0.027133137056484524,0.8682603858075048,0.0006430560802044856
19,64,0.06,3,0.036765684553741,0.7843346038131412,0.0007773335867126628
19,64,0.06,4,0.04554785917103887,0.7287657467366219,0.000841833929758973
19,64,0.06,5,0.05382641760052076,0.6889781452866658,0.0008788847110286873
19,64,0.06,6,0.06184952661689036,0.6597282839134971,0.0009017246628872226
19,64,0.06,7,0.06967268822774485,0.637007435225096,0.0009142987381334028
19,64,0.06,8,0.07740266285958726,0.6192213028766981,0.0009240854209636636
19,64,0.06,9,0.08512612904564447,0.6053413621023607,0.0009305987304214772
19,64,0.06,10,0.09281323877823573,0.5940047281807087,0.0009351840582230959
19,64,0.06,11,0.1006204128461697,0.5854278565595328,0.0009401799301952559
19,64,0.06,12,0.108449366724431,0.5783966225302987,0.0009433505751136008
19,64,0.06,13,0.11634194982552264,0.5727603683718037,0.0009458077913062424
19,64,0.06,14,0.12433580898926604,0.5683922696652162,0.0009481756991964156
19,64,0.06,15,0.13240032486909423,0.564908052774802,0.0009498498740574884
19,64,0.06,16,0.14064498480286425,0.562579939211457,0.0009517010269307189
19,64,0.06,17,0.14894907428838366,0.5607494561445032,0.0009524128351321062
19,64,0.06,18,0.1574228381708635,0.5597256468297369,0.0009531107561823651
19,64,0.06,19,0.16605396067747427,0.5593396570188607,0.0009543393153535493
19,64,0.06,20,0.17484296870712246,0.5594974998627918,0.000954447829729537
19,64,0.06,21,0.18385187680815931,0.5603104817010569,0.0009549902365499331
19,64,0.06,22,0.19304517600623725,0.5615859665635993,0.0009559940788192046
19,64,0.06,23,0.20244535737807257,0.5633262118346367,0.0009558631694643675
19,64,0.06,24,0.21200708759486947,0.5653522335863186,0.0009551831474578251
19,64,0.06,25,0.2217975094628877,0.5678016242249925,0.000955076380942442
19,64,0.06,26,0.23179830675377508,0.5705804473939078,0.0009547655608607173
19,64,0.06,27,0.24205309541746503,0.5737554854339912,0.0009539153163760216
19,64,0.06,28,0.25256488501203433,0.5772911657417927,0.0009523874098892942
19,64,0.06,29,0.2633595626728982,0.581207310726396,0.0009509996542210224
19,64,0.06,30,0.27441827480385833,0.5854256529148978,0.0009489766631621952
19,64,0.06,31,0.2857521176558245,0.5899398558055731,0.0009461736840510207
19,64,0.06,32,0.2974193135367743,0.5948386270735486,0.0009437064465351058
19,64,0.06,33,0.3094207139616736,0.6000886573802154,0.0009407436165466207
19,64,0.06,34,0.3217548951883481,0.605656273295714,0.0009372455693738704
19,64,0.06,35,0.3344685604990132,0.6115996534839099,0.0009329026630724023
19,64,0.06,36,0.3475294728843885,0.6178301740166907,0.0009276802994752808
19,64,0.06,37,0.3609951435180083,0.6244240320311495,0.0009220696665451072
19,64,0.06,38,0.3748582441464041,0.6313402006676279,0.0009160756326308756
19,64,0.06,39,0.38917475287517234,0.6386457483079752,0.0009091720647265198
19,64,0.06,40,0.4039210722806253,0.6462737156490006,0.0009013879841739957
19,64,0.06,41,0.41917182617927773,0.654316996962775,0.0008921085009863524
19,64,0.06,42,0.43491447761955343,0.6627268230393195,0.0008822940110714425
19,64,0.06,43,0.45117778685299353,0.6715204269439904,0.0008713042726349192
19,64,0.06,44,0.468032288511067,0.6807742378342794,0.0008590868603072152
19,64,0.06,45,0.48553275317669164,0.690535471184628,0.0008454465932885958
19,64,0.06,46,0.5036412720422262,0.7007182915370104,0.00083045720049849
19,64,0.06,47,0.522452207028334,0.7114242819109229,0.0008136177903456795
19,64,0.06,48,0.5419344352264399,0.7225792469685866,0.0007948003167543166
19,64,0.06,49,0.5622138434625124,0.7343201220734854,0.0007741833559075206
19,64,0.06,50,0.5832726971767739,0.7465890523862707,0.0007512169160162939
19,64,0.06,51,0.6051932670671504,0.7594582174960318,0.0007257535823114802
19,64,0.06,52,0.6281036661191653,0.7730506659928189,0.0006977000026506306
19,64,0.06,53,0.6519326921344276,0.787239477294403,0.0006665323719584086
19,64,0.06,54,0.676800810481996,0.8021342939045879,0.000632112583692745
19,64,0.06,55,0.7028025096532285,0.8178065566873933,0.000594041737739156
19,64,0.06,56,0.7299927041799593,0.834277376205668,0.0005522828661971583
19,64,0.06,57,0.7585279272795715,0.8516804797525014,0.0005059683368691023
19,64,0.06,58,0.7885451384315072,0.8701187734416632,0.0004529981516634663
19,64,0.06,59,0.8198814821204063,0.8893629636560341,0.00039267517325685807
19,64,0.06,60,0.8524240697727816,0.9092523410909671,0.00032940827060561046
19,64,0.06,61,0.8874645948411471,0.9311103945874328,0.00026488080399647313
19,64,0.06,62,0.9287323712845131,0.9586914800356264,0.00018206061594365188
19,64,0.06,63,0.984383823685985,1.0000089637444929,3.194186166765649e-05
19,64,0.07,1,0.015625,1.0,0.0
19,64,0.07,2,0.027447185153409256,0.8783099249090962,0.0006184351461329052
19,64,0.07,3,0.03747429997551771,0.7994517328110444,0.0007523610711196755
19,64,0.07,4,0.046671888459159386,0.7467502153465502,0.0008179627325589307
19,64,0.07,5,0.0553754422590724,0.7088056609161266,0.0008554551266857398
19,64,0.07,6,0.06382058743960563,0.6807529326891266,0.0008784399361127553
19,64,0.07,7,0.07208789756338745,0.659089349150971,0.0008928032349401494
19,64,0.07,8,0.08026115481725858,0.6420892385380687,0.0009025665539859675
19,64,0.07,9,0.08842352527001573,0.6287895130312231,0.000909890334759631
19,64,0.07,10,0.09655071303597261,0.6179245634302247,0.0009146220038334634
19,64,0.07,11,0.10478469532108782,0.6096564091408746,0.0009192324489914857
19,64,0.07,12,0.11309368467090125,0.6031663182448066,0.0009228027894849035
19,64,0.07,13,0.12142999177040531,0.597809190254303,0.0009249198273248322
19,64,0.07,14,0.12986834723140547,0.5936838730578535,0.0009269055240793405
19,64,0.07,15,0.13838081808173283,0.5904248238153934,0.0009281316150726183
19,64,0.07,16,0.14708629785149438,0.5883451914059775,0.0009297517308359723
19,64,0.07,17,0.15583981943637557,0.5866910849369433,0.000930066579400663
19,64,0.07,18,0.16476179014289905,0.5858196982858633,0.0009301019756820501
19,64,0.07,19,0.1738486989086431,0.5855956173764819,0.0009304051085557847
19,64,0.07,20,0.18307860124180164,0.5858515239737652,0.0009298942292505919
19,64,0.07,21,0.19252133664164994,0.5867316926221713,0.0009294051810489441
19,64,0.07,22,0.20214085695532408,0.5880461293245791,0.0009292305862624999
19,64,0.07,23,0.21196416824233708,0.5898133377178074,0.0009282964973420833
19,64,0.07,24,0.2219677729058073,0.5919140610821528,0.0009269040537194917
19,64,0.07,25,0.23219655805815337,0.5944231886288726,0.000925613056731097
19,64,0.07,26,0.24263344340682297,0.5972515530014103,0.0009243283559149406
19,64,0.07,27,0.25331174706106996,0.6004426597003139,0.0009226629342256406
19,64,0.07,28,0.26426332846074474,0.6040304650531308,0.0009201054596245264
19,64,0.07,29,0.27549393465627836,0.6079866144138557,0.0009175865014892729
19,64,0.07,30,0.28698096179174637,0.6122260518223922,0.0009144366416851012
19,64,0.07,31,0.2987255236229731,0.6167236616732348,0.0009104111785910144
19,64,0.07,32,0.3108025022441738,0.6216050044883475,0.0009068257114867362
19,64,0.07,33,0.32319129737349117,0.6267952433910131,0.0009024783983544113
19,64,0.07,34,0.3359075346759798,0.6322965358606678,0.0008979432134141449
19,64,0.07,35,0.3489923719913908,0.6381574802128288,0.0008921415104756023
19,64,0.07,36,0.36240926245520366,0.6442831332536955,0.0008856046469014259
19,64,0.07,37,0.3762246522399116,0.6507669660366039,0.000878575009377394
19,64,0.07,38,0.390425253173839,0.6575583211348868,0.0008711568851764609
19,64,0.07,39,0.4050358732835888,0.6646742535935816,0.0008629559572570218
19,64,0.07,40,0.42006851736407597,0.6721096277825215,0.0008536455750665877
19,64,0.07,41,0.4355635573635165,0.67990408954305,0.0008432601645633175
19,64,0.07,42,0.4515140274447979,0.6880213751539777,0.0008320768399657863
19,64,0.07,43,0.4679808656478392,0.6965296604991096,0.0008196884457842419
19,64,0.07,44,0.48498575991308107,0.7054338326008452,0.0008061294514028959
19,64,0.07,45,0.5025821384860928,0.7147834858468873,0.000791440417942148
19,64,0.07,46,0.5207641377594486,0.7245414090566241,0.0007753320098176104
19,64,0.07,47,0.539597242770757,0.7347707135601798,0.0007574256645847022
19,64,0.07,48,0.5590356737854298,0.7453808983805731,0.0007377617540224817
19,64,0.07,49,0.579217590612419,0.7565290979427514,0.0007165742543031769
19,64,0.07,50,0.600110186146534,0.7681410382675635,0.0006932858680558187
19,64,0.07,51,0.6217996678559481,0.7802976224074644,0.000667647801120719
19,64,0.07,52,0.6443720704316004,0.7930733174542772,0.0006396576969972112
19,64,0.07,53,0.6677481603384472,0.8063374011634078,0.0006089870162314432
19,64,0.07,54,0.6920718100667655,0.8202332563754259,0.0005753882649548447
19,64,0.07,55,0.7173885639931302,0.8347794199192787,0.0005386834631731898
19,64,0.07,56,0.7437624485327223,0.8500142268945399,0.0004988657991765551
19,64,0.07,57,0.771346757732371,0.8660735525416096,0.0004552283838481136
19,64,0.07,58,0.8002391201968067,0.8830224774585453,0.00040578570624829767
19,64,0.07,59,0.830234838033851,0.900593722612991,0.00034983331599552626
19,64,0.07,60,0.8611917819025118,0.9186045673626793,0.0002921283397116133
19,64,0.07,61,0.8943953804904804,0.9383820385473891,0.00023379694718411235
19,64,0.07,62,0.93321295217146,0.9633165957898943,0.00015914570253943114
19,64,0.07,63,0.9843845252453469,1.0000096764397175,2.9456727074397054e-05
19,64,0.08,1,0.015624999999999997,0.9999999999999998,6.414492788749674e-19
19,64,0.08,2,0.027724208417519814,0.887174669360634,0.000596171940792287
19,64,0.08,3,0.03809640806589148,0.8127233720723516,0.000730494088733779
19,64,0.08,4,0.04766434150822485,0.7626294641315976,0.0007976085771297455
19,64,0.08,5,0.05674368322180143,0.7263191452390583,0.0008359750035239191
19,64,0.08,6,0.06558631311541581,0.6995873398977688,0.0008597597369566013
19,64,0.08,7,0.07425026786765068,0.6788595919328062,0.0008751140166689798
19,64,0.08,8,0.0828311053664363,0.6626488429314904,0.0008855275161145553
19,64,0.08,9,0.09138374641715984,0.6498399745220256,0.0008926977842835489
19,64,0.08,10,0.0999077857167534,0.6394098285872218,0.000897790147052516
19,64,0.08,11,0.10854498873078033,0.6315344798881765,0.0009027495207048573
19,64,0.08,12,0.11724807149994942,0.6253230479997303,0.0009057764092981524
19,64,0.08,13,0.12599259151107994,0.6202712197468551,0.0009074893842332458
19,64,0.08,14,0.13483554827566677,0.6163910778316194,0.0009094630326313236
19,64,0.08,15,0.14375089045195905,0.6133371325950253,0.0009104561330317901
19,64,0.08,16,0.15284851084753356,0.6113940433901343,0.0009116636008013713
19,64,0.08,17,0.16201605270058078,0.6099427866374807,0.0009120707253982602
19,64,0.08,18,0.17133842294905804,0.6092032815966507,0.0009119103743414505
19,64,0.08,19,0.1808242819000031,0.6090923179789579,0.0009115933941266785
19,64,0.08,20,0.1904543174133749,0.6094538157227998,0.0009108539704648572
19,64,0.08,21,0.20031121637764276,0.6104722784842447,0.0009096375659436726
19,64,0.08,22,0.21032905117448622,0.6118663306894144,0.000908500945368893
19,64,0.08,23,0.22054266128234734,0.6136839270465316,0.0009066966170465179
19,64,0.08,24,0.23092015074490785,0.6157870686530877,0.0009044235692884735
19,64,0.08,25,0.24153619911193513,0.6183326697265539,0.0009024593134270093
19,64,0.08,26,0.25235342748059686,0.6211776676445463,0.000900288633000075
19,64,0.08,27,0.26341688144616293,0.6243955708353491,0.0008977690379008377
19,64,0.08,28,0.2747418422530223,0.6279813537211937,0.0008943321306656461
19,64,0.08,29,0.2863304871694105,0.6319017647876646,0.000890723228151284
19,64,0.08,30,0.2981886085276933,0.6361356981924123,0.0008867333398706769
19,64,0.08,31,0.3102987290844607,0.6406167310130804,0.0008819206009762332
19,64,0.08,32,0.32270817667582735,0.6454163533516547,0.0008771156538388585
19,64,0.08,33,0.3354343509461369,0.6505393472894777,0.0008717011472578545
19,64,0.08,34,0.34848192903616726,0.6559659840680796,0.0008661826681840622
19,64,0.08,35,0.361879287386421,0.6617221255065985,0.0008593404719631821
19,64,0.08,36,0.3755973680541396,0.6677286543184705,0.0008518313215676795
19,64,0.08,37,0.3896957718735294,0.6740683621596184,0.000843519955512701
19,64,0.08,38,0.4041475285888912,0.6806695218339219,0.0008348929452436049
19,64,0.08,39,0.41899772124605633,0.6875860040960925,0.0008256423052448262
19,64,0.08,40,0.4342565992636179,0.6948105588217888,0.0008153600809515539
19,64,0.08,41,0.4499365005880832,0.7023399033570079,0.0008039152225734567
19,64,0.08,42,0.4660507609288438,0.7101725880820476,0.0007917449522681464
19,64,0.08,43,0.48264364871410903,0.7183533376209995,0.0007783608416948152
19,64,0.08,44,0.4997617635644827,0.7269262015483384,0.000763901849764369
19,64,0.08,45,0.5174156469005929,0.7358800311475099,0.0007482571985167313
19,64,0.08,46,0.5356186431730939,0.7452085470234351,0.0007313824756383406
19,64,0.08,47,0.5544149846286692,0.7549480641752092,0.0007128412570152845
19,64,0.08,48,0.5737795849586765,0.7650394466115688,0.000692621695589513
19,64,0.08,49,0.5938382344099533,0.7756254490252451,0.0006711347402967997
19,64,0.08,50,0.6145515716322867,0.786626011689327,0.0006475195448984842
19,64,0.08,51,0.635985967672524,0.7981000378635595,0.0006219741706015581
19,64,0.08,52,0.6582288799414057,0.8101278522355762,0.0005942895143425898
19,64,0.08,53,0.6811812394995042,0.8225584778861935,0.0005641452749539976
19,64,0.08,54,0.7049905518254671,0.8355443577190721,0.0005313434804566089
19,64,0.08,55,0.7296958540956219,0.84910063022036,0.0004957208753818468
19,64,0.08,56,0.755336489740325,0.8632417025603712,0.00045750752704300566
19,64,0.08,57,0.7820702606441311,0.8781139768635859,0.00041610118463167317
19,64,0.08,58,0.8099651948516484,0.8937546977673363,0.00036948919992654415
19,64,0.08,59,0.8387964043979835,0.9098808454486601,0.0003172280616316416
19,64,0.08,60,0.8684250568623859,0.9263200606532116,0.0002639794881005522
19,64,0.08,61,0.9001023902783978,0.9443697209478271,0.00021045540759313404
19,64,0.08,62,0.9368693392923736,0.9670909308824505,0.0001419641250701308
19,64,0.08,63,0.9843845585875954,1.0000097103112082,2.753289696565885e-05
19,64,0.09,1,0.015625000000000003,1.0000000000000002,5.800077770670205e-19
19,64,0.09,2,0.02796758844009177,0.8949628300829366,0.0005747957753705825
19,64,0.09,3,0.03864358048984108,0.8243963837832764,0.0007093921634978677
19,64,0.09,4,0.048554827685671625,0.776877242970746,0.0007761995832479212
19,64,0.09,5,0.05798650811819017,0.7422273039128342,0.0008150521504598038
19,64,0.09,6,0.06719371720437804,0.7167329835133659,0.0008397330991373505
19,64,0.09,7,0.07622600415001518,0.6969234665144247,0.0008559498432715719
19,64,0.09,8,0.08516970982293053,0.6813576785834442,0.0008663139906334319
19,64,0.09,9,0.09409160489669856,0.6690958570431897,0.0008736221068803188
19,64,0.09,10,0.10298973030148587,0.6591342739295096,0.0008790841322061066
19,64,0.09,11,0.11200859780323263,0.651686387218808,0.0008840822958558107
19,64,0.09,12,0.12107566983974993,0.6457369058119997,0.0008871081763991272
19,64,0.09,13,0.1301871629912078,0.6409214178028693,0.0008888079575693465
19,64,0.09,14,0.13940279047016244,0.6372698992921713,0.0008900725934121149
19,64,0.09,15,0.14868017132162914,0.6343687309722844,0.0008907155591862929
19,64,0.09,16,0.1581355613176584,0.6325422452706336,0.0008915893018018285
19,64,0.09,17,0.16769065151547122,0.6313059821758916,0.0008916099412284436
19,64,0.09,18,0.17738267473864552,0.6306939546262953,0.0008908019768203516
19,64,0.09,19,0.1872269103817266,0.6306590665489739,0.0008898284540125266
19,64,0.09,20,0.19722652102795582,0.6311248672894587,0.0008883864372519007
19,64,0.09,21,0.20744164223869108,0.632203100156011,0.000886682834591394
19,64,0.09,22,0.2177998682615081,0.6335996167607508,0.000884934263362732
19,64,0.09,23,0.22837703259466455,0.6354839167851536,0.0008822687131121641
19,64,0.09,24,0.2391072141518594,0.6376192377382918,0.000879304472673752
19,64,0.09,25,0.25006093490417824,0.6401559933546963,0.0008765393454490519
19,64,0.09,26,0.2612050219629314,0.6429662079087543,0.0008733549337870297
19,64,0.09,27,0.2726078802907272,0.6461816421706126,0.0008699254517794612
19,64,0.09,28,0.2842637414178425,0.6497456946693543,0.0008656642271918614
19,64,0.09,29,0.29618454912819614,0.6536486601449847,0.0008612310237190848
19,64,0.09,30,0.30835496717094213,0.6578239299646765,0.0008564726511814351
19,64,0.09,31,0.32077236561522937,0.6622397225604735,0.0008509751810754759
19,64,0.09,32,0.33348165967736554,0.6669633193547311,0.000845307363611138
19,64,0.09,33,0.3464750940054228,0.6719516974650626,0.0008389914038667917
19,64,0.09,34,0.3598081012151192,0.6772858375814007,0.0008326249922694007
19,64,0.09,35,0.37346706212363606,0.6829111993117917,0.0008249698986559772
19,64,0.09,36,0.38743710660497516,0.6887770784088447,0.000816753367453103
19,64,0.09,37,0.4017565757529211,0.6949302931942419,0.0008076143519631916
19,64,0.09,38,0.41641026934809694,0.701322558902058,0.0007979971772335436
19,64,0.09,39,0.43145070008947967,0.7080216616853001,0.0007879869614007849
19,64,0.09,40,0.4468806759149292,0.7150090814638868,0.000776975472009372
19,64,0.09,41,0.4627120201684646,0.7222821778239448,0.0007647740943633688
19,64,0.09,42,0.4789374212944137,0.7298094038772018,0.000751785493557108
19,64,0.09,43,0.4956419373624543,0.7376996277022577,0.0007377711840128985
19,64,0.09,44,0.512842915046511,0.7459533309767432,0.0007227908137576722
19,64,0.09,45,0.5305286006011516,0.7545295652994158,0.0007065640398302648
19,64,0.09,46,0.54872418485714,0.7634423441490645,0.0006891925570185185
19,64,0.09,47,0.5674634992767318,0.772716254334273,0.000670333929048929
19,64,0.09,48,0.5867335787573812,0.7823114383431751,0.0006499579767632886
19,64,0.09,49,0.6066380188160324,0.7923435347801241,0.0006282539365148448
19,64,0.09,50,0.6271555071782554,0.802759049188167,0.0006047420719652509
19,64,0.09,51,0.6483266108360884,0.8135863351668561,0.000579519950304311
19,64,0.09,52,0.6702495767738315,0.824922556029331,0.0005523194095007795
19,64,0.09,53,0.6928113900992814,0.8366024333274342,0.0005229671336448264
19,64,0.09,54,0.7161438455460463,0.8487630762027214,0.0004912006517287731
19,64,0.09,55,0.7402775914155537,0.8614139245562806,0.0004569220054060068
19,64,0.09,56,0.7652583988048809,0.8745810272055783,0.00042043133262291546
19,64,0.09,57,0.7912295033269479,0.8883980388232396,0.0003813219751850148
19,64,0.09,58,0.8182516246047978,0.9028983443915012,0.00033755490967604575
19,64,0.09,59,0.8460818636743499,0.9177837165281084,0.00028870459284862846
19,64,0.09,60,0.8745413797275314,0.9328441383760335,0.00023958845215005389
19,64,0.09,61,0.9049036844661524,0.9494071443579305,0.0001903621276397872
19,64,0.09,62,0.9399190789118673,0.9702390491993469,0.00012740708194026456
19,64,0.09,63,0.9843958036533401,1.0000211338700598,2.5796594556421388e-05
19,64,0.1,1,0.015624999999999998,0.9999999999999999,5.308545756206628e-19
19,64,0.1,2,0.028191755684284812,0.902136181897114,0.0005566678097785722
19,64,0.1,3,0.03914499458466092,0.8350932178060996,0.000690087897856474
19,64,0.1,4,0.04935995186235966,0.7897592297977546,0.0007568282878789058
19,64,0.1,5,0.05911396934828712,0.7566588076580751,0.0007965497243665326
19,64,0.1,6,0.06865402092624168,0.7323095565465778,0.0008209830824288043
19,64,0.1,7,0.07801809545328424,0.7133083012871703,0.0008380539126400944
19,64,0.1,8,0.08730663138448883,0.6984530510759106,0.000849273989605357
19,64,0.1,9,0.09655759142354621,0.6866317612341064,0.000856999430023317
19,64,0.1,10,0.10579415083434117,0.6770825653397835,0.0008624881270926747
19,64,0.1,11,0.1151460519385606,0.6699406658243525,0.0008676869274601746
19,64,0.1,12,0.12453752157815919,0.6642001150835156,0.0008707151471743573
19,64,0.1,13,0.1339908891800441,0.6596474544248325,0.0008726517416796021
19,64,0.1,14,0.14354729565185315,0.656216208694186,0.0008736556189721822
19,64,0.1,15,0.15316191340407825,0.6534908305240672,0.0008738272628987949
19,64,0.1,16,0.1629520319064457,0.6518081276257828,0.0008742083908616102
19,64,0.1,17,0.17283515626050927,0.6506735294513291,0.0008739172744348146
19,64,0.1,18,0.18285578910748562,0.6501539168266155,0.0008726612466565167
19,64,0.1,19,0.19301971889618566,0.6501716847029413,0.0008711599716398615
19,64,0.1,20,0.20334004391968857,0.6506881405430034,0.0008691983806288517
19,64,0.1,21,0.21386985728217645,0.6517938507647283,0.0008669045696128608
19,64,0.1,22,0.22454771449881125,0.6532297149056328,0.0008643952254102256
19,64,0.1,23,0.23543552968970202,0.6551249521800404,0.0008611282523470083
19,64,0.1,24,0.2464657177006371,0.6572419138683655,0.0008576496186458558
19,64,0.1,25,0.25772849758882166,0.6597849538273834,0.0008543826955845951
19,64,0.1,26,0.26917054913827837,0.6625736594173006,0.0008504199835594675
19,64,0.1,27,0.28086714165673077,0.6657591505937321,0.0008463727752259553
19,64,0.1,28,0.29280223086823143,0.669262241984529,0.0008414784223672668
19,64,0.1,29,0.3050064958580894,0.6731177839626801,0.0008363373490794412
19,64,0.1,30,0.31743626403189235,0.6771973632680369,0.0008307696947284474
19,64,0.1,31,0.33011681608520077,0.6815314912726725,0.0008244868476289795
19,64,0.1,32,0.3430819244524118,0.6861638489048236,0.000818045491101696
19,64,0.1,33,0.3563246863461978,0.6910539371562624,0.0008110369168553974
19,64,0.1,34,0.3698836011970743,0.6962514846062574,0.0008038413439859185
19,64,0.1,35,0.3837550661975587,0.7017235496183931,0.0007953891422748271
19,64,0.1,36,0.3979242950316514,0.7074209689451579,0.000786477795161243
19,64,0.1,37,0.4124377957863349,0.7134059170358226,0.0007767351072547988
19,64,0.1,38,0.427268118985804,0.7196094635550384,0.0007663147384542838
19,64,0.1,39,0.44246701592740806,0.7260997184449773,0.0007554749290865011
19,64,0.1,40,0.45802790318196857,0.7328446450911497,0.0007438807705990926
19,64,0.1,41,0.47398295585941386,0.739875833536646,0.00073112865890328
19,64,0.1,42,0.49031717327496205,0.7471499783237517,0.0007176013836680723
19,64,0.1,43,0.5070844092549484,0.7547302835422487,0.0007031587149845816
19,64,0.1,44,0.5243082198702911,0.7626301379931506,0.0006877567919224448
19,64,0.1,45,0.5420030792751711,0.7708488238580211,0.0006712380918674804
19,64,0.1,46,0.5601595072359411,0.7793523578934833,0.0006535669675440232
19,64,0.1,47,0.5788373646517693,0.7882040710151752,0.0006345546637590198
19,64,0.1,48,0.5980036293413984,0.7973381724551978,0.0006141009731394468
19,64,0.1,49,0.6177592381811342,0.8068692090529098,0.0005923586148063626
19,64,0.1,50,0.6380896402979784,0.8167547395814123,0.0005690018959410779
19,64,0.1,51,0.6590169394913319,0.8270016495577499,0.0005441026181595679
19,64,0.1,52,0.6806296531668409,0.837698034666881,0.000517451144221969
19,64,0.1,53,0.7028269832481037,0.8486967344882762,0.0004888152314843151
19,64,0.1,54,0.7257314218026792,0.8601261295439161,0.0004580119965624254
19,64,0.1,55,0.7493498181902686,0.8719706975304944,0.00042504559879495875
19,64,0.1,56,0.7737430114098806,0.884277727325578,0.0003901233178923552
19,64,0.1,57,0.7990450537393278,0.8971733936722277,0.00035305965567778444
19,64,0.1,58,0.8253061661300859,0.9106826660745775,0.00031167850902850264
19,64,0.1,59,0.8522611381412071,0.9244866583226653,0.00026564130951973433
19,64,0.1,60,0.8797265898319507,0.9383750291540808,0.00021987639000007573
19,64,0.1,61,0.9089565491863395,0.9536593302938645,0.00017422247176786268
19,64,0.1,62,0.9424603533820649,0.9728623002653574,0.00011584657641051948
19,64,0.1,63,0.9843975682406749,1.0000229264667173,2.4385699872707712e-05
19,64,0.11,1,0.015625000000000003,1.0000000000000002,4.906383198918247e-19
19,64,0.11,2,0.02837629939875269,0.9080415807600861,0.0005374272085091749
19,64,0.11,3,0.039581935457275876,0.844414623088552,0.0006709109587699792
19,64,0.11,4,0.05006599241376517,0.8010558786202427,0.0007388088259887427
19,64,0.11,5,0.06010656056555377,0.7693639752390883,0.0007792064385005805
19,64,0.11,6,0.0699259373034119,0.745876664569727,0.0008039743618829236
19,64,0.11,7,0.07959183557394349,0.7276967823903405,0.0008214615080687624
19,64,0.11,8,0.08917597426536199,0.7134077941228959,0.0008326581737272425
19,64,0.11,9,0.09873520559798392,0.7021170175856635,0.0008409322914817102
19,64,0.11,10,0.10827705006667,0.692973120426688,0.000846575583547733
19,64,0.11,11,0.11792620240684787,0.6861160867307513,0.0008514883529203725
19,64,0.11,12,0.12761417073719675,0.6806089105983826,0.0008543441841724189
19,64,0.11,13,0.13736397991832022,0.6762534395978842,0.0008561884786275344
19,64,0.11,14,0.14721802304610962,0.6729966767822155,0.0008570499045064638
19,64,0.11,15,0.15712624401594186,0.6704053078013521,0.0008568602972727032
19,64,0.11,16,0.1672063884864713,0.6688255539458852,0.0008570222996606476
19,64,0.11,17,0.17736866515362879,0.6677408570489555,0.0008561749859499005
19,64,0.11,18,0.18768078969056165,0.6673094744553304,0.0008546982227512132
19,64,0.11,19,0.19813230273189625,0.6673930197284926,0.0008530041617365941
19,64,0.11,20,0.2087519827135459,0.6680063446833469,0.0008508488863275624
19,64,0.11,21,0.21956610892242628,0.6691538557635851,0.0008482101267689665
19,64,0.11,22,0.23053478155894047,0.6706466372623724,0.0008452481519009359
19,64,0.11,23,0.2416971896606344,0.6725487016643739,0.0008415441075741029
19,64,0.11,24,0.25299975136116704,0.6746660036297787,0.0008374412773210386
19,64,0.11,25,0.26452340717730505,0.677179922373901,0.0008336313100231101
19,64,0.11,26,0.2762308491226322,0.6799528593787869,0.0008290669844552188
19,64,0.11,27,0.28818689864151253,0.6831096856687704,0.0008244533238015192
19,64,0.11,28,0.3003723046436584,0.6865652677569336,0.0008189831222727537
19,64,0.11,29,0.3128278401719333,0.6903786817587494,0.0008133299406593101
19,64,0.11,30,0.32547258769363613,0.6943415204130905,0.0008070776700206293
19,64,0.11,31,0.33837009539584595,0.6985705195269077,0.0008002689898609915
19,64,0.11,32,0.3515621909163057,0.7031243818326114,0.0007933259331002488
19,64,0.11,33,0.36500778835324277,0.7078938925638648,0.0007858249138198234
19,64,0.11,34,0.3787530454063546,0.712946909000197,0.000777921024678199
19,64,0.11,35,0.39279428718142223,0.7182524108460292,0.0007688225840300787
19,64,0.11,36,0.40712159644948476,0.7237717270213062,0.0007592537178887198
19,64,0.11,37,0.4218005373544213,0.729600929477918,0.0007490005201100436
19,64,0.11,38,0.43677361517965857,0.7356187203025829,0.000737977745538254
19,64,0.11,39,0.45209717494125407,0.7419030563138528,0.0007266437959229684
19,64,0.11,40,0.46776678669798505,0.7484268587167762,0.0007146138808286504
19,64,0.11,41,0.4838054069907535,0.7552084401806883,0.00070138168653609
19,64,0.11,42,0.5002105926205368,0.76222566494558,0.0006874518854292075
19,64,0.11,43,0.5170125422018167,0.7695070395561924,0.0006725851742072725
19,64,0.11,44,0.5342505080248008,0.7770916480360741,0.0006569432442551193
19,64,0.11,45,0.5519371846161085,0.7849773292317987,0.0006401784105850598
19,64,0.11,46,0.5700560301858888,0.7931214333021062,0.0006223667375959259
19,64,0.11,47,0.5886505117667126,0.8015666543206298,0.0006032782107553669
19,64,0.11,48,0.6077104817085142,0.8102806422780188,0.0005828990000742015
19,64,0.11,49,0.6273288954110101,0.8193683531898907,0.0005612846234520168
19,64,0.11,50,0.6474700000832194,0.828761600106521,0.0005381762397703403
19,64,0.11,51,0.6681561830189501,0.8384705041806434,0.0005136825621366379
19,64,0.11,52,0.6894858737561769,0.8485979984691407,0.0004876566956791582
19,64,0.11,53,0.7113672103631604,0.8590094615706089,0.00045980266941858777
19,64,0.11,54,0.7338837785839444,0.8697881820254154,0.00042994037417581145
19,64,0.11,55,0.7570583765459453,0.8809406563443729,0.00039811651289342094
19,64,0.11,56,0.780931384682694,0.8924930110659361,0.0003646095952394946
19,64,0.11,57,0.8056439307035111,0.9045826590355214,0.00032932752093085523
19,64,0.11,58,0.8312561520925646,0.9172481678262783,0.00029004616228586803
19,64,0.11,59,0.8574645818819733,0.930131071871971,0.00024649512745999455
19,64,0.11,60,0.8840806105018807,0.9430193178686729,0.00020364051757005793
19,64,0.11,61,0.9123549337872444,0.9572248485636663,0.0001609394146951771
19,64,0.11,62,0.9445729255760555,0.9750430199494767,0.00010642960945331174
19,64,0.11,63,0.9843904312330751,1.0000156761732828,2.3185668311743676e-05
19,64,0.12,1,0.015625000000000007,1.0000000000000004,9.142495469022527e-19
19,64,0.12,2,0.02854644227038653,0.913486152652369,0.0005208985050856711
19,64,0.12,3,0.03998581058436336,0.8530306257997518,0.0006531050134865005
19,64,0.12,4,0.05072069162286858,0.8115310659658973,0.0007204359163519932
19,64,0.12,5,0.061026769293267835,0.7811426469538283,0.0007613754652660916
19,64,0.12,6,0.07112099233525632,0.7586239182427341,0.0007860892914867026
19,64,0.12,7,0.08106178187774779,0.741136291453694,0.0008034066333280553
19,64,0.12,8,0.09091767886135622,0.7273414308908498,0.0008147309648774194
19,64,0.12,9,0.10075615118293943,0.7164881861897915,0.0008230511664001442
19,64,0.12,10,0.11057121915573968,0.707655802596734,0.0008286626732425627
19,64,0.12,11,0.12048672177092266,0.7010136539399137,0.0008331620562976434
19,64,0.12,12,0.13045722900868958,0.6957718880463445,0.0008356728153368582
19,64,0.12,13,0.14048945366440962,0.6916403872709398,0.0008371237049144039
19,64,0.12,14,0.15061540577201354,0.6885275692434906,0.0008378632280852717
19,64,0.12,15,0.1607975810228193,0.6860696790306957,0.0008376661336897955
19,64,0.12,16,0.1711351590562446,0.6845406362249784,0.0008374627257719724
19,64,0.12,17,0.1815677859184466,0.6835493116929754,0.0008362942657936756
19,64,0.12,18,0.19214628538670267,0.683186792486054,0.0008343887759358219
19,64,0.12,19,0.2028718354947123,0.6833577616663994,0.0008324572891613143
19,64,0.12,20,0.21374629008850962,0.6839881282832309,0.0008300675241658502
19,64,0.12,21,0.22482187939915554,0.6851714419783788,0.0008268533208306119
19,64,0.12,22,0.23604147368824568,0.6866661052748966,0.0008234544201021877
19,64,0.12,23,0.24745777746500058,0.6885781633808713,0.0008195619902769001
19,64,0.12,24,0.258998881600557,0.6906636842681522,0.0008148943866404679
19,64,0.12,25,0.2707801285695082,0.6931971291379411,0.0008106935579946906
19,64,0.12,26,0.28271239611716126,0.6959074365960893,0.0008055806414524304
19,64,0.12,27,0.294895276061368,0.6990110247380575,0.0008003576025526382
19,64,0.12,28,0.3072961973468033,0.7023913082212647,0.0007942814817798129
19,64,0.12,29,0.31995278618222583,0.7061027005400845,0.0007881514496037782
19,64,0.12,30,0.3328035086138902,0.709980818376299,0.0007815747271302105
19,64,0.12,31,0.3458903137699705,0.7140961316541325,0.0007742879221547589
19,64,0.12,32,0.3592646942647776,0.7185293885295552,0.0007667907675523148
19,64,0.12,33,0.3728800989795077,0.7231614040814694,0.0007587550628473761
19,64,0.12,34,0.386790017417934,0.7280753269043464,0.000750287966190057
19,64,0.12,35,0.40099604763692387,0.7332499156789465,0.0007409103447240298
19,64,0.12,36,0.4154740773088599,0.7386205818824174,0.0007309975650675596
19,64,0.12,37,0.4302903062390227,0.7442859351161474,0.0007203092197816212
19,64,0.12,38,0.4453856855049491,0.7501232597978091,0.0007089515887464053
19,64,0.12,39,0.46081132554015014,0.7562032008864004,0.0006972690215145466
19,64,0.12,40,0.4765660801391122,0.7625057282225797,0.0006849259074813816
19,64,0.12,41,0.49266877414229426,0.7690439401245569,0.0006714295353985912
19,64,0.12,42,0.5091300941578837,0.7758172863358228,0.000657252758536272
19,64,0.12,43,0.5259641655896694,0.7828303859939265,0.0006422335902455599
19,64,0.12,44,0.5432108487043107,0.7901248708426338,0.0006265006595987453
19,64,0.12,45,0.5608764677022094,0.7976909762875866,0.0006097187915322022
19,64,0.12,46,0.5789377334899879,0.8054785857252005,0.0005920089484586973
19,64,0.12,47,0.5974631423255247,0.8135668321028421,0.0005730458119789605
19,64,0.12,48,0.6164201268024292,0.821893502403239,0.0005528785322660922
19,64,0.12,49,0.6358924246070504,0.8305533709153312,0.0005315938734245214
19,64,0.12,50,0.6558614259720044,0.8395026252441656,0.0005089389326202235
19,64,0.12,51,0.6763307454071356,0.8487287785501307,0.0004849785899739397
19,64,0.12,52,0.6973982770060927,0.8583363409305758,0.00045962528705073785
19,64,0.12,53,0.7189717883555891,0.8681923482029754,0.00043265675572385883
19,64,0.12,54,0.7411300643698366,0.878376372586473,0.00040387632213815714
19,64,0.12,55,0.7638942651627267,0.8888951449166277,0.0003732690660006208
19,64,0.12,56,0.7872928725466665,0.8997632829104759,0.00034121439121748023
19,64,0.12,57,0.8114622230504238,0.9111154785127565,0.0003076824785308146
19,64,0.12,58,0.8364832887541188,0.9230160427631656,0.0002704579003949364
19,64,0.12,59,0.8620138145792986,0.9350658327639849,0.0002293154316939025
19,64,0.12,60,0.8878777961088716,0.9470696491827965,0.00018914764295587498
19,64,0.12,61,0.9153198863857007,0.9603356185030302,0.0001490819899160055
19,64,0.12,62,0.9464039637144616,0.9769331238342829,9.81025146918333e-05
19,64,0.12,63,0.984383668170199,1.0000088057602021,2.2095152698409412e-05
19,64,0.13,1,0.015625000000000007,1.0000000000000004,1.2863014716962208e-18
19,64,0.13,2,0.028707735382831674,0.9186475322506135,0.0005059273486310622
19,64,0.13,3,0.040362229477307825,0.8610608955159,0.0006360219064276609
19,64,0.13,4,0.05134248734042761,0.8214797974468416,0.0007038896229766582
19,64,0.13,5,0.061891881560006516,0.7922160839680834,0.0007452954663583064
19,64,0.13,6,0.07223728275923709,0.7705310160985289,0.0007700360565747439
19,64,0.13,7,0.08243175679147442,0.7536617763791946,0.0007876024298168064
19,64,0.13,8,0.09254028527297242,0.7403222821837793,0.0007988565278788107
19,64,0.13,9,0.1026380655027293,0.7298706880194084,0.0008072260537012283
19,64,0.13,10,0.11271596060992391,0.7213821479035131,0.0008127760420768317
19,64,0.13,11,0.12289019522860113,0.7149974995118611,0.0008171841339178484
19,64,0.13,12,0.13311214699062973,0.7099314506166918,0.0008194274761926202
19,64,0.13,13,0.14340586746224712,0.7059981167372167,0.0008207297419415163
19,64,0.13,14,0.15378867134236943,0.7030339261365459,0.0008212645891916635
19,64,0.13,15,0.1642293281225323,0.7007117999894709,0.0008209184126947158
19,64,0.13,16,0.1748106629705606,0.6992426518822423,0.0008203729005102462
19,64,0.13,17,0.18550222825787252,0.6983613299119906,0.0008189880992563464
19,64,0.13,18,0.1963353700049679,0.6980813155732193,0.0008166386351317328
19,64,0.13,19,0.20731554281766987,0.6983260389647826,0.0008147302195577329
19,64,0.13,20,0.21843758325777846,0.6990002664248911,0.0008118467114014992
19,64,0.13,21,0.22974813459225693,0.7001847911383069,0.0008082848772451728
19,64,0.13,22,0.24120667743111135,0.7016921525268693,0.0008044196777387329
19,64,0.13,23,0.2528506276993921,0.7035843553374389,0.0008001972045884374
19,64,0.13,24,0.26462841174946894,0.7056757646652505,0.0007950686205433463
19,64,0.13,25,0.2766296681631305,0.7081719504976141,0.0007903675963010854
19,64,0.13,26,0.2887760185115934,0.71083327633623,0.0007848913740834469
19,64,0.13,27,0.3011691624943638,0.7138824592458994,0.0007791763494315394
19,64,0.13,28,0.31376426755331754,0.7171754686932972,0.0007727377791887766
19,64,0.13,29,0.3266111515773357,0.7207970241706719,0.0007661959277557672
19,64,0.13,30,0.33965412991515825,0.7245954771523375,0.0007591677889976338
19,64,0.13,31,0.35292762711179465,0.7286247785533825,0.0007514544884068861
19,64,0.13,32,0.36647181569647125,0.7329436313929423,0.000743577617925716
19,64,0.13,33,0.38024429882107014,0.7374434886226815,0.0007350672762188665
19,64,0.13,34,0.39430263508050667,0.7422167248574243,0.0007263035001384586
19,64,0.13,35,0.4086515629651941,0.7472485722792122,0.0007165991940570314
19,64,0.13,36,0.42326967143156197,0.7524794158783323,0.0007064271516980954
19,64,0.13,37,0.4381931631646025,0.7579557416901231,0.0006953851533084652
19,64,0.13,38,0.4533928116780138,0.7636089459840232,0.0006836478867179587
19,64,0.13,39,0.46890849950308705,0.7694908709794249,0.0006716200968288499
19,64,0.13,40,0.48474273766751785,0.7755883802680287,0.0006588622279870733
19,64,0.13,41,0.5009033219086776,0.7818978683452528,0.0006451629119554069
19,64,0.13,42,0.5174025084890849,0.7884228700786055,0.0006307999032714916
19,64,0.13,43,0.5342552667759296,0.7951706296199882,0.0006157068884387476
19,64,0.13,44,0.5514890808958098,0.8021659358484508,0.0005998813639510707
19,64,0.13,45,0.5691257786157583,0.8094233295868561,0.0005831146506985816
19,64,0.13,46,0.5871294874779491,0.8168758086649728,0.0005654506970036623
19,64,0.13,47,0.6055636047180795,0.8245972489778103,0.0005466455728817756
19,64,0.13,48,0.6244196305907435,0.8325595074543246,0.0005267021917937167
19,64,0.13,49,0.6437441272479705,0.8408086559973491,0.000505721832934468
19,64,0.13,50,0.6635303609569043,0.8493188620248375,0.00048351858616373637
19,64,0.13,51,0.6837853259603095,0.8580835463031333,0.00046007456142519115
19,64,0.13,52,0.7045956972477483,0.867194704304921,0.0004353742793544759
19,64,0.13,53,0.7258802026954623,0.8765345843869731,0.0004092276129905388
19,64,0.13,54,0.7477032758450752,0.8861668454460151,0.0003813509550781955
19,64,0.13,55,0.7700844955612728,0.8960983221076626,0.00035181204656411906
19,64,0.13,56,0.7930456024950558,0.9063378314229209,0.0003210466035800165
19,64,0.13,57,0.8167274540345545,0.9170273168107278,0.0002890769662294179
19,64,0.13,58,0.8412024458275703,0.9282233884993879,0.0002536298078951367
19,64,0.13,59,0.8661174997792626,0.939517287896149,0.00021456312722914928
19,64,0.13,60,0.8913050072016571,0.9507253410151006,0.000176702914358916
19,64,0.13,61,0.9179869482787723,0.9631338473744496,0.0001389837740523819
19,64,0.13,62,0.9480419008526331,0.9786238976543308,9.110039202742374e-05
19,64,0.13,63,0.984387616633477,1.0000128168975004,2.115757625095557e-05
19,64,0.14,1,0.015624999999999993,0.9999999999999996,0.0
19,64,0.14,2,0.02885399067002326,0.9233277014407443,0.0004916928632924843
19,64,0.14,3,0.04071385314680298,0.8685622004651302,0.0006207151159311438
19,64,0.14,4,0.05191004645245017,0.8305607432392027,0.0006880148028724799
19,64,0.14,5,0.06269303559352157,0.8024708555970763,0.0007306040479847351
19,64,0.14,6,0.07327649768267779,0.7816159752818965,0.000755781689057127
19,64,0.14,7,0.08370448070010592,0.7652981092581113,0.0007728478544366463
19,64,0.14,8,0.09404897248000584,0.7523917798400467,0.0007838299401525632
19,64,0.14,9,0.10439596473328322,0.742371304770014,0.0007921040212890717
19,64,0.14,10,0.11472231753969397,0.7342228322540415,0.0007974447112867713
19,64,0.14,11,0.12512594843827113,0.7280055181863048,0.0008014971897879214
19,64,0.14,12,0.13559008164892056,0.7231471021275764,0.0008039724471732385
19,64,0.14,13,0.14611977704273268,0.7193589023642225,0.0008053656592799748
19,64,0.14,14,0.156728817646724,0.7164745949564526,0.0008054875447863987
19,64,0.14,15,0.16740833448710246,0.7142755604783039,0.0008050681670772077
19,64,0.14,16,0.1782244057003345,0.712897622801338,0.0008044456307661675
19,64,0.14,17,0.18914943813451177,0.7120920023887503,0.0008028606653300819
19,64,0.14,18,0.20021099888140695,0.7118613293561136,0.0008001341190113976
19,64,0.14,19,0.21142435125454023,0.7121662358047671,0.0007977975656654035
19,64,0.14,20,0.22277564277279024,0.7128820568729288,0.0007946731353693058
19,64,0.14,21,0.23431964821604848,0.714117023134624,0.0007909979680375459
19,64,0.14,22,0.24599651513400694,0.7156262258443838,0.0007867279980258074
19,64,0.14,23,0.2578574316475112,0.7175163315409007,0.0007823169873300599
19,64,0.14,24,0.2698366235038091,0.719564329343491,0.0007768551518643764
19,64,0.14,25,0.2820248560553486,0.7219836315016925,0.0007718270520596966
19,64,0.14,26,0.2943698941565308,0.7246028163853065,0.0007658455265593318
19,64,0.14,27,0.3069532720973739,0.7275929412678493,0.0007596781618190824
19,64,0.14,28,0.31973945522250535,0.7308330405085836,0.0007528790751455903
19,64,0.14,29,0.33275547080204293,0.7343569010803705,0.0007459852346985468
19,64,0.14,30,0.3459600150484978,0.738048032103462,0.0007386347096721576
19,64,0.14,31,0.359393685763084,0.7419740609302379,0.0007307180233240299
19,64,0.14,32,0.3730981410443382,0.7461962820886764,0.000722488068987413
19,64,0.14,33,0.3870140651615912,0.7505727324346011,0.0007135800097739442
19,64,0.14,34,0.40120013553804595,0.7552002551304394,0.0007043292780458435
19,64,0.14,35,0.4156686133782173,0.7600797501773118,0.0006942791839820871
19,64,0.14,36,0.4304035390892648,0.765161847269804,0.0006837740162947472
19,64,0.14,37,0.445422579313381,0.7704606777312536,0.0006724784029572895
19,64,0.14,38,0.4607081711248562,0.775929551368179,0.0006604687976393969
19,64,0.14,39,0.47630285817142964,0.7816252031531155,0.0006482208520591168
19,64,0.14,40,0.4921921743302915,0.7875074789284665,0.0006352354714541285
19,64,0.14,41,0.5083828924597641,0.7935732955469489,0.0006213661146915553
19,64,0.14,42,0.5249075389770964,0.7998591070127185,0.000606898921757835
19,64,0.14,43,0.5417637732888054,0.8063460811740361,0.0005917170195654829
19,64,0.14,44,0.5589792002969182,0.8130606549773356,0.0005758278225706048
19,64,0.14,45,0.5765775100104391,0.8200213475704022,0.0005590809987805279
19,64,0.14,46,0.5945242875839711,0.8271642262037858,0.0005415017784275447
19,64,0.14,47,0.6128803081251964,0.8345604195747356,0.0005228271733317064
19,64,0.14,48,0.6316311488231556,0.8421748650975408,0.0005031451849829023
19,64,0.14,49,0.6508134373071116,0.8500420405643908,0.0004824638377783028
19,64,0.14,50,0.6704295886341242,0.858149873451679,0.0004607618744726257
19,64,0.14,51,0.6904805812512047,0.8664854352956294,0.0004378248871437376
19,64,0.14,52,0.7110570762144418,0.8751471707254669,0.0004137978252426315
19,64,0.14,53,0.7320720052909078,0.8840114780871338,0.0003884510987406997
19,64,0.14,54,0.7535925414015919,0.8931467157352202,0.00036144076808917536
19,64,0.14,55,0.7756253992160242,0.9025459190877375,0.00033292772628898886
19,64,0.14,56,0.7981800366091748,0.9122057561247712,0.00030335490770971944
19,64,0.14,57,0.8214147701152154,0.9222902681995402,0.00027279863793262945
19,64,0.14,58,0.8454024169588266,0.9328578394028432,0.00023896369132700717
19,64,0.14,59,0.8697624477819301,0.9434711297973483,0.00020173151159507283
19,64,0.14,60,0.8943405712510927,0.9539632760011654,0.00016590217740883133
19,64,0.14,61,0.9203416284624767,0.9656043315016148,0.00013024854471260775
19,64,0.14,62,0.9494741853666466,0.980102384894603,8.50863453786028e-05
19,64,0.14,63,0.9843909419689973,1.0000161950161244,2.030357053578345e-05
19,64,0.15,1,0.015625,1.0,7.667899425631797e-19
19,64,0.15,2,0.028979046369878726,0.9273294838361192,0.0004774578471813923
19,64,0.15,3,0.04101578424698336,0.8750033972689781,0.0006059282278375223
19,64,0.15,4,0.05241659791188775,0.838665566590204,0.0006733895461870318
19,64,0.15,5,0.06339784188004088,0.8114923760645233,0.0007161400661908244
19,64,0.15,6,0.07419077082352019,0.7913682221175486,0.0007413885182736816
19,64,0.15,7,0.08483480847516194,0.775632534630052,0.0007592415490676668
19,64,0.15,8,0.09539678565464083,0.7631742852371266,0.0007702455792873232
19,64,0.15,9,0.10596898129001017,0.7535572002845168,0.0007785822205807014
19,64,0.15,10,0.11652026394007797,0.7457296892164991,0.0007839443415789595
19,64,0.15,11,0.12714482763886223,0.7397517244442893,0.0007883710321441158
19,64,0.15,12,0.13782892942218544,0.7350876235849889,0.0007904950703470596
19,64,0.15,13,0.14857371027449934,0.7314398044283044,0.0007917892079317443
19,64,0.15,14,0.15939881748148116,0.728680308486771,0.0007919512653177972
19,64,0.15,15,0.17029158431607944,0.7265774264152722,0.0007913708340734688
19,64,0.15,16,0.1813070098619196,0.7252280394476784,0.0007903839254081367
19,64,0.15,17,0.19243141038937284,0.7244476626423447,0.0007885272085487515
19,64,0.15,18,0.20370467191111832,0.7242832779061984,0.0007856236963108649
19,64,0.15,19,0.21512150034515579,0.7246197906363142,0.000782891799189645
19,64,0.15,20,0.22666646782971456,0.7253326970550866,0.000779481965827141
19,64,0.15,21,0.2384040579923932,0.7265647481672934,0.0007755491013148867
19,64,0.15,22,0.25027087043389273,0.7280607139895061,0.0007708116447563224
19,64,0.15,23,0.26232111051055457,0.729937003159804,0.0007661983173651534
19,64,0.15,24,0.274484116305323,0.7319576434808612,0.0007606916588558669
19,64,0.15,25,0.2868441328198431,0.7343209800187982,0.0007552622996086756
19,64,0.15,26,0.29937328030658994,0.7369188438316058,0.0007491285530906696
19,64,0.15,27,0.3121316134565819,0.7398675281933794,0.000742608249470398
19,64,0.15,28,0.3250807095833061,0.7430416219046997,0.000735564013271778
19,64,0.15,29,0.33824945665164546,0.7464815595070795,0.0007283473827260548
19,64,0.15,30,0.3516049085723694,0.7500904716210548,0.0007207783390352826
19,64,0.15,31,0.3651869622091122,0.7539343735930057,0.0007126053956680382
19,64,0.15,32,0.3790251080978516,0.7580502161957032,0.0007040533577038577
19,64,0.15,33,0.3930712518493526,0.7623200035866233,0.0006948959250113032
19,64,0.15,34,0.4073697518475298,0.7668136505365266,0.0006853094102989923
19,64,0.15,35,0.4219426903054742,0.7715523479871529,0.0006749807384500905
19,64,0.15,36,0.4367669386169609,0.7764745575412638,0.0006642916080816839
19,64,0.15,37,0.45186231755608264,0.7815996844213322,0.0006528755511566796
19,64,0.15,38,0.4672147879716633,0.786888063952275,0.000640694735916741
19,64,0.15,39,0.48286528203885665,0.7923943089868416,0.0006282845551844485
19,64,0.15,40,0.4987953805192541,0.7980726088308064,0.0006151726817007047
19,64,0.15,41,0.5150206615188935,0.8039346911514434,0.000601168487430708
19,64,0.15,42,0.5315536229155644,0.8099864730141934,0.0005866242629909114
19,64,0.15,43,0.5484080529518357,0.8162352416027322,0.0005713588965301897
19,64,0.15,44,0.5656029916035593,0.822695260514268,0.0005554391025452953
19,64,0.15,45,0.5831615716134444,0.8293853462946763,0.0005387518296924757
19,64,0.15,46,0.6010546631589562,0.8362499661341998,0.0005212627405897859
19,64,0.15,47,0.6193306678345705,0.8433438881151598,0.0005028110694089141
19,64,0.15,48,0.637977767089112,0.8506370227854827,0.0004833586656824604
19,64,0.15,49,0.6570314086394967,0.8581634725087303,0.00046300292922811677
19,64,0.15,50,0.6764921447945511,0.8659099453370253,0.00044168459305960264
19,64,0.15,51,0.6963652081163466,0.87387006508718,0.00041921790607863724
19,64,0.15,52,0.7167218868483736,0.8821192453518444,0.00039571407651394674
19,64,0.15,53,0.7374907817309991,0.8905549062412064,0.00037104351000882824
19,64,0.15,54,0.7587319742867753,0.8992378954509929,0.0003448133871817687
19,64,0.15,55,0.7804519357653241,0.9081622525269226,0.0003171552974004547
19,64,0.15,56,0.802648449965931,0.9173125142467783,0.0002885965801396867
19,64,0.15,57,0.8254876866366867,0.9268633674517184,0.0002591994506181305
19,64,0.15,58,0.8490386602842982,0.9368702458309497,0.00022674017733043328
19,64,0.15,59,0.8729115297496942,0.9468870831183124,0.00019116997754173022
19,64,0.15,60,0.8969683478539296,0.9567662377108583,0.00015702619628392038
19,64,0.15,61,0.9223793323544369,0.9677422503390811,0.00012303124129795534
19,64,0.15,62,0.950700666179909,0.9813684296050673,8.013747776336985e-05
19,64,0.15,63,0.9843810408970328,1.0000061367842872,1.9608517047662466e-05
19,64,0.16,1,0.015625,1.0,7.299250414784113e-19
19,64,0.16,2,0.029104957235105554,0.9313586315233777,0.00046465485588843624
19,64,0.16,3,0.04130196037656494,0.8811084880333853,0.0005906777759806977
19,64,0.16,4,0.05288324714606033,0.8461319543369653,0.000657294796049003
19,64,0.16,5,0.06406177014574307,0.8199906578655113,0.0006998088066376043
19,64,0.16,6,0.07504518543424381,0.8004819779652672,0.0007253277583480105
19,64,0.16,7,0.08589003722817004,0.7852803403718402,0.000743344287527325
19,64,0.16,8,0.09665867306872386,0.7732693845497909,0.0007545431368189415
19,64,0.16,9,0.10743327049569461,0.7639699235249394,0.0007631503520241143
19,64,0.16,10,0.11819427168477474,0.7564433387825582,0.00076885636920467
19,64,0.16,11,0.1290132814285108,0.7506227283113355,0.0007730785616709023
19,64,0.16,12,0.1398953273987244,0.7461084127931967,0.0007749723426650054
19,64,0.16,13,0.15084194672368623,0.7426065069473783,0.0007764025080249774
19,64,0.16,14,0.16185747056505517,0.7399198654402522,0.0007762950186330749
19,64,0.16,15,0.17295765643642638,0.7379526674620859,0.0007757405932550985
19,64,0.16,16,0.18417849193614674,0.736713967744587,0.0007746545206569017
19,64,0.16,17,0.1954939512540425,0.735977228250513,0.0007725545595258442
19,64,0.16,18,0.20695831923200383,0.7358518017137914,0.0007695789965312756
19,64,0.16,19,0.21856971231404274,0.7362348204262492,0.0007666258593696313
19,64,0.16,20,0.230305924974225,0.73697895991752,0.0007630257555178062
19,64,0.16,21,0.2422260198058311,0.7382126317891995,0.0007588895681927431
19,64,0.16,22,0.25426132777460014,0.739669317162473,0.0007539249601920065
19,64,0.16,23,0.2664821464481863,0.7415155379427792,0.0007490699012808658
19,64,0.16,24,0.27882746017918464,0.743539893811159,0.0007435595475673569
19,64,0.16,25,0.29134406603399976,0.7458408090470394,0.0007378247900690127
19,64,0.16,26,0.30403192623761993,0.7483862799695261,0.0007314654789031527
19,64,0.16,27,0.3169395860474286,0.7512642039642752,0.000724555104372486
19,64,0.16,28,0.33003009697270835,0.7543545073661904,0.0007173154420874433
19,64,0.16,29,0.3433407342052804,0.757717482384067,0.0007098942260659512
19,64,0.16,30,0.3568347880260856,0.7612475477889825,0.0007020159433821121
19,64,0.16,31,0.37054901752176983,0.7650044232707506,0.0006937138181918127
19,64,0.16,32,0.38450313690196647,0.7690062738039329,0.0006848902658882976
19,64,0.16,33,0.3986547313539348,0.7731485698985403,0.0006755328417675622
19,64,0.16,34,0.4130537652042614,0.7775129697962567,0.0006658033799575679
19,64,0.16,35,0.4277160294311074,0.7821093109597392,0.0006553589147784729
19,64,0.16,36,0.4426190400653726,0.7868782934495513,0.0006445178717741592
19,64,0.16,37,0.45778127674067975,0.7918378840919866,0.0006329625655080254
19,64,0.16,38,0.4731889697303118,0.7969498437563147,0.0006206909355769863
19,64,0.16,39,0.48888727525710207,0.802276554268065,0.0006081774405570927
19,64,0.16,40,0.5048534895313862,0.8077655832502177,0.0005950266346123103
19,64,0.16,41,0.5210967551778244,0.8134193251556284,0.0005810030476402681
19,64,0.16,42,0.5376407502837586,0.8192620956704891,0.0005664740038153766
19,64,0.16,43,0.5544827224697653,0.8252766101875576,0.0005512137943448365
19,64,0.16,44,0.5716572600275772,0.8315014691310212,0.0005354139665654044
19,64,0.16,45,0.5891722440223739,0.8379338581651541,0.0005188051833634976
19,64,0.16,46,0.6070024985649757,0.8445252153947488,0.0005014869193254475
19,64,0.16,47,0.6251958408376924,0.8513305066726023,0.0004832605685513149
19,64,0.16,48,0.6437365121593768,0.8583153495458358,0.0004641339079515495
19,64,0.16,49,0.6626655442797386,0.8655223435490462,0.00044415646904602584
19,64,0.16,50,0.6819770691590952,0.8729306485236418,0.00042326010415338433
19,64,0.16,51,0.7016764763778427,0.8805351860427829,0.00040125264784354454
19,64,0.16,52,0.7218284963767718,0.88840430323295,0.0003783517040817352
19,64,0.16,53,0.7423747599330005,0.8964525402964534,0.0003543815434448123
19,64,0.16,54,0.7633664041463465,0.9047305530623364,0.0003289621091185434
19,64,0.16,55,0.7848012925201954,0.9132233222053183,0.0003021888176573799
19,64,0.16,56,0.8066704728747942,0.9219091118569077,0.00027462853504661976
19,64,0.16,57,0.8291467226835988,0.9309717588026373,0.00024639602726366145
19,64,0.16,58,0.8523006945596073,0.9404697319278426,0.00021532746228377728
19,64,0.16,59,0.8757357021692758,0.9499505921836211,0.00018126854144100268
19,64,0.16,60,0.8993177072659195,0.9592722210836474,0.0001487455551253836
19,64,0.16,61,0.9241958791753017,0.9696481355281854,0.00011634702193968424
19,64,0.16,62,0.9517913403440157,0.9824942868067258,7.560292183593404e-05
19,64,0.16,63,0.984374983167308,0.9999999829001223,1.8938057023885492e-05
19,64,0.17,1,0.015624999999999997,0.9999999999999998,6.973971875800863e-19
19,64,0.17,2,0.02921754225490365,0.9349613521569168,0.0004526934812291133
19,64,0.17,3,0.041572384345202114,0.886877532697645,0.0005768137529822842
19,64,0.17,4,0.05333492314375832,0.8533587703001331,0.000642873902149419
19,64,0.17,5,0.06470403776344787,0.8282116833721326,0.0006852477261993182
19,64,0.17,6,0.07588517542427235,0.8094418711922384,0.0007114740792022135
19,64,0.17,7,0.08692115576692803,0.7947077098690563,0.0007295781356102324
19,64,0.17,8,0.09788656332775442,0.7830925066220353,0.0007406264397994956
19,64,0.17,9,0.10886236568033258,0.7741323781712539,0.0007492022001273831
19,64,0.17,10,0.11981815531257965,0.7668361940005097,0.0007552957712675793
19,64,0.17,11,0.13083146057881317,0.7612012251858221,0.000759279334416015
19,64,0.17,12,0.14190690882580398,0.7568368470709547,0.0007611091178710253
19,64,0.17,13,0.15303749431549216,0.7534153566301153,0.0007623476956565248
19,64,0.17,14,0.16424450313324357,0.7508320143233992,0.0007623960293245221
19,64,0.17,15,0.1755324605447022,0.7489384983240628,0.0007616767588343713
19,64,0.17,16,0.1869349478982189,0.7477397915928756,0.0007600693526288267
19,64,0.17,17,0.19843801151362173,0.7470607492277525,0.0007576302944147641
19,64,0.17,18,0.2100855518653949,0.7469708510769597,0.0007546439305840264
19,64,0.17,19,0.22187771757033276,0.7473775749737525,0.000751314676367036
19,64,0.17,20,0.23379279955254775,0.7481369585681528,0.0007475415964453478
19,64,0.17,21,0.24589319653850183,0.7493887894506722,0.0007430699170294512
19,64,0.17,22,0.2580923957173459,0.7508142420868243,0.0007378488079135942
19,64,0.17,23,0.2704861289217659,0.7526570543910007,0.0007327641917041043
19,64,0.17,24,0.2829982926026364,0.7546621136070304,0.0007269579211612713
19,64,0.17,25,0.2956732895759757,0.7569236213144979,0.0007208085233023419
19,64,0.17,26,0.3085117324509248,0.7594134952638147,0.0007142096427605647
19,64,0.17,27,0.32156761110056015,0.76223433742355,0.0007071776659632034
19,64,0.17,28,0.3347976393028903,0.765251746978035,0.0006997808720972576
19,64,0.17,29,0.34824563280599485,0.7685420861925404,0.0006921377368492408
19,64,0.17,30,0.36186845581118093,0.7719860390638528,0.0006840844213501561
19,64,0.17,31,0.37570622564514555,0.775651562622236,0.0006755754541953581
19,64,0.17,32,0.38977429095606453,0.7795485819121291,0.0006666030852564889
19,64,0.17,33,0.40402276372055174,0.7835592993368276,0.0006570180283935332
19,64,0.17,34,0.41850809099632097,0.7877799359930748,0.0006470979093953647
19,64,0.17,35,0.43325724830961576,0.7922418254804403,0.0006365566613438556
19,64,0.17,36,0.44823376057586733,0.7968600188015418,0.0006255493811962397
19,64,0.17,37,0.4634581845432004,0.8016574002909413,0.0006139211441264308
19,64,0.17,38,0.47891934511241685,0.8066010022945967,0.0006015784313387052
19,64,0.17,39,0.49465547596056336,0.811742319525027,0.0005889824338104978
19,64,0.17,40,0.5106385101738004,0.8170216162780806,0.000575783544436563
19,64,0.17,41,0.5269020334396567,0.8224812229301958,0.0005617519178551871
19,64,0.17,42,0.5434487915851847,0.8281124443202814,0.0005472506348778738
19,64,0.17,43,0.5602776358990945,0.833901597617257,0.000532063382900802
19,64,0.17,44,0.5774162169019369,0.8398781336755446,0.0005163783179460929
19,64,0.17,45,0.5948770928325955,0.8460474209174691,0.0004999160767957474
19,64,0.17,46,0.6126444268754212,0.8523748547831946,0.00048280439992562526
19,64,0.17,47,0.6307470176921406,0.858889556006319,0.00046480825655044727
19,64,0.17,48,0.64918534521554,0.8655804602873868,0.00044601777005066076
19,64,0.17,49,0.6679923853800845,0.8724798502923554,0.0004264353548833958
19,64,0.17,50,0.6871579115932923,0.8795621268394143,0.00040597735444446176
19,64,0.17,51,0.7066897072734835,0.8868262993235871,0.0003844494485632082
19,64,0.17,52,0.7266472993731157,0.8943351376899883,0.0003621520677751441
19,64,0.17,53,0.7469785858766831,0.9020118772850512,0.00033885141620438615
19,64,0.17,54,0.7677238039532712,0.9098948787594324,0.00031422362747624325
19,64,0.17,55,0.7888816438253408,0.9179713673603965,0.0002883251529867721
19,64,0.17,56,0.8104430417590169,0.9262206191531622,0.0002616943618424682
19,64,0.17,57,0.8325752187827001,0.93482129828233,0.00023457141936764536
19,64,0.17,58,0.8553575882219308,0.9438428559690271,0.00020478639668634687
19,64,0.17,59,0.8783847872987653,0.952824176052898,0.00017211547568727007
19,64,0.17,60,0.9015192684639138,0.9616205530281747,0.00014109106268967253
19,64,0.17,61,0.9258958774424105,0.9714317402674468,0.00011019614493586164
19,64,0.17,62,0.9528102251633461,0.9835460388782927,7.144717350863126e-05
19,64,0.17,63,0.984378006263049,1.0000030539815101,1.8294214937114183e-05
19,64,0.18,1,0.015624999999999995,0.9999999999999997,1.3369670793409288e-18
19,64,0.18,2,0.029331654031468903,0.9386129290070049,0.0004418845829424952
19,64,0.18,3,0.04184572541916493,0.8927088089421854,0.0005643900559585259
19,64,0.18,4,0.05377690378807459,0.8604304606091935,0.0006297963062317233
19,64,0.18,5,0.06531884524719686,0.8360812191641199,0.000671323012054554
19,64,0.18,6,0.07668289033552551,0.8179508302456057,0.0006975478644346075
19,64,0.18,7,0.0878980084854291,0.8036389347239233,0.0007154286988714313
19,64,0.18,8,0.09905524721701275,0.792441977736102,0.0007268395164640403
19,64,0.18,9,0.11021724234214898,0.7837670566552817,0.000735524959966397
19,64,0.18,10,0.1213567630040774,0.7766832832260955,0.0007415693324225589
19,64,0.18,11,0.1325476418262394,0.771186279716302,0.0007453910646359251
19,64,0.18,12,0.14380844930189676,0.7669783962767828,0.0007472995739817099
19,64,0.18,13,0.15513579885536397,0.7637454712879458,0.0007486797637144268
19,64,0.18,14,0.1665288859418584,0.7612749071627815,0.0007486801673821853
19,64,0.18,15,0.17799902375529914,0.7594625013559431,0.0007477825146748457
19,64,0.18,16,0.18957546199057607,0.7583018479623043,0.0007459861250278992
19,64,0.18,17,0.20125154167412732,0.7576528627731851,0.0007435163461826218
19,64,0.18,18,0.2130597981013644,0.7575459488048514,0.0007401386602426826
19,64,0.18,19,0.2250185413758212,0.7579571920027662,0.0007366120241362733
19,64,0.18,20,0.2371031648642497,0.7587301275655991,0.0007326334158327693
19,64,0.18,21,0.24936493571052096,0.7599693278796829,0.0007279418296545448
19,64,0.18,22,0.2617285404590452,0.7613921176990407,0.0007225656933597351
19,64,0.18,23,0.2742744445067584,0.7631984542796756,0.0007172758364112038
19,64,0.18,24,0.2869383371208842,0.7651688989890245,0.0007113464788739627
19,64,0.18,25,0.29975729298314446,0.7673786700368498,0.0007049962389429628
19,64,0.18,26,0.31273161084502094,0.7698008882338978,0.0006980642072860667
19,64,0.18,27,0.3259167868641948,0.7725434947892026,0.000690842628502431
19,64,0.18,28,0.33927102288993666,0.7754766237484267,0.0006833494517886378
19,64,0.18,29,0.35283778059880233,0.7786764813214947,0.0006754718060014025
19,64,0.18,30,0.36657801496366743,0.782033098589157,0.0006673438513670227
19,64,0.18,31,0.38052110753831003,0.7855919639500594,0.0006587064992407474
19,64,0.18,32,0.3946871735706833,0.7893743471413666,0.0006495403974497988
19,64,0.18,33,0.409032777566558,0.7932756898260519,0.0006398239786906001
19,64,0.18,34,0.4236041288207822,0.7973724777802959,0.0006297968904066245
19,64,0.18,35,0.43842382522808027,0.8016892804170611,0.0006190761594349025
19,64,0.18,36,0.45346329295557014,0.806156965254347,0.0006080465422138438
19,64,0.18,37,0.4687280383549788,0.8107728231005039,0.000596346964028371
19,64,0.18,38,0.4842309079447261,0.8155467923279598,0.0005840060811856015
19,64,0.18,39,0.500005543460786,0.8205219174741104,0.0005713475643447464
19,64,0.18,40,0.5160130442403615,0.8256208707845785,0.0005581388575465233
19,64,0.18,41,0.5322884978492041,0.8308893624963185,0.000544107259332073
19,64,0.18,42,0.5488322368106484,0.83631578942575,0.0005295979012104405
19,64,0.18,43,0.565646596845299,0.8418926092581195,0.0005145287704553365
19,64,0.18,44,0.5827615858355873,0.8476532157608544,0.0004989661852424171
19,64,0.18,45,0.6001780591839045,0.8535865730615531,0.000482629127116859
19,64,0.18,46,0.6178796595332214,0.8596586567418733,0.0004657358831823537
19,64,0.18,47,0.6358993332225972,0.8659054750265153,0.000447987159373117
19,64,0.18,48,0.6542466890736895,0.8723289187649197,0.0004295199615969109
19,64,0.18,49,0.6729357036670999,0.8789364292794773,0.00041030591279517557
19,64,0.18,50,0.69195926155177,0.8857078547862657,0.00039028999114064985
19,64,0.18,51,0.7113347277218615,0.8926553445921399,0.0003692526887965889
19,64,0.18,52,0.7311047304934918,0.8998212067612208,0.0003474815549060856
19,64,0.18,53,0.7512273190039902,0.9071424229482148,0.00032484150388959745
19,64,0.18,54,0.7717478190333994,0.9146640818173624,0.00030090120116840833
19,64,0.18,55,0.7926465832320164,0.9223523877608919,0.00027578795311398205
19,64,0.18,56,0.8139168173189283,0.9301906483644896,0.00025004721575223063
19,64,0.18,57,0.8357312417348871,0.9383649030005748,0.00022392486436461641
19,64,0.18,58,0.8581700221189182,0.9469462313036338,0.00019529601046105528
19,64,0.18,59,0.8808163501653956,0.9554618035692427,0.00016389193688699468
19,64,0.18,60,0.9035386274263074,0.9637745359213945,0.00013421926524907998
19,64,0.18,61,0.9274529695400633,0.9730654106649844,0.00010470229515667429
19,64,0.18,62,0.9537406334232692,0.9845064603078907,6.776074086129221e-05
19,64,0.18,63,0.9843851644647709,1.0000103258054813,1.769869888964059e-05
19,64,0.19,1,0.015625,1.0,0.0
19,64,0.19,2,0.029431846118015255,0.9418190757764882,0.000430576956983087
19,64,0.19,3,0.042080210927225165,0.8977111664474702,0.0005516137022290316
19,64,0.19,4,0.05416722766457494,0.8666756426331991,0.0006163998383020458
19,64,0.19,5,0.06588122570086366,0.843279688971055,0.0006579228729694983
19,64,0.19,6,0.07741568535340422,0.8257673104363118,0.0006841657909657413
19,64,0.19,7,0.08879460929870736,0.811836427873896,0.0007019918268182533
19,64,0.19,8,0.10012169404294793,0.8009735523435835,0.0007137123725554347
19,64,0.19,9,0.11145399395735156,0.7925617348078334,0.0007222313180054419
19,64,0.19,10,0.12276460239585267,0.7856934553334571,0.000728218910144169
19,64,0.19,11,0.1341272273861782,0.7803765957014004,0.0007320283148567964
19,64,0.19,12,0.14556225366354839,0.7763320195389246,0.0007337998759577066
19,64,0.19,13,0.1570528250471493,0.7731831386936581,0.0007351412370458956
19,64,0.19,14,0.16861017926314184,0.77078939091722,0.000735108814046379
19,64,0.19,15,0.1802486123674906,0.7690607461012934,0.0007340652894301086
19,64,0.19,16,0.19198467794888435,0.7679387117955374,0.0007320807883750658
19,64,0.19,17,0.20382840617346443,0.767353999711866,0.0007294515619966433
19,64,0.19,18,0.21579426533955642,0.7672684989850895,0.000725813453177137
19,64,0.19,19,0.22790538126192045,0.7676812842506795,0.0007220442092141632
19,64,0.19,20,0.2401402844372419,0.7684489101991742,0.0007178091735120381
19,64,0.19,21,0.2525412573677297,0.7696495462635573,0.0007128768083848157
19,64,0.19,22,0.2650569527567661,0.7710747716560469,0.0007074231145405279
19,64,0.19,23,0.27773471041196063,0.77282702027676,0.0007017749600828133
19,64,0.19,24,0.2905261244242993,0.7747363317981315,0.0006956130926879615
19,64,0.19,25,0.30347739650068495,0.7769021350417535,0.0006890844410208418
19,64,0.19,26,0.31657865074829705,0.779270524918885,0.00068195273371127
19,64,0.19,27,0.3298744457531278,0.7819246121555622,0.0006746927632210685
19,64,0.19,28,0.3433450382592207,0.7847886588782188,0.00066706464744747
19,64,0.19,29,0.3570141567900248,0.7878933115366064,0.0006590752431007497
19,64,0.19,30,0.3708587480874026,0.7911653292531257,0.0006507998310018774
19,64,0.19,31,0.3848821136154285,0.7945953313350782,0.000642045004630699
19,64,0.19,32,0.39912741212142433,0.7982548242428487,0.0006327420184070535
19,64,0.19,33,0.4135488599089821,0.8020341525507532,0.0006229318273337414
19,64,0.19,34,0.42819437591797394,0.8060129429044215,0.0006128718673782124
19,64,0.19,35,0.44308388342776994,0.8102105296964937,0.0006020494558103951
19,64,0.19,36,0.4581745187912302,0.8145324778510761,0.0005910241482833065
19,64,0.19,37,0.4734876787071746,0.8190057145205183,0.0005793380274139585
19,64,0.19,38,0.48903124989744384,0.8236315787746423,0.0005670264169232602
19,64,0.19,39,0.504833998877202,0.8284455366189982,0.0005543359948753718
19,64,0.19,40,0.5208571323420079,0.8333714117472127,0.0005412075294134616
19,64,0.19,41,0.5371368068863503,0.8384574546518639,0.0005272673526273303
19,64,0.19,42,0.5536752833604723,0.8436956698826246,0.0005128593199772859
19,64,0.19,43,0.5704749505415985,0.8490789961549374,0.0004979267869598403
19,64,0.19,44,0.5875639555267422,0.8546384807661704,0.00048257693338808397
19,64,0.19,45,0.6049316206135071,0.8603471937614324,0.0004664550542375137
19,64,0.19,46,0.6225725145511303,0.8661878463320074,0.00044979707138523577
19,64,0.19,47,0.6405176700097194,0.8721942740557882,0.00043229273444167076
19,64,0.19,48,0.6587720838617186,0.8783627784822914,0.00041417274608120233
19,64,0.19,49,0.6773544915032985,0.8847079072696143,0.0003953424862628206
19,64,0.19,50,0.6962502866113991,0.8912003668625907,0.0003757370626801271
19,64,0.19,51,0.7154798264824445,0.8978570371544403,0.00035521295538156557
19,64,0.19,52,0.7350819198746292,0.9047162090764667,0.00033397121871998805
19,64,0.19,53,0.7550184775648883,0.9117204257387332,0.00031196349214966847
19,64,0.19,54,0.7753270678313575,0.918906154466794,0.0002887469148963451
19,64,0.19,55,0.7959881409182095,0.9262407457957348,0.00026442033168868966
19,64,0.19,56,0.8169973785874329,0.9337112898142093,0.00023949557569456
19,64,0.19,57,0.8385264089065675,0.941503336316146,0.00021431324030931267
19,64,0.19,58,0.8606608168965558,0.9496946945065444,0.0001867574023779443
19,64,0.19,59,0.8829757157468715,0.9578041662338945,0.00015649164661936507
19,64,0.19,60,0.9053252559546424,0.9656802730182853,0.00012805476341267298
19,64,0.19,61,0.9288288219802077,0.9745089279792343,9.978302167266504e-05
19,64,0.19,62,0.9545536916427076,0.9853457462118271,6.448426447589062e-05
19,64,0.19,63,0.9843837318555974,1.00000887045648,1.7159526959945023e-05
19,64,0.2,1,0.01562499999999999,0.9999999999999993,1.2386606764482126e-18
19,64,0.2,2,0.02952856742206522,0.9449141575060871,0.00041983215923124497
19,64,0.2,3,0.04230787218652613,0.9025679399792242,0.0005385893379063949
19,64,0.2,4,0.054544181284504195,0.8727069005520671,0.000602893513589656
19,64,0.2,5,0.06641400507488704,0.8500992649585539,0.0006444198071603705
19,64,0.2,6,0.07810828233989112,0.8331550116255053,0.000670518893241202
19,64,0.2,7,0.0896611008836262,0.8197586366502968,0.0006881699643263212
19,64,0.2,8,0.10115113894982508,0.8092091115986006,0.0007000026781461631
19,64,0.2,9,0.11264784784839788,0.801051362477496,0.0007087256637382571
19,64,0.2,10,0.12412606967795681,0.7944068459389235,0.0007147822707474921
19,64,0.2,11,0.13565727710173076,0.7892787031373425,0.0007186664046787949
19,64,0.2,12,0.14725099920933557,0.7853386624497898,0.0007202362988206177
19,64,0.2,13,0.15890117756239994,0.7822827203071995,0.0007214088668710224
19,64,0.2,14,0.17061785429620335,0.7799673339255011,0.0007214934870915245
19,64,0.2,15,0.18241592742812826,0.7783079570266805,0.0007201683357360854
19,64,0.2,16,0.1943100205671527,0.7772400822686109,0.0007183223012996818
19,64,0.2,17,0.20631639127244036,0.7767205318491872,0.0007156271075910687
19,64,0.2,18,0.21844125774143716,0.7766800275251099,0.0007119585603758711
19,64,0.2,19,0.2307074582420139,0.7771198593415205,0.0007080928365082843
19,64,0.2,20,0.24308128927923897,0.7778601256935648,0.0007035278315871894
19,64,0.2,21,0.2556254004662795,0.7790488395162806,0.0006984344259525845
19,64,0.2,22,0.2682839789905064,0.7804624843360185,0.000692811729884158
19,64,0.2,23,0.2810931452745449,0.7821722303291682,0.000686961049708494
19,64,0.2,24,0.29401438073672564,0.7840383486312685,0.0006807003441702308
19,64,0.2,25,0.3070981881580551,0.7861713616846211,0.0006740777015729651
19,64,0.2,26,0.3203253395037873,0.7884931433939378,0.0006667409146379652
19,64,0.2,27,0.33373532950969464,0.7910763366155724,0.0006593584828905626
19,64,0.2,28,0.3473231110392782,0.7938813966612074,0.0006516653162896518
19,64,0.2,29,0.36109581577803274,0.796901110682555,0.0006435369004013955
19,64,0.2,30,0.3750312933271415,0.8000667590979019,0.0006351892983956364
19,64,0.2,31,0.38914499618926623,0.8033961211649367,0.0006263315001879996
19,64,0.2,32,0.4034672338354533,0.8069344676709066,0.0006168958427972477
19,64,0.2,33,0.4179591863302729,0.8105875128829535,0.0006069986691472832
19,64,0.2,34,0.4326728695902356,0.8144430486404436,0.000596832505973984
19,64,0.2,35,0.44761872203789127,0.818502806012144,0.0005859929461802032
19,64,0.2,36,0.46276580966418207,0.8226947727363237,0.0005748817946800436
19,64,0.2,37,0.4781153080036812,0.827010262492854,0.0005631483171332338
19,64,0.2,38,0.4936894037686611,0.831476890557745,0.0005508631547152899
19,64,0.2,39,0.5095153314048676,0.8361277233310647,0.0005382020148798305
19,64,0.2,40,0.525555463186316,0.8408887410981055,0.0005251105956708247
19,64,0.2,41,0.5418346768684469,0.8457907151117219,0.0005112606980450083
19,64,0.2,42,0.558363622364386,0.8508398055076358,0.0004969717561237477
19,64,0.2,43,0.5751394231744701,0.8560214670503741,0.0004822313547441079
19,64,0.2,44,0.5921877732607344,0.8613640338337953,0.0004670885004304867
19,64,0.2,45,0.6095093562533382,0.8668577511158587,0.00045118567656201176
19,64,0.2,46,0.6270945777338174,0.8724794124992242,0.00043477759082374514
19,64,0.2,47,0.6449644585956894,0.8782494755345558,0.0004175577007300052
19,64,0.2,48,0.6631270240239667,0.8841693653652891,0.00039976574338314395
19,64,0.2,49,0.6816006824173286,0.8902539525450822,0.00038130596332211947
19,64,0.2,50,0.7003723954208154,0.8964766661386437,0.0003620928444081696
19,64,0.2,51,0.7194571199529306,0.9028481505291678,0.0003420243275843462
19,64,0.2,52,0.7388930051078363,0.9094067755173368,0.00032134601336859613
19,64,0.2,53,0.7586501001051513,0.9161057812590505,0.00029994239630740165
19,64,0.2,54,0.778759644759596,0.9229743937891508,0.00027739121232866327
19,64,0.2,55,0.7991960138043386,0.9299735433359575,0.0002537866071974005
19,64,0.2,56,0.8199546490822552,0.9370910275225774,0.00022962174452304375
19,64,0.2,57,0.8412016319922666,0.9445070955702642,0.0002053332369239082
19,64,0.2,58,0.8630365742001065,0.9523162198070141,0.0001787868049842792
19,64,0.2,59,0.8850266494674444,0.9600289078968888,0.00014963153207203569
19,64,0.2,60,0.9070253245975373,0.9674936795707063,0.00012235617426194762
19,64,0.2,61,0.9301382730038531,0.9758827782335509,9.52165505238584e-05
19,64,0.2,62,0.9553299724105491,0.9861470682947603,6.144538862506391e-05
19,64,0.2,63,0.9843922963006031,1.0000175708450572,1.6635918609228793e-05
19,64,0.25,1,0.015624999999999993,0.9999999999999996,1.592563726861988e-18
19,64,0.25,2,0.029898364736395153,0.9567476715646449,0.00037389434398077024
19,64,0.25,3,0.043227945356864576,0.9221961676131112,0.00048640466000361883
19,64,0.25,4,0.0560621682550485,0.896994692080776,0.0005492901816078295
19,64,0.25,5,0.06857600635401613,0.8777728813314064,0.0005892768699254753
19,64,0.25,6,0.08092940452300505,0.8632469815787206,0.0006145511859910168
19,64,0.25,7,0.09316894978697372,0.8518303980523313,0.0006321361667924107
19,64,0.25,8,0.10533760158264559,0.8427008126611647,0.0006438899394320581
19,64,0.25,9,0.11752388235069837,0.8357253856049663,0.0006524198260630217
19,64,0.25,10,0.12969011243721995,0.8300167195982079,0.0006586694134320666
19,64,0.25,11,0.14189621095618107,0.8255779546541444,0.0006624441102517325
19,64,0.25,12,0.15416856045955107,0.8222323224509392,0.0006637272021467903
19,64,0.25,13,0.16648380625462852,0.8196125846381712,0.0006641917555288661
19,64,0.25,14,0.1788507338715118,0.8176033548411968,0.0006636741175945925
19,64,0.25,15,0.1913199930275141,0.8162986369173937,0.0006618563275867111
19,64,0.25,16,0.2038588926700265,0.815435570680106,0.0006595513144726438
19,64,0.25,17,0.2164833625683173,0.8149961884924887,0.0006563251966133862
19,64,0.25,18,0.22922640527755828,0.8150272187646519,0.0006524095260046583
19,64,0.25,19,0.2420937760984822,0.8154737721212033,0.0006478671320706028
19,64,0.25,20,0.25504971513012,0.8161590884163841,0.0006428371361272513
19,64,0.25,21,0.26815475140776607,0.8172335280998586,0.0006370354337812505
19,64,0.25,22,0.2813710041982223,0.8185338303948286,0.0006311541536592834
19,64,0.25,23,0.2947055039711703,0.8200500980067348,0.0006249238336244514
19,64,0.25,24,0.3081442638327124,0.821718036887233,0.0006181988316609093
19,64,0.25,25,0.3217110251673302,0.8235802244283652,0.0006109802407771383
19,64,0.25,26,0.33540650463070637,0.8256160113986619,0.0006033434287517872
19,64,0.25,27,0.3492705536781321,0.8279005716814983,0.0005955259517576783
19,64,0.25,28,0.36328021661730153,0.8303547808395466,0.0005874260919653647
19,64,0.25,29,0.3774494893434889,0.8329919764821823,0.0005790283974308393
19,64,0.25,30,0.39176297510527575,0.8357610135579218,0.0005703848792993989
19,64,0.25,31,0.4062146128852011,0.8386366201500927,0.0005613036667610344
19,64,0.25,32,0.4208535142958176,0.8417070285916352,0.0005516535490677973
19,64,0.25,33,0.43564012649843803,0.8448778210878798,0.000541649455322453
19,64,0.25,34,0.4505885748743938,0.8481667291753295,0.0005312124122318857
19,64,0.25,35,0.4657470772694996,0.8516517984356564,0.000520496233483018
19,64,0.25,36,0.48106245156062083,0.8552221361077705,0.0005093918092032097
19,64,0.25,37,0.4965503108386279,0.8588978349641133,0.0004978548807085977
19,64,0.25,38,0.5122245270435913,0.8626939402839435,0.0004858154786214808
19,64,0.25,39,0.5281063603991686,0.8666360786037638,0.00047355660165971383
19,64,0.25,40,0.5441604000150958,0.8706566400241534,0.00046093980589975654
19,64,0.25,41,0.5604240235762881,0.8748082319239618,0.0004477661448712128
19,64,0.25,42,0.5768931527743154,0.8790752804180044,0.00043413000360115395
19,64,0.25,43,0.5935525197606344,0.8834270061553628,0.0004201066937642822
19,64,0.25,44,0.6104307485516808,0.8878992706206267,0.0004058199708304698
19,64,0.25,45,0.627536547402108,0.8924964229718869,0.00039086891601443997
19,64,0.25,46,0.6448545187690802,0.8971888956787204,0.00037556226919800137
19,64,0.25,47,0.6623917861973352,0.9019803046091375,0.0003596346864250822
19,64,0.25,48,0.6801626128320427,0.906883483776057,0.0003432499272815495
19,64,0.25,49,0.6981686504900966,0.9118937475789017,0.00032645530307750994
19,64,0.25,50,0.7164236474632117,0.9170222687529112,0.00030905798569914986
19,64,0.25,51,0.7349181153467342,0.9222501839645293,0.00029094627335128604
19,64,0.25,52,0.7536855159538056,0.9276129427123762,0.0002724535910842326
19,64,0.25,53,0.7727035804109694,0.9330760216283407,0.00025349553958983935
19,64,0.25,54,0.7920043679409643,0.9386718434855874,0.00023374956962157674
19,64,0.25,55,0.8115590657130237,0.9443596401024278,0.00021306112649371745
19,64,0.25,56,0.8313221636676087,0.9500824727629815,0.000192014248347143
19,64,0.25,57,0.8514627539986493,0.9560283553669047,0.00017114451323606156
19,64,0.25,58,0.8720978181590381,0.9623148338306627,0.0001486559617450128
19,64,0.25,59,0.892833718444972,0.9684975928894611,0.0001240572833468524
19,64,0.25,60,0.9135096806551233,0.9744103260321317,0.00010108307260786039
19,64,0.25,61,0.9351238358467614,0.9811135326916841,7.814319262619462e-05
19,64,0.25,62,0.9582507933784471,0.9891621092938808,5.0316662305030545e-05
19,64,0.25,63,0.9843896015235217,1.0000148332937366,1.4634543404183385e-05
19,64,0.5,1,0.015624999999999997,0.9999999999999998,7.078061008275504e-19
19,64,0.5,2,0.030735300824591798,0.9835296263869375,0.00023369618696775216
19,64,0.5,3,0.0453796328816001,0.9680988348074687,0.00031823790599228106
19,64,0.5,4,0.059744158800959526,0.9559065408153524,0.00036846469861466936
19,64,0.5,5,0.07392901845837825,0.9462914362672414,0.000402414399589307
19,64,0.5,6,0.08799091059437969,0.9385697130067165,0.00042542915844430727
19,64,0.5,7,0.10199289459384266,0.9325064648579899,0.00044175060751751603
19,64,0.5,8,0.11595200818131537,0.927616065450523,0.0004519983168930227
19,64,0.5,9,0.12989364209894882,0.9236881215925249,0.00045931441002799577
19,64,0.5,10,0.14383013459138458,0.9205128613848611,0.0004644619376247256
19,64,0.5,11,0.15779287167813225,0.9180676170364058,0.00046721069466197597
19,64,0.5,12,0.17177237178991556,0.916119316212883,0.00046836259471538853
19,64,0.5,13,0.18577879563371835,0.9146033015813825,0.00046866448964540163
19,64,0.5,14,0.19982197142073846,0.9134718693519474,0.000467871260129994
19,64,0.5,15,0.21390683025421547,0.9126691424179861,0.0004660309671087649
19,64,0.5,16,0.2280552579710249,0.9122210318840996,0.00046391298707702014
19,64,0.5,17,0.24224000352135364,0.9119623661980372,0.0004611156643318897
19,64,0.5,18,0.2564880241554363,0.911957419219329,0.00045722306506961466
19,64,0.5,19,0.27081148898010826,0.9122071207751016,0.00045266632136063516
19,64,0.5,20,0.2851639111333525,0.912524515626728,0.000447702913233019
19,64,0.5,21,0.29961344511147414,0.9131076422444927,0.00044223310360748337
19,64,0.5,22,0.31411995729895636,0.9138035121424186,0.00043665986441581686
19,64,0.5,23,0.3286929518190057,0.9146238659311463,0.0004308202038634468
19,64,0.5,24,0.3433075918167802,0.9154869115114138,0.0004246327737631245
19,64,0.5,25,0.35800257956020837,0.9164866036741335,0.0004180307749756378
19,64,0.5,26,0.3727598524256697,0.9175627136631869,0.0004111780377498494
19,64,0.5,27,0.3876058526352318,0.9187694284686975,0.0004041667287577363
19,64,0.5,28,0.4025201907265421,0.9200461502320961,0.00039673098153180004
19,64,0.5,29,0.4175229514024684,0.9214299617157924,0.000389203097975211
19,64,0.5,30,0.43261409832340963,0.9229100764232738,0.0003813910605223249
19,64,0.5,31,0.4477688672201713,0.9244260484545471,0.00037330918653344917
19,64,0.5,32,0.4630108930862602,0.9260217861725204,0.00036492680542451567
19,64,0.5,33,0.478335533416306,0.927681034504351,0.00035628630850172057
19,64,0.5,34,0.49374350831588587,0.9293995450651968,0.0003476158632805173
19,64,0.5,35,0.5092364630258316,0.9311752466758061,0.0003387069694320853
19,64,0.5,36,0.5248098170389361,0.9329952302914419,0.00032969008575151423
19,64,0.5,37,0.5404731943323204,0.9348725523586082,0.00032042249130369006
19,64,0.5,38,0.5562262473147048,0.9368021007405556,0.0003109374868653629
19,64,0.5,39,0.5720620487999977,0.9387684903384577,0.00030129075201032186
19,64,0.5,40,0.5879841753173688,0.94077468050779,0.00029149672972926305
19,64,0.5,41,0.6040102711893579,0.9428453013687538,0.00028152620959843186
19,64,0.5,42,0.620127965449843,0.9449568997330942,0.00027134660186958737
19,64,0.5,43,0.6363320706702275,0.9470988958812687,0.00026086888725621125
19,64,0.5,44,0.6526257743582734,0.9492738536120342,0.00025042771712017564
19,64,0.5,45,0.6690282758430792,0.9515068811990458,0.00023970887788588618
19,64,0.5,46,0.6855244095260007,0.9537730915144358,0.00022880619518704572
19,64,0.5,47,0.7021147984118924,0.9560712148587469,0.0002176698766094789
19,64,0.5,48,0.7188140129628668,0.9584186839504891,0.0002064419849585436
19,64,0.5,49,0.7356159723007077,0.9608045352499038,0.0001948942355722971
19,64,0.5,50,0.7525111077855582,0.9632142179655145,0.00018319153818527678
19,64,0.5,51,0.7695069237318393,0.9656557474281905,0.00017134823229615834
19,64,0.5,52,0.7866251301864364,0.9681540063833062,0.0001592409283659989
19,64,0.5,53,0.803824209962655,0.970655649766225,0.00014689100538629196
19,64,0.5,54,0.8211313311722999,0.9731926887967997,0.00013461761850004303
19,64,0.5,55,0.8385981379296531,0.9758232877726871,0.00012197562554740746
19,64,0.5,56,0.8561268248586951,0.9784306569813658,0.00010890070714534603
19,64,0.5,57,0.8737249969221097,0.9810245579476319,9.605430448913376e-05
19,64,0.5,58,0.8915688277259838,0.9838000857666028,8.321836316743571e-05
19,64,0.5,59,0.9096098289768663,0.9866954077037192,6.897247512311059e-05
19,64,0.5,60,0.9274209949562078,0.9892490612866217,5.572262063641859e-05
19,64,0.5,61,0.9456930145358705,0.9922025070540281,4.2198568128948805e-05
19,64,0.5,62,0.9645083971218718,0.9956215712225772,2.781389373845581e-05
19,64,0.5,63,0.984377137886828,1.0000021718215395,9.62005140968574e-06
19,64,1.0,1,0.015624999999999993,0.9999999999999996,1.592563726861988e-18
19,64,1.0,2,0.031122177232339114,0.9959096714348517,0.00011990429587198632
19,64,1.0,3,0.04645584473561265,0.9910580210264034,0.00017167330622204035
19,64,1.0,4,0.061669377745846965,0.9867100439335514,0.0002055959348490479
19,64,1.0,5,0.07680641421924354,0.9831221020063174,0.00022932850738379023
19,64,1.0,6,0.09188088150032765,0.9800627360034951,0.0002459971106249206
19,64,1.0,7,0.10691945126092399,0.9775492686713051,0.00025835058971860464
19,64,1.0,8,0.12195059232058834,0.9756047385647068,0.00026725852253582145
19,64,1.0,9,0.1369630821585549,0.9739596953497239,0.0002742005397622353
19,64,1.0,10,0.15196263614581282,0.972560871333202,0.0002785401041267222
19,64,1.0,11,0.16696398951704217,0.9714268480991544,0.00028123725307205896
19,64,1.0,12,0.18196947699225965,0.9705038772920516,0.00028263899738687474
19,64,1.0,13,0.19698050046197613,0.9697501561204979,0.00028341677259937406
19,64,1.0,14,0.2120156621042139,0.9692144553335494,0.0002837268461662446
19,64,1.0,15,0.227054340530735,0.9687651862644694,0.0002829911522146167
19,64,1.0,16,0.24212799140627053,0.9685119656250821,0.0002819776314413477
19,64,1.0,17,0.2571933121211232,0.9682571750442285,0.0002803338199425368
19,64,1.0,18,0.2722917870318955,0.9681485761134064,0.00027789003747085805
19,64,1.0,19,0.2874172378625165,0.9681422749053188,0.0002751244465194954
19,64,1.0,20,0.3025531484263999,0.9681700749644798,0.0002720609461952246
19,64,1.0,21,0.3177264574719673,0.968309203724091,0.0002686121105441378
19,64,1.0,22,0.3329277644692648,0.9685171330014976,0.00026503029850977
19,64,1.0,23,0.3481596884824531,0.9687921766468262,0.0002610497615338169
19,64,1.0,24,0.3633918750440225,0.9690450001173934,0.0002570691141965182
19,64,1.0,25,0.3786801524149732,0.9694211901823314,0.0002525717680819631
19,64,1.0,26,0.3939753313354704,0.9697854309796196,0.00024805753820026684
19,64,1.0,27,0.4093115334836629,0.9702199312205343,0.0002433389247495858
19,64,1.0,28,0.42466652449434883,0.9706663417013689,0.00023844927496952266
19,64,1.0,29,0.44006468465446946,0.9711772350995189,0.0002333674355329767
19,64,1.0,30,0.45549741108442615,0.9717278103134426,0.000228177592441012
19,64,1.0,31,0.4709515827374498,0.972287138554735,0.00022270210455084267
19,64,1.0,32,0.4864426885280174,0.9728853770560348,0.000217268399227852
19,64,1.0,33,0.5019501641679582,0.9734791062651311,0.00021165664035030274
19,64,1.0,34,0.5175042759428293,0.9741256958923847,0.00020595491001900378
19,64,1.0,35,0.5330922199569378,0.9747972022069721,0.0002001450388408289
19,64,1.0,36,0.5486976516525913,0.9754624918268292,0.00019427810887370607
19,64,1.0,37,0.5643544455780176,0.976180662621436,0.00018821671499451244
19,64,1.0,38,0.5800249548736707,0.976884134524077,0.000182190684510653
19,64,1.0,39,0.5957507926619156,0.977642326419554,0.00017608450549622958
19,64,1.0,40,0.6114927703560613,0.9783884325696982,0.00016987400889389377
19,64,1.0,41,0.6272757159547323,0.979162093197631,0.0001635312041459189
19,64,1.0,42,0.6430986453624699,0.9799598405523351,0.00015713753258590085
19,64,1.0,43,0.6589512764286583,0.9807646904984679,0.00015058562385713052
19,64,1.0,44,0.6748401638367756,0.9815856928534918,0.00014408746225081428
19,64,1.0,45,0.69076967197289,0.982427977916999,0.00013751359179911722
19,64,1.0,46,0.7067302558869389,0.9832768777557414,0.000130846206076146
19,64,1.0,47,0.7227179079787577,0.9841265129923511,0.00012407391504553654
19,64,1.0,48,0.7387497121394506,0.9849996161859342,0.00011730082674892917
19,64,1.0,49,0.7548143905486508,0.9858800203084421,0.00011036241873354615
19,64,1.0,50,0.7709194826135523,0.986776937745347,0.0001034253872258752
19,64,1.0,51,0.7870637587368116,0.9876878541010969,9.636333332303371e-05
19,64,1.0,52,0.8032380707524343,0.9886007024645345,8.929448444307763e-05
19,64,1.0,53,0.8194520355798537,0.9895269863605782,8.21694549043033e-05
19,64,1.0,54,0.8357096590047606,0.9904707069686053,7.492038388593776e-05
19,64,1.0,55,0.851982972767813,0.9913983683116372,6.76508912159879e-05
19,64,1.0,56,0.8683377337325585,0.9923859814086385,6.0378732551690285e-05
19,64,1.0,57,0.8847114802186538,0.9933602584911202,5.283325285251351e-05
19,64,1.0,58,0.9011140655086098,0.9943327619405351,4.555091679775178e-05
19,64,1.0,59,0.917621681128744,0.9953862303769426,3.802088974056479e-05
19,64,1.0,60,0.9341747071212908,0.996453020929377,3.0485468705186923e-05
19,64,1.0,61,0.9508451043246723,0.997607978307853,2.297907322284793e-05
19,64,1.0,62,0.96766869833891,0.9988838176401651,1.472667697457963e-05
19,64,1.0,63,0.9843741418236791,0.9999991282018329,6.007115374030086e-06
30,8,0.01,1,0.12499999999999999,0.9999999999999999,1.1289944225545618e-18
30,8,0.01,2,0.2028062292886858,0.8112249171547432,0.000571345094100368
30,8,0.01,3,0.2750425772544631,0.7334468726785682,0.0006535626523970024
30,8,0.01,4,0.3550371042784142,0.7100742085568283,0.0006789389142590237
30,8,0.01,5,0.4523015397001825,0.723682463520292,0.0006703139887859409
30,8,0.01,6,0.5822941620460428,0.7763922160613903,0.0005934451330085526
30,8,0.01,7,0.875211460884229,1.000241669581976,0.00044120021123094353
30,8,0.02,1,0.125,1.0,5.755657840474236e-19
30,8,0.02,2,0.2099330294405007,0.8397321177620028,0.0005241860524814721
30,8,0.02,3,0.2896153949943821,0.7723077199850189,0.0005898417797114466
30,8,0.02,4,0.37614631813066907,0.7522926362613381,0.0006005745571678973
30,8,0.02,5,0.47900594692304715,0.7664095150768755,0.0005741149501642692
30,8,0.02,6,0.6132245850643034,0.8176327800857379,0.0004820872696424552
30,8,0.02,7,0.8752320248323042,1.000265171236919,0.00031109978628836836
30,8,0.03,1,0.125,0.9999999999999999,0.0
30,8,0.03,2,0.21462313448423267,0.8584925379369306,0.00048621154541782826
30,8,0.03,3,0.29915601652702034,0.7977493774053876,0.0005471422929279497
30,8,0.03,4,0.3904881500128821,0.780976300025764,0.0005543526034359369
30,8,0.03,5,0.49680476524243616,0.7948876243878978,0.0005163853608786332
30,8,0.03,6,0.6327012846819883,0.8436017129093176,0.00041797572345630697
30,8,0.03,7,0.8751448271406892,1.000165516732216,0.0002524989371020884
30,8,0.04,1,0.12499999999999996,0.9999999999999997,1.1954058591754185e-18
30,8,0.04,2,0.21830637104542636,0.8732254841817054,0.00046089322036335103
30,8,0.04,3,0.3067656736128057,0.8180417963008152,0.0005180362312400794
30,8,0.04,4,0.4014705292844484,0.8029410585688967,0.0005194763614668289
30,8,0.04,5,0.510121731029872,0.8161947696477952,0.0004762217491336574
30,8,0.04,6,0.6467478717024461,0.8623304956032615,0.0003745973262212896
30,8,0.04,7,0.8750764470126385,1.000087368014444,0.00021807174840259027
30,8,0.05,1,0.12499999999999999,0.9999999999999999,4.870172018862815e-19
30,8,0.05,2,0.22131511149930175,0.885260445997207,0.0004371676482798468
30,8,0.05,3,0.3128516807439315,0.834271148650484,0.0004914019679362398
30,8,0.05,4,0.41033815869420104,0.8206763173884021,0.000490581732087216
30,8,0.05,5,0.5207949331710753,0.8332718930737205,0.0004427047151097935
30,8,0.05,6,0.6576579704547276,0.8768772939396369,0.0003410999563092362
30,8,0.05,7,0.8750914963256603,1.000104567229326,0.00019365854338093634
30,8,0.06,1,0.12500000000000006,1.0000000000000004,8.264534335039929e-19
30,8,0.06,2,0.22386274956747554,0.8954509982699022,0.0004166500740841645
30,8,0.06,3,0.31805044647475283,0.8481345239326741,0.00046898880847999036
30,8,0.06,4,0.4177641796831488,0.8355283593662975,0.0004656726135397274
30,8,0.06,5,0.5297232682005331,0.8475572291208527,0.00041628958153735064
30,8,0.06,6,0.6667871140815923,0.889049485442123,0.0003145230087650781
30,8,0.06,7,0.8751655311455994,1.0001891784521135,0.00017560103872236326
30,8,0.07,1,0.125,0.9999999999999998,7.210384547407285e-19
30,8,0.07,2,0.22599679059086847,0.9039871623634737,0.00039767676508210484
30,8,0.07,3,0.3224368962471989,0.8598317233258637,0.0004491705016228323
30,8,0.07,4,0.42411445802566095,0.8482289160513218,0.00044504775663026046
30,8,0.07,5,0.5372174651030313,0.8595479441648499,0.00039301337372927734
30,8,0.07,6,0.6740380250472916,0.898717366729722,0.00029349673749750574
30,8,0.07,7,0.8751376364636669,1.0001572988156193,0.0001618123797565627
30,8,0.08,1,0.12499999999999997,0.9999999999999997,6.4197722066828e-19
30,8,0.08,2,0.22788415105652265,0.9115366042260904,0.0003821016695307852
30,8,0.08,3,0.3263131750522751,0.8701684668060669,0.00043236271159917644
30,8,0.08,4,0.42947782376692223,0.8589556475338443,0.0004256660749521682
30,8,0.08,5,0.5436100641985006,0.8697761027176009,0.00037391404108317553
30,8,0.08,6,0.6803624944666505,0.9071499926222006,0.0002760388411799446
30,8,0.08,7,0.8751090803411887,1.0001246632470728,0.00015059434537744319
30,8,0.09,1,0.12500000000000006,1.0000000000000004,1.1609702994460853e-18
30,8,0.09,2,0.22950140581256617,0.9180056232502647,0.00036775392510105437
30,8,0.09,3,0.32959932405396,0.8789315308105599,0.00041560476213908337
30,8,0.09,4,0.43439040340564516,0.8687808068112903,0.00040917128119712174
30,8,0.09,5,0.5492937569683386,0.8788700111493417,0.00035666752173235753
30,8,0.09,6,0.6861600520178468,0.9148800693571291,0.0002597728529287979
30,8,0.09,7,0.8751015938425699,1.0001161072486513,0.00014099576824002635
30,8,0.1,1,0.12500000000000006,1.0000000000000004,1.062582985933705e-18
30,8,0.1,2,0.23095457732924798,0.9238183093169919,0.000354585893549553
30,8,0.1,3,0.33268014520282146,0.8871470538741906,0.00040297282789250014
30,8,0.1,4,0.4386479442505014,0.8772958885010028,0.00039451474439621627
30,8,0.1,5,0.554365622610083,0.886984996176133,0.00034220408961013846
30,8,0.1,6,0.6908391146989208,0.9211188195985611,0.0002474146010090695
30,8,0.1,7,0.8751291293962111,1.0001475764528127,0.00013316742388345344
30,8,0.11,1,0.125,1.0,9.820842748781214e-19
30,8,0.11,2,0.23227809802344854,0.9291123920937941,0.0003423064933735855
30,8,0.11,3,0.33531082432113624,0.8941621981896964,0.0003883860146424821
30,8,0.11,4,0.44253266503840105,0.8850653300768021,0.0003805694922789411
30,8,0.11,5,0.558881121878881,0.8942097950062096,0.00032841167634455374
30,8,0.11,6,0.6949923943163201,0.9266565257550935,0.00023611029411211413
30,8,0.11,7,0.8751845784604642,1.0002109468119593,0.00012614378402977722
30,8,0.12,1,0.12499999999999994,0.9999999999999996,1.3725030234977024e-18
30,8,0.12,2,0.233444308513611,0.933777234054444,0.0003307975174270775
30,8,0.12,3,0.3377441001508089,0.9006509337354904,0.0003761038085378078
30,8,0.12,4,0.4460688196066913,0.8921376392133826,0.0003685098170304301
30,8,0.12,5,0.5629586377153485,0.9007338203445575,0.0003152809263724104
30,8,0.12,6,0.6988196932196992,0.9317595909595989,0.00022542857380053585
30,8,0.12,7,0.8751887717687471,1.0002157391642825,0.0001199797870394408
30,8,0.13,1,0.12499999999999997,0.9999999999999997,4.291200520116887e-19
30,8,0.13,2,0.23449997628904215,0.9379999051561685,0.00032024717975472365
30,8,0.13,3,0.3399508495748822,0.9065355988663525,0.0003655185490839373
30,8,0.13,4,0.44912823929930057,0.898256478598601,0.00035622840580209206
30,8,0.13,5,0.5666688769372368,0.9066702030995788,0.0003036086934399845
30,8,0.13,6,0.7024092655958438,0.936545687461125,0.00021599936893263954
30,8,0.13,7,0.8751966736986414,1.0002247699413045,0.00011462877998802992
30,8,0.14,1,0.12499999999999997,0.9999999999999998,0.0
30,8,0.14,2,0.23545818750647804,0.9418327500259122,0.0003097065320101874
30,8,0.14,3,0.34192408168154126,0.9117975511507768,0.0003531448654811961
30,8,0.14,4,0.45196219827983497,0.9039243965596699,0.00034426623858834545
30,8,0.14,5,0.5699830665265163,0.9119729064424262,0.00029307278704790224
30,8,0.14,6,0.7057890849030253,0.9410521132040338,0.00020669469061759512
30,8,0.14,7,0.8752060521081484,1.000235488123598,0.0001097386439703524
30,8,0.15,1,0.12500000000000003,1.0000000000000002,0.0
30,8,0.15,2,0.2363097929183185,0.945239171673274,0.00029996846287071513
30,8,0.15,3,0.3436903103076334,0.916507494153689,0.0003427567838349614
30,8,0.15,4,0.454506939408196,0.909013878816392,0.00033380673871963144
30,8,0.15,5,0.5728950906080693,0.9166321449729109,0.000283735081386933
30,8,0.15,6,0.7087622210048874,0.9450162946731833,0.00019851092301112242
30,8,0.15,7,0.8751827659369712,1.0002088753565384,0.00010547059073872717
30,8,0.16,1,0.12499999999999989,0.9999999999999991,7.305258028294226e-19
30,8,0.16,2,0.23713023811541173,0.9485209524616469,0.0002913649822423445
30,8,0.16,3,0.3453493409141162,0.9209315757709764,0.0003332657422362044
30,8,0.16,4,0.456825227260821,0.913650454521642,0.00032427008520551174
30,8,0.16,5,0.5756180626680856,0.9209889002689369,0.00027431037161527425
30,8,0.16,6,0.7114159583427604,0.9485546111236804,0.00019067076501378384
30,8,0.16,7,0.8751378866475541,1.0001575847400617,0.00010146655759950198
30,8,0.17,1,0.125,1.0,1.3959423540697696e-18
30,8,0.17,2,0.23790561453785045,0.9516224581514018,0.00028313640551852346
30,8,0.17,3,0.3469602170760883,0.9252272455362357,0.0003246772527700201
30,8,0.17,4,0.45898040142938945,0.9179608028587789,0.0003150120364446628
30,8,0.17,5,0.5782002448788491,0.9251203918061588,0.0002654705119876181
30,8,0.17,6,0.713513924146567,0.9513518988620896,0.00018432569743890944
30,8,0.17,7,0.8751213529822238,1.0001386891225417,9.780826281421058e-05
30,8,0.18,1,0.125,0.9999999999999998,6.690337318841847e-19
30,8,0.18,2,0.23858681454833666,0.9543472581933464,0.0002756371458921252
30,8,0.18,3,0.34843279850234293,0.9291541293395811,0.00031590383366979143
30,8,0.18,4,0.4610727710854455,0.9221455421708908,0.0003069257654528989
30,8,0.18,5,0.5806240562795146,0.9289984900472233,0.0002572984341740008
30,8,0.18,6,0.7154182437342143,0.953890991645619,0.0001791459730284256
30,8,0.18,7,0.8751097514100191,1.000125430182879,9.464336783577673e-05
30,8,0.19,1,0.12500000000000003,1.0000000000000002,0.0
30,8,0.19,2,0.23918498634215463,0.9567399453686185,0.0002681771650929559
30,8,0.19,3,0.3496790499434595,0.932477466515892,0.0003072004428530349
30,8,0.19,4,0.4629445452382862,0.9258890904765724,0.0002978260803442327
30,8,0.19,5,0.5828511799605973,0.9325618879369557,0.0002494037742772357
30,8,0.19,6,0.7172531853385293,0.9563375804513726,0.00017413746023362716
30,8,0.19,7,0.8750941979947466,1.0001076548511392,9.165016325044699e-05
30,8,0.2,1,0.12499999999999997,0.9999999999999998,6.198400751279944e-19
30,8,0.2,2,0.2397679434504006,0.9590717738016024,0.00026098595513931067
30,8,0.2,3,0.3508706017073678,0.9356549378863139,0.000299210575942243
30,8,0.2,4,0.46463562169648565,0.9292712433929713,0.0002897137954795854
30,8,0.2,5,0.5847931045659713,0.9356689673055542,0.00024277021987388744
30,8,0.2,6,0.7190174786661374,0.9586899715548498,0.00016934828527128461
30,8,0.2,7,0.8750602629106555,1.000068871897892,8.888092363544133e-05
30,8,0.25,1,0.12500000000000006,1.0000000000000004,1.0625829859337051e-18
30,8,0.25,2,0.24219605799737312,0.9687842319894925,0.00023098057161604645
30,8,0.25,3,0.35603585186039927,0.9494289382943981,0.0002658946039130426
30,8,0.25,4,0.471794859622263,0.943589719244526,0.00025582826950418746
30,8,0.25,5,0.5931089674496736,0.9489743479194778,0.0002141144252877746
30,8,0.25,6,0.7271761430682608,0.9695681907576812,0.0001473403272635793
30,8,0.25,7,0.8750299000727365,1.000034171511699,7.747546257698878e-05
30,8,0.5,1,0.125,1.0,0.0
30,8,0.5,2,0.2478126861748475,0.99125074469939,0.00014485576358649874
30,8,0.5,3,0.3684274093054562,0.9824730914812164,0.00016372930815616277
30,8,0.5,4,0.48933391831917217,0.9786678366383443,0.00015913994158689486
30,8,0.5,5,0.6136875747339162,0.9819001195742659,0.00013203327277596798
30,8,0.5,6,0.7453181891845966,0.993757585579462,9.16678121031108e-05
30,8,0.5,7,0.8750873290690058,1.0000998046502922,4.805608296805453e-05
30,8,1.0,1,0.12500000000000006,1.0000000000000004,1.0625829859337051e-18
30,8,1.0,2,0.2500204557561544,1.0000818230246176,7.624546256409168e-05
30,8,1.0,3,0.37508915582875063,1.0002377488766685,8.919582079764256e-05
30,8,1.0,4,0.4991715912708746,0.9983431825417493,8.435872297203885e-05
30,8,1.0,5,0.6251064917652497,1.0001703868243996,7.143534608404759e-05
30,8,1.0,6,0.7500817587731827,1.000109011697577,5.141955368781881e-05
30,8,1.0,7,0.8750498773898958,1.0000570027313096,2.720750460237137e-05
30,16,0.01,1,0.06250000000000003,1.0000000000000004,0.0
30,16,0.01,2,0.0983127756961995,0.786502205569596,0.0006243279023645262
30,16,0.01,3,0.12726431244457168,0.6787429997043821,0.0007222807063938625
30,16,0.01,4,0.15437830745893114,0.6175132298357245,0.0007610620887190594
30,16,0.01,5,0.18190743436766213,0.5821037899765188,0.0007867597598083362
30,16,0.01,6,0.21097465990455125,0.5625990930788033,0.0008028142349411147
30,16,0.01,7,0.24262071515860315,0.5545616346482359,0.0008176535757347239
30,16,0.01,8,0.27806535504491287,0.5561307100898257,0.000830143241412685
30,16,0.01,9,0.31823310079765,0.5657477347513779,0.0008384338914262727
30,16,0.01,10,0.3649848373092956,0.5839757396948728,0.0008419509484583696
30,16,0.01,11,0.42061220291594403,0.6117995678777367,0.0008367240518916173
30,16,0.01,12,0.4874318180842121,0.6499090907789494,0.0008161756282002444
30,16,0.01,13,0.5718368815257548,0.7037992388009291,0.0007671856317691683
30,16,0.01,14,0.6788677879423275,0.7758489005055174,0.0006425348506438578
30,16,0.01,15,0.9376426857734766,1.0001521981583752,0.0002385557842146257
30,16,0.02,1,0.06250000000000003,1.0000000000000004,0.0
30,16,0.02,2,0.10199737159957052,0.8159789727965642,0.000571859155833055
30,16,0.02,3,0.1349449978187741,0.7197066550334618,0.0006631195052932268
30,16,0.02,4,0.16617993883917329,0.6647197553566931,0.0007023421176631773
30,16,0.02,5,0.19792171989973545,0.6333495036791533,0.0007248036757231629
30,16,0.02,6,0.23130394481768557,0.6168105195138281,0.0007366575569597163
30,16,0.02,7,0.2673414536518531,0.6110661797756642,0.0007435708864550466
30,16,0.02,8,0.3071559635458751,0.6143119270917502,0.0007466019915298061
30,16,0.02,9,0.3517732814400888,0.6253747225601579,0.0007456282051340861
30,16,0.02,10,0.4023030658397172,0.6436849053435475,0.0007363070158038418
30,16,0.02,11,0.4612142546124645,0.6708570976181302,0.0007154042161937301
30,16,0.02,12,0.5305693078699464,0.7074257438265952,0.0006776062285782994
30,16,0.02,13,0.6158604742986084,0.7579821222136719,0.0006155698799578266
30,16,0.02,14,0.7178163453960218,0.8203615375954536,0.000483973604383022
30,16,0.02,15,0.9376724394805138,1.0001839354458815,0.00016831953409610713
30,16,0.03,1,0.0625,0.9999999999999999,0.0
30,16,0.03,2,0.10460384261587193,0.8368307409269753,0.0005378413273864606
30,16,0.03,3,0.1404884003389163,0.7492714684742202,0.0006274152727311629
30,16,0.03,4,0.1747353153920028,0.6989412615680111,0.0006667789821883744
30,16,0.03,5,0.20948452763871572,0.6703504884438902,0.0006854654123320739
30,16,0.03,6,0.24587818005780396,0.6556751468208105,0.0006938107496373588
30,16,0.03,7,0.28481024918284076,0.6509948552750645,0.0006949500612901436
30,16,0.03,8,0.3274414277147515,0.6548828554295029,0.0006922289131400482
30,16,0.03,9,0.374768396099757,0.666254926399568,0.0006851148315616977
30,16,0.03,10,0.4278767719869431,0.6846028351791089,0.0006682635704066767
30,16,0.03,11,0.48871897948219034,0.7108639701559133,0.0006404813723623467
30,16,0.03,12,0.5590773556892633,0.7454364742523512,0.0005942252890684983
30,16,0.03,13,0.6437029044889304,0.7922497286017605,0.0005297750415247246
30,16,0.03,14,0.741157347226961,0.847036968259384,0.0004029920633738903
30,16,0.03,15,0.9375831658838162,1.0000887102760707,0.00013712989111480865
30,16,0.04,1,0.06249999999999998,0.9999999999999997,6.861385671287479e-19
30,16,0.04,2,0.1065594247104177,0.8524753976833416,0.0005114496814636024
30,16,0.04,3,0.14474373693773115,0.7719665970012328,0.0005999339473744719
30,16,0.04,4,0.18136028160441195,0.7254411264176478,0.0006384795036330776
30,16,0.04,5,0.21842696510752427,0.6989662883440776,0.0006561181046198804
30,16,0.04,6,0.2571550021086636,0.6857466722897697,0.0006618716516704504
30,16,0.04,7,0.29842355558803335,0.6821109842012191,0.0006604062709952646
30,16,0.04,8,0.3433489827862528,0.6866979655725056,0.0006535445544517842
30,16,0.04,9,0.39270916245628756,0.6981496221445112,0.0006413052888693848
30,16,0.04,10,0.4475304061475249,0.7160486498360398,0.0006195364357235158
30,16,0.04,11,0.5095978224376055,0.7412331962728805,0.0005876479103923801
30,16,0.04,12,0.5801704847455079,0.7735606463273439,0.0005375140615168659
30,16,0.04,13,0.6640642429293115,0.8173098374514602,0.00047188517782161384
30,16,0.04,14,0.75773452630152,0.8659823157731658,0.0003520754658946723
30,16,0.04,15,0.9375394594026282,1.00004209002947,0.00011857266538588383
30,16,0.05,1,0.0625,1.0,1.118151739024626e-18
30,16,0.05,2,0.10821496216263775,0.865719697301102,0.0004890503677542497
30,16,0.05,3,0.148276916678165,0.7908102222835467,0.00057688413108559
30,16,0.05,4,0.18688473726775956,0.7475389490710382,0.0006144644852484153
30,16,0.05,5,0.22591202529622875,0.7229184809479321,0.0006296109405261918
30,16,0.05,6,0.2665677077629428,0.7108472207011808,0.0006331436723256422
30,16,0.05,7,0.30977746738190504,0.7080627825872114,0.0006293426119660169
30,16,0.05,8,0.3564758626919192,0.7129517253838384,0.0006206049037274303
30,16,0.05,9,0.4073766293487408,0.7242251188422058,0.0006046267779785496
30,16,0.05,10,0.4634457857110311,0.7415132571376498,0.0005791421384475187
30,16,0.05,11,0.5262935473859461,0.7655178871068308,0.0005446180156531256
30,16,0.05,12,0.5968974608153981,0.7958632810871974,0.0004925751235796158
30,16,0.05,13,0.6799741961348994,0.8368913183198762,0.000426866886108239
30,16,0.05,14,0.7704383482426859,0.8805009694202125,0.0003147990713212037
30,16,0.05,15,0.937550803190881,1.000054190070273,0.00010543520039541704
30,16,0.06,1,0.06250000000000001,1.0000000000000002,4.743674044346899e-19
30,16,0.06,2,0.10965984769026227,0.8772787815220981,0.00046822990993282323
30,16,0.06,3,0.15138995954298723,0.8074131175625984,0.000555506596269358
30,16,0.06,4,0.1916583721141406,0.7666334884565624,0.0005919697233374451
30,16,0.06,5,0.23239122450170124,0.743651918405444,0.0006060319725882652
30,16,0.06,6,0.27469369404137556,0.7325165174436681,0.0006079972935618859
30,16,0.06,7,0.31950046820361994,0.730286784465417,0.0006028989474769091
30,16,0.06,8,0.3676314961199151,0.7352629922398302,0.000591946072192592
30,16,0.06,9,0.4197646050290843,0.746248186718372,0.000573260061079428
30,16,0.06,10,0.476827759295436,0.7629244148726976,0.0005457275916289919
30,16,0.06,11,0.540229633937389,0.785788558454384,0.0005093398374393649
30,16,0.06,12,0.6107038358254551,0.8142717811006067,0.000455959926421527
30,16,0.06,13,0.6929557170191225,0.8528685747927661,0.0003910548712848803
30,16,0.06,14,0.780704097879061,0.8922332547189269,0.00028622081932727785
30,16,0.06,15,0.9375892164365076,1.0000951641989415,9.572464088575555e-05
30,16,0.07,1,0.06249999999999998,0.9999999999999996,0.0
30,16,0.07,2,0.11086563744298097,0.8869250995438477,0.000448735315188346
30,16,0.07,3,0.15402383548427237,0.8214604559161194,0.0005352261216852789
30,16,0.07,4,0.19575397985845636,0.7830159194338253,0.0005715634216803141
30,16,0.07,5,0.23793855972562608,0.7614033911220034,0.0005850008258266818
30,16,0.07,6,0.2816370298847624,0.7510320796926998,0.0005856941467476435
30,16,0.07,7,0.3277482553111812,0.7491388692826999,0.0005793247024346365
30,16,0.07,8,0.37705898966240287,0.7541179793248055,0.0005667279675175423
30,16,0.07,9,0.4302428307910476,0.764876143628529,0.0005461151680017145
30,16,0.07,10,0.4880697529064187,0.7809116046502699,0.0005170440427796589
30,16,0.07,11,0.5518663390466136,0.8027146749768925,0.00047962673760722566
30,16,0.07,12,0.6221036305055261,0.8294715073407014,0.00042562084170062807
30,16,0.07,13,0.7036100353065217,0.865981581915719,0.0003618193601379932
30,16,0.07,14,0.7890666596980432,0.901790468226335,0.00026374308197587654
30,16,0.07,15,0.9375779131393932,1.000083107348686,8.833176773149954e-05
30,16,0.08,1,0.0625,0.9999999999999998,0.0
30,16,0.08,2,0.11190759501443227,0.895260760115458,0.0004324972672437146
30,16,0.08,3,0.15631770722216856,0.8336944385182322,0.0005178758712370806
30,16,0.08,4,0.1993255510957797,0.7973022043831186,0.0005529413337871008
30,16,0.08,5,0.2427955137730217,0.7769456440736694,0.0005660643134338349
30,16,0.08,6,0.28771398209067955,0.7672372855751455,0.0005665165701123253
30,16,0.08,7,0.33497109967765937,0.7656482278346499,0.0005585006199780518
30,16,0.08,8,0.38528323462936126,0.7705664692587224,0.0005445133790842689
30,16,0.08,9,0.4393625887816406,0.7810890467229166,0.0005226815717014668
30,16,0.08,10,0.49779803193603467,0.7964768510976554,0.0004924772117295955
30,16,0.08,11,0.5619048681843304,0.8173161719044805,0.0004546745533040488
30,16,0.08,12,0.6318815238597859,0.8425086984797147,0.0004004671129528695
30,16,0.08,13,0.7125868745946828,0.8770299995011481,0.0003379542575328557
30,16,0.08,14,0.7961259521262598,0.9098582310014397,0.00024556398400093284
30,16,0.08,15,0.9375574119014106,1.0000612393615043,8.24008595467428e-05
30,16,0.09,1,0.06250000000000001,1.0000000000000002,0.0
30,16,0.09,2,0.11283679079061608,0.9026943263249286,0.00041796395999108796
30,16,0.09,3,0.15834288598883356,0.8444953919404456,0.0005014499115246984
30,16,0.09,4,0.20252766982516554,0.8101106793006622,0.0005356137822495142
30,16,0.09,5,0.24712157979348626,0.7907890553391559,0.0005483476597395107
30,16,0.09,6,0.2931240078635982,0.7816640209695952,0.000547655071089899
30,16,0.09,7,0.3414066992456332,0.7803581697043044,0.0005385354416243031
30,16,0.09,8,0.39260437116625585,0.7852087423325117,0.0005233931935330506
30,16,0.09,9,0.4474168648040326,0.7954077596516133,0.0005005273807162676
30,16,0.09,10,0.5063726011456503,0.8101961618330404,0.00046968201501522704
30,16,0.09,11,0.5706761764549764,0.8300744384799656,0.0004315456801805581
30,16,0.09,12,0.640357664022291,0.853810218696388,0.0003776513948975249
30,16,0.09,13,0.720431930416705,0.88668545282056,0.0003164873223701375
30,16,0.09,14,0.802205700542952,0.9168065149062308,0.00022926664744224142
30,16,0.09,15,0.9375517637058853,1.000055214619611,7.725222957756263e-05
30,16,0.1,1,0.06249999999999999,0.9999999999999999,1.2198018971177738e-18
30,16,0.1,2,0.11366432924373367,0.9093146339498693,0.00040458259262657705
30,16,0.1,3,0.16020778212519426,0.8544415046677027,0.0004878229851001622
30,16,0.1,4,0.20544443702408238,0.8217777480963295,0.0005219485688052096
30,16,0.1,5,0.2510683174242047,0.8034186157574552,0.0005335704682784192
30,16,0.1,6,0.2980723060873791,0.7948594828996777,0.0005322510964204075
30,16,0.1,7,0.3472602681255092,0.7937377557154495,0.0005220135348265652
30,16,0.1,8,0.39924952885426923,0.7984990577085385,0.0005061099419322631
30,16,0.1,9,0.45468620519123193,0.808331031451079,0.00048259151776035427
30,16,0.1,10,0.5140668096679879,0.8225068954687806,0.0004508806655549686
30,16,0.1,11,0.5785419101605932,0.8415155056881356,0.0004128639928303085
30,16,0.1,12,0.6479417339916465,0.8639223119888619,0.00035902738148223284
30,16,0.1,13,0.7273720656430046,0.8952271577144674,0.0002989224080915896
30,16,0.1,14,0.8075946094990067,0.9229652679988647,0.00021606772599930087
30,16,0.1,15,0.9375726146122394,1.0000774555863887,7.305533127616488e-05
30,16,0.11,1,0.06249999999999999,0.9999999999999999,0.0
30,16,0.11,2,0.11439654502256234,0.9151723601804987,0.00039170428251588535
30,16,0.11,3,0.16187457463564017,0.8633310647234141,0.0004734294576733472
30,16,0.11,4,0.20806235513088048,0.8322494205235219,0.0005072370004129788
30,16,0.11,5,0.25463480666150706,0.8148313813168226,0.0005184956331251066
30,16,0.11,6,0.3025530913330304,0.8068082435547475,0.0005167186316783171
30,16,0.11,7,0.3525833964472488,0.8059049061651401,0.0005057835033692814
30,16,0.11,8,0.4052822417061144,0.8105644834122288,0.0004888389203686429
30,16,0.11,9,0.4612696900725916,0.8200350045734961,0.0004646922624427345
30,16,0.11,10,0.5209967404749793,0.8335947847599671,0.00043252847268768744
30,16,0.11,11,0.5855547485842388,0.8517159979407111,0.00039470087815646025
30,16,0.11,12,0.6546452350488025,0.8728603133984033,0.00034120034733929974
30,16,0.11,13,0.7334214770034594,0.9026725870811808,0.000282555947650111
30,16,0.11,14,0.8123120514326406,0.9283566302087322,0.00020398794395354167
30,16,0.11,15,0.9375931980253988,1.000099411227092,6.926416896947241e-05
30,16,0.12,1,0.062499999999999965,0.9999999999999994,1.0503849669625275e-18
30,16,0.12,2,0.11506711721455658,0.9205369377164526,0.00038009041991942473
30,16,0.12,3,0.1633767931697303,0.8713428969052283,0.000460084160977657
30,16,0.12,4,0.21043770733342068,0.8417508293336827,0.0004929883193713631
30,16,0.12,5,0.2578754392548902,0.8252014056156488,0.000503533974956699
30,16,0.12,6,0.3065944229699133,0.8175851279197687,0.0005012748998252549
30,16,0.12,7,0.3573105313063488,0.8167097858430831,0.0004902558008155409
30,16,0.12,8,0.4105963304646198,0.8211926609292396,0.00047276167303078576
30,16,0.12,9,0.46700735735383614,0.8302353019623754,0.0004484802184738788
30,16,0.12,10,0.5270064790794853,0.8432103665271764,0.00041599396218016386
30,16,0.12,11,0.5916608366133387,0.8605975805284924,0.0003785781467806518
30,16,0.12,12,0.6604817460505902,0.8806423280674536,0.0003255716822953006
30,16,0.12,13,0.7386735332480536,0.9091366563052968,0.0002682208152825095
30,16,0.12,14,0.8164336127699302,0.9330669860227776,0.00019329188169131393
30,16,0.12,15,0.9375872921609115,1.0000931116383056,6.601650749796604e-05
30,16,0.13,1,0.06250000000000001,1.0,1.4778369138157642e-18
30,16,0.13,2,0.11566443212066431,0.9253154569653143,0.00036882801453062104
30,16,0.13,3,0.16471737349219642,0.8784926586250476,0.0004480806037105195
30,16,0.13,4,0.21258261234262207,0.8503304493704882,0.00048045017043705677
30,16,0.13,5,0.2607854516382942,0.8345134452425413,0.000490409091371346
30,16,0.13,6,0.31025682873735017,0.8273515432996004,0.0004878413148019806
30,16,0.13,7,0.36162047794655733,0.8265610924492739,0.00047605164778753874
30,16,0.13,8,0.41546484636272213,0.830929692725444,0.000458577669798586
30,16,0.13,9,0.4722963954323096,0.8396380363241059,0.00043413742943593334
30,16,0.13,10,0.5325944484155674,0.8521511174649077,0.00040131335087174684
30,16,0.13,11,0.5972192654633071,0.8686825679466285,0.00036431165135745655
30,16,0.13,12,0.6657830600098273,0.8877107466797698,0.0003121592598685818
30,16,0.13,13,0.7432284741955142,0.914742737471402,0.0002559143701146754
30,16,0.13,14,0.8201139098193765,0.937273039793573,0.00018433249502546352
30,16,0.13,15,0.9375858600194323,1.0000915840207278,6.3256312409559e-05
30,16,0.14,1,0.06249999999999999,0.9999999999999999,0.0
30,16,0.14,2,0.11619996050425299,0.9295996840340239,0.00035749053878860544
30,16,0.14,3,0.16595440295041583,0.8850901490688845,0.00043583827562323325
30,16,0.14,4,0.21454990575006197,0.8581996230002479,0.0004681626424939394
30,16,0.14,5,0.2634758455996431,0.843122705918858,0.00047775628259399283
30,16,0.14,6,0.3136007757858662,0.8362687354289766,0.0004746418637538269
30,16,0.14,7,0.36559124276060756,0.83563712630996,0.00046261641177744326
30,16,0.14,8,0.4198958221844695,0.839791644368939,0.00044465347115243677
30,16,0.14,9,0.4770953907326069,0.8481695835246346,0.0004201234526611285
30,16,0.14,10,0.537615788126311,0.8601852610020975,0.0003871873630043364
30,16,0.14,11,0.6022652503835906,0.8760221823761317,0.0003509098735045004
30,16,0.14,12,0.6705633387257373,0.8940844516343165,0.00029932171199530285
30,16,0.14,13,0.7474540159800681,0.9199434042831609,0.00024463707415667724
30,16,0.14,14,0.8234224557623646,0.9410542351569882,0.00017584886981852
30,16,0.14,15,0.9375815979350457,1.000087037797382,6.0678283716396186e-05
30,16,0.15,1,0.06250000000000001,1.0000000000000002,4.404840184036405e-19
30,16,0.15,2,0.1167055162961289,0.9336441303690312,0.00034694063633584676
30,16,0.15,3,0.16708301052025318,0.8911093894413502,0.00042444270458148335
30,16,0.15,4,0.21633315845463075,0.865332633818523,0.00045664186018505413
30,16,0.15,5,0.26590060576707303,0.8508819384546338,0.00046589352785979867
30,16,0.15,6,0.3166448102826735,0.8443861607537959,0.00046264280435766097
30,16,0.15,7,0.36916600041523423,0.8438080009491069,0.0004503904080752522
30,16,0.15,8,0.4239338613995468,0.8478677227990936,0.0004324196647378338
30,16,0.15,9,0.48142834591744554,0.8558726149643476,0.0004075312025571742
30,16,0.15,10,0.5421225237654116,0.8673960380246587,0.00037477237633576826
30,16,0.15,11,0.6068732963417788,0.8827247946789509,0.0003391441933808999
30,16,0.15,12,0.6748833071861523,0.8998444095815363,0.00028775861349251465
30,16,0.15,13,0.7513048164018861,0.9246828509561674,0.0002346939033904877
30,16,0.15,14,0.8263818468590747,0.944436396410371,0.0001683090434520167
30,16,0.15,15,0.9375606329053315,1.0000646750990203,5.842271019561987e-05
30,16,0.16,1,0.06249999999999997,0.9999999999999996,8.386138042684695e-19
30,16,0.16,2,0.11716886852517873,0.9373509482014298,0.00033756636818673124
30,16,0.16,3,0.16812181336578771,0.896649671284201,0.0004133975089839969
30,16,0.16,4,0.2179639356444717,0.8718557425778868,0.00044478846024307477
30,16,0.16,5,0.2681389955445688,0.8580447857426201,0.00045393290017258663
30,16,0.16,6,0.3194293426367381,0.8518115803646348,0.00045050416007218625
30,16,0.16,7,0.37241970121794843,0.8512450313553106,0.00043803893591970575
30,16,0.16,8,0.4275824516078988,0.8551649032157976,0.00041997746538906044
30,16,0.16,9,0.4853882350300966,0.8629124178312828,0.00039521074373941565
30,16,0.16,10,0.5462528543888147,0.8740045670221034,0.00036244531233782436
30,16,0.16,11,0.6109364233551542,0.8886347976074968,0.0003271565722206021
30,16,0.16,12,0.6787353792110419,0.9049805056147225,0.0002768267405232763
30,16,0.16,13,0.754855316392037,0.9290526970978915,0.00022496802084857675
30,16,0.16,14,0.8290531657506502,0.9474893322864575,0.00016086772481283378
30,16,0.16,15,0.9375402018669925,1.0000428819914586,5.62182406902901e-05
30,16,0.17,1,0.0625,1.0,8.01242422616577e-19
30,16,0.17,2,0.11758269248879424,0.940661539910354,0.00032848528643942133
30,16,0.17,3,0.1690858008351542,0.9017909377874891,0.0004032785662355099
30,16,0.17,4,0.21948627181162933,0.8779450872465173,0.0004340155719185333
30,16,0.17,5,0.27023189904885253,0.8647420769563281,0.00044298865947667933
30,16,0.17,6,0.3220414276706669,0.8587771404551118,0.000439072009415562
30,16,0.17,7,0.37548850270062634,0.8582594347442889,0.0004265584811772655
30,16,0.17,8,0.431013696294353,0.862027392588706,0.00040856556973948156
30,16,0.17,9,0.48908362145597545,0.8694819936995121,0.00038389134169021993
30,16,0.17,10,0.5501466959063053,0.8802347134500884,0.00035117774832289295
30,16,0.17,11,0.614741875941621,0.8941700013696308,0.00031643174691860373
30,16,0.17,12,0.6823451259568754,0.9097935012758339,0.00026702023422517547
30,16,0.17,13,0.7580562186185662,0.9329922690690047,0.00021626706022783058
30,16,0.17,14,0.8315264365952517,0.9503159275374307,0.00015436558949677277
30,16,0.17,15,0.9375337651424974,1.0000360161519972,5.429321819027685e-05
30,16,0.18,1,0.0625,0.9999999999999998,0.0
30,16,0.18,2,0.11798523321219592,0.9438818656975672,0.00032016623343017036
30,16,0.18,3,0.16999270314605455,0.9066277501122908,0.00039416638873930674
30,16,0.18,4,0.2209293022985928,0.883717209194371,0.00042449824351191743
30,16,0.18,5,0.27219575372627436,0.8710264119240779,0.0004329643393786139
30,16,0.18,6,0.3244889138279294,0.8653037702078117,0.0004290947252587589
30,16,0.18,7,0.3783398733862134,0.8647768534542021,0.0004163758118512205
30,16,0.18,8,0.43422031425587626,0.8684406285117524,0.0003982483522086595
30,16,0.18,9,0.4925218223511259,0.875594350846446,0.00037340291383693484
30,16,0.18,10,0.5537030738066911,0.8859249180907058,0.00034086411905253283
30,16,0.18,11,0.6182890925803671,0.8993295892078066,0.00030680298563866005
30,16,0.18,12,0.6856474367918205,0.9141965823890938,0.00025795637683425656
30,16,0.18,13,0.7610419550634941,0.9366670216166083,0.00020837286345730188
30,16,0.18,14,0.8337670090470289,0.952876581768033,0.00014848924508994548
30,16,0.18,15,0.9375180426963273,1.0000192455427492,5.2569742633509305e-05
30,16,0.19,1,0.062499999999999986,0.9999999999999998,7.383011482554947e-19
30,16,0.19,2,0.11832901053161106,0.9466320842528885,0.00031194993272312986
30,16,0.19,3,0.17081695066792688,0.9110237368956101,0.0003846761513487204
30,16,0.19,4,0.22226160913775314,0.8890464365510126,0.00041478021363801115
30,16,0.19,5,0.2739851784008037,0.8767525708825719,0.00042331209350996796
30,16,0.19,6,0.3267111069448934,0.8712296185197159,0.0004194412085681798
30,16,0.19,7,0.38097294467268766,0.8707953021090005,0.00040651700647298703
30,16,0.19,8,0.4371817791559266,0.8743635583118532,0.00038848918045345757
30,16,0.19,9,0.4957098775438043,0.8812620045223188,0.0003631691019151785
30,16,0.19,10,0.556996075703542,0.8911937211256673,0.0003310912347867593
30,16,0.19,11,0.621605548066857,0.9041535244608832,0.0002979184290637286
30,16,0.19,12,0.6887632066582005,0.918350942210934,0.0002493938768150393
30,16,0.19,13,0.763683666029113,0.9399183581896775,0.00020094812946293817
30,16,0.19,14,0.8358464839912779,0.9552531245614606,0.00014307846405560244
30,16,0.19,15,0.9375159838648867,1.0000170494558795,5.09558093941284e-05
30,16,0.2,1,0.062499999999999986,0.9999999999999998,7.115511066520345e-19
30,16,0.2,2,0.11866041796419566,0.9492833437135653,0.0003040233086751117
30,16,0.2,3,0.17158809731106175,0.9151365189923292,0.00037594747980837447
30,16,0.2,4,0.22348458572151822,0.8939383428860729,0.0004053977881355311
30,16,0.2,5,0.27568044120561186,0.8821774118579578,0.0004140317562416663
30,16,0.2,6,0.32879858371241816,0.8767962232331151,0.00041000905480689434
30,16,0.2,7,0.38341683308502983,0.8763813327657825,0.00039710809387087935
30,16,0.2,8,0.4398794807165509,0.8797589614331018,0.0003788644163413029
30,16,0.2,9,0.49858751675619456,0.886377807566568,0.0003538842344974899
30,16,0.2,10,0.5599804586146945,0.8959687337835112,0.0003221099815690027
30,16,0.2,11,0.6245429138321649,0.9084260564831489,0.00028943050623745357
30,16,0.2,12,0.6915708593813854,0.9220944791751804,0.0002415039628308141
30,16,0.2,13,0.7659680027197838,0.9427298495012724,0.00019425753841897367
30,16,0.2,14,0.8377240232074962,0.9573988836657099,0.0001382376403090119
30,16,0.2,15,0.9374963190972924,0.9999960737037785,4.948572403519219e-05
30,16,0.25,1,0.0625,1.0,6.099009485588869e-19
30,16,0.25,2,0.12004131330534715,0.9603305064427772,0.0002703341879382157
30,16,0.25,3,0.17483184274183283,0.9324364946231086,0.0003379126722473635
30,16,0.25,4,0.22865705713158957,0.9146282285263583,0.0003654794847162344
30,16,0.25,5,0.2827049928632083,0.9046559771622668,0.00037327745876687305
30,16,0.25,6,0.33755386187073755,0.9001436316553002,0.00036872832458553415
30,16,0.25,7,0.3936198365578218,0.8997024835607357,0.00035610407260041027
30,16,0.25,8,0.45123756976288293,0.9024751395257659,0.000338399642327636
30,16,0.25,9,0.5107509905982471,0.9080017610635505,0.00031393762462578656
30,16,0.25,10,0.5725915172007915,0.9161464275212665,0.0002835297853086453
30,16,0.25,11,0.6368409012998362,0.9263140382543071,0.0002537526319211525
30,16,0.25,12,0.7031032955748496,0.9374710607664662,0.000209447561502643
30,16,0.25,13,0.7754351357352232,0.9543817055202747,0.00016754577993937026
30,16,0.25,14,0.8454269209819466,0.966202195407939,0.00011823543277016688
30,16,0.25,15,0.9374744053215802,0.9999726990096857,4.335950256287257e-05
30,16,0.5,1,0.0625,1.0,0.0
30,16,0.5,2,0.12316288669183076,0.9853030935346461,0.0001691540661155371
30,16,0.5,3,0.18247787916469055,0.9732153555450163,0.0002176542363520591
30,16,0.5,4,0.24120448890371027,0.9648179556148411,0.000239016321689084
30,16,0.5,5,0.29986939859389605,0.9595820755004674,0.00024480178705402715
30,16,0.5,6,0.3588859119081551,0.9570290984217469,0.00024179902868498498
30,16,0.5,7,0.4184839591587719,0.9565347637914786,0.00023189196143596144
30,16,0.5,8,0.47875643490231395,0.9575128698046279,0.00021788824624207175
30,16,0.5,9,0.5401149835315805,0.9602044151672543,0.0001997714309502026
30,16,0.5,10,0.6024611804977551,0.9639378887964083,0.00018046564195632077
30,16,0.5,11,0.6656349413610723,0.9681962783433776,0.00015734182761096267
30,16,0.5,12,0.7304127541390091,0.9738836721853454,0.00012754186971533553
30,16,0.5,13,0.7974765245236026,0.9815095686444338,0.00010201000367087348
30,16,0.5,14,0.8637572281229384,0.9871511178547868,7.105891058891197e-05
30,16,0.5,15,0.9375233913245651,1.000024950746203,2.77066179076051e-05
30,16,1.0,1,0.0625,1.0,6.099009485588869e-19
30,16,1.0,2,0.12460167177897913,0.996813374231833,8.617588629813473e-05
30,16,1.0,3,0.18616187893564565,0.9928633543234436,0.00011658389567466342
30,16,1.0,4,0.24748354258777075,0.989934170351083,0.00013093715524524065
30,16,1.0,5,0.30874757681229337,0.9879922457993389,0.0001366804423030099
30,16,1.0,6,0.3700144424882863,0.9867051799687635,0.00013652274671110262
30,16,1.0,7,0.431567123929982,0.9864391404113875,0.00013245512745755812
30,16,1.0,8,0.4933435537242971,0.9866871074485942,0.00012448781898608194
30,16,1.0,9,0.5553957175069613,0.98737016445682,0.00011375074352382785
30,16,1.0,10,0.6176818028791079,0.9882908846065728,0.00010091769649855745
30,16,1.0,11,0.6806390405676177,0.9900204226438075,8.644048650203524e-05
30,16,1.0,12,0.7445104455084033,0.9926805940112043,7.1541342735397e-05
30,16,1.0,13,0.8085127191623978,0.9950925774306434,5.567902952133128e-05
30,16,1.0,14,0.8730767218435226,0.9978019678211688,3.6352468955201054e-05
30,16,1.0,15,0.9375115050843359,1.0000122720899582,1.6524363973052967e-05
30,32,0.01,1,0.03125000000000001,1.0000000000000002,0.0
30,32,0.01,2,0.048400798918128506,0.7744127826900561,0.0006476429821987364
30,32,0.01,3,0.06132116298789227,0.6540924052041842,0.0007472088432599893
30,32,0.01,4,0.07251138415610348,0.5800910732488278,0.0007830096348188633
30,32,0.01,5,0.08300060989181292,0.5312039033076026,0.0008040213675573714
30,32,0.01,6,0.09316450881457637,0.49687738034440726,0.0008138542662417011
30,32,0.01,7,0.1032500745750733,0.47200034091462084,0.0008219068115281574
30,32,0.01,8,0.11354490830749817,0.45417963322999266,0.0008304183088523241
30,32,0.01,9,0.12412795508489181,0.4413438403018376,0.0008384567175187448
30,32,0.01,10,0.13502253847594894,0.4320721231230366,0.0008453119155909969
30,32,0.01,11,0.1465236172308647,0.42625052285342463,0.0008544623005333215
30,32,0.01,12,0.1585200632372756,0.4227201686327349,0.0008627384216691869
30,32,0.01,13,0.17133502225745026,0.4217477470952621,0.0008743699804261739
30,32,0.01,14,0.18493057713466082,0.42269846202208194,0.0008849569250239986
30,32,0.01,15,0.19949926482639865,0.42559843162965044,0.0008962532200282148
30,32,0.01,16,0.21517669133627926,0.4303533826725585,0.0009084538096141533
30,32,0.01,17,0.23212958687014953,0.43694981057910504,0.0009219060437983802
30,32,0.01,18,0.25052051335355735,0.4453698015174353,0.0009343582859363363
30,32,0.01,19,0.2705493205196317,0.4556620135067481,0.0009474720151435579
30,32,0.01,20,0.29252872382320655,0.46804595811713046,0.0009601553032979537
30,32,0.01,21,0.31694856290870765,0.4829692387180307,0.0009710969024391671
30,32,0.01,22,0.3439210062498508,0.5002487363634193,0.0009801215783510223
30,32,0.01,23,0.3741359080276224,0.5205369155166921,0.0009856578653061703
30,32,0.01,24,0.40816557448841106,0.544220765984548,0.0009862734997584273
30,32,0.01,25,0.44671475995306964,0.5717948927399291,0.0009803132627895597
30,32,0.01,26,0.4914401462131313,0.6048494107238539,0.0009643030373348722
30,32,0.01,27,0.5428707100103466,0.6434023229752255,0.0009360684246624908
30,32,0.01,28,0.6043559642265091,0.6906925305445819,0.0008781460052577747
30,32,0.01,29,0.6770326816178501,0.7470705452334898,0.0007752790247013967
30,32,0.01,30,0.7666251237102178,0.8177334652908991,0.0006640804441749509
30,32,0.01,31,0.9688229717547631,1.000075325682336,0.00012360447214233272
30,32,0.02,1,0.03125,1.0,1.411017138952995e-18
30,32,0.02,2,0.05032405379506161,0.8051848607209857,0.0005967495796563778
30,32,0.02,3,0.06532585684480531,0.6968091396779234,0.0006931751255094341
30,32,0.02,4,0.07865118182345059,0.6292094545876047,0.0007340343923863337
30,32,0.02,5,0.09128474644940152,0.5842223772761697,0.00075697989468484
30,32,0.02,6,0.10362734028163148,0.5526791481687012,0.0007691346217286202
30,32,0.02,7,0.11592918841507202,0.5299620041831865,0.0007774258565193097
30,32,0.02,8,0.12845075453221177,0.5138030181288471,0.000784649237922744
30,32,0.02,9,0.14132417244919604,0.5024859464860304,0.0007923200249653561
30,32,0.02,10,0.15452854225275942,0.4944913352088301,0.0007979122028236599
30,32,0.02,11,0.16835410451931987,0.48975739496529413,0.0008032034735040895
30,32,0.02,12,0.18277321994286674,0.487395253180978,0.0008080502157031535
30,32,0.02,13,0.19808856953878307,0.4876026327108507,0.0008156469321978672
30,32,0.02,14,0.21430807056320664,0.48984701843018663,0.0008218216090734974
30,32,0.02,15,0.23152978857897924,0.49393021563515566,0.0008275285189906508
30,32,0.02,16,0.2498810777261641,0.4997621554523282,0.0008333715293998079
30,32,0.02,17,0.26949819891567145,0.5072907273706756,0.0008383984794978897
30,32,0.02,18,0.29058293305864263,0.5165918809931425,0.0008429906157655349
30,32,0.02,19,0.31336545204318167,0.5277733929148324,0.0008461287471881605
30,32,0.02,20,0.3380356096737815,0.5408569754780503,0.0008480560856696889
30,32,0.02,21,0.36509454969522076,0.5563345519165269,0.0008473847701846646
30,32,0.02,22,0.39466140488716256,0.5740529525631456,0.0008432428085229326
30,32,0.02,23,0.4272956144312312,0.5944982461651913,0.0008351725297046401
30,32,0.02,24,0.463373771809626,0.617831695746168,0.0008217294580363506
30,32,0.02,25,0.5036987427793371,0.6447343907575516,0.0008013722628104275
30,32,0.02,26,0.5488212664330926,0.6754723279176523,0.0007709940219432387
30,32,0.02,27,0.6002921669696838,0.7114573830751809,0.0007278808456505499
30,32,0.02,28,0.6594891642064,0.7537019019501715,0.0006630815466106366
30,32,0.02,29,0.7270193957227291,0.8022282987285286,0.0005608927056657857
30,32,0.02,30,0.8067682498877894,0.8605527998803087,0.0004593026950232604
30,32,0.02,31,0.9688398183825392,1.0000927157497177,8.700820724134704e-05
30,32,0.03,1,0.031249999999999997,0.9999999999999998,4.793840279776201e-19
30,32,0.03,2,0.05166313802404447,0.8266102083847114,0.0005614257885897352
30,32,0.03,3,0.06819502823487278,0.7274136345053095,0.0006593171519008621
30,32,0.03,4,0.08309426751434441,0.6647541401147552,0.0007041271013014113
30,32,0.03,5,0.09730675438466167,0.6227632280618346,0.0007269958378335521
30,32,0.03,6,0.1112547545365738,0.5933586908617269,0.0007398599075544498
30,32,0.03,7,0.12516941787602534,0.5722030531475444,0.000746787703761981
30,32,0.03,8,0.1393417834201601,0.5573671336806403,0.0007530540027570759
30,32,0.03,9,0.1538640685523159,0.5470722437415676,0.0007601777736263865
30,32,0.03,10,0.16875732761804832,0.5400234483777545,0.0007644853039909846
30,32,0.03,11,0.18430173621932913,0.5361505053653212,0.0007687492535184754
30,32,0.03,12,0.20049501375230644,0.5346533700061505,0.0007713814161196544
30,32,0.03,13,0.21757141783968534,0.5355604131438407,0.0007759264794328344
30,32,0.03,14,0.23549386461078886,0.538271690538946,0.0007791252740196299
30,32,0.03,15,0.254507183488612,0.5429486581090389,0.0007821370264973129
30,32,0.03,16,0.2746669035641894,0.5493338071283786,0.0007838525055703418
30,32,0.03,17,0.2960712433635213,0.5573105757430988,0.0007849917986987721
30,32,0.03,18,0.31899346337374773,0.5670994904422181,0.0007844130155624475
30,32,0.03,19,0.34352677992323793,0.5785714188180849,0.0007818541166442531
30,32,0.03,20,0.3698752201953043,0.5918003523124868,0.0007779316899957822
30,32,0.03,21,0.39848522825756844,0.6072155859162948,0.0007711517475015444
30,32,0.03,22,0.4295322516789602,0.6247741842603057,0.0007602796851114892
30,32,0.03,23,0.4633585866400337,0.6446728161948294,0.0007454270619995984
30,32,0.03,24,0.5002891125523975,0.6670521500698633,0.0007255592759272227
30,32,0.03,25,0.5410733209079358,0.6925738507621578,0.0006982426103950862
30,32,0.03,26,0.5861720480599313,0.721442520689146,0.0006611088181243041
30,32,0.03,27,0.6365098033446055,0.7543819891491621,0.000614626470832546
30,32,0.03,28,0.6935336208267124,0.7926098523733855,0.0005495696418743183
30,32,0.03,29,0.7569457351323882,0.8352504663529801,0.0004520858672589939
30,32,0.03,30,0.8299996443159021,0.8853329539369622,0.00036392032689072857
30,32,0.03,31,0.9688197686497447,1.0000720192513495,7.087669483902203e-05
30,32,0.04,1,0.03125,1.0,0.0
30,32,0.04,2,0.05271813088965238,0.8434900942344381,0.0005363420780998103
30,32,0.04,3,0.07046730900291003,0.7516512960310403,0.0006348453420397335
30,32,0.04,4,0.08663676449328207,0.6930941159462566,0.0006806418519626099
30,32,0.04,5,0.10211862965627076,0.6535592298001328,0.0007046196943804438
30,32,0.04,6,0.117361735575646,0.6259292564034453,0.0007173531210707084
30,32,0.04,7,0.13259683964236837,0.6061569812222554,0.000724866989200938
30,32,0.04,8,0.14812091953410217,0.5924836781364087,0.0007308466348624402
30,32,0.04,9,0.16398285063352255,0.5830501355858579,0.0007365928367824092
30,32,0.04,10,0.1802515502591045,0.5768049608291343,0.0007397811514293976
30,32,0.04,11,0.19716638386935043,0.5735749348926557,0.0007430655496555072
30,32,0.04,12,0.2147150869191394,0.572573565117705,0.0007443101385841671
30,32,0.04,13,0.23317225967505667,0.5739624853539855,0.000746282334663991
30,32,0.04,14,0.25245587748419507,0.5770420056781602,0.0007466849385256602
30,32,0.04,15,0.2728226215750994,0.5820215926935454,0.0007466091776378665
30,32,0.04,16,0.2943310109817348,0.5886620219634696,0.0007452646000291591
30,32,0.04,17,0.3170930886103063,0.5968811079723412,0.000742956742925389
30,32,0.04,18,0.34129529027403477,0.6067471827093951,0.0007388539201666754
30,32,0.04,19,0.36702905816778203,0.6181542032299486,0.0007324228179005221
30,32,0.04,20,0.3945428380635673,0.6312685409017076,0.0007242594547664722
30,32,0.04,21,0.4241764882329118,0.6463641725453894,0.0007135129006798039
30,32,0.04,22,0.4561067553235477,0.663428007743342,0.0006992180776445527
30,32,0.04,23,0.4905623883852128,0.6825215838402959,0.0006799984681182318
30,32,0.04,24,0.5279085766530468,0.7038781022040623,0.0006564147725497939
30,32,0.04,25,0.5687297240937329,0.7279740468399781,0.0006256156173134028
30,32,0.04,26,0.6133374363610133,0.7548768447520164,0.0005857467974359102
30,32,0.04,27,0.662498618165985,0.7851835474559823,0.0005383894188738747
30,32,0.04,28,0.7175933078226444,0.8201066375115936,0.0004746027096747198
30,32,0.04,29,0.77756711840721,0.8580050961734732,0.00038321067635154935
30,32,0.04,30,0.8458249281425447,0.9022132566853811,0.00030506145640591493
30,32,0.04,31,0.9687842637813856,1.000035369064656,6.140857452026019e-05
30,32,0.05,1,0.03124999999999998,0.9999999999999993,1.1939375791140727e-18
30,32,0.05,2,0.05357835039410234,0.8572536063056374,0.0005127659400779622
30,32,0.05,3,0.07237171980504734,0.7719650112538381,0.0006122402314514708
30,32,0.05,4,0.08961929152349846,0.7169543321879877,0.0006590191494324016
30,32,0.05,5,0.10617391386800408,0.6795130487552262,0.000682542424794833
30,32,0.05,6,0.12250252437925822,0.6533467966893771,0.0006956692020661763
30,32,0.05,7,0.1388762346675477,0.6348627870516467,0.0007035895880838521
30,32,0.05,8,0.15554306009844127,0.6221722403937651,0.0007104372689108531
30,32,0.05,9,0.17253749523748688,0.6134666497332867,0.0007146828548923017
30,32,0.05,10,0.18993652648665085,0.6077968847572828,0.0007163723801539142
30,32,0.05,11,0.2079696121778362,0.6050025081537054,0.0007183788459052651
30,32,0.05,12,0.22664926151542322,0.6043980307077952,0.0007186868071923589
30,32,0.05,13,0.24623303177498487,0.6061120782153474,0.000718320836796992
30,32,0.05,14,0.2666260554283715,0.6094309838362776,0.0007167310115065508
30,32,0.05,15,0.2881132434133321,0.6146415859484419,0.0007147242172851833
30,32,0.05,16,0.31068819703779094,0.6213763940755819,0.0007113559847615622
30,32,0.05,17,0.3344800666881845,0.629609537295406,0.0007065835312122293
30,32,0.05,18,0.3596788530887709,0.6394290721578149,0.0006997180227950281
30,32,0.05,19,0.3863220510564552,0.6506476649371876,0.0006905680070834115
30,32,0.05,20,0.41465716620176224,0.6634514659228196,0.0006795160897301274
30,32,0.05,21,0.4449949625245091,0.6780875619421092,0.0006657040657104086
30,32,0.05,22,0.4775170687832675,0.6945702818665709,0.000648667015825163
30,32,0.05,23,0.5123369948483928,0.7128166884847205,0.0006268017401754801
30,32,0.05,24,0.5497933634372338,0.7330578179163117,0.0006006919122475999
30,32,0.05,25,0.5904411172967429,0.7557646301398309,0.0005680174557510764
30,32,0.05,26,0.634445015909398,0.7808554041961823,0.0005269775144955721
30,32,0.05,27,0.6825006259536078,0.8088896307598316,0.0004803588669918377
30,32,0.05,28,0.7358895251722819,0.8410166001968935,0.00041872381623489225
30,32,0.05,29,0.7930386171892593,0.8750770948295276,0.0003333658295800466
30,32,0.05,30,0.8575596745537788,0.9147303195240307,0.00026343052341790065
30,32,0.05,31,0.9687798228684649,1.0000307848964798,5.466217745905887e-05
30,32,0.06,1,0.031249999999999993,0.9999999999999998,1.013037945914971e-18
30,32,0.06,2,0.05432374107750656,0.8691798572401049,0.000492064014098011
30,32,0.06,3,0.07400360660637605,0.7893718038013444,0.0005919381993340449
30,32,0.06,4,0.09217099364506913,0.737367949160553,0.0006387699511975985
30,32,0.06,5,0.10969233718290256,0.7020309579705764,0.0006632012934138087
30,32,0.06,6,0.12698739247419,0.67726609319568,0.0006764736127740377
30,32,0.06,7,0.1443537788408444,0.6599029889867173,0.0006848769017287147
30,32,0.06,8,0.16199226452738827,0.6479690581095531,0.0006912368186257872
30,32,0.06,9,0.1799563082455069,0.63984465153958,0.0006943338695589597
30,32,0.06,10,0.1983502328899206,0.6347207452477458,0.0006956898737134973
30,32,0.06,11,0.21737712522723704,0.6323698188428714,0.0006963972491803363
30,32,0.06,12,0.23700896137773372,0.6320238970072899,0.0006954278616504836
30,32,0.06,13,0.2575346903827142,0.6339315455574503,0.0006935162166821753
30,32,0.06,14,0.2788809373204762,0.6374421424468026,0.0006904681611161395
30,32,0.06,15,0.30126755695597685,0.642704121506084,0.0006865716849171527
30,32,0.06,16,0.32470217950742836,0.6494043590148567,0.0006810629583827731
30,32,0.06,17,0.34934129733286756,0.6575836185089272,0.0006743396728866594
30,32,0.06,18,0.3753007465089261,0.6672013271269797,0.0006651758575573532
30,32,0.06,19,0.40267715496350737,0.6781931030964334,0.000654076028567182
30,32,0.06,20,0.4316502031808231,0.6906403250893168,0.0006410837326425135
30,32,0.06,21,0.46251237975900455,0.7047807691565784,0.0006252936194951454
30,32,0.06,22,0.49539753769612255,0.7205782366489056,0.0006061213493170055
30,32,0.06,23,0.5304305726062751,0.7379903618869915,0.0005826479169593118
30,32,0.06,24,0.5678887740056516,0.7571850320075355,0.0005548995182370945
30,32,0.06,25,0.6082646192778292,0.7785787126756213,0.0005213326464972697
30,32,0.06,26,0.6516505495282221,0.8020314455731964,0.0004799048211630113
30,32,0.06,27,0.6986187705437853,0.8279926169407826,0.00043441778484414636
30,32,0.06,28,0.7504939262432007,0.8577073442779436,0.0003751979203197033
30,32,0.06,29,0.8051906444411386,0.8884862283488426,0.0002957113065397845
30,32,0.06,30,0.8667667090659803,0.9245511563370457,0.00023165311998624033
30,32,0.06,31,0.968786920698516,1.0000381116887906,4.967327872828468e-05
30,32,0.07,1,0.03125,0.9999999999999999,4.419119611006633e-19
30,32,0.07,2,0.054955842864607106,0.8792934858337136,0.0004724033832971763
30,32,0.07,3,0.07540303658496937,0.80429905690634,0.00057269222570672
30,32,0.07,4,0.09438127344414003,0.7550501875531201,0.0006206285666438004
30,32,0.07,5,0.1127348940183624,0.7215033217175193,0.0006453618859287074
30,32,0.07,6,0.13086594329023576,0.697951697547924,0.0006584473157659505
30,32,0.07,7,0.14907253230501322,0.6814744333943461,0.0006670070993857879
30,32,0.07,8,0.167554649139835,0.6702185965593399,0.0006730453802999754
30,32,0.07,9,0.18636953131139955,0.6626472224405315,0.0006753265319141787
30,32,0.07,10,0.20562407917702294,0.6579970533664733,0.0006762997460708841
30,32,0.07,11,0.2254815063279928,0.6559462002268881,0.0006758293678110714
30,32,0.07,12,0.24592781130362862,0.6558074968096763,0.0006740263623272292
30,32,0.07,13,0.267274495556205,0.6579064505998893,0.0006710289288843793
30,32,0.07,14,0.28941763844367696,0.6615260307284044,0.0006670372042608011
30,32,0.07,15,0.3125555053907527,0.666785078166939,0.0006616316059190111
30,32,0.07,16,0.33671881328262426,0.6734376265652484,0.0006548428272018866
30,32,0.07,17,0.36203133045789415,0.6814707396854477,0.0006464407560151379
30,32,0.07,18,0.38861433751141544,0.6908699333536272,0.0006358707071455506
30,32,0.07,19,0.41655533830622254,0.7015668855683748,0.0006231406772374714
30,32,0.07,20,0.4460053923419242,0.7136086277470787,0.0006086952496407669
30,32,0.07,21,0.4772577337570584,0.7272498800107555,0.0005913891419229183
30,32,0.07,22,0.5103783918666316,0.7423685699878276,0.0005707455510332601
30,32,0.07,23,0.5455042807739249,0.7589624775985041,0.0005458942953498438
30,32,0.07,24,0.5828893071127874,0.7771857428170498,0.00051732602480247
30,32,0.07,25,0.6229669572882327,0.7973977053289378,0.0004835501303799835
30,32,0.07,26,0.6657421185663086,0.8193749151585336,0.0004423236868279003
30,32,0.07,27,0.7117575904884471,0.8435645516900112,0.0003982826865379189
30,32,0.07,28,0.7623411687093863,0.8712470499535842,0.00034124219065190394
30,32,0.07,29,0.8149520814609765,0.899257469198319,0.0002667565048369947
30,32,0.07,30,0.8740833388862038,0.9323555614786172,0.00020743501879983485
30,32,0.07,31,0.9687709093906209,1.0000215838870925,4.5880541522217904e-05
30,32,0.08,1,0.03125000000000001,1.0,7.869134044160934e-19
30,32,0.08,2,0.05550672340716283,0.8881075745146052,0.00045647831104083877
30,32,0.08,3,0.07662654046327083,0.8173497649415555,0.0005557084126776414
30,32,0.08,4,0.09632247927740903,0.7705798342192721,0.0006032661450698812
30,32,0.08,5,0.11542171026311636,0.7386989456839446,0.0006287602219349748
30,32,0.08,6,0.13430217832732308,0.7162782844123898,0.0006427946807446862
30,32,0.08,7,0.15326125721586198,0.7006228901296547,0.0006506753017391727
30,32,0.08,8,0.17247993177440923,0.6899197270976368,0.0006563334612148815
30,32,0.08,9,0.19207414942822723,0.6829303090781413,0.0006582757633410693
30,32,0.08,10,0.21207324552468346,0.678634385678987,0.0006587826127305433
30,32,0.08,11,0.23265846554697195,0.6768246270457366,0.0006576280416217209
30,32,0.08,12,0.25382786669500834,0.6768743111866888,0.0006553292294893517
30,32,0.08,13,0.27587089598992814,0.6790668208982847,0.0006515529966260531
30,32,0.08,14,0.29870434903360693,0.6827527977911015,0.0006463099155627427
30,32,0.08,15,0.32248326717398085,0.6879643033044924,0.000639577628026216
30,32,0.08,16,0.34724256318578783,0.6944851263715756,0.0006313005297660207
30,32,0.08,17,0.373126560457877,0.7023558785089449,0.0006218068007692703
30,32,0.08,18,0.40023353530927097,0.7115262849942595,0.0006099818347765127
30,32,0.08,19,0.4286316997701292,0.7219060206654808,0.0005960392169360711
30,32,0.08,20,0.45847531521752344,0.7335605043480374,0.0005802608487044294
30,32,0.08,21,0.4900004868055662,0.7466674084656247,0.0005616360252711646
30,32,0.08,22,0.5232956609875833,0.7611573250728485,0.0005400759086478741
30,32,0.08,23,0.5584522144118711,0.7769769939643423,0.0005146752558988133
30,32,0.08,24,0.5957186211936735,0.7942914949248979,0.00048576763968292687
30,32,0.08,25,0.6354556173356714,0.8133831901896593,0.00045207274261282787
30,32,0.08,26,0.677663501966992,0.8340473870362979,0.00041128595096835886
30,32,0.08,27,0.7227708933995088,0.8566173551401586,0.0003686087617444511
30,32,0.08,28,0.7721520216723834,0.8824594533398668,0.00031366717765673205
30,32,0.08,29,0.8229997904688608,0.9081376998277086,0.00024410919585931868
30,32,0.08,30,0.8801192025911756,0.9387938160972538,0.0001882485869167205
30,32,0.08,31,0.9687600870295089,1.0000104124175575,4.283375200657552e-05
30,32,0.09,1,0.031250000000000014,1.0000000000000004,0.0
30,32,0.09,2,0.05598979563147558,0.8958367301036093,0.0004410758946108118
30,32,0.09,3,0.07772756036854231,0.8290939772644513,0.0005394426406155549
30,32,0.09,4,0.09807740339790659,0.7846192271832527,0.0005867618671571869
30,32,0.09,5,0.11783817368247226,0.7541643115678225,0.0006127702002635806
30,32,0.09,6,0.13738478163845164,0.7327188354050754,0.0006264203490847396
30,32,0.09,7,0.15703303906173882,0.7178653214250917,0.0006341043446552769
30,32,0.09,8,0.17692295369283795,0.7076918147713518,0.0006392181702360229
30,32,0.09,9,0.19719699200718635,0.7011448604699957,0.0006406421119571655
30,32,0.09,10,0.2178695512583494,0.6971825640267181,0.0006411251794291677
30,32,0.09,11,0.23911823001890117,0.6956166691458944,0.0006390339673893638
30,32,0.09,12,0.2609177597808477,0.6957806927489272,0.0006360333630178538
30,32,0.09,13,0.2835857679125683,0.6980572748617065,0.000631355377467638
30,32,0.09,14,0.30700150625738565,0.70171772858831,0.0006250479679385852
30,32,0.09,15,0.33135098358235726,0.7068820983090288,0.0006174934949070666
30,32,0.09,16,0.3566380472600307,0.7132760945200614,0.0006083486040946652
30,32,0.09,17,0.3830132962645035,0.7209662047331831,0.000597841040529715
30,32,0.09,18,0.41055834870363606,0.7298815088064639,0.0005849818829043075
30,32,0.09,19,0.439347936273323,0.7399544189866493,0.0005701628772267761
30,32,0.09,20,0.4694978797598676,0.7511966076157881,0.000553443324716815
30,32,0.09,21,0.5012493406283529,0.7638085190527283,0.0005342425452284586
30,32,0.09,22,0.534653980162891,0.7776785166005689,0.0005121704855733947
30,32,0.09,23,0.5697906807299117,0.7927522514503119,0.0004865187540313286
30,32,0.09,24,0.6069042040505078,0.809205605400677,0.00045761110893694076
30,32,0.09,25,0.6463207845881785,0.8272906042728683,0.00042425989463474207
30,32,0.09,26,0.6879882708617213,0.846754794906734,0.00038403052632063036
30,32,0.09,27,0.7322842677272644,0.8678924654545357,0.0003428987782614163
30,32,0.09,28,0.7806222235132143,0.892139684015102,0.0002900308838940738
30,32,0.09,29,0.8298865581449817,0.9157368917461868,0.00022476322770579143
30,32,0.09,30,0.8852146356390102,0.9442289446816108,0.00017210914451327376
30,32,0.09,31,0.9687564737363017,1.0000066825665048,4.021349461644794e-05
30,32,0.1,1,0.03124999999999998,0.9999999999999993,1.302477359033534e-18
30,32,0.1,2,0.05643314915462125,0.90293038647394,0.00042768292962796687
30,32,0.1,3,0.07873413846190955,0.8398308102603685,0.0005262586649332768
30,32,0.1,4,0.09967671676348244,0.7974137341078595,0.0005738371562250679
30,32,0.1,5,0.12005185916135343,0.768331898632662,0.0005995727143990927
30,32,0.1,6,0.14022868828817284,0.7478863375369217,0.0006134214046799412
30,32,0.1,7,0.16050423333243055,0.7337336380911111,0.0006207164692834532
30,32,0.1,8,0.181016818485109,0.724067273940436,0.0006257400655738921
30,32,0.1,9,0.20190699555105704,0.7178915397370917,0.0006269867801235948
30,32,0.1,10,0.22318888342977516,0.7142044269752806,0.000626760145468763
30,32,0.1,11,0.24503344725727252,0.7128245738393384,0.0006242340714680644
30,32,0.1,12,0.26742148761572043,0.7131239669752545,0.0006204833431430559
30,32,0.1,13,0.2906346176875079,0.7154082896923272,0.0006151520426170315
30,32,0.1,14,0.314574230820156,0.7190268133032138,0.0006078340812225468
30,32,0.1,15,0.3394365216166528,0.7241312461155259,0.0005993313859500687
30,32,0.1,16,0.3651946835951991,0.7303893671903982,0.000589518916861011
30,32,0.1,17,0.3919818945616682,0.7378482721160813,0.0005780148617633621
30,32,0.1,18,0.4198978900979195,0.7464851379518569,0.0005643435765920845
30,32,0.1,19,0.4490085516816094,0.7562249291479737,0.0005487665590737194
30,32,0.1,20,0.4794221691467875,0.7670754706348599,0.0005314844227065684
30,32,0.1,21,0.5113533054536438,0.7792050368817428,0.0005116887926473083
30,32,0.1,22,0.5448301912065648,0.7924802781186397,0.0004890407839036737
30,32,0.1,23,0.5799312336161903,0.8068608467703516,0.00046310011481240463
30,32,0.1,24,0.6168690825779755,0.8224921101039673,0.0004340071760241571
30,32,0.1,25,0.6559533784427333,0.8396203244066985,0.0004009192419896542
30,32,0.1,26,0.6970902246918653,0.8579571996207574,0.0003614062834671444
30,32,0.1,27,0.7406398559089673,0.8777953847809983,0.00032164945701870226
30,32,0.1,28,0.7880419206842395,0.900619337924845,0.00027045317924494303
30,32,0.1,29,0.8359018050187028,0.9223744055378789,0.0002089085580724795
30,32,0.1,30,0.889634808409459,0.9489437956367562,0.00015891875302563075
30,32,0.1,31,0.9687702652440731,1.0000209189616238,3.803485358298639e-05
30,32,0.11,1,0.03125,1.0,6.019024159170119e-19
30,32,0.11,2,0.05682625510970675,0.909220081755308,0.00041453070218194044
30,32,0.11,3,0.07961497603146661,0.8492264110023104,0.0005116084015134924
30,32,0.11,4,0.1011219904246333,0.8089759233970664,0.0005596381480075336
30,32,0.11,5,0.12205744476972805,0.7811676465262595,0.0005855253344240552
30,32,0.11,6,0.14282356686685926,0.7617256899565826,0.0005996622022784919
30,32,0.11,7,0.16368702898816553,0.7482835610887569,0.0006067330676489923
30,32,0.11,8,0.18476816286701475,0.739072651468059,0.0006111063529255465
30,32,0.11,9,0.20621089579749016,0.7331942961688538,0.0006119084190420367
30,32,0.11,10,0.22801980301319244,0.7296633696422159,0.0006114291403432623
30,32,0.11,11,0.2503930070088629,0.7284160203894194,0.0006081454307311894
30,32,0.11,12,0.273296753494537,0.7287913426520988,0.0006037512380703294
30,32,0.11,13,0.29701074510637065,0.7311033725695278,0.0005979077577359561
30,32,0.11,14,0.321428976079425,0.7346948024672573,0.0005899918314878437
30,32,0.11,15,0.3467385692594592,0.7397089477535129,0.0005810618350762731
30,32,0.11,16,0.37292382973464683,0.7458476594692937,0.0005706814458479231
30,32,0.11,17,0.4000834638901404,0.753098284969676,0.0005584005582003183
30,32,0.11,18,0.42831942804281503,0.7614567609650044,0.0005441111072222924
30,32,0.11,19,0.45769236309176903,0.7708502957335057,0.0005280423987286582
30,32,0.11,20,0.4882950705607246,0.7812721128971594,0.0005101760202815045
30,32,0.11,21,0.5203575620422193,0.7929258088262389,0.000490011854459582
30,32,0.11,22,0.5538600922196845,0.8056146795922683,0.00046703785550265896
30,32,0.11,23,0.5889117417935696,0.8193554668432272,0.0004410166183508763
30,32,0.11,24,0.6256839237792152,0.8342452317056203,0.00041203466890063294
30,32,0.11,25,0.6644620165146892,0.8505113811388022,0.0003794719910363745
30,32,0.11,26,0.7051162428091398,0.8678353757650951,0.00034071222528049214
30,32,0.11,27,0.7479749942700927,0.8864888820978877,0.0003023120330295166
30,32,0.11,28,0.7944800470908308,0.9079771966752352,0.0002529813912530124
30,32,0.11,29,0.8411166488675091,0.9281287159917343,0.00019500610663864847
30,32,0.11,30,0.8934569603294966,0.9530207576847963,0.00014741559329108103
30,32,0.11,31,0.968785091623062,1.0000362236109026,3.605936412617191e-05
30,32,0.12,1,0.03124999999999999,0.9999999999999997,1.1215777258344321e-18
30,32,0.12,2,0.057178993264488595,0.9148638922318175,0.00040223383642417514
30,32,0.12,3,0.08043506149232878,0.8579739892515069,0.0004982015437179723
30,32,0.12,4,0.10243056411827463,0.819444512946197,0.0005457238180557419
30,32,0.12,5,0.12389313457796938,0.7929160612990042,0.000571247103357358
30,32,0.12,6,0.14517904106607282,0.774288219019055,0.0005853083274553542
30,32,0.12,7,0.16652683904677,0.7612655499280916,0.000592715677066646
30,32,0.12,8,0.18811279893941973,0.7524511957576789,0.0005968392366142817
30,32,0.12,9,0.21003356582967916,0.7467860118388592,0.0005976161337107648
30,32,0.12,10,0.23233886265256037,0.7434843604881932,0.0005966126051528139
30,32,0.12,11,0.2551945249803162,0.7423840726700107,0.0005930224507620255
30,32,0.12,12,0.27856308450741135,0.7428348920197636,0.0005880271054578101
30,32,0.12,13,0.30271710430643356,0.7451497952158365,0.0005816627307485608
30,32,0.12,14,0.3275652814601543,0.7487206433374957,0.000573236217731019
30,32,0.12,15,0.35323986625670756,0.7535783813476429,0.0005638161971298818
30,32,0.12,16,0.3797819038626112,0.7595638077252224,0.0005528173393079348
30,32,0.12,17,0.4072614153420972,0.7666097229968888,0.0005399836836904068
30,32,0.12,18,0.4357625440966343,0.7746889672829054,0.0005251667376609499
30,32,0.12,19,0.46534906133019593,0.7837457875034878,0.0005087301660441249
30,32,0.12,20,0.49613334226465505,0.7938133476234481,0.0004905077121703304
30,32,0.12,21,0.528276258499105,0.8049923939033982,0.00047005379000526954
30,32,0.12,22,0.5617867272643495,0.8171443305663264,0.0004470249034526972
30,32,0.12,23,0.5967417835006901,0.8302494379140036,0.00042100523032070864
30,32,0.12,24,0.6333321489343846,0.8444428652458461,0.0003923162879906169
30,32,0.12,25,0.6718107183890382,0.8599177195379689,0.00036035021839272687
30,32,0.12,26,0.7120064638560756,0.8763156478228624,0.00032236312369429324
30,32,0.12,27,0.7542503216888846,0.8939263071868262,0.00028538671785970576
30,32,0.12,28,0.7999540358712475,0.9142331838528543,0.00023780138841761897
30,32,0.12,29,0.8455490586028991,0.9330196508721645,0.0001829947211729729
30,32,0.12,30,0.8966828469603465,0.9564617034243695,0.00013753435914266906
30,32,0.12,31,0.9687777244259516,1.0000286187622724,3.438380230347405e-05
30,32,0.13,1,0.03125000000000001,1.0000000000000002,5.260004719173888e-19
30,32,0.13,2,0.0574907131947471,0.9198514111159535,0.0003906572593650309
30,32,0.13,3,0.08117527991234683,0.8658696523983661,0.0004857706042780201
30,32,0.13,4,0.10362003274451709,0.8289602619561365,0.0005334045572464755
30,32,0.13,5,0.1255502305764287,0.8035214756891436,0.0005586604975159044
30,32,0.13,6,0.14732031644388094,0.785708354367365,0.0005727956933869254
30,32,0.13,7,0.1691524822029548,0.7732684900706506,0.0005797677152856385
30,32,0.13,8,0.19119800788223476,0.7647920315289389,0.0005840489295005577
30,32,0.13,9,0.21358330206930462,0.7594072962464165,0.0005848165319667262
30,32,0.13,10,0.23635209147374012,0.7563266927159683,0.0005835889242453417
30,32,0.13,11,0.2596362740670072,0.7553055245585664,0.0005796145597204457
30,32,0.13,12,0.28342399275400365,0.7557973140106763,0.0005743842715481137
30,32,0.13,13,0.3079666395705933,0.758071728173768,0.0005675969033680225
30,32,0.13,14,0.33318224172707445,0.7615594096618844,0.0005588896937210677
30,32,0.13,15,0.3591984273100162,0.7662899782613679,0.000548803000503894
30,32,0.13,16,0.38605031164306086,0.7721006232861216,0.0005372888209790814
30,32,0.13,17,0.41382137225113463,0.7789578771786063,0.0005240293603979548
30,32,0.13,18,0.4425752309986547,0.786800410664275,0.0005088727464709681
30,32,0.13,19,0.4723601528031497,0.7955539415631995,0.0004919875578044669
30,32,0.13,20,0.5032775409886764,0.8052440655818821,0.0004734109906553761
30,32,0.13,21,0.535468930896442,0.815952656604102,0.00045265446205197495
30,32,0.13,22,0.5689753106975679,0.8276004519237351,0.00042954446728675765
30,32,0.13,23,0.6038497964748016,0.840138847269289,0.00040359453247719917
30,32,0.13,24,0.6402476462074145,0.8536635282765526,0.0003752266492443099
30,32,0.13,25,0.6784369338264946,0.868399275297913,0.00034390829248687237
30,32,0.13,26,0.7182207462804435,0.8839639954220843,0.0003067202014743205
30,32,0.13,27,0.7598799943282675,0.9005985117964651,0.0002708717902207082
30,32,0.13,28,0.8048891508642216,0.9198733152733961,0.0002248218774312449
30,32,0.13,29,0.8495290632399988,0.9374113801268953,0.0001727673459414397
30,32,0.13,30,0.8995603382222126,0.9595310274370268,0.00012913590707603942
30,32,0.13,31,0.968777805015092,1.0000287019510627,3.295952109653137e-05
30,32,0.14,1,0.031249999999999976,0.9999999999999992,9.923637021207878e-19
30,32,0.14,2,0.05777448584606861,0.9243917735370978,0.00037918802023200013
30,32,0.14,3,0.08184402773078626,0.8730029624617204,0.0004730029275571663
30,32,0.14,4,0.10471999308997146,0.8377599447197717,0.0005209960194396347
30,32,0.14,5,0.12708917731351208,0.8133707348064773,0.0005463320511730977
30,32,0.14,6,0.1492953863566601,0.7962420605688538,0.0005601940865045645
30,32,0.14,7,0.17157565359882895,0.784345845023218,0.0005672120824096627
30,32,0.14,8,0.19404204961901297,0.7761681984760519,0.0005711584460265373
30,32,0.14,9,0.21684705598977388,0.7710117546303071,0.000571646992535007
30,32,0.14,10,0.24002841054901117,0.7680909137568358,0.0005699630888688517
30,32,0.14,11,0.263693986459745,0.7671097787919856,0.0005658277374066848
30,32,0.14,12,0.2878632441545935,0.7676353177455829,0.0005604415972813581
30,32,0.14,13,0.31277114186651017,0.7698981953637173,0.0005533274973352052
30,32,0.14,14,0.338324390493064,0.7733128925555748,0.0005443239865911995
30,32,0.14,15,0.36464905706582246,0.7779179884070879,0.0005338062290696298
30,32,0.14,16,0.39178202701627013,0.7835640540325403,0.0005219180882741631
30,32,0.14,17,0.41980207891059423,0.790215677949354,0.0005082285223218327
30,32,0.14,18,0.44876556881240176,0.7978054556664921,0.0004926910247914304
30,32,0.14,19,0.478721690225939,0.8062681098542133,0.00047564463455057154
30,32,0.14,20,0.5097540430430806,0.815606468868929,0.0004568976562413188
30,32,0.14,21,0.5419970347469933,0.8259002434239898,0.0004360090661348446
30,32,0.14,22,0.5754889075719767,0.8370747746501479,0.0004130093343760537
30,32,0.14,23,0.6102762569616713,0.8490800096858037,0.00038727182853904267
30,32,0.14,24,0.6464796711007766,0.8619728948010357,0.0003592047676815573
30,32,0.14,25,0.6843892667832205,0.8760182614825223,0.00032861455605063893
30,32,0.14,26,0.7237789857081985,0.8908049054870136,0.00029229268736990707
30,32,0.14,27,0.7649146325527061,0.9065654904328369,0.00025758236382693544
30,32,0.14,28,0.8092371457744777,0.9248424523136887,0.00021310817863085565
30,32,0.14,29,0.8530622228242166,0.9413100389784459,0.00016365886217547173
30,32,0.14,30,0.9021060852632926,0.9622464909475121,0.00012165067312044511
30,32,0.14,31,0.96877878713133,1.0000297157484697,3.16310325748424e-05
30,32,0.15,1,0.03125000000000001,1.0000000000000002,1.4110171389529951e-18
30,32,0.15,2,0.05804363624599669,0.928698179935947,0.0003682820516420231
30,32,0.15,3,0.08245253964001269,0.8794937561601351,0.000461413831734065
30,32,0.15,4,0.10571445141970531,0.8457156113576425,0.0005091721341310636
30,32,0.15,5,0.12847750353325726,0.8222560226128466,0.0005345645681549814
30,32,0.15,6,0.15109606733879685,0.8058456924735831,0.000548627690346327
30,32,0.15,7,0.1737816478923345,0.7944303903649577,0.000555516660990911
30,32,0.15,8,0.19664374263661588,0.7865749705464635,0.0005594319985621311
30,32,0.15,9,0.21982695446808218,0.7816069492198479,0.0005596636556542569
30,32,0.15,10,0.24337406113359758,0.7787969956275124,0.0005577595800148566
30,32,0.15,11,0.26740027346397627,0.7778917046224764,0.0005533630387040728
30,32,0.15,12,0.29191777906268895,0.7784474108338372,0.0005477036821370341
30,32,0.15,13,0.3171403942589528,0.7806532781758838,0.0005402600561613814
30,32,0.15,14,0.3430066343941347,0.7840151643294507,0.0005309896411922992
30,32,0.15,15,0.3696107918380217,0.7885030225877796,0.0005200742632083571
30,32,0.15,16,0.3969964469839772,0.7939928939679544,0.0005079199164848092
30,32,0.15,17,0.4252323513276409,0.8004373672049713,0.0004939690843995979
30,32,0.15,18,0.45438074481451923,0.8077879907813675,0.0004783037951146718
30,32,0.15,19,0.48448355627475603,0.8159723053048522,0.00046108175083228145
30,32,0.15,20,0.5155961598787279,0.8249538558059647,0.0004422243052283528
30,32,0.15,21,0.5478629309879722,0.8348387519816719,0.000421369134108633
30,32,0.15,22,0.5813408201402978,0.8455866474767967,0.00039853913884195654
30,32,0.15,23,0.6160395237259367,0.8570984677926076,0.00037298213011363867
30,32,0.15,24,0.6520612164569008,0.8694149552758677,0.00034525709534230953
30,32,0.15,25,0.6897164834960945,0.882837098875001,0.00031527383692102757
30,32,0.15,26,0.7287487554006566,0.8969215451085005,0.0002796564816751458
30,32,0.15,27,0.769394268010896,0.9118746880129137,0.0002460096493225686
30,32,0.15,28,0.8131149641222681,0.9292742447111636,0.00020298457040698802
30,32,0.15,29,0.8562042165182455,0.9447770665028917,0.00015573978582469428
30,32,0.15,30,0.9043493978406595,0.9646393576967034,0.00011521565176754938
30,32,0.15,31,0.9687656075487648,1.0000161110180799,3.0490445882475738e-05
30,32,0.16,1,0.031249999999999976,0.9999999999999992,1.3431797765033317e-18
30,32,0.16,2,0.05828965411329064,0.9326344658126502,0.00035845279395410834
30,32,0.16,3,0.08301277675396801,0.8854696187089919,0.0004502840729317287
30,32,0.16,4,0.10662414378596702,0.8529931502877361,0.0004971066610683807
30,32,0.16,5,0.12976159254857547,0.8304741923108829,0.0005225239518289191
30,32,0.16,6,0.1527487848188051,0.8146601857002939,0.0005364442923989648
30,32,0.16,7,0.17579520127539347,0.8036352058303702,0.0005432562318266918
30,32,0.16,8,0.19901692073494187,0.7960676829397675,0.00054713607545822
30,32,0.16,9,0.22256320295384693,0.7913358327247891,0.0005473636206550044
30,32,0.16,10,0.2464632346733155,0.7886823509546095,0.0005450344850364843
30,32,0.16,11,0.2708274803382576,0.787861760984022,0.000540368240224131
30,32,0.16,12,0.2956529152552096,0.7884077740138923,0.0005341229716152066
30,32,0.16,13,0.3211670315550608,0.7905650007509188,0.0005262881502617703
30,32,0.16,14,0.34731585925292496,0.7938648211495427,0.0005167062202582908
30,32,0.16,15,0.3741686393160696,0.7982264305409486,0.0005055236287381165
30,32,0.16,16,0.40178603921771294,0.8035720784354259,0.0004931980413256922
30,32,0.16,17,0.4302103450201133,0.8098077082731544,0.00047902649415219477
30,32,0.16,18,0.45952151101602456,0.8169271306951548,0.0004632591884225401
30,32,0.16,19,0.48974092413441334,0.8248268195948015,0.00044599200744369066
30,32,0.16,20,0.5209345975988089,0.8334953561580942,0.000427197789160681
30,32,0.16,21,0.5532377619477725,0.843028970587082,0.00040639304134703063
30,32,0.16,22,0.5866793012727654,0.8533517109422041,0.0003837828037398938
30,32,0.16,23,0.6212867854790444,0.8643990058838877,0.00035862150519763047
30,32,0.16,24,0.65713948259012,0.8761859767868266,0.0003314334800230952
30,32,0.16,25,0.6945776964193765,0.889059451416802,0.00030225012286017977
30,32,0.16,26,0.7332697942802319,0.9024859006525929,0.00026734127876591073
30,32,0.16,27,0.7734482273074625,0.9166793805125484,0.00023480830546403667
30,32,0.16,28,0.816619429515557,0.9332793480177795,0.00019338092462139892
30,32,0.16,29,0.859043216913698,0.9479097565944254,0.00014817598607466483
30,32,0.16,30,0.906363369987698,0.9667875946535444,0.00010915720685940699
30,32,0.16,31,0.9687548864108806,1.000005044037038,2.9375963342197997e-05
30,32,0.17,1,0.031249999999999993,0.9999999999999998,1.2833232802242173e-18
30,32,0.17,2,0.058510799649343595,0.9361727943894975,0.0003489699309529694
30,32,0.17,3,0.08354071085068078,0.8911009157405951,0.00043962409931409515
30,32,0.17,4,0.10747328228620666,0.8597862582896533,0.0004861273832786101
30,32,0.17,5,0.13097238300078853,0.8382232512050466,0.0005113896039478948
30,32,0.17,6,0.15431352137951757,0.823005447357427,0.0005249900458107183
30,32,0.17,7,0.1777025867237942,0.8123546821659164,0.0005317780135858346
30,32,0.17,8,0.20126665692312226,0.805066627692489,0.0005357423207913961
30,32,0.17,9,0.22515221277631253,0.8005412009824445,0.0005357653066007779
30,32,0.17,10,0.24938147407933053,0.7980207170538578,0.0005333147710984954
30,32,0.17,11,0.2740640069929094,0.7972771112521001,0.0005284792249404361
30,32,0.17,12,0.2991859692284344,0.797829251275825,0.0005218200641547485
30,32,0.17,13,0.32496706942635717,0.7999189401264176,0.0005138121109175388
30,32,0.17,14,0.3513736234214372,0.8031397106775708,0.0005040577412959595
30,32,0.17,15,0.37844611148179796,0.8073517044945022,0.0004926342915067417
30,32,0.17,16,0.4062831443285167,0.8125662886570334,0.0004801984190513782
30,32,0.17,17,0.43488300745886604,0.8186033081578656,0.00046587224343452524
30,32,0.17,18,0.46433093600094755,0.8254772195572403,0.0004500057033102596
30,32,0.17,19,0.4946631112074702,0.8331168188757393,0.000432687361874668
30,32,0.17,20,0.5259328610716301,0.8414925777146081,0.000413943541071187
30,32,0.17,21,0.5582419461583277,0.8506543941460232,0.0003931254186599057
30,32,0.17,22,0.5916407208274884,0.8605683212036198,0.0003706497404469734
30,32,0.17,23,0.6261529666687671,0.8711693449304584,0.00034588572215912204
30,32,0.17,24,0.6618363065890304,0.8824484087853739,0.0003191147153483866
30,32,0.17,25,0.6990274983204742,0.8947551978502071,0.00029058183761225943
30,32,0.17,26,0.7373993703744774,0.9075684558455108,0.0002565641249901573
30,32,0.17,27,0.7771871955988854,0.9211107503394197,0.000224979009883911
30,32,0.17,28,0.8198767379861954,0.9370019862699377,0.00018482004356957873
30,32,0.17,29,0.8616601024658129,0.9507973544450349,0.00014142685721888108
30,32,0.17,30,0.9082153218773139,0.9687630100024681,0.00010374768309732906
30,32,0.17,31,0.9687532617209802,1.000003366937786,2.8395767726954483e-05
30,32,0.18,1,0.031250000000000014,1.0000000000000002,8.200783371692621e-19
30,32,0.18,2,0.05872183824696548,0.9395494119514476,0.00034024555523634576
30,32,0.18,3,0.08403895080397372,0.8964154752423864,0.00043029550397604744
30,32,0.18,4,0.10828703564377427,0.8662962851501941,0.0004764507933137445
30,32,0.18,5,0.13210508149648026,0.8454725215774735,0.0005012911914131768
30,32,0.18,6,0.15577408215589147,0.830795104831421,0.0005150484907760443
30,32,0.18,7,0.17948921143414234,0.8205221094132221,0.0005216227403268187
30,32,0.18,8,0.20337158323391002,0.81348633293564,0.0005251822541201584
30,32,0.18,9,0.22756214905200794,0.8091098632960281,0.0005248854549663591
30,32,0.18,10,0.25209271896950725,0.8066967007024232,0.0005223299997916214
30,32,0.18,11,0.2770519415868489,0.8059692846162877,0.0005172960427881464
30,32,0.18,12,0.3024374894853816,0.8064999719610176,0.0005102534773707948
30,32,0.18,13,0.328472078605145,0.8085466550280491,0.0005022439591495225
30,32,0.18,14,0.35510952824724684,0.8116789217079927,0.0004922606513502227
30,32,0.18,15,0.3823886834739946,0.8157625247445217,0.00048058109183004595
30,32,0.18,16,0.41041079343689213,0.820821586873784,0.000467906766090033
30,32,0.18,17,0.43916134686577574,0.8266566529238131,0.00045350417578834886
30,32,0.18,18,0.468735839425059,0.8333081589778825,0.0004376725875739618
30,32,0.18,19,0.4991678429946402,0.8407037355699202,0.00042035548309096884
30,32,0.18,20,0.5305067349662432,0.8488107759459892,0.0004016495944383815
30,32,0.18,21,0.5628171101267873,0.857626072574152,0.0003808746397936958
30,32,0.18,22,0.5961857691800321,0.8671793006255011,0.00035864550332883975
30,32,0.18,23,0.6306185958255813,0.8773823941921132,0.0003342138303792343
30,32,0.18,24,0.6661405691801645,0.8881874255735527,0.0003077770883325323
30,32,0.18,25,0.7031102404130424,0.899981107728694,0.0002798973510757475
30,32,0.18,26,0.7411788355021279,0.9122201052333883,0.00024669360586401627
30,32,0.18,27,0.7805784521212512,0.9251300173288902,0.00021601204936000365
30,32,0.18,28,0.8228342136484774,0.9403819584554026,0.00017699118946399317
30,32,0.18,29,0.8640303645953079,0.9534128161051671,0.00013530430978132542
30,32,0.18,30,0.9098871180427912,0.970546259245644,9.884649146610655e-05
30,32,0.18,31,0.9687495283976401,0.9999995131846607,2.7500625859974507e-05
30,32,0.19,1,0.03125,1.0,7.883415594150337e-19
30,32,0.19,2,0.058909014998882216,0.9425442399821155,0.0003316380803373085
30,32,0.19,3,0.08449025764882397,0.901229414920789,0.00042027260620689335
30,32,0.19,4,0.1090307132136566,0.8722457057092527,0.00046620882943141224
30,32,0.19,5,0.1331476430683315,0.8521449156373215,0.0004913470238342556
30,32,0.19,6,0.157122776655797,0.8379881421642505,0.0005051392742322962
30,32,0.19,7,0.18114709447717173,0.8281010033242138,0.0005115088661657845
30,32,0.19,8,0.205328646921348,0.821314587685392,0.0005150019696615901
30,32,0.19,9,0.22981435336695413,0.8171177008602815,0.0005142212141334464
30,32,0.19,10,0.2546251201416505,0.8148003844532817,0.0005115802976600334
30,32,0.19,11,0.27986062848628096,0.8141400101419084,0.0005065426415268413
30,32,0.19,12,0.30551539402836614,0.8147077174089764,0.0004993027558151612
30,32,0.19,13,0.33177848760053463,0.8166855079397776,0.0004910144412814184
30,32,0.19,14,0.3586284942946484,0.8197222726734822,0.00048093085622372296
30,32,0.19,15,0.3861030294579731,0.8236864628436762,0.0004692043175959593
30,32,0.19,16,0.414301702274866,0.828603404549732,0.0004563203736228967
30,32,0.19,17,0.44319806722933897,0.8342551853728735,0.0004418893986835494
30,32,0.19,18,0.47289152149400915,0.8406960382115718,0.00042611206740599705
30,32,0.19,19,0.5034056990198815,0.8478411772966425,0.0004088742354757257
30,32,0.19,20,0.534788636166209,0.8556618178659345,0.0003902650212539263
30,32,0.19,21,0.5670969152054899,0.8641476803131273,0.0003696710290499137
30,32,0.19,22,0.6004129218837141,0.8733278863763115,0.0003476823956516926
30,32,0.19,23,0.6347507172545859,0.8831314327020325,0.000323637122133134
30,32,0.19,24,0.6701234527500668,0.8934979370000893,0.00029755664426451596
30,32,0.19,25,0.7068835547130837,0.9048109500327471,0.0002703100726506642
30,32,0.19,26,0.7446876118924998,0.9165385992523074,0.00023778552682810882
30,32,0.19,27,0.7837152052361477,0.9288476506502491,0.00020799863584857123
30,32,0.19,28,0.8255815339787246,0.9435217531185425,0.00016998269284511993
30,32,0.19,29,0.8662113183914888,0.9558193858112979,0.0001298488855134322
30,32,0.19,30,0.9114141031906347,0.9721750434033437,9.447030555301726e-05
30,32,0.19,31,0.9687476213045914,0.9999975445724815,2.6682337475506822e-05
30,32,0.2,1,0.03125,1.0,7.597784594362281e-19
30,32,0.2,2,0.05908442883071267,0.9453508612914027,0.00032330148942499973
30,32,0.2,3,0.08491143975784783,0.9057220240837102,0.00041118396624760067
30,32,0.2,4,0.10972235292008278,0.8777788233606623,0.00045651354586755664
30,32,0.2,5,0.1341236712583036,0.8583914960531429,0.0004816825535598989
30,32,0.2,6,0.15836987301659627,0.84463932275518,0.00049540681310311
30,32,0.2,7,0.18267238835260305,0.8350737753261853,0.0005016790383225149
30,32,0.2,8,0.2071364013371378,0.8285456053485512,0.0005050506961955826
30,32,0.2,9,0.23188044145907588,0.8244637918544919,0.0005043220437430219
30,32,0.2,10,0.25693833082985207,0.8222026586555266,0.0005014486695268317
30,32,0.2,11,0.28242118508019787,0.8215889020514848,0.0004963190486687646
30,32,0.2,12,0.3083187353864086,0.8221832943637561,0.0004889039018109775
30,32,0.2,13,0.33479868014812936,0.8241198280569336,0.00048050342377537185
30,32,0.2,14,0.3618484708882845,0.8270822191732216,0.00047045675282635373
30,32,0.2,15,0.3894979075200449,0.8309288693760957,0.0004586059719709073
30,32,0.2,16,0.41784952162162853,0.8356990432432571,0.0004457337526156888
30,32,0.2,17,0.44688726288911884,0.8411995536736355,0.00043121143699197177
30,32,0.2,18,0.47668183834627953,0.8474343792822747,0.0004152990344265563
30,32,0.2,19,0.5072687174480449,0.8543473135967072,0.00039818122559477106
30,32,0.2,20,0.5386982443271766,0.8619171909234824,0.0003796369386588802
30,32,0.2,21,0.570994600873287,0.8700870108545325,0.00035915888052894554
30,32,0.2,22,0.6042616815981684,0.8789260823246084,0.0003374306952921216
30,32,0.2,23,0.6385151086996762,0.888368846886506,0.0003137087605534389
30,32,0.2,24,0.6737376492685752,0.8983168656914335,0.00028806070790890015
30,32,0.2,25,0.7103049615386023,0.9091903507694109,0.00026139972188812794
30,32,0.2,26,0.747858356409971,0.9204410540430412,0.00022957325893198076
30,32,0.2,27,0.7865575211447483,0.9322163213567387,0.00020053716359512766
30,32,0.2,28,0.8279985955781586,0.9462841092321812,0.00016355001155004563
30,32,0.2,29,0.8681785778553995,0.9579901548749234,0.00012489969585155982
30,32,0.2,30,0.9127879435036953,0.9736404730706083,9.045770595548182e-05
30,32,0.2,31,0.9687380876320104,0.9999877033620752,2.5919535376590923e-05
30,32,0.25,1,0.031249999999999983,0.9999999999999994,1.3024773590335341e-18
30,32,0.25,2,0.05981683849709187,0.95706941595347,0.00028795721334607413
30,32,0.25,3,0.08668434711457454,0.9246330358887953,0.0003708960497581542
30,32,0.25,4,0.11263781477994762,0.901102518239581,0.00041427205874520193
30,32,0.25,5,0.13824727244697985,0.8847825436606711,0.00043868880373911336
30,32,0.25,6,0.16370970422166792,0.8731184225155624,0.0004518031919064314
30,32,0.25,7,0.18919179259582192,0.864876766152329,0.00045787609884754855
30,32,0.25,8,0.2148062385366665,0.859224954146666,0.00046066474322282276
30,32,0.25,9,0.24068483986370384,0.8557683195153916,0.00045952680694495886
30,32,0.25,10,0.26684127567955096,0.8538920821745631,0.00045606934494638426
30,32,0.25,11,0.29335013503672325,0.8533822110159223,0.00045046177804975357
30,32,0.25,12,0.32020608115402865,0.8538828830774099,0.00044284416312043596
30,32,0.25,13,0.3475680662303785,0.8555521630286241,0.00043390631242783264
30,32,0.25,14,0.37543515697403984,0.8581375016549484,0.00042363689771068484
30,32,0.25,15,0.4038029338742582,0.8614462589317509,0.0004115727258903536
30,32,0.25,16,0.43277188696770547,0.8655437739354109,0.0003987450486874584
30,32,0.25,17,0.4623086594172637,0.8702280647854376,0.0003843532637270364
30,32,0.25,18,0.4924679654771086,0.8754986052926375,0.0003688784600706053
30,32,0.25,19,0.523317448411539,0.8813767552194341,0.0003522673070560957
30,32,0.25,20,0.5548372877443669,0.8877396603909872,0.000334394891265458
30,32,0.25,21,0.5870940826831031,0.8946195545647285,0.000314971563211554
30,32,0.25,22,0.6201239331649061,0.9019984482398633,0.0002942497817092763
30,32,0.25,23,0.6539823486639953,0.9098884850977327,0.00027231773520041005
30,32,0.25,24,0.6885920969160643,0.9181227958880858,0.000248450358238143
30,32,0.25,25,0.7243076684185,0.9271138155756803,0.0002245818079580502
30,32,0.25,26,0.7608142684581232,0.9363867919484592,0.00019584006460527252
30,32,0.25,27,0.7980725874868396,0.94586380739181,0.00017014361372347312
30,32,0.25,28,0.8376532991674245,0.9573180561913424,0.00013809075937679466
30,32,0.25,29,0.8760952627739258,0.9667258071988148,0.00010506344747076563
30,32,0.25,30,0.918241365893099,0.979457456952639,7.438381591809609e-05
30,32,0.25,31,0.9687316429977455,0.9999810508363826,2.27688741712251e-05
30,32,0.5,1,0.031249999999999986,0.9999999999999996,8.683182393556893e-19
30,32,0.5,2,0.06148987433762186,0.9838379894019498,0.00018057158196227335
30,32,0.5,3,0.09090807715099351,0.9696861562772642,0.00024113032813306677
30,32,0.5,4,0.11981271895258822,0.9585017516207057,0.00027553383867592895
30,32,0.5,5,0.14847242778726286,0.9502235378384823,0.00029518515661914674
30,32,0.5,6,0.17702623988783575,0.9441399460684573,0.00030633305956141135
30,32,0.5,7,0.20557249285845094,0.9397599673529186,0.0003118131110458561
30,32,0.5,8,0.23414696989679135,0.9365878795871654,0.00031409844735778934
30,32,0.5,9,0.26290612799961427,0.9347773439986286,0.0003133435129914615
30,32,0.5,10,0.29174267246058505,0.9335765518738722,0.0003101255694431086
30,32,0.5,11,0.32077689339033766,0.9331691444082548,0.00030512072044370955
30,32,0.5,12,0.3499628627668749,0.9332343007116662,0.0002988065991324596
30,32,0.5,13,0.3794215710152174,0.9339607901913042,0.00029103908920838725
30,32,0.5,14,0.4091690137922004,0.935243460096458,0.00028206793812575535
30,32,0.5,15,0.43912105554258046,0.9367915851575049,0.00027207773446533216
30,32,0.5,16,0.4693770991925573,0.9387541983851146,0.0002614457208582977
30,32,0.5,17,0.49992963124922735,0.9410440117632515,0.00024989291576111054
30,32,0.5,18,0.5307947450813104,0.9436351023667741,0.00023757734093699927
30,32,0.5,19,0.5619587121592315,0.9464567783734426,0.0002247627528900607
30,32,0.5,20,0.593465725741749,0.9495451611867985,0.00021101966428582714
30,32,0.5,21,0.6252836731194988,0.9528132161820935,0.000196859662415721
30,32,0.5,22,0.6575082770261768,0.9563756756744388,0.00018146828848261256
30,32,0.5,23,0.6900436942711827,0.9600607920294716,0.00016637606189501424
30,32,0.5,24,0.7230350558825082,0.9640467411766775,0.00014973299488377115
30,32,0.5,25,0.7562608954826273,0.9680139462177629,0.00013388874163517057
30,32,0.5,26,0.790162389370607,0.9725075561484392,0.00011563079476378891
30,32,0.5,27,0.8240521452264126,0.9766543943424149,9.811607812674766e-05
30,32,0.5,28,0.8592546672392352,0.9820053339876973,8.023024814873607e-05
30,32,0.5,29,0.8937637746376403,0.9862220961518788,5.965762373216539e-05
30,32,0.5,30,0.9299126530553288,0.991906829925684,4.144878612215886e-05
30,32,0.5,31,0.9687526696686546,1.0000027557869984,1.4784130609815163e-05
30,32,1.0,1,0.031249999999999983,0.9999999999999994,1.3024773590335341e-18
30,32,1.0,2,0.06224296771017748,0.9958874833628397,9.319176493628818e-05
30,32,1.0,3,0.09296526021414506,0.9916294422842141,0.00012959077826248824
30,32,1.0,4,0.12347156155319558,0.9877724924255646,0.00015253881875235757
30,32,1.0,5,0.1538530919876974,0.9846597887212634,0.00016680704247645754
30,32,1.0,6,0.18416761399404077,0.9822272746348842,0.0001758321825151204
30,32,1.0,7,0.21445213441186906,0.9803526144542586,0.0001809039080186807
30,32,1.0,8,0.24472649605086572,0.9789059842034629,0.00018336617932876873
30,32,1.0,9,0.275073460181663,0.978038969534802,0.0001838431879478676
30,32,1.0,10,0.3054213379067767,0.9773482813016856,0.0001822057527871072
30,32,1.0,11,0.33584872057103243,0.9770144598430034,0.00017944177231442025
30,32,1.0,12,0.36631585209136347,0.976842272243636,0.00017577731627561267
30,32,1.0,13,0.3969113070902712,0.9770124482222062,0.00017101730166287253
30,32,1.0,14,0.42759114327108266,0.9773511846196177,0.00016562153083280574
30,32,1.0,15,0.45835581879775933,0.9778257467685532,0.0001594813331372623
30,32,1.0,16,0.4892325634137899,0.9784651268275798,0.00015276281681876738
30,32,1.0,17,0.5202162310044843,0.9792305524790295,0.00014533617035647088
30,32,1.0,18,0.5513238065594785,0.9801312116612951,0.00013774494638131723
30,32,1.0,19,0.5825520966512114,0.9811403733073035,0.00012977758344736825
30,32,1.0,20,0.6139087822345934,0.9822540515753497,0.00012129922677739606
30,32,1.0,21,0.6453977567931717,0.9834632484467377,0.00011263998001514552
30,32,1.0,22,0.6769782752938822,0.9846956731547377,0.00010362175428616889
30,32,1.0,23,0.7087391391258555,0.9860718457403207,9.408223856361648e-05
30,32,1.0,24,0.7405993132122822,0.9874657509497098,8.468697921369423e-05
30,32,1.0,25,0.7726932390946705,0.9890473460411784,7.463133792675605e-05
30,32,1.0,26,0.804783447751486,0.990502704924906,6.500064486104215e-05
30,32,1.0,27,0.8371625727152536,0.9921926787736339,5.417245178589963e-05
30,32,1.0,28,0.8697423345382254,0.9939912394722578,4.438560310655784e-05
30,32,1.0,29,0.9026988161552433,0.9960814523092341,3.3077249724979114e-05
30,32,1.0,30,0.935814385164894,0.9982020108425536,2.1602644836728997e-05
30,32,1.0,31,0.9687545929942537,1.0000047411553585,9.07612339376121e-06
30,64,0.01,1,0.015624999999999995,0.9999999999999997,7.144417830228087e-19
30,64,0.01,2,0.024019551742742454,0.7686256557677585,0.0006591215469514807
30,64,0.01,3,0.030117509402007046,0.6425068672428169,0.0007580594117659515
30,64,0.01,4,0.035195164262615625,0.56312262820185,0.0007904727342300171
30,64,0.01,5,0.03976857031655775,0.509037700051939,0.0008066538530827981
30,64,0.01,6,0.044020673161979114,0.4695538470611105,0.0008106843457166928
30,64,0.01,7,0.0480637005441272,0.4394395478320202,0.0008121982963856581
30,64,0.01,8,0.052026627275955535,0.4162130182076443,0.0008136274201853744
30,64,0.01,9,0.05593747233971165,0.397777581082394,0.0008142916920090426
30,64,0.01,10,0.05978104458395703,0.38259868533732494,0.0008133830304667095
30,64,0.01,11,0.06367319926895017,0.3704622502920737,0.0008144926859892238
30,64,0.01,12,0.06753675764070398,0.36019604075042116,0.0008144332664728431
30,64,0.01,13,0.0714915080935846,0.3519581936914933,0.0008173587646954622
30,64,0.01,14,0.07547952629812556,0.3450492630771455,0.000819021996109884
30,64,0.01,15,0.07954473900452257,0.33939088641929627,0.0008215197945790979
30,64,0.01,16,0.08368471346535014,0.33473885386140056,0.00082470921322159
30,64,0.01,17,0.08792947433897112,0.33102860927612665,0.0008292059974350285
30,64,0.01,18,0.09226356065317894,0.3280482156557474,0.0008330741744244692
30,64,0.01,19,0.09669029765379443,0.3256936342022549,0.0008379909885661432
30,64,0.01,20,0.10122607438965678,0.32392343804690166,0.0008435563700074918
30,64,0.01,21,0.10593969555868782,0.32286383408362,0.0008491528345482833
30,64,0.01,22,0.1107806356082804,0.32227093995136114,0.0008547661308782768
30,64,0.01,23,0.1157656879658834,0.32213060999202336,0.0008605374626171367
30,64,0.01,24,0.12085123993387435,0.32226997315699824,0.0008660767825301908
30,64,0.01,25,0.12614378661173797,0.3229280937260492,0.0008725118414011278
30,64,0.01,26,0.13163339477776162,0.32402066406833624,0.0008798071303466421
30,64,0.01,27,0.1373211692505666,0.32550203081615786,0.0008876901703726301
30,64,0.01,28,0.14326422626842725,0.32746108861354806,0.0008958487810192252
30,64,0.01,29,0.14940302154307747,0.3297170130605847,0.0009038504025290435
30,64,0.01,30,0.1557626882318125,0.33229373489453334,0.0009123422969389613
30,64,0.01,31,0.16239691584847651,0.3352710520742741,0.0009209866444132085
30,64,0.01,32,0.1692992084386336,0.3385984168772672,0.0009298187931065171
30,64,0.01,33,0.17653687574118224,0.3423745468919898,0.0009395930476769054
30,64,0.01,34,0.18407874780241562,0.3465011723339589,0.0009495066855082487
30,64,0.01,35,0.19197120623769745,0.3510330628346467,0.0009599369832699963
30,64,0.01,36,0.2002742566837897,0.35604312299340396,0.0009700915290871976
30,64,0.01,37,0.20901136064032672,0.3615331643508354,0.0009808025350650108
30,64,0.01,38,0.21816652785216556,0.3674383626983841,0.000991786376557612
30,64,0.01,39,0.22781913296277298,0.37385703870814024,0.0010030166857014308
30,64,0.01,40,0.23800950846634297,0.3808152135461487,0.0010141801146194016
30,64,0.01,41,0.2487455008136293,0.38828565980664087,0.0010254789569828868
30,64,0.01,42,0.2600915758236553,0.39633002030271275,0.0010371848309664036
30,64,0.01,43,0.2720939399637735,0.40497702692282567,0.001047968059356006
30,64,0.01,44,0.284909341470492,0.4144135875934429,0.0010593588962290346
30,64,0.01,45,0.2985254656246943,0.42456955111067635,0.0010698283235126027
30,64,0.01,46,0.31303994090311077,0.43553383082171937,0.0010801408394960237
30,64,0.01,47,0.32859007040497545,0.4474417979982644,0.0010899612433473496
30,64,0.01,48,0.34524708009952687,0.4603294401327025,0.0010981964070891164
30,64,0.01,49,0.3631400346178227,0.47430535133756435,0.0011055778458411057
30,64,0.01,50,0.38246893609639043,0.4895602382033797,0.0011115276943612612
30,64,0.01,51,0.403271349300787,0.5060660069656935,0.0011150340523553872
30,64,0.01,52,0.4258639780598831,0.5241402806890868,0.0011153743650506292
30,64,0.01,53,0.4505500044139693,0.5440603826885667,0.0011128620272493424
30,64,0.01,54,0.4774548673146945,0.5658724353359342,0.0011051359550767771
30,64,0.01,55,0.5070015658641691,0.5899654584601242,0.0010914335247858978
30,64,0.01,56,0.539666789043418,0.6167620446210493,0.0010699592183908751
30,64,0.01,57,0.5758884990498662,0.6466116480559899,0.001038282642289793
30,64,0.01,58,0.6163329865967205,0.680091571417071,0.0009920959820353562
30,64,0.01,59,0.6619049537161588,0.7179985938615959,0.0009240017200270555
30,64,0.01,60,0.7128152464022514,0.7603362628290681,0.0008324925425086328
30,64,0.01,61,0.7717924665271101,0.8097494730776238,0.0007186676177590702
30,64,0.01,62,0.8462124103632875,0.8735095848911355,0.0005781260150541117
30,64,0.01,63,0.9844090109007834,1.0000345507563513,6.280865174647994e-05
30,64,0.02,1,0.015624999999999997,0.9999999999999998,1.4569008908700413e-18
30,64,0.02,2,0.02499663916136844,0.7998924531637901,0.0006082823858177835
30,64,0.02,3,0.0321582420454676,0.6860424969699754,0.0007064401366159481
30,64,0.02,4,0.03830675114616335,0.6129080183386136,0.0007461812242758449
30,64,0.02,5,0.04394591459867215,0.5625077068630034,0.0007666407867496389
30,64,0.02,6,0.04926528173902163,0.525496338549564,0.0007754592965046585
30,64,0.02,7,0.05437672349057769,0.4971586147709961,0.000779896795148844
30,64,0.02,8,0.05939635108233345,0.4751708086586676,0.0007830327102603868
30,64,0.02,9,0.06437514476911986,0.4577788072470746,0.000786459555396724
30,64,0.02,10,0.06928005851165583,0.4433923744745973,0.0007875455340759986
30,64,0.02,11,0.07422666075662482,0.4318642080385444,0.000788341649473427
30,64,0.02,12,0.07917519064714917,0.42226768345146226,0.0007886967809151079
30,64,0.02,13,0.08424211766628364,0.4147304254340118,0.0007920442328206953
30,64,0.02,14,0.08937560929738754,0.40857421393091453,0.0007941915643420184
30,64,0.02,15,0.09458281955674738,0.40355336344212217,0.0007964194652885335
30,64,0.02,16,0.09988036269436038,0.3995214507774415,0.0007992620923429142
30,64,0.02,17,0.10525815955039411,0.39626601242501314,0.0008019894182465783
30,64,0.02,18,0.1107465656439534,0.39376556673405655,0.000805195131065289
30,64,0.02,19,0.11637611754419594,0.3920037643593968,0.0008083632492962751
30,64,0.02,20,0.12210431462511381,0.3907338068003641,0.0008119965788566424
30,64,0.02,21,0.12804686167361856,0.39023805462436134,0.0008159249075847895
30,64,0.02,22,0.13413159120068527,0.3902009925838117,0.0008193566106396042
30,64,0.02,23,0.14042206302739207,0.39073965364143887,0.0008230978883653813
30,64,0.02,24,0.14684015209210527,0.39157373891228064,0.0008271902471047103
30,64,0.02,25,0.15350165979684482,0.3929642490799228,0.0008320038492499241
30,64,0.02,26,0.16034498610929293,0.39469535042287496,0.0008366413651635536
30,64,0.02,27,0.16743073684491724,0.39687285770647057,0.0008416257844638975
30,64,0.02,28,0.1747692263468164,0.39947251736415185,0.0008467824082154338
30,64,0.02,29,0.1823486795055074,0.4024246720121543,0.0008522222816749733
30,64,0.02,30,0.19020625827509158,0.40577335098686196,0.0008582056291049418
30,64,0.02,31,0.19831292852560686,0.4094202395367368,0.000863335185745537
30,64,0.02,32,0.2067576292444517,0.4135152584889034,0.0008689136935012995
30,64,0.02,33,0.21554699477462075,0.4180305353204766,0.0008745424692969512
30,64,0.02,34,0.22466898190347753,0.4229063188771342,0.0008799657802414498
30,64,0.02,35,0.23417149475766594,0.42819930469973194,0.000885486859479952
30,64,0.02,36,0.24408450280185132,0.433928004981069,0.0008908588760612713
30,64,0.02,37,0.25446754612171585,0.440160079778103,0.0008960463761064685
30,64,0.02,38,0.2652982074731981,0.44681803363907047,0.0009012322731443864
30,64,0.02,39,0.2766466033791898,0.45398416964790117,0.0009067176705354323
30,64,0.02,40,0.2885291406928242,0.4616466251085188,0.0009112907155458379
30,64,0.02,41,0.30100016374530936,0.4698539141390195,0.0009155324141880095
30,64,0.02,42,0.31409591964957956,0.4786223537517403,0.0009197360618914777
30,64,0.02,43,0.327844634100016,0.48795480424188437,0.0009231404587725214
30,64,0.02,44,0.34239962094315024,0.4980358122809458,0.0009260661245863625
30,64,0.02,45,0.3577062946964194,0.5087378413460187,0.0009275190558473759
30,64,0.02,46,0.37391903758203393,0.5202351827228299,0.0009286268342782743
30,64,0.02,47,0.3911001382712671,0.5325618904119381,0.0009284615261133898
30,64,0.02,48,0.40930688222222855,0.545742509629638,0.0009263959340532119
30,64,0.02,49,0.4286750007387806,0.5599020417812643,0.0009227477518260745
30,64,0.02,50,0.44934273306739536,0.5751586983262661,0.000917180376773563
30,64,0.02,51,0.47136404383608294,0.5915156628531237,0.0009088553049879528
30,64,0.02,52,0.4948904053475039,0.6090958835046203,0.0008973478768840074
30,64,0.02,53,0.520222262555798,0.6281929208220955,0.0008821697574565879
30,64,0.02,54,0.5474333169489776,0.6488098571247142,0.0008624245478326408
30,64,0.02,55,0.5768213966414842,0.6712103524555453,0.0008369419977685062
30,64,0.02,56,0.608650484828497,0.695600554089711,0.0008048756446925981
30,64,0.02,57,0.6432524127124465,0.722248323045554,0.0007655962697314045
30,64,0.02,58,0.6811662563348888,0.7516317311281531,0.0007151863220616764
30,64,0.02,59,0.722679059851215,0.7839230479741994,0.0006486151666908465
30,64,0.02,60,0.7679629198618548,0.8191604478526451,0.000564755552721759
30,64,0.02,61,0.818021321929794,0.8582518787460135,0.00047337943664687866
30,64,0.02,62,0.8800617899209329,0.9084508799183824,0.0003635698350205302
30,64,0.02,63,0.9844086165706782,1.000034150167038,4.4253739403751434e-05
30,64,0.03,1,0.015624999999999991,0.9999999999999993,4.949727385648216e-19
30,64,0.03,2,0.025681076459939223,0.821794446718055,0.0005732601520935193
30,64,0.03,3,0.033620656778313385,0.7172406779373521,0.0006742573382938564
30,64,0.03,4,0.040569806163491415,0.6491168986158624,0.0007193820298238988
30,64,0.03,5,0.04700395280983587,0.6016505959658991,0.0007414241756955055
30,64,0.03,6,0.05312314191377256,0.5666468470802406,0.000752730768062751
30,64,0.03,7,0.05903418320026727,0.5397411035453007,0.0007576400589134627
30,64,0.03,8,0.06486867635063408,0.5189494108050726,0.0007617539818262906
30,64,0.03,9,0.07065228284031316,0.5024162335311158,0.0007666707174743151
30,64,0.03,10,0.07637082237302156,0.48877326318733794,0.0007687388891336988
30,64,0.03,11,0.08213967926173595,0.4779035884319183,0.0007709956352783765
30,64,0.03,12,0.08793230202729453,0.4689722774789041,0.00077184690631303
30,64,0.03,13,0.09383171448024187,0.46194074821042147,0.000775055537947062
30,64,0.03,14,0.09977379335706123,0.45610876963227986,0.0007773033777132021
30,64,0.03,15,0.1058415076978251,0.4515904328440538,0.0007801612516844736
30,64,0.03,16,0.11200892352769602,0.44803569411078403,0.0007824727839704173
30,64,0.03,17,0.11826648142552669,0.4452385183078651,0.0007853277012212336
30,64,0.03,18,0.12466684657124892,0.4432598989199961,0.0007878681484788821
30,64,0.03,19,0.13118782370718088,0.44189582722418813,0.0007901391307400101
30,64,0.03,20,0.13783467088661855,0.4410709468371793,0.0007930550709315823
30,64,0.03,21,0.14470501146238512,0.4410057492186975,0.0007959814693787306
30,64,0.03,22,0.15175507526026746,0.4414693098480508,0.0007984432888516095
30,64,0.03,23,0.15898860581445978,0.44240307704893156,0.000801242280375843
30,64,0.03,24,0.16636502211937496,0.44364005898499986,0.0008041846345878903
30,64,0.03,25,0.17402041549059746,0.4454922636559295,0.0008073427680193292
30,64,0.03,26,0.1818781651451534,0.4477000988188391,0.0008106351733914994
30,64,0.03,27,0.1899789835687432,0.4503205536444283,0.0008138620179855483
30,64,0.03,28,0.19832000353721818,0.4533028652279273,0.0008171328065543209
30,64,0.03,29,0.20692701362787358,0.45666651283392795,0.0008205957770151682
30,64,0.03,30,0.2158354625191629,0.4604489867075475,0.0008244525615875579
30,64,0.03,31,0.2250119171872084,0.46454073225746245,0.0008274655752738338
30,64,0.03,32,0.23451732236869066,0.4690346447373812,0.0008303322026904924
30,64,0.03,33,0.24436575955404907,0.4739214730745194,0.0008331977483840971
30,64,0.03,34,0.25456368166461496,0.47917869489809867,0.0008357758366560348
30,64,0.03,35,0.26513331676261886,0.484815207794503,0.0008386367029500617
30,64,0.03,36,0.2761242598222715,0.49088757301737146,0.000840538600059959
30,64,0.03,37,0.28756683609467054,0.49741290567726787,0.0008423904775986491
30,64,0.03,38,0.2994814129034307,0.5043897480478833,0.0008439391556776909
30,64,0.03,39,0.3119183059651777,0.5118659379941378,0.0008455648898424867
30,64,0.03,40,0.32487366125378786,0.5197978580060605,0.0008462750139717092
30,64,0.03,41,0.3384102100380473,0.5282500839618299,0.0008463058448397065
30,64,0.03,42,0.3525688940020041,0.5372478384792444,0.0008458691353027231
30,64,0.03,43,0.3673476851236284,0.5467500429747026,0.0008447103044089146
30,64,0.03,44,0.382902926512096,0.5569497112903216,0.000842634456496804
30,64,0.03,45,0.3991464900551363,0.5676750080784161,0.000839208072772745
30,64,0.03,46,0.41625086641528164,0.579131640229957,0.000835073463405399
30,64,0.03,47,0.43420821220992156,0.5912622464135102,0.0008294750259746509
30,64,0.03,48,0.4531538816922596,0.6042051755896795,0.0008221105629764788
30,64,0.03,49,0.47312762069337966,0.6179626066199243,0.0008127328289702883
30,64,0.03,50,0.4942838976225974,0.6326833889569247,0.0008013176142742779
30,64,0.03,51,0.5166572629625358,0.6483542123451429,0.0007875769269545336
30,64,0.03,52,0.5403460642877942,0.6650413098926697,0.0007706824379033549
30,64,0.03,53,0.5655630255318475,0.68294403083091,0.0007504118844742915
30,64,0.03,54,0.5924145229587053,0.7021209160992062,0.0007261953694605883
30,64,0.03,55,0.6210702722237181,0.7226999531330538,0.0006970506931796455
30,64,0.03,56,0.6517062483626102,0.7448071409858401,0.0006623291906408112
30,64,0.03,57,0.6846449573699801,0.7687241626610302,0.0006217945336392127
30,64,0.03,58,0.7202509274665502,0.7947596441010208,0.0005728480700125094
30,64,0.03,59,0.7586379551324732,0.8229293072623439,0.0005110609478922234
30,64,0.03,60,0.799657753419295,0.8529682703139146,0.00043671259698287385
30,64,0.03,61,0.8441670670298514,0.8856834801624671,0.0003609234435811081
30,64,0.03,62,0.8987409621948605,0.9277326061366302,0.0002689685662497452
30,64,0.03,63,0.9844080308687594,1.0000335551682635,3.604717559518467e-05
30,64,0.04,1,0.015624999999999997,0.9999999999999998,0.0
30,64,0.04,2,0.026217426726155256,0.8389576552369682,0.0005482054310371102
30,64,0.04,3,0.0347849532602929,0.7420790028862484,0.0006507968440540116
30,64,0.04,4,0.042382051500313246,0.6781128240050119,0.0006981219936562813
30,64,0.04,5,0.0494648472059057,0.633150044235593,0.000722605342922651
30,64,0.04,6,0.05624230283742492,0.5999178969325325,0.0007350943563503398
30,64,0.04,7,0.06282079367820838,0.5743615422007623,0.0007420352568790988
30,64,0.04,8,0.06933418004395878,0.5546734403516702,0.0007474504976006939
30,64,0.04,9,0.07578723410384768,0.53893144251625,0.0007526564753710614
30,64,0.04,10,0.08219377118916514,0.5260401356106569,0.0007553552854974446
30,64,0.04,11,0.08864963083070743,0.5157796702877523,0.0007584671690597
30,64,0.04,12,0.09512018885015738,0.507307673867506,0.0007598450528536869
30,64,0.04,13,0.10171345777501026,0.500743176738512,0.0007626070962055188
30,64,0.04,14,0.10834833270215763,0.495306663781292,0.0007643661187674979
30,64,0.04,15,0.11511299774239142,0.4911487903675368,0.0007665673746372322
30,64,0.04,16,0.1219856534497468,0.4879426137989872,0.0007685451923098494
30,64,0.04,17,0.1289712745005311,0.4855389157667054,0.0007707662536665888
30,64,0.04,18,0.136100617913954,0.4839133081385031,0.0007726855785259917
30,64,0.04,19,0.1433413551842419,0.4828340385153411,0.0007740695978434843
30,64,0.04,20,0.15072937595066288,0.48233400304212115,0.000776044277893042
30,64,0.04,21,0.15834330909426386,0.4825700848587089,0.0007783830283194667
30,64,0.04,22,0.16615268171419686,0.4833532558958454,0.0007806816274827611
30,64,0.04,23,0.17412941559214387,0.4845340259955307,0.0007822516521569283
30,64,0.04,24,0.18228257212255536,0.4860868589934809,0.0007844288888969828
30,64,0.04,25,0.1907061879026647,0.4882078410308216,0.0007865977511507028
30,64,0.04,26,0.1993476161464105,0.49070182436039506,0.0007885205870178633
30,64,0.04,27,0.20822990265985103,0.4935819914900173,0.000790254678593843
30,64,0.04,28,0.2173521652593435,0.49680494916421364,0.0007919529552783116
30,64,0.04,29,0.22674405080985918,0.5004006638562409,0.0007936641881496368
30,64,0.04,30,0.23645100395347682,0.5044288084340839,0.0007955112278714007
30,64,0.04,31,0.24642213069656943,0.5087424633735625,0.0007964168694860757
30,64,0.04,32,0.2567284979799721,0.5134569959599442,0.0007974910468279447
30,64,0.04,33,0.2673838560731923,0.5185626299601306,0.0007984232401328326
30,64,0.04,34,0.27838347590890683,0.5240159546520599,0.0007988293204773011
30,64,0.04,35,0.2897576725666407,0.5298426012647144,0.0007992374475465349
30,64,0.04,36,0.30153108582337795,0.5360552636860052,0.0007988811445880381
30,64,0.04,37,0.3137502619251218,0.5427031557623728,0.0007982137097423831
30,64,0.04,38,0.3264303412089366,0.5497774167729458,0.0007972672254293707
30,64,0.04,39,0.33961110627970814,0.5573105333820851,0.0007961244219108297
30,64,0.04,40,0.35331512539110194,0.565304200625763,0.0007941605132285587
30,64,0.04,41,0.36756341718800595,0.5737575292690825,0.0007914419592804555
30,64,0.04,42,0.3824266287745594,0.5827453390850429,0.0007882629157229932
30,64,0.04,43,0.3978559693243503,0.5921577217850794,0.0007839313240480011
30,64,0.04,44,0.41400650339341477,0.6021912776631487,0.0007785601790552285
30,64,0.04,45,0.4308221757054507,0.6127248721144188,0.0007718458202305212
30,64,0.04,46,0.4484362445584794,0.6239112967770147,0.0007644006759828086
30,64,0.04,47,0.4668424688835835,0.6357003831606242,0.0007556403060617238
30,64,0.04,48,0.48612624147439865,0.6481683219658648,0.0007450074626003484
30,64,0.04,49,0.5063655605143588,0.661375425977938,0.0007323556499901073
30,64,0.04,50,0.527656533869229,0.675400363352613,0.0007176818771344834
30,64,0.04,51,0.5500183614583277,0.690219120261431,0.0007008830189259832
30,64,0.04,52,0.5735500335389849,0.7059077335864429,0.0006812893227058479
30,64,0.04,53,0.5984210627307034,0.7226216606559437,0.0006587896232615152
30,64,0.04,54,0.6247075304746016,0.7403941101921204,0.0006327631628421194
30,64,0.04,55,0.6525485735413563,0.75932924921176,0.0006023603276319998
30,64,0.04,56,0.6820493511496846,0.7794849727424967,0.0005674639378970119
30,64,0.04,57,0.7134668809955486,0.8010856207669317,0.0005279816502815147
30,64,0.04,58,0.7471178923670131,0.8244059501980834,0.00048185898898364866
30,64,0.04,59,0.7830312898998614,0.8493898737896801,0.0004246547895916397
30,64,0.04,60,0.8207992292755378,0.8755191778939071,0.0003586337730578386
30,64,0.04,61,0.861416734173062,0.9037814915914093,0.0002939551828903249
30,64,0.04,62,0.9108158603384063,0.940197017123516,0.00021407361157489412
30,64,0.04,63,0.9843931922176455,1.0000184809830048,3.1246632266116564e-05
30,64,0.05,1,0.01562499999999999,0.9999999999999993,0.0
30,64,0.05,2,0.026661303701212648,0.8531617184388047,0.0005247132520278581
30,64,0.05,3,0.03575726168718385,0.762821582659922,0.0006289499974268028
30,64,0.05,4,0.0439144094251517,0.7026305508024272,0.0006782372421549279
30,64,0.05,5,0.051547148997017685,0.6598035071618265,0.0007032750960648141
30,64,0.05,6,0.05888381264857704,0.6280940015848218,0.0007172762414684238
30,64,0.05,7,0.06604682871401937,0.6038567196710343,0.000725818206941794
30,64,0.05,8,0.07314678051549238,0.585174244123939,0.0007333703312656292
30,64,0.05,9,0.08018194195184428,0.570182698324226,0.0007383774750533179
30,64,0.05,10,0.0871711205145817,0.5578951712933229,0.0007409272227547278
30,64,0.05,11,0.09420656638531921,0.5481109316964027,0.000744246163159156
30,64,0.05,12,0.10126664097391669,0.540088751860889,0.0007462733464717392
30,64,0.05,13,0.1084523529498372,0.533919276060737,0.0007483751376853137
30,64,0.05,14,0.11568019202444038,0.5288237349688704,0.0007499123744991954
30,64,0.05,15,0.12305881806244062,0.5250509570664132,0.000752058151134249
30,64,0.05,16,0.13053898909764905,0.5221559563905962,0.0007539154944360752
30,64,0.05,17,0.13813361009198702,0.5200324144639512,0.0007556729315037102
30,64,0.05,18,0.1458812681196009,0.5186889533141366,0.0007570042118819363
30,64,0.05,19,0.15373128686239876,0.5178317031154485,0.0007577743652995753
30,64,0.05,20,0.16173792532137493,0.5175613610283999,0.0007590037217528053
30,64,0.05,21,0.16997068554771078,0.518005898812071,0.0007603271252811157
30,64,0.05,22,0.17842092188828237,0.5190426818568215,0.0007619482914994026
30,64,0.05,23,0.18702205570559907,0.5204091984851452,0.0007626347154438699
30,64,0.05,24,0.19579131094671645,0.5221101625245772,0.0007636365014669408
30,64,0.05,25,0.2048512554834571,0.5244192140376502,0.0007645930745691643
30,64,0.05,26,0.21412317913734236,0.5270724409534581,0.0007651678762754474
30,64,0.05,27,0.22365464947651645,0.5301443543147057,0.0007660684248517031
30,64,0.05,28,0.23341039599959154,0.533509476570495,0.000766328223665518
30,64,0.05,29,0.24345052185818852,0.5372701172042782,0.0007667573037135293
30,64,0.05,30,0.2538070223913214,0.5414549811014856,0.0007671896158523403
30,64,0.05,31,0.26442435700772754,0.5459083499514374,0.0007669306777504205
30,64,0.05,32,0.27537923107960943,0.5507584621592189,0.0007666765004866082
30,64,0.05,33,0.2866480812842143,0.5559235515815065,0.0007658924238395765
30,64,0.05,34,0.29826864685146603,0.5614468646615831,0.0007645247638315691
30,64,0.05,35,0.31026127920193003,0.5673349105406721,0.0007631846144039057
30,64,0.05,36,0.322635240122033,0.5735737602169474,0.0007610571271142486
30,64,0.05,37,0.33546218937348077,0.5802589221595343,0.0007586727318430829
30,64,0.05,38,0.34873214038163575,0.5873383416953865,0.0007557705482037544
30,64,0.05,39,0.36246670267652614,0.5948171531101967,0.0007525513203032301
30,64,0.05,40,0.37671188133887856,0.6027390101422058,0.0007486251088009983
30,64,0.05,41,0.39146406567701497,0.6110658586177795,0.00074391096810944
30,64,0.05,42,0.4067958874815137,0.6198794475908781,0.0007385026875767081
30,64,0.05,43,0.42267535322386596,0.6290982001471495,0.0007319905701745631
30,64,0.05,44,0.43921811681947037,0.638862715373775,0.0007244023387191655
30,64,0.05,45,0.4563865375673386,0.6490830756513261,0.0007156036379425495
30,64,0.05,46,0.4742921623612792,0.6598847476330841,0.0007059122864734043
30,64,0.05,47,0.49291951759739433,0.6712095558773029,0.0006948944820325558
30,64,0.05,48,0.5123649955309305,0.683153327374574,0.0006820576516535854
30,64,0.05,49,0.5326746685990429,0.6957383426599744,0.0006674367195751273
30,64,0.05,50,0.5539523971236289,0.709059068318245,0.0006510053894856354
30,64,0.05,51,0.5761757528904013,0.7230440820585429,0.000632529051180347
30,64,0.05,52,0.599444672558995,0.7377780585341477,0.0006116646812562522
30,64,0.05,53,0.6239089750212995,0.7533995170068521,0.0005881729256457297
30,64,0.05,54,0.6495903329621291,0.7698848390662272,0.000561656461552758
30,64,0.05,55,0.6766334570592993,0.7873552954871846,0.0005311947814566335
30,64,0.05,56,0.7050809516080736,0.8058068018377983,0.0004971254160486161
30,64,0.05,57,0.735165254396159,0.8254487066904242,0.0004595012911689254
30,64,0.05,58,0.7671814927260522,0.8465450954218506,0.00041633336461946674
30,64,0.05,59,0.8010762701917921,0.8689640896995711,0.0003634736993074121
30,64,0.05,60,0.8362974779992702,0.8920506431992216,0.00030437902237079854
30,64,0.05,61,0.8739416804965308,0.9169224188816062,0.0002483019754113531
30,64,0.05,62,0.9194216166331822,0.9490803784600591,0.0001774698759131772
30,64,0.05,63,0.984395724184758,1.0000210531400715,2.7808746048618403e-05
30,64,0.06,1,0.015625,1.0,1.0459801267784915e-18
30,64,0.06,2,0.027041284737083157,0.865321111586661,0.0005038843443129937
30,64,0.06,3,0.03659872273607654,0.7807727517029661,0.0006088987133811255
30,64,0.06,4,0.04522987984328023,0.7236780774924837,0.0006593998191725966
30,64,0.06,5,0.053364387365683094,0.6830641582807435,0.0006860986671925614
30,64,0.06,6,0.06120208771279049,0.6528222689364318,0.0007011747896796914
30,64,0.06,7,0.06888256423625741,0.6297834444457819,0.0007112358554865469
30,64,0.06,8,0.07649025214545445,0.6119220171636356,0.0007193474599435746
30,64,0.06,9,0.0840337757449581,0.5975735164085909,0.0007242938318308922
30,64,0.06,10,0.09154708457504424,0.5859013412802831,0.0007277135492068888
30,64,0.06,11,0.0991111340521417,0.5766465981215517,0.0007309780569158986
30,64,0.06,12,0.10668479239387113,0.5689855594339794,0.0007329848743853599
30,64,0.06,13,0.11439062438659464,0.5631538431340044,0.0007348502628103514
30,64,0.06,14,0.12215471779582027,0.558421567066607,0.0007362922778827274
30,64,0.06,15,0.1300559863051634,0.5549055415686972,0.0007379599125046146
30,64,0.06,16,0.13805596256311162,0.5522238502524465,0.0007391574057676227
30,64,0.06,17,0.14618675630188666,0.5503501413718086,0.0007405046272452675
30,64,0.06,18,0.15445946559768997,0.5491892110140087,0.0007410214838311965
30,64,0.06,19,0.1628550276089535,0.548564303524896,0.0007413429475556021
30,64,0.06,20,0.17140482429603968,0.5484954377473269,0.0007421605513330833
30,64,0.06,21,0.18018092147405398,0.5491228083018789,0.0007429113812543681
30,64,0.06,22,0.18916375557878842,0.5502945616837481,0.0007436066265674187
30,64,0.06,23,0.1983076788958666,0.5518126717102375,0.0007436383547403205
30,64,0.06,24,0.20761828611307753,0.5536487629682068,0.0007434633785416657
30,64,0.06,25,0.2172190472466901,0.5560807609515266,0.0007434088372652196
30,64,0.06,26,0.22702980746334167,0.5588426029866872,0.0007429285241781192
30,64,0.06,27,0.23708657642980538,0.5619829959817608,0.0007426063810995503
30,64,0.06,28,0.24737814365422142,0.5654357569239347,0.0007418873488315068
30,64,0.06,29,0.25796217057719656,0.5692958247220888,0.0007410343354813521
30,64,0.06,30,0.26883571575898835,0.573516193619175,0.0007401137934471079
30,64,0.06,31,0.2799806873818426,0.5780246449173525,0.0007386089697909534
30,64,0.06,32,0.2914488586084607,0.5828977172169214,0.0007370336540789255
30,64,0.06,33,0.3032091663371893,0.5880420195630338,0.0007349512157598959
30,64,0.06,34,0.31534626479466915,0.5935929690252596,0.000732198742570704
30,64,0.06,35,0.32784428434271967,0.5994866913695446,0.000729470754152105
30,64,0.06,36,0.34068242308993407,0.6056576410487717,0.0007258925208731359
30,64,0.06,37,0.35398082417780397,0.6122911553345799,0.0007222424845127398
30,64,0.06,38,0.3677014878822277,0.6192867164332255,0.0007178206932896927
30,64,0.06,39,0.38184442144635367,0.6266164864760675,0.000712908785355429
30,64,0.06,40,0.39648347941051554,0.6343735670568248,0.0007074140825154388
30,64,0.06,41,0.41161627225641206,0.6425229615709845,0.0007011814873955614
30,64,0.06,42,0.42729400854530125,0.6511146796880781,0.0006941486099394337
30,64,0.06,43,0.4434985564720302,0.660090874749068,0.0006860308185115595
30,64,0.06,44,0.4602967216842367,0.6695225042679807,0.0006769372028019419
30,64,0.06,45,0.47768711405306147,0.6793772288754651,0.0006667064560638866
30,64,0.06,46,0.4957534120242167,0.6897438775989101,0.0006555052801958829
30,64,0.06,47,0.5145022505518789,0.700598809262133,0.0006431398805602667
30,64,0.06,48,0.5339866767096457,0.711982235612861,0.0006291732736839732
30,64,0.06,49,0.5542766653651622,0.7239531955789872,0.0006135241203290658
30,64,0.06,50,0.5754316515218845,0.736552513948012,0.0005961029025924987
30,64,0.06,51,0.5974558339474357,0.7497484975026644,0.0005769245462041898
30,64,0.06,52,0.6204082670253211,0.763579405569626,0.0005553858559701691
30,64,0.06,53,0.6444212758030085,0.7781690877621235,0.0005316973801591541
30,64,0.06,54,0.66952047552904,0.7935057487751586,0.0005053156129558537
30,64,0.06,55,0.6957976956788814,0.8096555004263347,0.00047543945697978135
30,64,0.06,56,0.723299740392799,0.8266282747346274,0.00044253882143901677
30,64,0.06,57,0.7522250012459745,0.8446035101709186,0.0004070270863879628
30,64,0.06,58,0.7828613206022544,0.8638469744576601,0.00036670092418804616
30,64,0.06,59,0.8150632059522597,0.8841363589990613,0.000317650788201339
30,64,0.06,60,0.8481976384063886,0.9047441476334812,0.00026446948784992374
30,64,0.06,61,0.8835312636572256,0.9269836208862695,0.0002148559848204275
30,64,0.06,62,0.9259210769257604,0.9557894987620753,0.00015103250754222968
30,64,0.06,63,0.9844002265670155,1.000025626988714,2.5277080677415065e-05
30,64,0.07,1,0.015625,0.9999999999999999,0.0
30,64,0.07,2,0.027364331702551845,0.8756586144816589,0.0004841860103855949
30,64,0.07,3,0.037318125888874745,0.7961200189626612,0.0005901889699069446
30,64,0.07,4,0.04637231102171749,0.7419569763474797,0.0006421115742799227
30,64,0.07,5,0.05494139737791501,0.7032498864373121,0.0006699716040183545
30,64,0.07,6,0.06321744259044457,0.6743193876314086,0.0006856681731894938
30,64,0.07,7,0.07133998841948637,0.6522513226924468,0.0006967124107757652
30,64,0.07,8,0.0793946983913525,0.6351575871308199,0.0007053739861647028
30,64,0.07,9,0.08739317107346012,0.6214625498557163,0.000710392555961809
30,64,0.07,10,0.0953706482040822,0.610372148506126,0.0007144172350808886
30,64,0.07,11,0.10338949601502373,0.6015388859055926,0.0007174532191312343
30,64,0.07,12,0.11141715765748182,0.594224840839903,0.0007196533501483056
30,64,0.07,13,0.11958980007439729,0.5887497849816482,0.0007214911383338094
30,64,0.07,14,0.12782070967879966,0.5843232442459413,0.0007231499616289605
30,64,0.07,15,0.1361812038113827,0.581039802928566,0.0007244244087969778
30,64,0.07,16,0.14464656777263193,0.5785862710905276,0.0007254888841243002
30,64,0.07,17,0.1532382533145586,0.5768969536548088,0.0007262890192004671
30,64,0.07,18,0.1619731439133185,0.5759045116917989,0.0007265024070780362
30,64,0.07,19,0.17083670378264357,0.5754499495836414,0.0007262919827677923
30,64,0.07,20,0.1798487771384944,0.575516086843182,0.0007266684123992256
30,64,0.07,21,0.18909797865696737,0.5762986016212337,0.000726841300683414
30,64,0.07,22,0.19853667808733977,0.5775612453449883,0.0007266497823977087
30,64,0.07,23,0.20813534567866093,0.579159222758013,0.0007257149960720959
30,64,0.07,24,0.21791678764721403,0.581111433725904,0.000724763580943564
30,64,0.07,25,0.22798436746447448,0.5836399807090545,0.0007240191420499109
30,64,0.07,26,0.2382432416387259,0.5864449024953252,0.0007227905030245216
30,64,0.07,27,0.24875538096493494,0.5896423845094755,0.0007216146570855798
30,64,0.07,28,0.25950710890491047,0.5931591060683667,0.0007200563510959348
30,64,0.07,29,0.2705229949657892,0.5970162647520865,0.0007181002731221616
30,64,0.07,30,0.2818348603782631,0.6012477021402945,0.0007160917667205526
30,64,0.07,31,0.2934142298462753,0.6057584100052135,0.0007137041347167463
30,64,0.07,32,0.3052922055218542,0.6105844110437083,0.0007111353933194053
30,64,0.07,33,0.3174694523493838,0.6156983318291078,0.0007081326530556877
30,64,0.07,34,0.33001791113001033,0.6212101856564901,0.0007044136923537106
30,64,0.07,35,0.3428986561010727,0.6270146854419614,0.0007005038432089388
30,64,0.07,36,0.35612750952205324,0.6331155724836501,0.0006958975572730687
30,64,0.07,37,0.3697787528093433,0.6396173021567019,0.0006909065587003912
30,64,0.07,38,0.38383476346134304,0.6464585489875251,0.0006852792522083535
30,64,0.07,39,0.39830867262201136,0.6536347448156083,0.0006791970549505694
30,64,0.07,40,0.41324537581716414,0.6611926013074626,0.0006725337111096344
30,64,0.07,41,0.4286456407531632,0.669105390443962,0.0006649427121634237
30,64,0.07,42,0.4445704530153524,0.6774406903091084,0.0006568096255071206
30,64,0.07,43,0.4609911334091899,0.6861263380973988,0.0006475323519456375
30,64,0.07,44,0.4779643894287721,0.695220930078214,0.0006374354063007625
30,64,0.07,45,0.4954932542332645,0.7047015171317539,0.0006261039434089155
30,64,0.07,46,0.5136533949632257,0.7146482016879661,0.0006139050349698682
30,64,0.07,47,0.5324426424830473,0.7250282791258517,0.0006006547959177854
30,64,0.07,48,0.5519085135062554,0.7358780180083404,0.0005859397838243506
30,64,0.07,49,0.5721105665046192,0.7472464542101149,0.0005697087829175842
30,64,0.07,50,0.5931151392399462,0.759187378227131,0.0005518048988678099
30,64,0.07,51,0.6148931944473036,0.7716306753848515,0.0005321212071225102
30,64,0.07,52,0.6375105832862843,0.7846284101985036,0.0005105035674865598
30,64,0.07,53,0.6611011218477603,0.798310788646352,0.00048698459635791833
30,64,0.07,54,0.6856529977146277,0.8126257750691884,0.0004609933502352785
30,64,0.07,55,0.7112496352744497,0.8276359392284506,0.000431896581309144
30,64,0.07,56,0.7379172679394077,0.8433340205021802,0.0004001911146942006
30,64,0.07,57,0.7658468505468303,0.8598982181578444,0.0003666119303645028
30,64,0.07,58,0.7953236754003252,0.8775985383727726,0.000328824268970876
30,64,0.07,59,0.82612030067649,0.8961304956490738,0.0002829371060828228
30,64,0.07,60,0.8575560209129668,0.9147264223071644,0.00023449595039697876
30,64,0.07,61,0.8910275377180555,0.9348485641632057,0.000189918511553518
30,64,0.07,62,0.9309135616416198,0.9609430313719945,0.0001316823310241357
30,64,0.07,63,0.9843896182069358,1.0000148502419663,2.33585701644259e-05
30,64,0.08,1,0.015625,0.9999999999999998,0.0
30,64,0.08,2,0.027646737064958887,0.8846955860786844,0.00046798791213100474
30,64,0.08,3,0.03794986451327648,0.8095971096165647,0.0005734869972448853
30,64,0.08,4,0.047377562643234394,0.7580410022917502,0.0006256006044505634
30,64,0.08,5,0.056338662315229174,0.7211348776349333,0.0006547985046888102
30,64,0.08,6,0.06501036675523546,0.6934439120558449,0.0006721114287349638
30,64,0.08,7,0.07353334954263742,0.6723049101041135,0.0006831617003960428
30,64,0.08,8,0.08198405394084513,0.6558724315267609,0.0006921662868485371
30,64,0.08,9,0.09040530578217143,0.6428821744509967,0.0006976416608761416
30,64,0.08,10,0.0987925328971132,0.6322722105415244,0.0007020057464926813
30,64,0.08,11,0.1072193607227854,0.6238217351143879,0.0007051946054927944
30,64,0.08,12,0.11565961309357468,0.6168512698323982,0.0007077862121978349
30,64,0.08,13,0.12424211945341113,0.6116535111552548,0.000709737825723047
30,64,0.08,14,0.1328931516794848,0.6075115505347876,0.0007110337276651099
30,64,0.08,15,0.1416622257389639,0.6044254964862459,0.0007118522314400122
30,64,0.08,16,0.15053089097117975,0.6021235638847189,0.0007122579717376713
30,64,0.08,17,0.1595368005663188,0.6006091315437885,0.0007128536920287687
30,64,0.08,18,0.16868752643308954,0.5997778717620962,0.0007126219758444634
30,64,0.08,19,0.17796564928931405,0.5994632397113736,0.000712006888554736
30,64,0.08,20,0.1873958693246974,0.5996667818390317,0.0007117224736180446
30,64,0.08,21,0.19705526284362895,0.6005493724758215,0.0007111107551267198
30,64,0.08,22,0.20689984252530602,0.6018904509827084,0.000710328292634162
30,64,0.08,23,0.21690629783445348,0.6035653504958705,0.0007090437253696643
30,64,0.08,24,0.2270972000374626,0.6055925334332336,0.0007076816023584786
30,64,0.08,25,0.23755746127671787,0.6081471008683978,0.0007062206837908378
30,64,0.08,26,0.24822049010415062,0.6110042833332939,0.0007044025183716501
30,64,0.08,27,0.25911321385135766,0.6141942846846996,0.0007023636903514338
30,64,0.08,28,0.2702444780517926,0.617701664118383,0.000700047526178805
30,64,0.08,29,0.2816598902982001,0.6215942406580968,0.0006974770897141311
30,64,0.08,30,0.2933574570957985,0.62582924180437,0.0006945556880009678
30,64,0.08,31,0.3053100302458186,0.6303174817978188,0.0006913293315363865
30,64,0.08,32,0.31754759544387234,0.6350951908877446,0.0006879214223245204
30,64,0.08,33,0.33008265363594075,0.6401602979606124,0.0006840061803157245
30,64,0.08,34,0.3429757765745951,0.6456014617874731,0.0006794011242409057
30,64,0.08,35,0.35618478834497297,0.6513093272593791,0.0006746507082169012
30,64,0.08,36,0.3697422270555103,0.6573195147653517,0.0006692140114915
30,64,0.08,37,0.38368335674193504,0.6636685089590227,0.0006633394275618952
30,64,0.08,38,0.3980214692997981,0.6703519482943967,0.0006567931175382096
30,64,0.08,39,0.4127531035440663,0.6773384263287242,0.0006497893358611215
30,64,0.08,40,0.42791981863857276,0.6846717098217163,0.0006421372025574633
30,64,0.08,41,0.44353128145898507,0.6923415125213425,0.0006336749488608719
30,64,0.08,42,0.4596340234584566,0.7003947024128863,0.0006246418796843641
30,64,0.08,43,0.47620750390296546,0.708773959297437,0.0006144782467168755
30,64,0.08,44,0.49330182317376975,0.7175299246163924,0.0006035653375387455
30,64,0.08,45,0.5109192110392922,0.7266406557003265,0.000591585845465954
30,64,0.08,46,0.5291237042422783,0.7361721102501261,0.0005786871701413404
30,64,0.08,47,0.5479045247554677,0.7460827571138284,0.0005648255873472539
30,64,0.08,48,0.5673173764926447,0.7564231686568595,0.0005496289758828816
30,64,0.08,49,0.5874074205158343,0.7672260186329263,0.0005330336678672488
30,64,0.08,50,0.6082330457042382,0.778538298501425,0.0005148401842356294
30,64,0.08,51,0.6297641360895866,0.7902922492104616,0.0004950291586658297
30,64,0.08,52,0.6520489520135518,0.8025217870936024,0.000473479278591312
30,64,0.08,53,0.6752184043238836,0.8153580731458218,0.0004502217233306037
30,64,0.08,54,0.6992606812961166,0.8287534000546568,0.0004247868868973889
30,64,0.08,55,0.7242215531014732,0.8427305345180778,0.00039660377388762384
30,64,0.08,56,0.7501434415351123,0.8573067903258424,0.0003660940952632159
30,64,0.08,57,0.7771909235872441,0.8726354229751512,0.00033424974512331066
30,64,0.08,58,0.8056462422457356,0.8889889569608116,0.00029867868511527265
30,64,0.08,59,0.8352104720559311,0.9059910205352474,0.000255651818204411
30,64,0.08,60,0.8652176044783859,0.9228987781102782,0.0002113622257886523
30,64,0.08,61,0.8971694029371493,0.9412924883275009,0.00017056014579885608
30,64,0.08,62,0.9349440552192709,0.9651035408715053,0.00011678032696380658
30,64,0.08,63,0.9843843006496841,1.000009448279044,2.1817074790437262e-05
30,64,0.09,1,0.015625,1.0,7.3467651761822575e-19
30,64,0.09,2,0.027895830299251367,0.8926665695760437,0.000452883928841958
30,64,0.09,3,0.038518448363177984,0.8217268984144636,0.0005575086427282997
30,64,0.09,4,0.04828821273339055,0.7726114037342487,0.0006096462544989341
30,64,0.09,5,0.057597742345594186,0.7372511020236054,0.0006399506787625092
30,64,0.09,6,0.06662525890220007,0.710669428290134,0.0006574215707544063
30,64,0.09,7,0.07551828792337549,0.690452918156576,0.0006688699618556793
30,64,0.09,8,0.08433375541200637,0.674670043296051,0.0006779440390303605
30,64,0.09,9,0.09312972661768507,0.6622558337257604,0.0006835494653164578
30,64,0.09,10,0.10189334383384781,0.6521174005366259,0.0006885930754394911
30,64,0.09,11,0.11069852914043432,0.6440641695443452,0.0006915260862012239
30,64,0.09,12,0.11950898735754728,0.6373812659069188,0.0006941232038517016
30,64,0.09,13,0.12847034824052375,0.6324694067225783,0.0006958768860713922
30,64,0.09,14,0.13748855670797436,0.6285191163793113,0.0006967833537585613
30,64,0.09,15,0.1466353594498676,0.6256442003194351,0.0006974921008486804
30,64,0.09,16,0.1558766856772626,0.6235067427090504,0.0006977070018201359
30,64,0.09,17,0.16525869927882353,0.6221503972849828,0.0006979443531407914
30,64,0.09,18,0.174782482322095,0.6214488260341154,0.0006972692120058793
30,64,0.09,19,0.1844420301239998,0.6212784172597888,0.0006963143228643483
30,64,0.09,20,0.19424348716117826,0.6215791589157703,0.0006955126653106222
30,64,0.09,21,0.20427737369521137,0.6225596150711203,0.0006946610189548883
30,64,0.09,22,0.21448734779767592,0.623963193593239,0.0006935158844845478
30,64,0.09,23,0.22485136278926063,0.6256733573266382,0.0006919133194986439
30,64,0.09,24,0.23540851917468084,0.6277560511324821,0.0006901216627465705
30,64,0.09,25,0.24622092286160632,0.630325562525712,0.0006880700148661512
30,64,0.09,26,0.25723548511863165,0.6331950402920165,0.0006856794764276868
30,64,0.09,27,0.2684850005320532,0.6364088901500521,0.0006830759158574833
30,64,0.09,28,0.27995437687037067,0.6398957185608473,0.0006800433916242019
30,64,0.09,29,0.2917013944266535,0.6437548014933042,0.0006768835884502278
30,64,0.09,30,0.3037127827014089,0.647920603096339,0.0006732411877711047
30,64,0.09,31,0.3159834339146443,0.6523528958237818,0.0006693440798000127
30,64,0.09,32,0.3285328130172098,0.6570656260344196,0.0006651234170170788
30,64,0.09,33,0.3413598352513761,0.6620311956390323,0.0006603951339898551
30,64,0.09,34,0.35453653008255814,0.6673628801554036,0.000655081002617235
30,64,0.09,35,0.3680301565211616,0.6729694290672669,0.000649616478246158
30,64,0.09,36,0.3818616962893581,0.6788652378477477,0.0006434722288964245
30,64,0.09,37,0.396056516058408,0.6850707304794085,0.0006367821094654697
30,64,0.09,38,0.41061982810641684,0.6915702368108072,0.0006295903378307813
30,64,0.09,39,0.4255627337110473,0.6983593578847955,0.0006219135897777518
30,64,0.09,40,0.44091474086484,0.7054635853837439,0.0006134887440585226
30,64,0.09,41,0.4566865638614412,0.71287658749103,0.0006043780197834905
30,64,0.09,42,0.47292337353228014,0.7206451406206174,0.0005946188123829494
30,64,0.09,43,0.4896130471288911,0.7287263957267216,0.0005839169639930555
30,64,0.09,44,0.5067954849602153,0.7371570690330405,0.0005725417207224832
30,64,0.09,45,0.5244553777339876,0.7458920927772269,0.0005601069460041784
30,64,0.09,46,0.5426550419833476,0.7549983192811791,0.0005466788474053447
30,64,0.09,47,0.5613896108745018,0.7644454275737896,0.0005324366676955736
30,64,0.09,48,0.5807279213547506,0.7743038951396675,0.0005170294574303347
30,64,0.09,49,0.6006846558388655,0.7845677137487224,0.0005002280754170202
30,64,0.09,50,0.6213137686568122,0.7952816238807194,0.0004819174335147341
30,64,0.09,51,0.6426000221192242,0.8064000277574578,0.00046213187183855503
30,64,0.09,52,0.6645685766845881,0.817930555919493,0.0004409115108685238
30,64,0.09,53,0.6873442005732344,0.8300005440884339,0.0004181485281078735
30,64,0.09,54,0.7109066390814334,0.8425560166891063,0.00039345715524417824
30,64,0.09,55,0.7353082634182737,0.8556314337958093,0.00036625685494325966
30,64,0.09,56,0.760556735014075,0.8692076971589426,0.00033700451429046223
30,64,0.09,57,0.7868126160825027,0.8834387268294768,0.00030681086305719713
30,64,0.09,58,0.8143752247476056,0.8986209376525303,0.00027323012619186453
30,64,0.09,59,0.8428740653115473,0.9143040708464242,0.00023281133992734114
30,64,0.09,60,0.8716520176326712,0.9297621521415159,0.00019212920930866356
30,64,0.09,61,0.9023044229028913,0.9466800502587712,0.00015449505111886643
30,64,0.09,62,0.9382651332422534,0.9685317504436164,0.00010464788451520869
30,64,0.09,63,0.984382298754758,1.000007414608008,2.048434095260979e-05
30,64,0.1,1,0.015625,1.0,0.0
30,64,0.1,2,0.0281205132425801,0.8998564237625633,0.00043898806257005837
30,64,0.1,3,0.039036286391346216,0.8327741096820525,0.000544212537150312
30,64,0.1,4,0.04912156438529853,0.7859450301647765,0.0005973715112395687
30,64,0.1,5,0.058756097315818115,0.7520780456424719,0.0006277646330399486
30,64,0.1,6,0.06812003761200584,0.7266137345280623,0.0006459740813396788
30,64,0.1,7,0.07735302358955407,0.7072276442473514,0.0006575494006839989
30,64,0.1,8,0.08651071256581275,0.692085700526502,0.000667124958719885
30,64,0.1,9,0.09565022270645193,0.6801793614681027,0.0006731477751303564
30,64,0.1,10,0.10476102665192162,0.6704705705722984,0.0006780943922105902
30,64,0.1,11,0.1139139850081026,0.6627722764107787,0.0006812096682377491
30,64,0.1,12,0.12307553416150308,0.6564028488613497,0.0006836633206326667
30,64,0.1,13,0.1323766390731959,0.6517003769757337,0.0006853877400474103
30,64,0.1,14,0.14173654798684654,0.647938505082727,0.0006858600320475137
30,64,0.1,15,0.15123422016554378,0.6452660060396535,0.000686211294771804
30,64,0.1,16,0.16082286603485915,0.6432914641394366,0.0006863607989183297
30,64,0.1,17,0.17054024514264887,0.6420338640664428,0.0006861127321713018
30,64,0.1,18,0.1804030755549394,0.6414331575286735,0.0006850956921191153
30,64,0.1,19,0.1904043550266384,0.6413620379844662,0.0006838116920609962
30,64,0.1,20,0.2005528627806461,0.6417691608980676,0.0006827900626366495
30,64,0.1,21,0.21092971256007728,0.6428334097069022,0.0006816378620957493
30,64,0.1,22,0.22147624698870116,0.6442945366944034,0.0006799072280576655
30,64,0.1,23,0.23217157867129695,0.6460426536940437,0.0006778912829018578
30,64,0.1,24,0.2430610237964021,0.6481627301237389,0.000675479994126083
30,64,0.1,25,0.2541967652841684,0.6507437191274711,0.0006727531778003532
30,64,0.1,26,0.26552819664496324,0.6536078686645249,0.0006698247656546653
30,64,0.1,27,0.27708120794548796,0.6567850855004159,0.00066654688451218
30,64,0.1,28,0.28886323276912296,0.6602588177579952,0.0006630447338474195
30,64,0.1,29,0.30090042710048936,0.6640561149803904,0.0006592456683991108
30,64,0.1,30,0.31319697522714846,0.6681535471512501,0.0006548963151549131
30,64,0.1,31,0.32574177701099083,0.6724991525388198,0.0006504731004187766
30,64,0.1,32,0.3385687177349399,0.6771374354698798,0.0006457053444315838
30,64,0.1,33,0.3516563766302542,0.6820002455859476,0.0006403674592554531
30,64,0.1,34,0.3650844566378374,0.6872178007300468,0.0006345067871758881
30,64,0.1,35,0.37881116991366004,0.6926832821278355,0.0006283091095348188
30,64,0.1,36,0.3928662123064541,0.6984288218781406,0.0006216069571223087
30,64,0.1,37,0.40726087195931515,0.7044512379836803,0.0006143263803339999
30,64,0.1,38,0.42201755387373996,0.7107664065241937,0.0006064291472703892
30,64,0.1,39,0.4371254041478691,0.7173339965503494,0.0005980716268733947
30,64,0.1,40,0.4526264120333358,0.7242022592533374,0.0005890846607309708
30,64,0.1,41,0.46853146579144705,0.7313661905037222,0.00057949445940459
30,64,0.1,42,0.48486464480696223,0.738841363515371,0.0005692557072103183
30,64,0.1,43,0.5016232857275018,0.7466020996874445,0.0005581261238481498
30,64,0.1,44,0.5188446661465739,0.7546831507586528,0.0005462571525139884
30,64,0.1,45,0.536524408096444,0.7630569359593871,0.0005334279496690065
30,64,0.1,46,0.5547034803600172,0.7717613639791543,0.0005196194574937566
30,64,0.1,47,0.5733799302604051,0.7807726709928922,0.0005050506298019941
30,64,0.1,48,0.5926120740642281,0.7901494320856374,0.0004894261108538322
30,64,0.1,49,0.6124207302247863,0.7998964639670678,0.0004725520898634911
30,64,0.1,50,0.6328556573704976,0.810055241434237,0.00045433238255228374
30,64,0.1,51,0.6538976979558956,0.8205775033172024,0.0004347319423027467
30,64,0.1,52,0.6755580704428348,0.8314560866988736,0.00041376486992576077
30,64,0.1,53,0.6979590557013127,0.8428184823563022,0.0003914438310149387
30,64,0.1,54,0.7210777984919703,0.8546107241386314,0.0003673630947485153
30,64,0.1,55,0.7449534951531612,0.8668549761782239,0.0003410569689973548
30,64,0.1,56,0.7695823224574239,0.8795226542370558,0.0003130032217753935
30,64,0.1,57,0.7951374340325019,0.8927858908435109,0.00028428404195791803
30,64,0.1,58,0.8219121000554526,0.9069374897163615,0.0002524191509834583
30,64,0.1,59,0.849478655456028,0.9214683720200981,0.00021414469294174293
30,64,0.1,60,0.8771847574287348,0.9356637412573171,0.0001765025787216216
30,64,0.1,61,0.9067026029737943,0.9512945342675874,0.00014147480974028366
30,64,0.1,62,0.9410718931542497,0.9714290509979351,9.493040408593648e-05
30,64,0.1,63,0.9843888285371342,1.0000140480377235,1.9375164193822956e-05
30,64,0.11,1,0.01562499999999999,0.9999999999999993,1.2429504103926226e-18
30,64,0.11,2,0.028321375342459945,0.9062840109587182,0.00042564268118686034
30,64,0.11,3,0.03949716929446014,0.8426062782818163,0.0005297711307240894
30,64,0.11,4,0.049870911384766535,0.7979345821562646,0.0005835112297206945
30,64,0.11,5,0.05980752410774341,0.7655363085791158,0.0006144934633061124
30,64,0.11,6,0.06948942211990529,0.741220502612323,0.0006334356014106421
30,64,0.11,7,0.07904226728223465,0.7226721580090025,0.0006452760757640695
30,64,0.11,8,0.08851571914639157,0.7081257531711326,0.0006546500690522652
30,64,0.11,9,0.09796733662747717,0.6966566160176154,0.0006607028697113153
30,64,0.11,10,0.1073832601320732,0.6872528648452684,0.0006658845253169055
30,64,0.11,11,0.11684996690553487,0.6798543529049302,0.0006687202835349799
30,64,0.11,12,0.1263274662054288,0.6737464864289536,0.0006710309563016764
30,64,0.11,13,0.1359477265665684,0.6692811154046445,0.0006727550829432505
30,64,0.11,14,0.14562646622500164,0.6657209884571504,0.0006731045599139934
30,64,0.11,15,0.1554418744459327,0.6632186643026462,0.0006735206478845346
30,64,0.11,16,0.1653556337493732,0.6614225349974928,0.0006735998746761495
30,64,0.11,17,0.17538734619750815,0.6602817739200307,0.000672924694163285
30,64,0.11,18,0.18556123005400343,0.6597732624142344,0.0006716295850300387
30,64,0.11,19,0.19586831793918927,0.6597669656899007,0.0006701137622461669
30,64,0.11,20,0.20631793164109058,0.6602173812514899,0.000668661833641383
30,64,0.11,21,0.2170000446204881,0.6613334693195827,0.0006671648967003464
30,64,0.11,22,0.22784023972708878,0.6628079701151675,0.0006648755869401475
30,64,0.11,23,0.23883633645899377,0.6645880666685045,0.0006624467897266216
30,64,0.11,24,0.25003480806435163,0.6667594881716042,0.0006595985153490412
30,64,0.11,25,0.26145923068461685,0.6693356305526191,0.0006564393316158607
30,64,0.11,26,0.27308326533312594,0.6722049608200023,0.0006530467182921232
30,64,0.11,27,0.2849142808859484,0.6753523695074333,0.0006493066536213855
30,64,0.11,28,0.29696586914618683,0.6787791294769986,0.0006453630800358119
30,64,0.11,29,0.30925656817395847,0.6824972539011497,0.0006410791483165826
30,64,0.11,30,0.3218189527670506,0.6865470992363745,0.0006362610225633985
30,64,0.11,31,0.3346011769396015,0.6907895265849837,0.0006310979574966942
30,64,0.11,32,0.347673859261707,0.695347718523414,0.00062580628890262
30,64,0.11,33,0.3609847932826525,0.7000917203057503,0.0006199916851334981
30,64,0.11,34,0.37461991071112427,0.7051668907503515,0.0006136016184953781
30,64,0.11,35,0.388546415200009,0.7104848735085879,0.0006070115446436445
30,64,0.11,36,0.4027805443918277,0.716054301141027,0.0005997182328323739
30,64,0.11,37,0.4173521811792086,0.7219064755532256,0.0005920312735509008
30,64,0.11,38,0.43226530392043383,0.7280257750238885,0.000583694070777489
30,64,0.11,39,0.44750247162098544,0.7343630303523863,0.0005749630153589541
30,64,0.11,40,0.46312503989675974,0.7410000638348156,0.0005655488266054949
30,64,0.11,41,0.4791179348163926,0.7478914104451007,0.0005554778667793215
30,64,0.11,42,0.4955170268279231,0.7550735646901685,0.0005448403691904106
30,64,0.11,43,0.5123278699892225,0.7625345041700057,0.0005334005952076388
30,64,0.11,44,0.5295732185512868,0.7702883178927808,0.0005212284641135943
30,64,0.11,45,0.5472525665281136,0.7783147612844282,0.0005081778207796366
30,64,0.11,46,0.5653981827101896,0.7866409498576551,0.000494200530639058
30,64,0.11,47,0.5840083937417542,0.7952454723291971,0.00047948295755040755
30,64,0.11,48,0.6031322979239893,0.8041763972319856,0.00046380224933045236
30,64,0.11,49,0.6227911979664398,0.8134415646908603,0.00044698836966222395
30,64,0.11,50,0.6430326279726204,0.8230817638049541,0.00042893166783018093
30,64,0.11,51,0.6638361367353778,0.8330492696287094,0.0004096355982638271
30,64,0.11,52,0.6852095423502507,0.8433348213541548,0.00038907388790185114
30,64,0.11,53,0.7072595868962787,0.854049312478525,0.00036731489130226294
30,64,0.11,54,0.7299718248457621,0.8651517924097922,0.0003439665630035853
30,64,0.11,55,0.7533786069693889,0.8766587426552888,0.0003185333881204476
30,64,0.11,56,0.7774490595251333,0.8885132108858668,0.000291628244453418
30,64,0.11,57,0.8023704914236441,0.900907218440583,0.0002643394416531971
30,64,0.11,58,0.8284361544160833,0.9141364462522298,0.00023409369575092115
30,64,0.11,59,0.8551638519061904,0.9276353647795964,0.00019787035320033863
30,64,0.11,60,0.8819455972686148,0.9407419704198556,0.00016292653910170873
30,64,0.11,61,0.9104760539131577,0.9552535647613458,0.0001301990267487058
30,64,0.11,62,0.9434512951110954,0.9738852078566145,8.667807901178721e-05
30,64,0.11,63,0.9843960151654383,1.0000213487394929,1.8369999819062424e-05
30,64,0.12,1,0.015625000000000007,1.0000000000000004,0.0
30,64,0.12,2,0.028505762779740543,0.9121844089516974,0.00041332662076757964
30,64,0.12,3,0.0399195921951514,0.8516179668298964,0.0005162711740835538
30,64,0.12,4,0.050555991667903914,0.8088958666864626,0.0005698452316849387
30,64,0.12,5,0.06077080648471542,0.7778663230043574,0.0006008130389831927
30,64,0.12,6,0.07073481093514726,0.7545046499749041,0.0006200373021835526
30,64,0.12,7,0.08055545425991875,0.7365070103764001,0.000632599954593677
30,64,0.12,8,0.09031083359482982,0.7224866687586385,0.000642111180388772
30,64,0.12,9,0.10003737504288338,0.7113768891938373,0.000648560124233417
30,64,0.12,10,0.1097427177057788,0.7023533933169843,0.000653613744295463
30,64,0.12,11,0.11949889072139794,0.6952662732881334,0.000656579217400338
30,64,0.12,12,0.12926584368871885,0.6894178330065006,0.0006586789592442466
30,64,0.12,13,0.13917295703490065,0.6851591730948955,0.0006602838935525843
30,64,0.12,14,0.14914593306008728,0.6818099797032562,0.0006605125891378501
30,64,0.12,15,0.15923310897279902,0.6793945982839424,0.0006607836181221923
30,64,0.12,16,0.16942849940259688,0.6777139976103875,0.0006605276548732019
30,64,0.12,17,0.17974313130297792,0.676680023728858,0.0006595908505939907
30,64,0.12,18,0.19019086780203837,0.6762341966294697,0.0006579324537158992
30,64,0.12,19,0.20076892498648163,0.6762742736386749,0.0006561829010533061
30,64,0.12,20,0.2115020623445068,0.6768065995024218,0.0006544364909813764
30,64,0.12,21,0.22244867154224016,0.6779388085096844,0.0006525386592742028
30,64,0.12,22,0.23354548666394537,0.6794050521132955,0.0006499109816282398
30,64,0.12,23,0.24478982297513754,0.681154290017774,0.0006470508442854157
30,64,0.12,24,0.2562443129374459,0.683318167833189,0.0006438124286789581
30,64,0.12,25,0.2679218916785554,0.6858800426971019,0.0006402039877951221
30,64,0.12,26,0.2797817834454877,0.6886936207888928,0.0006363068377022167
30,64,0.12,27,0.29185225327807585,0.6917979336961798,0.0006322137301889272
30,64,0.12,28,0.30413123985570534,0.6951571196701838,0.0006277903237344335
30,64,0.12,29,0.316648048777386,0.6988094869569899,0.0006230031688656319
30,64,0.12,30,0.32942476214819705,0.7027728259161536,0.0006178222763877935
30,64,0.12,31,0.34240869073945174,0.7069082647524164,0.0006122903511969594
30,64,0.12,32,0.35568569454437987,0.7113713890887597,0.0006065571328588215
30,64,0.12,33,0.36918404366732815,0.7159932968093637,0.0006002999038005114
30,64,0.12,34,0.38299863001054407,0.7209385976669065,0.000593620570730475
30,64,0.12,35,0.3970982561664518,0.7261225255615119,0.0005866223628030983
30,64,0.12,36,0.41148668912685876,0.7315318917810821,0.0005789285621913372
30,64,0.12,37,0.4262019340205637,0.7372141561436778,0.0005708572743813167
30,64,0.12,38,0.4412409991021526,0.7431427353299411,0.0005622342252581951
30,64,0.12,39,0.45658576639721254,0.7492689499851694,0.0005531402868776547
30,64,0.12,40,0.4722999601442805,0.7556799362308488,0.0005433827223574232
30,64,0.12,41,0.48837168249003543,0.7623362848624944,0.000533011549751946
30,64,0.12,42,0.5048295274156155,0.769264041776176,0.0005221512079744481
30,64,0.12,43,0.5216739327682122,0.7764449231898971,0.0005105743766670284
30,64,0.12,44,0.5389290753118079,0.783896836817175,0.0004982169390914388
30,64,0.12,45,0.5565899040985175,0.7915945302734472,0.00048502039469251106
30,64,0.12,46,0.5746901305741864,0.7995688773206072,0.000471026441941608
30,64,0.12,47,0.5932342063260292,0.8078082809545929,0.0004563175446256333
30,64,0.12,48,0.6122567257920657,0.8163423010560875,0.000440731166081278
30,64,0.12,49,0.6317764645731297,0.8251774231159245,0.000424105702908176
30,64,0.12,50,0.6518397536851611,0.8343548847170063,0.0004062829730045987
30,64,0.12,51,0.6724183079727174,0.8438190531422337,0.00038735280007985907
30,64,0.12,52,0.6935250094228035,0.8535692423665274,0.0003672235535978368
30,64,0.12,53,0.7152568422818546,0.8637063755856358,0.000346093837135429
30,64,0.12,54,0.7376056744194411,0.8741993178304487,0.00032352439584888156
30,64,0.12,55,0.7605873581246289,0.8850471076359318,0.0002989855461463708
30,64,0.12,56,0.7841677135101653,0.8961916725830461,0.00027316071276067914
30,64,0.12,57,0.8085288714485599,0.9078218907492602,0.0002471883400057481
30,64,0.12,58,0.8339686461854456,0.9202412647563539,0.00021843016937209294
30,64,0.12,59,0.8599641446320699,0.9328424619737707,0.0001841266011892834
30,64,0.12,60,0.8859644164929061,0.9450287109257666,0.00015152165099461106
30,64,0.12,61,0.9136537204812001,0.9585875100130625,0.00012069096355935333
30,64,0.12,62,0.9454293571321017,0.9759270783299115,7.982019165195702e-05
30,64,0.12,63,0.9843925289654785,1.0000178072030257,1.7514288789050116e-05
30,64,0.13,1,0.015625,0.9999999999999999,1.0862101316545869e-18
30,64,0.13,2,0.02866772111769638,0.9173670757662841,0.00040138081435190656
30,64,0.13,3,0.04029997452724544,0.8597327899145694,0.0005039101339408985
30,64,0.13,4,0.05117906532992778,0.8188650452788444,0.0005576625559572495
30,64,0.13,5,0.06164378925695503,0.7890405024890244,0.0005887029825794908
30,64,0.13,6,0.07187052357242478,0.7666189181058642,0.0006083459301132423
30,64,0.13,7,0.08195923421435064,0.7493415699597772,0.0006208013391902803
30,64,0.13,8,0.0919741431255054,0.735793145004043,0.000630848123930528
30,64,0.13,9,0.10196820020784331,0.7251072014779968,0.0006376669923806597
30,64,0.13,10,0.1119476278389529,0.7164648181692984,0.0006429033915303845
30,64,0.13,11,0.12196648561832293,0.7096231890520607,0.0006458186340027364
30,64,0.13,12,0.13199886385263612,0.7039939405473927,0.0006480912953398853
30,64,0.13,13,0.1421657724754826,0.6998930337254526,0.0006496079941733339
30,64,0.13,14,0.1523972944736943,0.6966733461654596,0.000649882536402856
30,64,0.13,15,0.16274336165302047,0.6943716763862208,0.0006497589166714057
30,64,0.13,16,0.17319496691436176,0.6927798676574469,0.000649222429089465
30,64,0.13,17,0.18377630525370897,0.6918637374257279,0.0006481126796452069
30,64,0.13,18,0.1944888079370951,0.6915157615541159,0.0006463084862393922
30,64,0.13,19,0.20532745990783313,0.6916293386369117,0.0006441956956873822
30,64,0.13,20,0.21631163875264744,0.6921972440084718,0.0006420500387405621
30,64,0.13,21,0.22749300622521715,0.6933120189720904,0.0006396654660808389
30,64,0.13,22,0.23883377290393606,0.6947891575387232,0.000636666578746824
30,64,0.13,23,0.2503171849704851,0.6965347755700454,0.0006334263810795859
30,64,0.13,24,0.2620035729605158,0.6986761945613754,0.0006298913587512987
30,64,0.13,25,0.27390296916405915,0.7011916010599912,0.0006260047911259922
30,64,0.13,26,0.2859887144738753,0.7039722202433852,0.0006218337498781289
30,64,0.13,27,0.29827013458889967,0.7070106893959104,0.0006172199586421708
30,64,0.13,28,0.3107597806726422,0.7103080701088964,0.0006124352490800898
30,64,0.13,29,0.3234806412323332,0.7138883116851492,0.0006072538876715515
30,64,0.13,30,0.3364627774647243,0.7177872585914119,0.0006016697821960317
30,64,0.13,31,0.34963389961602387,0.7218248250137267,0.000595819944664549
30,64,0.13,32,0.3630960073649563,0.7261920147299125,0.0005898285678479098
30,64,0.13,33,0.3767632742001615,0.73069241057001,0.000583201837404751
30,64,0.13,34,0.39073760294855586,0.7355060761384581,0.0005762019685054468
30,64,0.13,35,0.4049824164102833,0.7405392757216609,0.000568837118315402
30,64,0.13,36,0.4195050557319987,0.7457867657457755,0.0005608462541579721
30,64,0.13,37,0.4343421459980953,0.7512945228075161,0.0005524559614667427
30,64,0.13,38,0.4494879102860478,0.7570322699554488,0.0005435865000870966
30,64,0.13,39,0.46493343642350904,0.762967690541143,0.0005342311136357281
30,64,0.13,40,0.48072733535912454,0.7691637365745992,0.000524241800528374
30,64,0.13,41,0.496847246285471,0.775566433226101,0.0005136831563841123
30,64,0.13,42,0.513347643898442,0.7822440287976259,0.0005025791351514469
30,64,0.13,43,0.5302146278467744,0.7891566553998504,0.0004908273916939089
30,64,0.13,44,0.5474619948750068,0.796308356181828,0.00047831804988939696
30,64,0.13,45,0.5650944692785056,0.8036899118627634,0.000465017729367903
30,64,0.13,46,0.583143979046339,0.8113307534557759,0.00045105307158226744
30,64,0.13,47,0.6016075870842151,0.8192103313487182,0.0004363597839876497
30,64,0.13,48,0.6205125750752349,0.8273501001003133,0.000420812153080092
30,64,0.13,49,0.6398927747263286,0.8357783180098985,0.0004043581421430321
30,64,0.13,50,0.659780217227569,0.8445186780512882,0.0003868181375883238
30,64,0.13,51,0.6801439320072453,0.8535139538914449,0.0003682207425633321
30,64,0.13,52,0.7009977511770317,0.8627664629871158,0.00034852944898943107
30,64,0.13,53,0.7224304864919914,0.8723688893488197,0.00032797388735275395
30,64,0.13,54,0.7444425054622071,0.8823022286959492,0.0003060961194144465
30,64,0.13,55,0.7670335334283906,0.8925481116257636,0.00028230902298547383
30,64,0.13,56,0.7901614481063783,0.903041654978718,0.0002574606195895432
30,64,0.13,57,0.8140171680011992,0.9139841886329254,0.00023261368814521898
30,64,0.13,58,0.8388932582306405,0.9256753194269137,0.00020512349477593453
30,64,0.13,59,0.8642404028707402,0.9374811149784299,0.00017245373169901673
30,64,0.13,60,0.8895416854174513,0.9488444644452814,0.00014184296376874245
30,64,0.13,61,0.9164683716128054,0.9615405866101563,0.00011267113011624138
30,64,0.13,62,0.9471640333460734,0.9777177118411079,7.408589273051791e-05
30,64,0.13,63,0.9843921198710132,1.0000173916149975,1.6790727580985173e-05
30,64,0.14,1,0.015625,1.0,1.0246335935789299e-18
30,64,0.14,2,0.02881264642937353,0.922004685739953,0.0003896043461563223
30,64,0.14,3,0.04064816136578063,0.8671607758033202,0.0004911095732847723
30,64,0.14,4,0.05175258597563372,0.8280413756101396,0.0005454210563986762
30,64,0.14,5,0.06245611767826541,0.7994383062817972,0.0005767157943146042
30,64,0.14,6,0.07292087198177816,0.7778226344723005,0.0005963774950375424
30,64,0.14,7,0.08325856854841848,0.7612211981569689,0.0006091895413396202
30,64,0.14,8,0.0935132757343147,0.7481062058745176,0.0006191887678264998
30,64,0.14,9,0.10375174248571445,0.7377901687873027,0.0006260251298114774
30,64,0.14,10,0.11397793059409156,0.729458755802186,0.0006310878636907581
30,64,0.14,11,0.12423415254552514,0.7228168875376009,0.0006341487419898906
30,64,0.14,12,0.13451286550724245,0.7174019493719598,0.0006365713374875152
30,64,0.14,13,0.14492562108092802,0.7134799807061073,0.0006380157654946908
30,64,0.14,14,0.15540017003500442,0.7104007773028772,0.0006382811730941641
30,64,0.14,15,0.165985708927853,0.7082056914255062,0.0006379361375335275
30,64,0.14,16,0.17667899878490775,0.706715995139631,0.000637226227670063
30,64,0.14,17,0.18749870125310097,0.7058774635410862,0.0006357798663243052
30,64,0.14,18,0.19844944848098572,0.7055980390435048,0.0006336327720027665
30,64,0.14,19,0.20952437436618832,0.7057663136545291,0.000631348320362945
30,64,0.14,20,0.22073718941917744,0.7063590061413678,0.0006289353233046847
30,64,0.14,21,0.2321441091046713,0.7074868086999506,0.0006262450035634269
30,64,0.14,22,0.24370605735146406,0.7089630759315317,0.000623060161258986
30,64,0.14,23,0.25541160293718085,0.7107105473034597,0.0006195726078212001
30,64,0.14,24,0.2673035268112251,0.7128094048299337,0.0006157104063460873
30,64,0.14,25,0.27940810195458105,0.7152847410037275,0.0006115592560324094
30,64,0.14,26,0.2916926760662937,0.7180127410862615,0.0006071205261723068
30,64,0.14,27,0.3041742233944031,0.7210055665645109,0.0006022330700742625
30,64,0.14,28,0.31686069867712624,0.7242530255477171,0.0005971922614716931
30,64,0.14,29,0.32975979806227396,0.7277457612408804,0.0005917135690744895
30,64,0.14,30,0.34290919826424254,0.7315396229637174,0.0005858360975020073
30,64,0.14,31,0.35625678996209315,0.7354978889539987,0.0005796882846862431
30,64,0.14,32,0.36987489112866767,0.7397497822573353,0.000573409923901922
30,64,0.14,33,0.38369265830962834,0.7441312161156428,0.0005665084746180777
30,64,0.14,34,0.39781219196914736,0.7488229495889833,0.0005592679399598188
30,64,0.14,35,0.4121845682538518,0.7537089248070433,0.0005516680387019671
30,64,0.14,36,0.42682201666576636,0.7587946962946958,0.0005435131558876935
30,64,0.14,37,0.441771581369044,0.7641454380437518,0.0005348951995080733
30,64,0.14,38,0.4570113863181454,0.7697033874831923,0.0005258208393474691
30,64,0.14,39,0.47253722166120066,0.7754456970850472,0.0005162188969141876
30,64,0.14,40,0.4883877497338613,0.7814203995741781,0.0005060512392638771
30,64,0.14,41,0.5045538714814544,0.7875962871905628,0.000495356464644557
30,64,0.14,42,0.5210752584200492,0.7940194414019799,0.00048413568450501746
30,64,0.14,43,0.5379493840638119,0.800668850699627,0.00047228490088146123
30,64,0.14,44,0.5551860246402821,0.8075433085676831,0.0004597052263423745
30,64,0.14,45,0.5727863946564832,0.8146295390669984,0.000446428447611953
30,64,0.14,46,0.5907759254460188,0.8219491136640263,0.0004325316057732884
30,64,0.14,47,0.6091627015861464,0.8294981468407099,0.0004179171029037623
30,64,0.14,48,0.6279624332177777,0.8372832442903705,0.0004025307239303873
30,64,0.14,49,0.6472084902814813,0.8453335383268328,0.00038625814675200356
30,64,0.14,50,0.666921984439751,0.8536601400828814,0.0003689967079501696
30,64,0.14,51,0.6870814160585478,0.8622198162303345,0.0003507747923197387
30,64,0.14,52,0.707698131678639,0.8710130851429404,0.000331560523057118
30,64,0.14,53,0.7288503337061258,0.8801211576828688,0.0003115671994070775
30,64,0.14,54,0.7505544831726565,0.8895460541305559,0.0002903642051842171
30,64,0.14,55,0.7727882583807998,0.8992445188431126,0.00026738535550838085
30,64,0.14,56,0.7955054929358097,0.9091491347837825,0.00024344007172849775
30,64,0.14,57,0.8189023917287138,0.9194693521164504,0.0002196397698901814
30,64,0.14,58,0.8432743027102245,0.9305095754043856,0.00019332626620135676
30,64,0.14,59,0.8680390492184291,0.9416016805081264,0.00016213021873282376
30,64,0.14,60,0.8927102289782725,0.9522242442434906,0.0001333117991827672
30,64,0.14,61,0.9189554343752391,0.9641499639346772,0.0001056323453893114
30,64,0.14,62,0.9486835965799391,0.979286293243808,6.912938716457669e-05
30,64,0.14,63,0.9843938374965279,1.0000191365044095,1.611822609412487e-05
30,64,0.15,1,0.015625000000000007,1.0000000000000004,1.456900890870041e-18
30,64,0.15,2,0.02894952864161509,0.9263849165316829,0.000378577676844819
30,64,0.15,3,0.04096608493500167,0.8739431452800357,0.0004792833085200767
30,64,0.15,4,0.05227257436310423,0.8363611898096677,0.0005337274252727872
30,64,0.15,5,0.0631892745766728,0.8088227145814119,0.0005652270338145957
30,64,0.15,6,0.07388060602156463,0.788059797563356,0.0005853372382318818
30,64,0.15,7,0.08444497800967454,0.7720683703741672,0.0005982681672001278
30,64,0.15,8,0.09492617769751552,0.7594094215801241,0.0006085121379838283
30,64,0.15,9,0.10538698777388081,0.7494185797253746,0.0006153406393290753
30,64,0.15,10,0.11583513768050216,0.7413448811552138,0.0006204486875381545
30,64,0.15,11,0.12631741631412818,0.7349376949185639,0.0006235021798674214
30,64,0.15,12,0.13682254652492623,0.7297202481329398,0.0006258954799008915
30,64,0.15,13,0.1474541161192345,0.7259279562793085,0.0006272428679896032
30,64,0.15,14,0.15815712985243466,0.7230040221825584,0.0006274515204851841
30,64,0.15,15,0.16896494414262836,0.7209170950085476,0.0006268627153196642
30,64,0.15,16,0.1798786366970963,0.7195145467883852,0.0006260110560795466
30,64,0.15,17,0.19091432971297512,0.7187363000959064,0.0006243819543446646
30,64,0.15,18,0.20208172916452932,0.7185128148072155,0.0006221852709895685
30,64,0.15,19,0.21337461793199214,0.718735555139342,0.0006197542920690501
30,64,0.15,20,0.2247930445463637,0.7193377425483639,0.0006171345607561188
30,64,0.15,21,0.23639640078208954,0.7204461738120824,0.000614199298969962
30,64,0.15,22,0.2481669926810166,0.7219403423447754,0.0006108698785623424
30,64,0.15,23,0.26006279017100004,0.7236529813453914,0.0006070781257573502
30,64,0.15,24,0.27214114576082155,0.7257097220288575,0.0006029704731855837
30,64,0.15,25,0.28442666804176625,0.7281322701869216,0.0005985333485300359
30,64,0.15,26,0.29688924631348923,0.7308042986178197,0.000593803903466917
30,64,0.15,27,0.30954863686027273,0.733744917002128,0.0005887039287884233
30,64,0.15,28,0.32239992158273667,0.7369141064748266,0.0005833691208091399
30,64,0.15,29,0.33547172258216856,0.7403513877675444,0.0005777212018917037
30,64,0.15,30,0.3487719657479315,0.7440468602622539,0.0005716685090085535
30,64,0.15,31,0.3622638664989739,0.7478995953527203,0.0005652613567909371
30,64,0.15,32,0.3760219489269113,0.7520438978538226,0.0005587325609312041
30,64,0.15,33,0.3899721116220777,0.7563095498125143,0.0005516063592724215
30,64,0.15,34,0.4042112551169431,0.7608682449260106,0.0005442170251358676
30,64,0.15,35,0.41870067756926077,0.7656240961266484,0.0005364372155224497
30,64,0.15,36,0.43343927275622607,0.7705587071221798,0.0005280710235090071
30,64,0.15,37,0.44848314264879796,0.775754625122245,0.0005192320980419569
30,64,0.15,38,0.46379848651759625,0.7811342930822673,0.0005099288730464786
30,64,0.15,39,0.47938058905570213,0.786675838450383,0.0005001696831293114
30,64,0.15,40,0.4952787948260791,0.7924460717217265,0.0004898627374721323
30,64,0.15,41,0.5114702477526435,0.7983925818577849,0.0004790491599597145
30,64,0.15,42,0.5280060889191498,0.8045807069244187,0.0004676729217581187
30,64,0.15,43,0.5448776009875724,0.8109806154233635,0.0004557343874077672
30,64,0.15,44,0.5620921794875948,0.8175886247092287,0.00044316902239838646
30,64,0.15,45,0.5796565747958844,0.8244004619319245,0.00042992632335124776
30,64,0.15,46,0.597588478836634,0.8314274488161865,0.0004160958421555804
30,64,0.15,47,0.6158997840256394,0.8386720463327856,0.00040158644054597513
30,64,0.15,48,0.6345982484189777,0.8461309978919702,0.000386343369773782
30,64,0.15,49,0.6537152249567548,0.8538321305557613,0.00037028103567138525
30,64,0.15,50,0.6732690042904781,0.861784325491812,0.00035333888432970714
30,64,0.15,51,0.6932432075753686,0.8699522604867371,0.00033548127366876364
30,64,0.15,52,0.7136446277135093,0.87833184949355,0.0003167078648270462
30,64,0.15,53,0.7345434316928486,0.8869958420441945,0.000297216039661975
30,64,0.15,54,0.7559629168539358,0.8959560496046647,0.0002766274475642877
30,64,0.15,55,0.7778703195849929,0.9051581900625371,0.0002543718327967252
30,64,0.15,56,0.8002156534423903,0.9145321753627318,0.0002312609030991049
30,64,0.15,57,0.8231957437989893,0.9242899579497424,0.00020838423728419166
30,64,0.15,58,0.8471018266491697,0.9347330500956355,0.00018312883698762142
30,64,0.15,59,0.8713461418635807,0.9451890352418504,0.0001533274911781558
30,64,0.15,60,0.8954807112770373,0.9551794253621732,0.00012600964037856173
30,64,0.15,61,0.9211261049338916,0.9664273887830995,9.959884430278065e-05
30,64,0.15,62,0.9499953807308226,0.980640393012462,6.492226316058055e-05
30,64,0.15,63,0.9843872384589593,1.0000124327202127,1.553834289369542e-05
30,64,0.16,1,0.015624999999999998,0.9999999999999999,4.622858596029937e-19
30,64,0.16,2,0.029075680000887144,0.9304217600283886,0.00036867600457551284
30,64,0.16,3,0.041258213295881835,0.8801752169788124,0.0004678122902930085
30,64,0.16,4,0.0527504246414669,0.8440067942634704,0.0005216075660287969
30,64,0.16,5,0.06386830376190497,0.8175142881523835,0.0005533437456799768
30,64,0.16,6,0.07476329023862331,0.7974750958786486,0.0005734824234910967
30,64,0.16,7,0.08553091500429488,0.7819969371821246,0.0005865445848127561
30,64,0.16,8,0.09621902716234214,0.7697522172987371,0.0005969642708300574
30,64,0.16,9,0.10689417748343172,0.7601363732155144,0.0006040254583926486
30,64,0.16,10,0.11755687808592598,0.7523640197499263,0.0006089023815802555
30,64,0.16,11,0.12825328343953019,0.7462009218299936,0.0006118903490092264
30,64,0.16,12,0.1389628520614873,0.741135210994599,0.0006138049151383754
30,64,0.16,13,0.14979952251534806,0.7374745723832519,0.0006149031128526853
30,64,0.16,14,0.1607130877436456,0.7346884011138084,0.0006149104315755528
30,64,0.16,15,0.17172297397302932,0.7326846889515917,0.0006141305045902397
30,64,0.16,16,0.18284439481814543,0.7313775792725817,0.0006132053668535737
30,64,0.16,17,0.19407695562866298,0.7306426564843782,0.0006113344300731556
30,64,0.16,18,0.20544519731394031,0.7304718126717878,0.0006089762381193743
30,64,0.16,19,0.2169310185917302,0.7307150099931965,0.0006063884991724081
30,64,0.16,20,0.22854202424981285,0.7313344775994011,0.0006036214366089255
30,64,0.16,21,0.24033853670900815,0.7324603023512629,0.0006005051296560821
30,64,0.16,22,0.25229659617559363,0.7339537343289997,0.0005970348432193474
30,64,0.16,23,0.26437550506408625,0.7356535793087617,0.0005930881835948129
30,64,0.16,24,0.2766315046828602,0.737684012487627,0.0005888455560603735
30,64,0.16,25,0.2890854521301742,0.7400587574532461,0.0005842671440486806
30,64,0.16,26,0.3017053812233541,0.74265939993441,0.000579369265738342
30,64,0.16,27,0.31452631598726016,0.7455438601179502,0.000574128154257757
30,64,0.16,28,0.32752822462407705,0.7486359419978904,0.0005686626964483452
30,64,0.16,29,0.3407497711711482,0.7519994949983959,0.0005628676502461
30,64,0.16,30,0.35418266367412143,0.7555896825047924,0.0005566697811522696
30,64,0.16,31,0.367803362256569,0.7593359736909813,0.0005500927570294414
30,64,0.16,32,0.38168664837280025,0.7633732967456005,0.0005433424103820994
30,64,0.16,33,0.3957493242138029,0.7675138408994964,0.0005360755563567677
30,64,0.16,34,0.4100949691286644,0.7719434713010153,0.0005285977799440993
30,64,0.16,35,0.42468394790957203,0.7765649333203601,0.0005206389118162643
30,64,0.16,36,0.4395075655133168,0.7813467831347853,0.0005121017298032991
30,64,0.16,37,0.4546278448429047,0.7863832991877271,0.0005031828608915885
30,64,0.16,38,0.4700101026939638,0.7915959624319392,0.0004938006830405703
30,64,0.16,39,0.4856445949141177,0.7969552326795778,0.0004839498349418146
30,64,0.16,40,0.501582389072365,0.8025318225157839,0.00047353386722508194
30,64,0.16,41,0.5177971722352784,0.8082687566599468,0.0004627058365127712
30,64,0.16,42,0.5343407392246577,0.8142335073899546,0.00045134625389902635
30,64,0.16,43,0.551213245219417,0.8204104114893648,0.0004393949251064958
30,64,0.16,44,0.5683984399647231,0.8267613672214152,0.00042680763692702297
30,64,0.16,45,0.5859186745574385,0.8333065593705793,0.0004136468943188768
30,64,0.16,46,0.6037931120904286,0.8400599820388572,0.00039993261317946015
30,64,0.16,47,0.6220242128291759,0.8470116940652607,0.00038560951321022163
30,64,0.16,48,0.6406171632014253,0.8541562176019004,0.0003705798586810426
30,64,0.16,49,0.6596048501720905,0.8615247022655874,0.00035479095145095715
30,64,0.16,50,0.6790106922352699,0.8691336860611456,0.0003381979603333644
30,64,0.16,51,0.6988060575785255,0.8769330918632477,0.0003207134841672268
30,64,0.16,52,0.7190050650225539,0.8849293107969892,0.0003024152036791526
30,64,0.16,53,0.7396711958865293,0.8931878591837333,0.00028348854479447926
30,64,0.16,54,0.760831805268555,0.9017265840219911,0.0002635610056963577
30,64,0.16,55,0.7824470162927878,0.9104838007770621,0.00024199740969839677
30,64,0.16,56,0.8044521959713007,0.9193739382529149,0.00021968777959828755
30,64,0.16,57,0.8270544800774597,0.92862257412206,0.00019772953523330497
30,64,0.16,58,0.850547044983212,0.9385346703263028,0.0001735749191331582
30,64,0.16,59,0.8743208998209339,0.9484158913311825,0.0001450786638423013
30,64,0.16,60,0.8979669290102638,0.9578313909442814,0.00011918054132542284
30,64,0.16,61,0.9230665658213197,0.9684632821731879,9.400715627615141e-05
30,64,0.16,62,0.9511592551688408,0.9818418117871907,6.108347577872542e-05
30,64,0.16,63,0.9843814802979455,1.0000065831598175,1.4975994836932536e-05
30,64,0.17,1,0.01562499999999999,0.9999999999999993,8.833697709347762e-19
30,64,0.17,2,0.029189592245652797,0.9340669518608895,0.000359072123924783
30,64,0.17,3,0.041531800668327186,0.88601174759098,0.0004570349285431804
30,64,0.17,4,0.05319687511922444,0.851150001907591,0.0005105113062002627
30,64,0.17,5,0.06450997142236731,0.8257276342063017,0.0005423287133665451
30,64,0.17,6,0.07560022589320671,0.8064024095275385,0.0005622930288377321
30,64,0.17,7,0.08656212187296827,0.7914251142671387,0.0005755177446613857
30,64,0.17,8,0.09744856574783373,0.7795885259826698,0.0005862412780105029
30,64,0.17,9,0.1083254240566243,0.770314126624884,0.0005932747901760923
30,64,0.17,10,0.11919118187862776,0.7628235640232177,0.0005982277479039158
30,64,0.17,11,0.13009059169098072,0.7568907152929789,0.0006012364506847549
30,64,0.17,12,0.1409992405935943,0.7519959498325031,0.000602880909808576
30,64,0.17,13,0.15202740993933309,0.748442633547486,0.0006039427459747354
30,64,0.17,14,0.16313584459860164,0.745763861022179,0.0006038966562113534
30,64,0.17,15,0.1743322667475433,0.7438176714561847,0.0006029430880535994
30,64,0.17,16,0.18565299944147626,0.742611997765905,0.0006019664892328692
30,64,0.17,17,0.19707197435022025,0.7419180210831822,0.0005999312712469222
30,64,0.17,18,0.20862304416499564,0.7417708236977623,0.0005974316963793934
30,64,0.17,19,0.22029779902272623,0.7420557440765515,0.0005946895357574021
30,64,0.17,20,0.2320966494757677,0.7427092783224567,0.0005917752046459495
30,64,0.17,21,0.24406271235732557,0.7438101709937542,0.000588347666454494
30,64,0.17,22,0.25619043468968145,0.7452812645518007,0.0005845809601792543
30,64,0.17,23,0.26843659130731273,0.7469539932029571,0.0005806049376616173
30,64,0.17,24,0.28085440287683444,0.7489450743382253,0.0005761603742845679
30,64,0.17,25,0.2934647925452745,0.751269868915903,0.0005714376799244436
30,64,0.17,26,0.3062378372391733,0.7538162147425805,0.0005663455047195977
30,64,0.17,27,0.3192177769892701,0.7566643602708625,0.0005609180402969165
30,64,0.17,28,0.3323646271953779,0.7596905764465782,0.0005553271574410518
30,64,0.17,29,0.3457195209357159,0.7629672186167523,0.0005493358056881097
30,64,0.17,30,0.3592803269797869,0.7664646975568787,0.000542925745737027
30,64,0.17,31,0.3730236788334159,0.7701134014625359,0.0005362656771039513
30,64,0.17,32,0.38702465174608497,0.7740493034921699,0.0005294029355145875
30,64,0.17,33,0.401204989656725,0.7780945253948606,0.0005219578302391277
30,64,0.17,34,0.41564953119467074,0.7823991175429097,0.00051432023275674
30,64,0.17,35,0.43032679210933117,0.7868832769999199,0.0005062332420347129
30,64,0.17,36,0.44522933894411704,0.7915188247895414,0.0004976112690515508
30,64,0.17,37,0.46041146647715575,0.7963874014739992,0.0004886247792542965
30,64,0.17,38,0.4758465840420085,0.8014258257549617,0.00047922159236566607
30,64,0.17,39,0.4915223830943704,0.80660083379589,0.0004693352757230242
30,64,0.17,40,0.5074875220267754,0.8119800352428407,0.00045887237522903077
30,64,0.17,41,0.5237206886938298,0.8175152213757344,0.00044798841960628604
30,64,0.17,42,0.540266134540963,0.8232626812052769,0.00043662380807527284
30,64,0.17,43,0.5571323270302507,0.8292202076729315,0.00042465321835939306
30,64,0.17,44,0.5742885873276542,0.83532885429477,0.00041209335493647804
30,64,0.17,45,0.5917651437451339,0.8416215377708572,0.000399044553680724
30,64,0.17,46,0.6095760694610008,0.8481058357718273,0.00038546607723042166
30,64,0.17,47,0.6277255569021466,0.8547752264199444,0.000371316648066436
30,64,0.17,48,0.646221263636266,0.8616283515150214,0.00035647903054284016
30,64,0.17,49,0.6650872161221051,0.868685343506423,0.00034092603376553884
30,64,0.17,50,0.6843457371727277,0.8759625435810917,0.0003246682817458626
30,64,0.17,51,0.7039721503084225,0.883416031759589,0.0003075687215703417
30,64,0.17,52,0.7239759156824593,0.89104728083995,0.00028967495185924254
30,64,0.17,53,0.7444211231834763,0.8989236204479714,0.0002712765090960888
30,64,0.17,54,0.7653332317066016,0.9070616079485647,0.0002519662493490767
30,64,0.17,55,0.7866665294446763,0.9153937797174417,0.0002310453441821
30,64,0.17,56,0.8083577357626893,0.9238374123002165,0.00020949301782415025
30,64,0.17,57,0.8306068638261529,0.9326112155241016,0.00018835377750078797
30,64,0.17,58,0.8537109326777732,0.9420258567478875,0.0001651536949391624
30,64,0.17,59,0.8770566197242686,0.9513834519042916,0.0001377858280720686
30,64,0.17,60,0.9002483162190855,0.9602648706336911,0.00011313690050985521
30,64,0.17,61,0.9248425403664129,0.9703265997286955,8.90860192655697e-05
30,64,0.17,62,0.9522211009277937,0.9829379106351418,5.773475829783791e-05
30,64,0.17,63,0.9843804270848551,1.000005513229059,1.4484555941407541e-05
30,64,0.18,1,0.015625,0.9999999999999998,0.0
30,64,0.18,2,0.02929796170750349,0.9375347746401116,0.0003501883130041021
30,64,0.18,3,0.04178997690708765,0.8915195073512032,0.00044766437587964746
30,64,0.18,4,0.05362434969328806,0.8579895950926089,0.0005007797179203598
30,64,0.18,5,0.06511135341168771,0.8334253236696025,0.0005323063776612296
30,64,0.18,6,0.07638346902111971,0.8147570028919435,0.0005526213647890486
30,64,0.18,7,0.08752990266328135,0.8002733957785723,0.0005657851801246524
30,64,0.18,8,0.09860195377331048,0.7888156301864837,0.0005762452551041834
30,64,0.18,9,0.10966187226147985,0.7798177583038566,0.00058311409270718
30,64,0.18,10,0.12071497682949653,0.7725758517087777,0.0005881219959689792
30,64,0.18,11,0.1317943235299569,0.7668033369015674,0.0005910662380580231
30,64,0.18,12,0.1428829240599029,0.7620422616528155,0.0005924250715624734
30,64,0.18,13,0.1540938047135103,0.7586156539742046,0.0005936203948104876
30,64,0.18,14,0.16538150834169976,0.7560297524191989,0.0005934226365452498
30,64,0.18,15,0.17675384968569086,0.7541497586589476,0.0005922371433103962
30,64,0.18,16,0.18825049126638208,0.7530019650655282,0.0005910315701716366
30,64,0.18,17,0.199841339953569,0.752343868060495,0.0005889035825223297
30,64,0.18,18,0.21156434653161335,0.7522287876679584,0.0005863736502865915
30,64,0.18,19,0.22341119774173626,0.752542981866901,0.0005834995880355032
30,64,0.18,20,0.23538954199803386,0.7532465343937083,0.0005804781472197282
30,64,0.18,21,0.24751172246828318,0.754321439903339,0.000576753047897731
30,64,0.18,22,0.2598024074157639,0.7557888215731312,0.0005727892358885333
30,64,0.18,23,0.27220236422291383,0.7574326656637603,0.0005687145051661547
30,64,0.18,24,0.28477005668154753,0.7593868178174601,0.000564094435281751
30,64,0.18,25,0.29753346664642577,0.7616856746148498,0.0005591847612691899
30,64,0.18,26,0.3104432894088179,0.7641680970063209,0.00055393118758946
30,64,0.18,27,0.32355447636640733,0.7669439439796322,0.0005482883607979492
30,64,0.18,28,0.33683504817634713,0.7699086815459363,0.0005425026150682438
30,64,0.18,29,0.35032018114866303,0.7731203997763597,0.0005363733282750635
30,64,0.18,30,0.36399988117234033,0.776533079834326,0.0005298577455952195
30,64,0.18,31,0.37785423394169576,0.780086160395759,0.0005229966637395324
30,64,0.18,32,0.39195785801267047,0.7839157160253408,0.0005159828400396018
30,64,0.18,33,0.4062350256985322,0.7878497468092747,0.0005084460264337237
30,64,0.18,34,0.4207681890941435,0.7920342382948582,0.0005006215126806759
30,64,0.18,35,0.4355217894756133,0.7963827007554071,0.0004924009270885466
30,64,0.18,36,0.4504925711046813,0.8008756819638777,0.00048370386846347625
30,64,0.18,37,0.4657326473063078,0.8055916061514512,0.0004746499012010232
30,64,0.18,38,0.481206550710783,0.8104531380392135,0.0004651717705759808
30,64,0.18,39,0.4969187127430638,0.8154563491168226,0.00045528380447604325
30,64,0.18,40,0.5129095344852158,0.8206552551763453,0.0004448367386802379
30,64,0.18,41,0.5291592258869915,0.826004645287011,0.00043394543141412814
30,64,0.18,42,0.5457033505326737,0.831547962716455,0.0004226442625080248
30,64,0.18,43,0.5625549220479674,0.8372910467690678,0.0004107220683897643
30,64,0.18,44,0.5796847662837934,0.8431778418673356,0.0003982635319832049
30,64,0.18,45,0.5971144844018668,0.8492294889270995,0.00038531524044664627
30,64,0.18,46,0.6148677153859062,0.8554681257543042,0.0003718848714132801
30,64,0.18,47,0.6329384707094313,0.86187366224263,0.00035793615045623655
30,64,0.18,48,0.6513367125082524,0.8684489500110032,0.0003433188300829663
30,64,0.18,49,0.6700860717598709,0.875214461074117,0.0003280381699112913
30,64,0.18,50,0.6892022878777837,0.8821789284835629,0.0003121216994885776
30,64,0.18,51,0.7086709728794385,0.8893125934173344,0.0002954038868071686
30,64,0.18,52,0.7284945309431021,0.8966086534684334,0.00027792118296552856
30,64,0.18,53,0.7487284983151595,0.9041249790975511,0.00026004564337231157
30,64,0.18,54,0.7694131444182447,0.911897060051253,0.00024131165453604043
30,64,0.18,55,0.7904883949075612,0.9198410413469803,0.00022102478732827403
30,64,0.18,56,0.8118838959313678,0.9278673096358488,0.00020018852012332786
30,64,0.18,57,0.8338106851699388,0.9362084886118611,0.00017982094694974753
30,64,0.18,58,0.8565669568081457,0.9451773316503674,0.00015752328789106
30,64,0.18,59,0.8795240385025254,0.954059973968841,0.00013118919287119228
30,64,0.18,60,0.9023026309690696,0.9624561397003409,0.00010768324258143755
30,64,0.18,61,0.9264410342239437,0.9720037080382359,8.464753663079399e-05
30,64,0.18,62,0.9531700441870978,0.9839174649673267,5.47387113574954e-05
30,64,0.18,63,0.9843778824690278,1.0000029282225043,1.4029665048863018e-05
30,64,0.19,1,0.015625000000000003,1.0000000000000002,8.139770159516829e-19
30,64,0.19,2,0.029394564928430268,0.9406260777097686,0.00034139227536925814
30,64,0.19,3,0.04202476300836166,0.8965282775117155,0.00043747577571634754
30,64,0.19,4,0.05401533205627808,0.8642453129004493,0.0004904364925415142
30,64,0.19,5,0.06566544703495854,0.8405177220474693,0.0005223764394718722
30,64,0.19,6,0.07710764829347494,0.8224815817970661,0.0005428751522790873
30,64,0.19,7,0.08843000183171115,0.8085028738899306,0.0005559781193380314
30,64,0.19,8,0.09967714002587917,0.7974171202070334,0.0005665149416952201
30,64,0.19,9,0.11091481439195142,0.7887275690094323,0.000572992503277369
30,64,0.19,10,0.12214386721632428,0.7817207501844755,0.0005780722967545744
30,64,0.19,11,0.133402432714108,0.7761596085184467,0.0005811531402038073
30,64,0.19,12,0.1446742086865615,0.7715957796616613,0.0005824191048037528
30,64,0.19,13,0.1560530971274692,0.7682614012429254,0.0005833798507658764
30,64,0.19,14,0.16751022388128822,0.7657610234573178,0.0005831608606500793
30,64,0.19,15,0.17905157937191157,0.7639534053201561,0.0005819810044230399
30,64,0.19,16,0.190717796660147,0.762871186640588,0.0005805315573947278
30,64,0.19,17,0.2024750977710995,0.7622591916088453,0.0005783279277564591
30,64,0.19,18,0.21436060584439803,0.7621710430023042,0.0005757851018999223
30,64,0.19,19,0.22636921490771522,0.7625068291628303,0.000572923631164382
30,64,0.19,20,0.23850165334937995,0.7632052907180159,0.0005697983613279841
30,64,0.19,21,0.25077160147397476,0.7642563092540183,0.0005660024746383274
30,64,0.19,22,0.2632050830015839,0.7656875141864259,0.0005619045937714052
30,64,0.19,23,0.2757481170238994,0.7672991082404158,0.000557792549869818
30,64,0.19,24,0.28845295007799443,0.7692078668746518,0.0005530028133256088
30,64,0.19,25,0.301354679140346,0.7714679785992858,0.0005479746716347406
30,64,0.19,26,0.3143957142085498,0.7738971426671996,0.0005425924690548934
30,64,0.19,27,0.32762350016709885,0.7765890374331231,0.0005368463480648862
30,64,0.19,28,0.34102721510627954,0.7794907773857818,0.0005309681754166218
30,64,0.19,29,0.35462614243768786,0.7826232108969663,0.0005246992031297349
30,64,0.19,30,0.368412850091388,0.7859474135282947,0.000517982645006735
30,64,0.19,31,0.3823649274476906,0.7893985598920065,0.0005109445709680368
30,64,0.19,32,0.3965569943945687,0.7931139887891374,0.0005037900705124315
30,64,0.19,33,0.4109166092336577,0.7969291815440636,0.0004961784360160783
30,64,0.19,34,0.42552992984370913,0.8009975149999231,0.0004882556523421516
30,64,0.19,35,0.4403506619843168,0.8052126390570364,0.00047998782622642687
30,64,0.19,36,0.45538486105287707,0.8095730863162259,0.00047124272489044457
30,64,0.19,37,0.47066812768473426,0.8141286532925133,0.00046213275395374793
30,64,0.19,38,0.48618997422963645,0.8188462723867562,0.0004525693497230881
30,64,0.19,39,0.5019345112876861,0.823687403138767,0.0004426723477770345
30,64,0.19,40,0.5179437100535303,0.8287099360856487,0.0004321982051616529
30,64,0.19,41,0.5342051184615143,0.8338811605252906,0.00042132242845723667
30,64,0.19,42,0.5507398579526926,0.8392226406898172,0.0004100598394667541
30,64,0.19,43,0.5675742911266739,0.8447617356303986,0.00039826518866771906
30,64,0.19,44,0.5846745452004467,0.8504357021097407,0.00038591579991802566
30,64,0.19,45,0.6020579431649632,0.8562601858346144,0.0003730936518318565
30,64,0.19,46,0.6197528901259696,0.8622648906100447,0.0003597877485779914
30,64,0.19,47,0.6377467848162797,0.8684211537923808,0.0003460075689206889
30,64,0.19,48,0.6560514759318484,0.8747353012424647,0.0003316357757201834
30,64,0.19,49,0.6746902784270629,0.8812281187618779,0.00031661631378669707
30,64,0.19,50,0.693675484041009,0.8879046195724914,0.00030103864378749234
30,64,0.19,51,0.7129935144958575,0.8947369593673506,0.0002846710309614519
30,64,0.19,52,0.7326508747398977,0.9017241535260279,0.0002675589438066374
30,64,0.19,53,0.7526874323403966,0.908905578675196,0.0002501144600092978
30,64,0.19,54,0.7731505179504892,0.9163265397931722,0.00023190735384371485
30,64,0.19,55,0.7939835916953845,0.9239081794273566,0.00021219599938102472
30,64,0.19,56,0.8151116611495424,0.9315561841709057,0.00019201956023813941
30,64,0.19,57,0.8367447038276208,0.9395028253503109,0.00017231378869495773
30,64,0.19,58,0.8591793055564025,0.948059923372582,0.00015082015433481128
30,64,0.19,59,0.8817790955644905,0.9565061375614815,0.0001253865780188925
30,64,0.19,60,0.9041771401590224,0.9644556161696239,0.00010289070222162426
30,64,0.19,61,0.9278961255199806,0.9735303612012911,8.076317654576649e-05
30,64,0.19,62,0.954029950727534,0.9848051104284226,5.2136637237741094e-05
30,64,0.19,63,0.984375775438191,1.0000007877467338,1.3623670757878848e-05
30,64,0.2,1,0.015624999999999993,0.9999999999999996,7.84485095083868e-19
30,64,0.2,2,0.029484802846575855,0.9435136910904274,0.000332862375681458
30,64,0.2,3,0.04224428645532797,0.90121144438033,0.0004282449705607489
30,64,0.2,4,0.0543793201448023,0.8700691223168368,0.0004806384368806764
30,64,0.2,5,0.0661843014080262,0.8471590580227353,0.000512678423273213
30,64,0.2,6,0.07777840543986292,0.829636324691871,0.000533215454024299
30,64,0.2,7,0.08925984025034407,0.8160899680031458,0.000546340395078413
30,64,0.2,8,0.10067273428164661,0.8053818742531729,0.0005568819334203865
30,64,0.2,9,0.11206806951822981,0.7969284943518564,0.0005635395568075812
30,64,0.2,10,0.12345308424960527,0.7900997391974737,0.0005684511939092381
30,64,0.2,11,0.13487375826808926,0.7847200481052466,0.0005715352922097547
30,64,0.2,12,0.1463137981037172,0.7803402565531583,0.0005727278695592257
30,64,0.2,13,0.15785264625823145,0.777120720040524,0.000573656795358194
30,64,0.2,14,0.16946980162209377,0.7747190931295714,0.0005735497306668084
30,64,0.2,15,0.18116404383834045,0.7729665870435859,0.0005722311263948408
30,64,0.2,16,0.1929833436205706,0.7719333744822824,0.0005707818280601695
30,64,0.2,17,0.20489889641672407,0.7713840806276671,0.0005684550723685657
30,64,0.2,18,0.2169336119739953,0.7713195092408722,0.0005656777572629373
30,64,0.2,19,0.22909124431214528,0.7716757703145947,0.0005627912082961145
30,64,0.2,20,0.24137212856760343,0.7723908114163309,0.0005594635773086078
30,64,0.2,21,0.253773531252617,0.773405047627023,0.0005554775837893444
30,64,0.2,22,0.2663393066718672,0.7748052557727046,0.0005513161363932166
30,64,0.2,23,0.2790171945422074,0.7763956717696205,0.0005470483274008813
30,64,0.2,24,0.2918478003087818,0.7782608008234181,0.000542164266984576
30,64,0.2,25,0.30487580342477144,0.7804820567674148,0.0005369918776119073
30,64,0.2,26,0.3180362740770269,0.7828585208049892,0.0005314653119638281
30,64,0.2,27,0.3313822500540076,0.7854986667946846,0.0005256875213332142
30,64,0.2,28,0.3449006479943418,0.7883443382727812,0.0005196820102495302
30,64,0.2,29,0.358599980932585,0.7913930613684632,0.0005132975628120552
30,64,0.2,30,0.3724821958331147,0.794628684443978,0.00050651441906362
30,64,0.2,31,0.38651752088759617,0.797971656026005,0.0004993830525838964
30,64,0.2,32,0.4007909672728334,0.8015819345456668,0.0004921245076803005
30,64,0.2,33,0.4152276622493019,0.8052900116350097,0.00048455447513595
30,64,0.2,34,0.4299104551534003,0.8092432097005182,0.00047663511286828464
30,64,0.2,35,0.44479392510618415,0.8133374630513082,0.000468286836746244
30,64,0.2,36,0.4598799864502826,0.8175644203560579,0.0004594634681331878
30,64,0.2,37,0.4752062973725301,0.8219784603200521,0.0004502931196075257
30,64,0.2,38,0.49076018571194574,0.8265434706727507,0.00044066896526990965
30,64,0.2,39,0.5065330663336086,0.8312337498807936,0.00043074076378790845
30,64,0.2,40,0.5225525178005591,0.8360840284808946,0.0004203443309659288
30,64,0.2,41,0.5388210102415677,0.8410864550112275,0.0004095251420723297
30,64,0.2,42,0.5553474063091002,0.8462436667567239,0.00039830764921991435
30,64,0.2,43,0.5721609684311302,0.8515884181300541,0.0003865688787009317
30,64,0.2,44,0.5892306669572568,0.8570627883014643,0.0003743372340529636
30,64,0.2,45,0.6065687912742971,0.8626756142567781,0.0003616684480078977
30,64,0.2,46,0.624204953740539,0.8684590660737933,0.00034853218909982773
30,64,0.2,47,0.6421244224451824,0.8743821922657803,0.000334926415196816
30,64,0.2,48,0.660343355474415,0.88045780729922,0.00032077234667666924
30,64,0.2,49,0.6788782053806142,0.886698064170598,0.0003060006435575712
30,64,0.2,50,0.6977392086847846,0.8931061871165243,0.000290714423657261
30,64,0.2,51,0.7169142754677503,0.8996571299987455,0.0002746910894185248
30,64,0.2,52,0.7364151235628967,0.9063570751543344,0.00025796038323370774
30,64,0.2,53,0.7562696300889691,0.9132312514281891,0.000240933536891151
30,64,0.2,54,0.776534421551626,0.9203370922093344,0.00022324924078705624
30,64,0.2,55,0.7971509801010371,0.927593867753934,0.0002040910728927331
30,64,0.2,56,0.8180347779802978,0.9348968891203403,0.0001844892308455526
30,64,0.2,57,0.839391192986554,0.9424743219498148,0.00016542666271193143
30,64,0.2,58,0.8615300749602205,0.9506538758181742,0.00014467911756332652
30,64,0.2,59,0.883802501129075,0.958701018173912,0.00012014007761252266
30,64,0.2,60,0.9058644073413898,0.9662553678308159,9.854909600354598e-05
30,64,0.2,61,0.9292053424178448,0.9749039658154435,7.72403986997882e-05
30,64,0.2,62,0.9547992052110646,0.9855991795727118,4.978618959434439e-05
30,64,0.2,63,0.9843696579979498,0.9999945732042665,1.3242009597013791e-05
30,64,0.25,1,0.015624999999999995,0.9999999999999997,1.3448315915723457e-18
30,64,0.25,2,0.02986238595212844,0.9555963504681101,0.00029673116040446993
30,64,0.25,3,0.043168894427155956,0.9209364144459937,0.00038710973131969096
30,64,0.25,4,0.055917003519622144,0.8946720563139543,0.0004376256229679412
30,64,0.25,5,0.0683851038708251,0.8753293295465613,0.0004692127474653783
30,64,0.25,6,0.08066218502641888,0.8603966402818014,0.0004894468487226071
30,64,0.25,7,0.09282508315440458,0.8486864745545561,0.0005027362447249066
30,64,0.25,8,0.10492260120519784,0.8393808096415827,0.0005130443289322412
30,64,0.25,9,0.1170177083862691,0.832125926302358,0.0005196329587525344
30,64,0.25,10,0.12910622741549646,0.8262798554591774,0.0005242563734824722
30,64,0.25,11,0.14121849906318248,0.8216349036403344,0.0005270881646051617
30,64,0.25,12,0.1533413630127035,0.8178206027344188,0.0005282865516756507
30,64,0.25,13,0.16555540268114272,0.8150419824302411,0.000528717289337401
30,64,0.25,14,0.17784767034635693,0.8130179215833461,0.0005283895565637624
30,64,0.25,15,0.1902057881798524,0.8115446962340369,0.0005267041532252437
30,64,0.25,16,0.20267726775288955,0.8107090710115582,0.0005250376930866374
30,64,0.25,17,0.21522726617188917,0.8102673550000534,0.0005223821298825483
30,64,0.25,18,0.22787218466663678,0.810212212148042,0.0005193666610173296
30,64,0.25,19,0.2406457475588133,0.810596202303371,0.0005162006529513363
30,64,0.25,20,0.25351621263107094,0.8112518804194271,0.0005124062823204608
30,64,0.25,21,0.2665018724706627,0.812196182767734,0.0005081334642533981
30,64,0.25,22,0.27962787777597625,0.8134629171664763,0.0005032011885238103
30,64,0.25,23,0.2928506845768245,0.8148888614311637,0.0004984021638502111
30,64,0.25,24,0.306221219590542,0.8165899189081121,0.0004931313948360425
30,64,0.25,25,0.3197529239085738,0.818567485205949,0.00048753649618849253
30,64,0.25,26,0.33340618029011454,0.8206921360987435,0.0004818815211486543
30,64,0.25,27,0.3472142592644301,0.8230263923305009,0.0004757134682085321
30,64,0.25,28,0.36116882282858864,0.8255287378939171,0.00046945070940042295
30,64,0.25,29,0.3752818897186954,0.8282083083447074,0.00046274295045246037
30,64,0.25,30,0.3895554779503007,0.831051686293975,0.00045588347410005926
30,64,0.25,31,0.4039614718496885,0.8339849741412924,0.000448511871728783
30,64,0.25,32,0.41855115680327604,0.8371023136065521,0.00044098835316552516
30,64,0.25,33,0.4332919188231793,0.8403237213540447,0.000433135111992494
30,64,0.25,34,0.4482241750912922,0.8437160942894913,0.00042495536748201164
30,64,0.25,35,0.4633281371416049,0.8472285936303633,0.00041654973013354
30,64,0.25,36,0.4786048297826615,0.8508530307247316,0.00040768749283074746
30,64,0.25,37,0.49408590970211225,0.8546350870523023,0.00039856212175200196
30,64,0.25,38,0.5097546097743387,0.8585340796199389,0.00038915445020276104
30,64,0.25,39,0.5256068643573351,0.862534341509473,0.0003794152569624083
30,64,0.25,40,0.5416680639259528,0.8666689022815245,0.0003692965091732412
30,64,0.25,41,0.5579216490740136,0.8709020863594359,0.00035890805423729484
30,64,0.25,42,0.5743955452585358,0.8752694022987211,0.0003481320516102729
30,64,0.25,43,0.591088806213366,0.8797600836664052,0.00033696328696687975
30,64,0.25,44,0.6079950074486171,0.8843563744707159,0.00032539075578678326
30,64,0.25,45,0.6251116640578772,0.8890476999934255,0.00031347378047896226
30,64,0.25,46,0.6424689485606322,0.8938698414756623,0.00030122452511768144
30,64,0.25,47,0.6600637265409067,0.8988101808216604,0.0002886181472373196
30,64,0.25,48,0.6778943812226068,0.9038591749634759,0.00027558614930692335
30,64,0.25,49,0.6959684080296369,0.9090199615080972,0.00026205067786049555
30,64,0.25,50,0.7142986302399176,0.9143022467070947,0.00024822154754489394
30,64,0.25,51,0.7328815200394326,0.9196944565200723,0.00023383295048586572
30,64,0.25,52,0.7517089122827889,0.9251801997326633,0.00021879233833709382
30,64,0.25,53,0.7708055526884005,0.930784063623729,0.0002036778684622998
30,64,0.25,54,0.7902382457113801,0.9365786615838578,0.0001881718128431295
30,64,0.25,55,0.809955611279205,0.9424938022158024,0.00017136208281494941
30,64,0.25,56,0.8298233936474727,0.9483695927399689,0.00015424516258393987
30,64,0.25,57,0.8500481171594548,0.9544399911965807,0.00013785161508197776
30,64,0.25,58,0.8709244280301601,0.961020058516039,0.00012008264113726184
30,64,0.25,59,0.8918714077821288,0.9674537304755296,9.960193737387746e-05
30,64,0.25,60,0.9126077482070678,0.9734482647542056,8.138909390033197e-05
30,64,0.25,61,0.9344276685049469,0.9803831276117476,6.32950363971389e-05
30,64,0.25,62,0.9578462652061456,0.9887445318256985,4.060681557057098e-05
30,64,0.25,63,0.9843660657824667,0.9999909239694899,1.1651450232053685e-05
30,64,0.5,1,0.015625000000000003,1.0000000000000002,4.482771971907819e-19
30,64,0.5,2,0.030725273402007033,0.983208748864225,0.0001863728119140704
30,64,0.5,3,0.04537796855379044,0.9680633291475295,0.00025277301286134174
30,64,0.5,4,0.059722221107274084,0.9555555377163854,0.0002934535071458308
30,64,0.5,5,0.07388651524627265,0.94574739515229,0.00031952369021676324
30,64,0.5,6,0.08793486222818929,0.9379718637673524,0.00033730094799628804
30,64,0.5,7,0.10191217786143791,0.9317684833045752,0.00034950282797367407
30,64,0.5,8,0.11583316013147185,0.9266652810517748,0.00035878971325813217
30,64,0.5,9,0.1297769461033353,0.9228582834014954,0.00036523309736640163
30,64,0.5,10,0.14367871250203898,0.9195437600130496,0.00036934005569059185
30,64,0.5,11,0.15760088346101017,0.9169505946822408,0.00037189553480870244
30,64,0.5,12,0.17150950518390104,0.9147173609808055,0.000373306875583016
30,64,0.5,13,0.18547720033628462,0.9131185247324781,0.00037352193693274594
30,64,0.5,14,0.19951011535004234,0.9120462416001937,0.00037272895461244103
30,64,0.5,15,0.21354732747121502,0.911135263877184,0.0003710920511073671
30,64,0.5,16,0.2276461781515044,0.9105847126060176,0.0003691179274815179
30,64,0.5,17,0.24180175280690447,0.9103124811554051,0.0003665810039086199
30,64,0.5,18,0.25601645433692366,0.9102807265312843,0.00036344785412568373
30,64,0.5,19,0.27028107432937853,0.9104204608989592,0.0003601462026410926
30,64,0.5,20,0.28460590300744587,0.9107388896238268,0.00035631572089924563
30,64,0.5,21,0.29898752472967866,0.9112000753666397,0.00035203443162393905
30,64,0.5,22,0.313460827193531,0.9118860427448173,0.0003473237965668447
30,64,0.5,23,0.32798861524422845,0.9126639728535052,0.0003425273126092188
30,64,0.5,24,0.34258909937969834,0.9135709316791955,0.00033774872361834506
30,64,0.5,25,0.35726756047035896,0.914604954804119,0.0003326595855239179
30,64,0.5,26,0.37200535086649394,0.915705479055985,0.00032728798825396537
30,64,0.5,27,0.38684070739869125,0.9169557508709719,0.00032168702377685405
30,64,0.5,28,0.40173779136494475,0.9182578088341594,0.0003159541410104543
30,64,0.5,29,0.4167378750841481,0.919697379496051,0.00030998123020717713
30,64,0.5,30,0.4318141062086501,0.9212034265784536,0.0003038100075526871
30,64,0.5,31,0.4469359915201434,0.9227065631383605,0.0002973626517922402
30,64,0.5,32,0.46215768933083123,0.9243153786616625,0.0002908579323655701
30,64,0.5,33,0.47746172919798135,0.9259863838991153,0.00028404016464079107
30,64,0.5,34,0.49286563765245367,0.9277470826399128,0.0002771775985374568
30,64,0.5,35,0.5083471585697528,0.9295490899561194,0.0002701335253599656
30,64,0.5,36,0.5239163049346525,0.9314067643282712,0.0002628427068920842
30,64,0.5,37,0.5395785062249285,0.933324983740417,0.0002554356513700464
30,64,0.5,38,0.5553299003017113,0.9352924636660399,0.00024792565868320674
30,64,0.5,39,0.5711686846925541,0.9373024569313709,0.0002402471664390244
30,64,0.5,40,0.5871058086199338,0.939369293791894,0.00023239420596803264
30,64,0.5,41,0.6031314859469733,0.941473539039178,0.00022441129205639593
30,64,0.5,42,0.6192589555482196,0.9436326941687155,0.00021630388278427742
30,64,0.5,43,0.6354803888452331,0.9458312764208121,0.0002079698287953243
30,64,0.5,44,0.6517919098706757,0.9480609598118918,0.00019950978335676612
30,64,0.5,45,0.6682009943461344,0.9503303030700577,0.00019093826852889628
30,64,0.5,46,0.6847195643707777,0.9526533069506473,0.00018222033739993725
30,64,0.5,47,0.7013291119003184,0.9550013438642635,0.00017329922265522243
30,64,0.5,48,0.7180458123518798,0.9573944164691729,0.0001643965967036795
30,64,0.5,49,0.7348749966985976,0.9598367303818419,0.00015521099741817887
30,64,0.5,50,0.7517877113530949,0.9622882705319614,0.00014585015495435015
30,64,0.5,51,0.768811389538053,0.9647829202046154,0.0001365579794066558
30,64,0.5,52,0.7859717150611187,0.967349803152146,0.00012688676181326142
30,64,0.5,53,0.8032041724600804,0.969906925234814,0.00011698043485213972
30,64,0.5,54,0.820541815286209,0.9724940033021736,0.00010733737673389166
30,64,0.5,55,0.8380821141424889,0.9752228237294416,9.728164635050456e-05
30,64,0.5,56,0.8556415881710439,0.9778761007669071,8.67389915378265e-05
30,64,0.5,57,0.8732783744081769,0.9805230870547952,7.661502190217145e-05
30,64,0.5,58,0.8911816376120042,0.983372841502901,6.64677392585846e-05
30,64,0.5,59,0.9093167632962226,0.9863775059484449,5.4860839936714195e-05
30,64,0.5,60,0.9271295295002328,0.9889381648002483,4.449304388210284e-05
30,64,0.5,61,0.9454942052945965,0.991993920309085,3.3571806760846815e-05
30,64,0.5,62,0.9643658087592423,0.9954743832353469,2.227106187555776e-05
30,64,0.5,63,0.9843767168936214,1.000001744145901,7.611552318638461e-06
30,64,1.0,1,0.015624999999999995,0.9999999999999997,1.3448315915723457e-18
30,64,1.0,2,0.031114276556393077,0.9956568498045785,9.626570912635334e-05
30,64,1.0,3,0.04645697821190069,0.9910822018538815,0.00013623740580385896
30,64,1.0,4,0.061675167115852775,0.9868026738536444,0.0001630897261972614
30,64,1.0,5,0.07680940685929846,0.9831604077990204,0.0001816968755901402
30,64,1.0,6,0.09188256482145515,0.9800806914288551,0.00019519693810302142
30,64,1.0,7,0.10691887348676958,0.9775439861647507,0.00020508961183354112
30,64,1.0,8,0.121918997821184,0.975351982569472,0.00021242659153878585
30,64,1.0,9,0.13692709621976507,0.9737037953405517,0.00021789383685077548
30,64,1.0,10,0.15190405651998615,0.9721859617279114,0.00022123935637437624
30,64,1.0,11,0.16688971111840806,0.9709946828707379,0.00022371302699756746
30,64,1.0,12,0.1818601557484611,0.9699208306584592,0.00022530883343490173
30,64,1.0,13,0.19686760232528489,0.9691943499090949,0.00022593029479989644
30,64,1.0,14,0.21188505551401493,0.9686173966354971,0.00022601936156362278
30,64,1.0,15,0.2269044962037888,0.9681258504694988,0.00022534750767967037
30,64,1.0,16,0.24194406553618872,0.9677762621447549,0.0002242470807805507
30,64,1.0,17,0.25700394459638576,0.967544262009923,0.0002224885061281188
30,64,1.0,18,0.2720930066053419,0.967441801263438,0.00022061237282662983
30,64,1.0,19,0.2872127251510258,0.9674533899824026,0.000218463178639361
30,64,1.0,20,0.3023504113542397,0.9675213163335672,0.00021603665333943717
30,64,1.0,21,0.31751259551144423,0.9676574339396394,0.00021322500009872134
30,64,1.0,22,0.33269891754346975,0.967851396490094,0.00021025285232881247
30,64,1.0,23,0.3479030208829617,0.9680779711525891,0.00020722561814209468
30,64,1.0,24,0.36314996678768136,0.968399911433817,0.00020398733369977125
30,64,1.0,25,0.3784197207000765,0.9687544849921961,0.00020052784456558992
30,64,1.0,26,0.3937078959535535,0.9691271285010548,0.0001969847990975755
30,64,1.0,27,0.4090534447654788,0.9696081653700238,0.00019323361373512686
30,64,1.0,28,0.4244026167787372,0.9700631240656851,0.0001894867114532368
30,64,1.0,29,0.43980254399192387,0.9705987177752804,0.0001855211497736063
30,64,1.0,30,0.45523280649919107,0.9711633205316077,0.00018133783664113964
30,64,1.0,31,0.4706825517634037,0.9717317197696076,0.0001770523203401302
30,64,1.0,32,0.4861721065079557,0.9723442130159115,0.00017275081220169072
30,64,1.0,33,0.5016808102742955,0.9729567229562094,0.00016826629140892523
30,64,1.0,34,0.5172320147602522,0.9736132042545924,0.00016374063412608807
30,64,1.0,35,0.5328211339587894,0.974301502096072,0.00015915119383187458
30,64,1.0,36,0.548448222963493,0.97501906304621,0.00015438446004925697
30,64,1.0,37,0.5640961445597429,0.9757338716709069,0.00014960936589024568
30,64,1.0,38,0.5797806094681901,0.9764726054201096,0.00014476839263885414
30,64,1.0,39,0.5954945982160703,0.9772219047648333,0.00013986435415003196
30,64,1.0,40,0.6112535037445797,0.9780056059913276,0.0001348641314371019
30,64,1.0,41,0.6270395558123348,0.9787934529753519,0.0001298596519075143
30,64,1.0,42,0.6428628066853471,0.9796004673300527,0.0001247729696587076
30,64,1.0,43,0.6587243104194923,0.9804268806243607,0.00011963934605925718
30,64,1.0,44,0.6746175263858275,0.9812618565612036,0.000114406479751506
30,64,1.0,45,0.6905431669773432,0.9821058374788881,0.00010914002215139045
30,64,1.0,46,0.7065076030673462,0.982967099919786,0.00010379869405312236
30,64,1.0,47,0.7225031856067683,0.9838341250815569,9.840120987989724e-05
30,64,1.0,48,0.7385440822654377,0.9847254430205835,9.299966688619818e-05
30,64,1.0,49,0.7546203483543313,0.985626577442392,8.747402962013148e-05
30,64,1.0,50,0.7707288074447004,0.9865328735292167,8.199096552754551e-05
30,64,1.0,51,0.7868834800774546,0.9874616220579822,7.635848285895253e-05
30,64,1.0,52,0.8030637577574036,0.9883861633937274,7.076409930960907e-05
30,64,1.0,53,0.8192912817897936,0.9893328685763546,6.510014958388519e-05
30,64,1.0,54,0.8355646936113562,0.9902988961319776,5.9382636528600616e-05
30,64,1.0,55,0.851850716890098,0.9912444705630233,5.362079821264677e-05
30,64,1.0,56,0.8682223295761078,0.9922540909441233,4.787940016165024e-05
30,64,1.0,57,0.8846026938875062,0.9932381124350946,4.188197323111583e-05
30,64,1.0,58,0.9010180745993576,0.9942268409372224,3.609877550543208e-05
30,64,1.0,59,0.9175315690715456,0.9952884817047275,3.0119604326370868e-05
30,64,1.0,60,0.9340907176599391,0.9963634321706016,2.421035699191931e-05
30,64,1.0,61,0.9507971916797601,0.9975577093033549,1.828985854125393e-05
30,64,1.0,62,0.9676595093611541,0.9988743322437719,1.1682434401571418e-05
30,64,1.0,63,0.9843784418256879,1.0000034964578417,4.741547302148146e-06
86,8,0.01,1,0.125,0.9999999999999999,7.876705273636476e-19
86,8,0.01,2,0.2022748405662183,0.8090993622648731,0.00031994931376067346
86,8,0.01,3,0.27327369627353704,0.728729856729432,0.0003623002100111895
86,8,0.01,4,0.35160924578110736,0.7032184915622146,0.00037237992368812034
86,8,0.01,5,0.44807536461420155,0.7169205833827225,0.000362784842333378
86,8,0.01,6,0.5807568261737318,0.7743424348983091,0.0003400896834805246
86,8,0.01,7,0.8748220775340894,0.9997966600389592,0.000262285860674518
86,8,0.02,1,0.125,1.0,8.03115047508033e-19
86,8,0.02,2,0.20923048672428463,0.8369219468971385,0.00029297978575584555
86,8,0.02,3,0.2875204204448576,0.7667211211862869,0.00033040625966958243
86,8,0.02,4,0.3727874249474441,0.7455748498948882,0.00033263181551042645
86,8,0.02,5,0.4752666051294916,0.7604265682071866,0.0003129130133969071
86,8,0.02,6,0.612050157413166,0.8160668765508879,0.00027660823153459214
86,8,0.02,7,0.8748850185771728,0.999868592659626,0.00018343509045536796
86,8,0.03,1,0.12500000000000003,1.0000000000000002,1.091412756869891e-18
86,8,0.03,2,0.2140139725128004,0.8560558900512016,0.0002746701830987513
86,8,0.03,3,0.29735177446994815,0.7929380652531952,0.0003094345803362121
86,8,0.03,4,0.38728129088496516,0.7745625817699303,0.000307961820577422
86,8,0.03,5,0.4933015378254266,0.7892824605206826,0.00028199915272895395
86,8,0.03,6,0.6317913317967633,0.8423884423956844,0.00023952181430667732
86,8,0.03,7,0.8749704183785342,0.9999661924326104,0.00014851656405641736
86,8,0.04,1,0.12499999999999999,0.9999999999999999,4.170020438984018e-19
86,8,0.04,2,0.217711037468993,0.870844149875972,0.0002599898291098795
86,8,0.04,3,0.304879340077455,0.81301157353988,0.00029384139130767364
86,8,0.04,4,0.39827777329362984,0.7965555465872597,0.00029122579284118045
86,8,0.04,5,0.5067755514308389,0.8108408822893421,0.0002610373919973338
86,8,0.04,6,0.6459125911877028,0.8612167882502706,0.0002146016628450234
86,8,0.04,7,0.8749647412805334,0.9999597043206095,0.00012807944179818144
86,8,0.05,1,0.12499999999999994,0.9999999999999996,0.0
86,8,0.05,2,0.2207195106049023,0.8828780424196092,0.0002476277218255649
86,8,0.05,3,0.3109614641805352,0.829230571148094,0.00028023422054048147
86,8,0.05,4,0.4071257385464486,0.8142514770928972,0.0002767608464132261
86,8,0.05,5,0.5174705410435517,0.8279528656696827,0.0002447770313785919
86,8,0.05,6,0.6567887653199118,0.8757183537598825,0.00019593769821877856
86,8,0.05,7,0.8749301217156408,0.9999201391035895,0.00011402630139761591
86,8,0.06,1,0.12500000000000006,1.0000000000000004,0.0
86,8,0.06,2,0.2232731886374701,0.8930927545498804,0.00023640491658911722
86,8,0.06,3,0.31612035179820597,0.8429876047952158,0.0002684364352493528
86,8,0.06,4,0.4145635011098538,0.8291270022197076,0.00026457073313177994
86,8,0.06,5,0.5263574225278932,0.842171876044629,0.00023109295340512044
86,8,0.06,6,0.6658592957803356,0.8878123943737809,0.0001806618981222193
86,8,0.06,7,0.8749146277969809,0.9999024317679782,0.00010325304825648306
86,8,0.07,1,0.12500000000000003,1.0000000000000002,0.0
86,8,0.07,2,0.22546173676306647,0.9018469470522659,0.00022685564436809096
86,8,0.07,3,0.32060904184638994,0.8549574449237065,0.00025779512416875775
86,8,0.07,4,0.420996128887126,0.841992257774252,0.00025368919893746115
86,8,0.07,5,0.5340325742653974,0.8544521188246358,0.00021926440815172953
86,8,0.07,6,0.6731561661333635,0.8975415548444846,0.00016846197161708438
86,8,0.07,7,0.8749281854218567,0.9999179261964076,9.501111682583819e-05
86,8,0.08,1,0.125,1.0,4.478910841871721e-19
86,8,0.08,2,0.22734523824311476,0.909380952972459,0.00021814375079169245
86,8,0.08,3,0.3245019498566569,0.8653385329510853,0.0002490512818441847
86,8,0.08,4,0.4265655091042503,0.8531310182085006,0.00024447953095067457
86,8,0.08,5,0.5405706507994555,0.8649130412791288,0.00021002639393783552
86,8,0.08,6,0.6795567046962606,0.9060756062616809,0.00015854582645956453
86,8,0.08,7,0.874953903599403,0.9999473183993176,8.85392761195099e-05
86,8,0.09,1,0.12500000000000006,1.0000000000000004,1.2149689180249726e-18
86,8,0.09,2,0.228995399376511,0.915981597506044,0.000210101020700907
86,8,0.09,3,0.3278570344544019,0.8742854252117385,0.0002402038255526427
86,8,0.09,4,0.4315364699258058,0.8630729398516116,0.00023587287797309088
86,8,0.09,5,0.5463844394002924,0.8742151030404679,0.00020115468647552252
86,8,0.09,6,0.6854726995205502,0.9139635993607336,0.0001494657757656022
86,8,0.09,7,0.874955776666786,0.9999494590477555,8.296886419642247e-05
86,8,0.1,1,0.12499999999999997,0.9999999999999998,0.0
86,8,0.1,2,0.23045894898927552,0.9218357959571021,0.0002028181955465713
86,8,0.1,3,0.3309338716682383,0.8824903244486354,0.00023250021878340398
86,8,0.1,4,0.4359039974213636,0.8718079948427272,0.00022751940501855458
86,8,0.1,5,0.5515267399094095,0.8824427838550551,0.0001933061619612757
86,8,0.1,6,0.6900852002455858,0.9201136003274476,0.00014179215763531386
86,8,0.1,7,0.8749690371350547,0.9999646138686339,7.830595511697478e-05
86,8,0.11,1,0.12499999999999994,0.9999999999999996,0.0
86,8,0.11,2,0.2318006120945821,0.9272024483783284,0.0001963461520284811
86,8,0.11,3,0.33365903764101196,0.8897574337093651,0.0002241753089362897
86,8,0.11,4,0.43986074859973984,0.8797214971994797,0.00021926382448002904
86,8,0.11,5,0.5561060931792083,0.8897697490867332,0.00018570469898387043
86,8,0.11,6,0.6941098796322557,0.9254798395096742,0.00013492651802600745
86,8,0.11,7,0.8749732562439236,0.9999694357073412,7.405441457876114e-05
86,8,0.12,1,0.12500000000000006,1.0000000000000004,6.383734993012571e-19
86,8,0.12,2,0.23297992332025586,0.9319196932810234,0.00018995129754462183
86,8,0.12,3,0.33611826915698195,0.8963153844186185,0.0002173176191766589
86,8,0.12,4,0.443397147924492,0.886794295848984,0.0002128108027937539
86,8,0.12,5,0.56023301099355,0.8963728175896802,0.0001792111888726919
86,8,0.12,6,0.6978349084527736,0.9304465446036981,0.00012940422775917896
86,8,0.12,7,0.8749450274438862,0.9999371742215843,7.059232692865856e-05
86,8,0.13,1,0.125,1.0,5.987721655977051e-19
86,8,0.13,2,0.2340770893407565,0.936308357363026,0.00018400707044469874
86,8,0.13,3,0.33841343814756514,0.9024358350601736,0.00021135440800837846
86,8,0.13,4,0.4466546028975118,0.8933092057950236,0.00020660289438313272
86,8,0.13,5,0.5640942296915872,0.9025507675065394,0.00017314209273936357
86,8,0.13,6,0.7014753795353377,0.9353005060471168,0.00012443848220705067
86,8,0.13,7,0.8749505402738662,0.9999434745987043,6.76043919499565e-05
86,8,0.14,1,0.12499999999999996,0.9999999999999997,0.0
86,8,0.14,2,0.23508625595622706,0.9403450238249083,0.00017868428499943713
86,8,0.14,3,0.3404970470341321,0.9079921254243523,0.00020469744884568989
86,8,0.14,4,0.44961797000524656,0.8992359400104931,0.00020013626990115935
86,8,0.14,5,0.5674942942340174,0.9079908707744279,0.0001678962927187843
86,8,0.14,6,0.7049378804135816,0.9399171738847755,0.00011939920892786355
86,8,0.14,7,0.8749417274240993,0.999933402770399,6.486704059642306e-05
86,8,0.15,1,0.12499999999999999,0.9999999999999999,0.0
86,8,0.15,2,0.23595691672270772,0.9438276668908309,0.00017365357942310584
86,8,0.15,3,0.3423652551295187,0.9129740136787164,0.00019921940160718082
86,8,0.15,4,0.45233426030878693,0.9046685206175739,0.00019416731556018082
86,8,0.15,5,0.5706016680319059,0.9129626688510494,0.0001630076166541762
86,8,0.15,6,0.7080561408338566,0.944074854445142,0.0001144521616613948
86,8,0.15,7,0.8749648363108242,0.9999598129266561,6.222714007323642e-05
86,8,0.16,1,0.125,1.0,0.0
86,8,0.16,2,0.23680434782449833,0.9472173912979933,0.00016877388319222017
86,8,0.16,3,0.34410401920666406,0.9176107178844374,0.00019348922083594594
86,8,0.16,4,0.45480212944389437,0.9096042588877887,0.00018875480324700116
86,8,0.16,5,0.573486350045396,0.9175781600726337,0.00015793352466663996
86,8,0.16,6,0.7108273682169144,0.9477698242892192,0.00010991919372195253
86,8,0.16,7,0.8749702233062411,0.9999659694928468,5.986754263010941e-05
86,8,0.17,1,0.12499999999999996,0.9999999999999997,4.869566351406172e-19
86,8,0.17,2,0.23761920587265467,0.9504768234906187,0.00016435361119986131
86,8,0.17,3,0.3457364108288801,0.9219637622103471,0.0001883762034161692
86,8,0.17,4,0.4570871744011283,0.9141743488022566,0.00018339399655028181
86,8,0.17,5,0.5761916400749794,0.921906624119967,0.00015320292246860838
86,8,0.17,6,0.7129041290943476,0.9505388387924635,0.00010624564446543833
86,8,0.17,7,0.8749750609171004,0.9999714981909721,5.785199357320894e-05
86,8,0.18,1,0.12499999999999994,0.9999999999999996,0.0
86,8,0.18,2,0.2383016644762169,0.9532066579048676,0.00015993479999267313
86,8,0.18,3,0.34725933470520465,0.9260248925472123,0.00018304044627214815
86,8,0.18,4,0.4592289927278336,0.9184579854556671,0.00017826041267991638
86,8,0.18,5,0.5787147720421935,0.9259436352675094,0.0001485904232679463
86,8,0.18,6,0.7147750407611445,0.9530333876815259,0.00010305535036950376
86,8,0.18,7,0.8749817458835242,0.999979138152599,5.596962834830556e-05
86,8,0.19,1,0.12500000000000003,1.0000000000000002,4.487039536684557e-19
86,8,0.19,2,0.23893230475859245,0.9557292190343698,0.00015580896215754313
86,8,0.19,3,0.3486000400489035,0.929600106797076,0.0001786677449581634
86,8,0.19,4,0.4612307136944681,0.9224614273889362,0.0001734065765236264
86,8,0.19,5,0.5810573510211873,0.9296917616338997,0.00014416765806651667
86,8,0.19,6,0.7166157890378698,0.9554877187171598,0.00010008507077508306
86,8,0.19,7,0.8749854992313568,0.9999834276929794,5.419026048616113e-05
86,8,0.2,1,0.12499999999999997,0.9999999999999997,4.32446564042787e-19
86,8,0.2,2,0.23953475327639975,0.9581390131055989,0.00015150218359906268
86,8,0.2,3,0.34988298539188334,0.9330212943783555,0.00017387177510219784
86,8,0.2,4,0.4630478546161091,0.9260957092322181,0.00016889488924987388
86,8,0.2,5,0.5830962444563825,0.9329539911302119,0.00014057273288080256
86,8,0.2,6,0.7184128607940183,0.9578838143920244,9.728893293600159e-05
86,8,0.2,7,0.8749883289878072,0.9999866617003511,5.250111769061602e-05
86,8,0.25,1,0.12499999999999997,0.9999999999999996,0.0
86,8,0.25,2,0.24201949195578035,0.9680779678231213,0.00013460161836624583
86,8,0.25,3,0.3551895452729577,0.9471721207278871,0.00015381971133182715
86,8,0.25,4,0.4705991021976592,0.9411982043953183,0.00014943509203507052
86,8,0.25,5,0.5918325336373944,0.9469320538198308,0.0001237680411028335
86,8,0.25,6,0.7267688693122689,0.969025159083025,8.496601659332636e-05
86,8,0.25,7,0.8749898221226434,0.9999883681401638,4.564352454335663e-05
86,8,0.5,1,0.12499999999999994,0.9999999999999996,0.0
86,8,0.5,2,0.247770475324153,0.991081901296612,8.494400375584276e-05
86,8,0.5,3,0.36816102629471364,0.981762736785903,9.532750501559404e-05
86,8,0.5,4,0.48861211403850296,0.9772242280770059,9.289921412821117e-05
86,8,0.5,5,0.6130268024692609,0.9808428839508172,7.771044800710334e-05
86,8,0.5,6,0.745008861473004,0.993345148630672,5.321699252264551e-05
86,8,0.5,7,0.8749920947228531,0.9999909653975466,2.8365295984282467e-05
86,8,1.0,1,0.12499999999999997,0.9999999999999996,0.0
86,8,1.0,2,0.2500082769145834,1.0000331076583333,4.44650362556084e-05
86,8,1.0,3,0.37501179318020755,1.0000314484805535,5.2627632074530875e-05
86,8,1.0,4,0.4990475861387851,0.99809517227757,4.960324832935117e-05
86,8,1.0,5,0.6249953186996932,0.9999925099195087,4.2148608549006865e-05
86,8,1.0,6,0.7500023481237182,1.0000031308316244,3.028527951713688e-05
86,8,1.0,7,0.8749968742357846,0.9999964276980395,1.601543505217555e-05
86,16,0.01,1,0.06250000000000001,1.0000000000000002,1.356320423394036e-18
86,16,0.01,2,0.09771700403358902,0.781736032268712,0.00034638933719562175
86,16,0.01,3,0.1257065588149375,0.6704349803463332,0.00039982911568868073
86,16,0.01,4,0.1517905022670111,0.6071620090680443,0.0004212954469571804
86,16,0.01,5,0.17816780445102828,0.5701369742432905,0.00043366306050941387
86,16,0.01,6,0.20599519655746815,0.5493205241532484,0.0004416359976237427
86,16,0.01,7,0.23630110185818834,0.5401168042472876,0.0004493067592404475
86,16,0.01,8,0.2702297758389933,0.5404595516779865,0.0004554618604285243
86,16,0.01,9,0.30915735275279377,0.5496130715605222,0.000461464833092252
86,16,0.01,10,0.3545083390993815,0.5672133425590103,0.0004640646273257954
86,16,0.01,11,0.40859869661548176,0.594325376895246,0.0004630893039291038
86,16,0.01,12,0.47492222196681183,0.6332296292890823,0.0004540419577245661
86,16,0.01,13,0.558129398374469,0.6869284903070387,0.0004330045534118737
86,16,0.01,14,0.6704696965960683,0.766251081824078,0.00034081005456560083
86,16,0.01,15,0.9374502892123745,0.9999469751598661,0.0001415408978871914
86,16,0.02,1,0.06249999999999999,0.9999999999999999,4.609716471666005e-19
86,16,0.02,2,0.1014835346766904,0.8118682774135232,0.0003222532860498782
86,16,0.02,3,0.13366643678382403,0.7128876628470615,0.00037571863692145144
86,16,0.02,4,0.16400013713919231,0.6560005485567693,0.0003957544565511996
86,16,0.02,5,0.1947276340234075,0.623128428874904,0.0004076915823171002
86,16,0.02,6,0.22704757109559429,0.6054601895882514,0.0004138728088163249
86,16,0.02,7,0.261937717753762,0.5987147834371702,0.00041815272922220674
86,16,0.02,8,0.3004684573977018,0.6009369147954036,0.0004202076185231157
86,16,0.02,9,0.34402005232374017,0.6115912041310937,0.0004204099940374067
86,16,0.02,10,0.3937624201467645,0.6300198722348233,0.0004167984445660767
86,16,0.02,11,0.451724599693231,0.6570539631901542,0.0004066612662299203
86,16,0.02,12,0.5210892156645393,0.6947856208860523,0.00038737295820704467
86,16,0.02,13,0.6045695172006105,0.7440855596315207,0.00036424806207386283
86,16,0.02,14,0.7105660955672257,0.8120755377911151,0.00026178614228969
86,16,0.02,15,0.9374574185765049,0.9999545798149386,9.948495120542927e-05
86,16,0.03,1,0.06250000000000001,1.0000000000000002,6.2644864871358535e-19
86,16,0.03,2,0.10408555643123824,0.8326844514499059,0.0003058558379651906
86,16,0.03,3,0.1392686427429676,0.7427660946291605,0.00035906449491752225
86,16,0.03,4,0.17273081056024267,0.6909232422409707,0.000378482729568815
86,16,0.03,5,0.20658226944400726,0.6610632622208232,0.00038901655750240877
86,16,0.03,6,0.2420486973912728,0.6454631930433942,0.0003935448130423597
86,16,0.03,7,0.2801201594278061,0.6402746501206996,0.00039543357526522385
86,16,0.03,8,0.3217904336804184,0.6435808673608368,0.00039482215964163186
86,16,0.03,9,0.3683339024464804,0.6548158265715207,0.0003915640632397211
86,16,0.03,10,0.4207847126542932,0.6732555402468691,0.00038396542492807125
86,16,0.03,11,0.48079750898776474,0.6993418312549304,0.0003689320700339697
86,16,0.03,12,0.5514799820171838,0.7353066426895786,0.0003422337000971163
86,16,0.03,13,0.6347575579916422,0.781240071374329,0.0003212161378190948
86,16,0.03,14,0.7345858220103086,0.8395266537260669,0.0002211803596823441
86,16,0.03,15,0.937470163997945,0.9999681749311415,8.07799932664797e-05
86,16,0.04,1,0.06249999999999997,0.9999999999999996,1.4361039777113325e-18
86,16,0.04,2,0.10613580563474342,0.8490864450779474,0.00029198458508726825
86,16,0.04,3,0.14366898188449895,0.7662345700506612,0.00034550604649169177
86,16,0.04,4,0.1795679766880335,0.718271906752134,0.00036562530888384007
86,16,0.04,5,0.21588736172466885,0.6908395575189403,0.0003746880415123254
86,16,0.04,6,0.25380621591312036,0.6768165757683211,0.0003781600760094908
86,16,0.04,7,0.2943051670857015,0.6726975247673177,0.00037825905233877354
86,16,0.04,8,0.33827374842157054,0.6765474968431411,0.0003753075889450742
86,16,0.04,9,0.38693422393748594,0.6878830647777529,0.00036916084360985287
86,16,0.04,10,0.4412673698037301,0.7060277916859683,0.0003592111433702043
86,16,0.04,11,0.5025445320657164,0.7309738648228601,0.00034152057695274724
86,16,0.04,12,0.5737594445833858,0.7650125927778478,0.00030948960829686387
86,16,0.04,13,0.6568100936165662,0.8083816536819276,0.00028973769200580306
86,16,0.04,14,0.7516090603356289,0.8589817832407186,0.00019669011724239194
86,16,0.04,15,0.9374452424818757,0.9999415919806673,6.983487616659209e-05
86,16,0.05,1,0.0625,1.0,7.801058644357856e-19
86,16,0.05,2,0.10780491644531201,0.8624393315624961,0.00028031663697936223
86,16,0.05,3,0.1472777598808854,0.7854813860313887,0.000333131166500403
86,16,0.05,4,0.1851936073687098,0.7407744294748392,0.000353122989265046
86,16,0.05,5,0.22356217389096886,0.7153989564511004,0.0003619616418423866
86,16,0.05,6,0.2634851963645898,0.7026271903055727,0.00036426690742321824
86,16,0.05,7,0.30593389250884095,0.6992774685916365,0.0003628409493622342
86,16,0.05,8,0.3517313379220613,0.7034626758441226,0.0003582342727484505
86,16,0.05,9,0.40203146527199446,0.7147226049279901,0.00034968708349093086
86,16,0.05,10,0.45777663386722284,0.7324426141875566,0.0003378033113841379
86,16,0.05,11,0.5199088782257965,0.7562310956011586,0.00031947629639030625
86,16,0.05,12,0.5912333277101042,0.7883111036134722,0.0002832503935866122
86,16,0.05,13,0.6740879580932315,0.8296467176532081,0.000263857011692899
86,16,0.05,14,0.7647061562205887,0.8739498928235298,0.00017857975323134185
86,16,0.05,15,0.9374342390955572,0.999929855035261,6.222260751183113e-05
86,16,0.06,1,0.0625,1.0,6.619080061879395e-19
86,16,0.06,2,0.10922989975730805,0.8738391980584644,0.00026915192961676483
86,16,0.06,3,0.15035402747879528,0.8018881465535749,0.0003220007079498109
86,16,0.06,4,0.18998685803582907,0.7599474321433163,0.0003419502892289162
86,16,0.06,5,0.23008702566945244,0.7362784821422478,0.0003498601712245713
86,16,0.06,6,0.2717320993584767,0.7246189316226046,0.0003511856432361608
86,16,0.06,7,0.3157840293010568,0.7217920669738441,0.0003483308748322841
86,16,0.06,8,0.363121655023714,0.726243310047428,0.0003423566698429584
86,16,0.06,9,0.4147458337166071,0.7373259266073015,0.00033224491562169553
86,16,0.06,10,0.4715920954786604,0.7545473527658566,0.00031882761020202063
86,16,0.06,11,0.5342940626665517,0.7771550002422569,0.000299963654731876
86,16,0.06,12,0.6054830020376903,0.8073106693835872,0.00026140267680055276
86,16,0.06,13,0.6880221179685121,0.8467964528843226,0.00024142792601272877
86,16,0.06,14,0.7752881798708005,0.8860436341380576,0.0001642558941545295
86,16,0.06,15,0.9374376462531038,0.999933489336644,5.635913884117025e-05
86,16,0.07,1,0.0625,1.0,0.0
86,16,0.07,2,0.11046365009777839,0.8837092007822271,0.00025970003338434626
86,16,0.07,3,0.15306429973949184,0.8163429319439566,0.00031138243479008026
86,16,0.07,4,0.19419224036514335,0.7767689614605734,0.0003309731099179653
86,16,0.07,5,0.23580804984235057,0.7545857594955218,0.0003387293048021436
86,16,0.07,6,0.27892613342904166,0.7438030224774443,0.00033925976615649037
86,16,0.07,7,0.3243757032283651,0.7414301788076917,0.0003356864670979707
86,16,0.07,8,0.37297005792014504,0.7459401158402901,0.00032871471475079807
86,16,0.07,9,0.42566971954334754,0.7567461680770622,0.0003170712916992197
86,16,0.07,10,0.48335948857962374,0.7733751817273978,0.00030236593606494146
86,16,0.07,11,0.5464907811335893,0.794895681648857,0.00028377600979935416
86,16,0.07,12,0.617351890601507,0.8231358541353426,0.00024384269526012185
86,16,0.07,13,0.699562755831476,0.8610003148695087,0.00022284961056900107
86,16,0.07,14,0.7840835263968029,0.8960954587392032,0.00015269341190306347
86,16,0.07,15,0.9374299705738247,0.9999253019454131,5.1923012848937284e-05
86,16,0.08,1,0.06250000000000003,1.0000000000000004,5.141606833781312e-19
86,16,0.08,2,0.11151968466017946,0.8921574772814357,0.0002509089906346288
86,16,0.08,3,0.15541335140617935,0.8288712074996233,0.00030231808315999917
86,16,0.08,4,0.19788299532568274,0.791531981302731,0.00032197393356028493
86,16,0.08,5,0.24083582188928934,0.7706746300457259,0.0003291437287764361
86,16,0.08,6,0.2852559627408159,0.7606825673088424,0.0003292049491289945
86,16,0.08,7,0.3319259974613509,0.7586879941973734,0.000325114128345514
86,16,0.08,8,0.3816215403761374,0.7632430807522748,0.00031719425491657025
86,16,0.08,9,0.43524246657291554,0.7737643850185165,0.0003043379056367407
86,16,0.08,10,0.49364929010338465,0.7898388641654154,0.0002883726340319213
86,16,0.08,11,0.5571212604208053,0.8103581969757169,0.0002702936960643332
86,16,0.08,12,0.6276141275165948,0.8368188366887933,0.00022940910547990852
86,16,0.08,13,0.7093034793926768,0.8729888977140638,0.00020718617686586128
86,16,0.08,14,0.7916449141604234,0.9047370447547696,0.0001430894237530261
86,16,0.08,15,0.9374572442898658,0.9999543939091902,4.8321798244212626e-05
86,16,0.09,1,0.06250000000000003,1.0000000000000004,1.394734727324586e-18
86,16,0.09,2,0.11246793650531006,0.8997434920424805,0.00024253341035785112
86,16,0.09,3,0.15748485236810542,0.8399192126298956,0.000293378638419001
86,16,0.09,4,0.20116470671066244,0.8046588268426498,0.0003127174764651343
86,16,0.09,5,0.245295608985031,0.7849459487520993,0.0003195649024922831
86,16,0.09,6,0.2908556882898779,0.7756151687730076,0.00031921938754444844
86,16,0.09,7,0.3385825800237355,0.7739030400542526,0.0003145456699751463
86,16,0.09,8,0.38921938182183535,0.7784387636436707,0.00030618111778161605
86,16,0.09,9,0.44359594070671526,0.7886150057008272,0.0002924426596623248
86,16,0.09,10,0.5026254085501587,0.804200653680254,0.00027572314942173526
86,16,0.09,11,0.5662927534923857,0.8236985505343792,0.0002578650402919057
86,16,0.09,12,0.6363799607132377,0.8485066142843168,0.00021728463884354037
86,16,0.09,13,0.7176641346230507,0.8832789349206779,0.0001939805069680856
86,16,0.09,14,0.7980989255116334,0.912113057727581,0.00013484738971378268
86,16,0.09,15,0.9374639405953837,0.999961536635076,4.540962275517503e-05
86,16,0.1,1,0.06249999999999999,0.9999999999999999,8.510245793844933e-19
86,16,0.1,2,0.1132996591687574,0.9063972733500592,0.0002349898787616821
86,16,0.1,3,0.15936667544422162,0.8499556023691819,0.0002847896292144028
86,16,0.1,4,0.2041232930658126,0.8164931722632504,0.00030389162102027116
86,16,0.1,5,0.24931438668636666,0.7978060373963732,0.0003105408733955626
86,16,0.1,6,0.29588922618721164,0.7890379364992309,0.00030980458902589707
86,16,0.1,7,0.34455038803520394,0.7875437440804661,0.0003049258846420236
86,16,0.1,8,0.3960208647152888,0.7920417294305776,0.0002959882906103878
86,16,0.1,9,0.4510504358271112,0.8018674414704199,0.0002816161591887207
86,16,0.1,10,0.5105405563254616,0.8168648901207385,0.00026415759652271723
86,16,0.1,11,0.5744340365742928,0.835540416835335,0.00024683177898119203
86,16,0.1,12,0.6441213249939015,0.8588284333252021,0.00020655657815972476
86,16,0.1,13,0.72497937245985,0.8922823045659692,0.0001824095529960732
86,16,0.1,14,0.8037576275422413,0.9185801457625614,0.00012750595978556787
86,16,0.1,15,0.9374789391636239,0.9999775351078655,4.292226154240235e-05
86,16,0.11,1,0.06250000000000001,1.0000000000000002,0.0
86,16,0.11,2,0.11405039772575663,0.9124031818060531,0.00022814389552313252
86,16,0.11,3,0.16105167977964532,0.8589422921581084,0.00027636852623271315
86,16,0.11,4,0.20678481695332582,0.8271392678133033,0.00029507424295746013
86,16,0.11,5,0.2529288536940892,0.8093723318210854,0.0003012994145402981
86,16,0.11,6,0.30040767457966633,0.8010871322124434,0.0003001475873603295
86,16,0.11,7,0.34990916081293566,0.7997923675724243,0.0002949182151330277
86,16,0.11,8,0.4020881628744297,0.8041763257488594,0.0002856583141915283
86,16,0.11,9,0.4576855092939332,0.813663127633659,0.0002706810452090913
86,16,0.11,10,0.5176379493595582,0.828220718975293,0.000252686515720949
86,16,0.11,11,0.5816328967383593,0.8460114861648862,0.00023613522356788567
86,16,0.11,12,0.6509320030153484,0.8679093373537978,0.00019629445740177424
86,16,0.11,13,0.7312482341502698,0.8999978266464861,0.00017161947600575136
86,16,0.11,14,0.8086888887211663,0.9242158728241899,0.00012081687337167597
86,16,0.11,15,0.9374770046486879,0.9999754716252667,4.067344603585849e-05
86,16,0.12,1,0.06250000000000001,1.0000000000000002,7.32826721136647e-19
86,16,0.12,2,0.11473407981209521,0.9178726384967617,0.00022131373965642264
86,16,0.12,3,0.16257721409084158,0.8670784751511551,0.0002689542304904483
86,16,0.12,4,0.20918429640031855,0.8367371856012742,0.0002874911961664587
86,16,0.12,5,0.2561930498717082,0.8198177595894663,0.00029348001958934245
86,16,0.12,6,0.3044681394976418,0.8119150386603781,0.00029224989103613915
86,16,0.12,7,0.35473518235780965,0.8108232739607079,0.00028680270369231217
86,16,0.12,8,0.40753396541789094,0.8150679308357819,0.00027710388250708987
86,16,0.12,9,0.46359957452837236,0.8241770213837731,0.0002616902187881092
86,16,0.12,10,0.5238347051134918,0.838135528181587,0.0002432425325927693
86,16,0.12,11,0.587994555574584,0.8552648081084859,0.0002269582937032355
86,16,0.12,12,0.6569381286246685,0.8759175048328913,0.00018808245985491435
86,16,0.12,13,0.7367257502374375,0.9067393849076152,0.00016261254048087904
86,16,0.12,14,0.813072283162206,0.9292254664710926,0.00011519708580753232
86,16,0.12,15,0.9374616029271454,0.9999590431222883,3.8797289010502773e-05
86,16,0.13,1,0.06250000000000003,1.0000000000000004,0.0
86,16,0.13,2,0.11535192535352598,0.9228154028282078,0.0002147800640880031
86,16,0.13,3,0.1639976785441211,0.8746542855686457,0.00026206905733531735
86,16,0.13,4,0.21141521783793493,0.8456608713517397,0.00028057705458356684
86,16,0.13,5,0.25920544397158657,0.8294574207090769,0.0002865023826968865
86,16,0.13,6,0.3082447868276141,0.8219860982069709,0.0002852752103026286
86,16,0.13,7,0.3591585109902316,0.8209337394062436,0.00027935058208481485
86,16,0.13,8,0.41256780346104227,0.8251356069220845,0.0002694193021127806
86,16,0.13,9,0.46907477659486124,0.8339107139464199,0.00025362269581509766
86,16,0.13,10,0.5296399517519179,0.8474239228030686,0.00023469686610937113
86,16,0.13,11,0.593793111588986,0.8636990714021615,0.00021860275518772174
86,16,0.13,12,0.6624282088155189,0.883237611754025,0.00018074382301849496
86,16,0.13,13,0.7414355323239542,0.9125360397833282,0.00015452822541011182
86,16,0.13,14,0.8170527129178078,0.9337745290489231,0.00011018435959315151
86,16,0.13,15,0.9374673195427219,0.9999651408455701,3.7165633067661675e-05
86,16,0.14,1,0.0625,1.0,6.483996795310423e-19
86,16,0.14,2,0.11591045012559771,0.9272836010047817,0.0002089602271111182
86,16,0.14,3,0.16527454872313904,0.8814642598567414,0.00025550837269093307
86,16,0.14,4,0.2134381226538547,0.8537524906154188,0.0002737569718807601
86,16,0.14,5,0.2619464391883858,0.8382286054028344,0.0002796933027480132
86,16,0.14,6,0.31165573604480407,0.8310819627861441,0.000277960382930218
86,16,0.14,7,0.36320056404535456,0.8301727178179533,0.00027217032826648194
86,16,0.14,8,0.4170948478537672,0.8341896957075344,0.0002618117425726537
86,16,0.14,9,0.4739869920097236,0.8426435413506197,0.0002460666116665815
86,16,0.14,10,0.5347948050426597,0.8556716880682556,0.00022687417870766367
86,16,0.14,11,0.5990189320509511,0.8713002648013833,0.00021121713728611778
86,16,0.14,12,0.6673433766996814,0.8897911689329083,0.00017391870076584158
86,16,0.14,13,0.7457735886160104,0.9178751859889358,0.00014779074366144917
86,16,0.14,14,0.8205979058618973,0.9378261781278826,0.0001054912503909503
86,16,0.14,15,0.9374583722962911,0.999955597116044,3.572716260121086e-05
86,16,0.15,1,0.06249999999999998,0.9999999999999997,1.2292577257776017e-18
86,16,0.15,2,0.11643039503110619,0.9314431602488495,0.00020344076532609397
86,16,0.15,3,0.16645913698050688,0.8877820638960366,0.00024935339225630503
86,16,0.15,4,0.2153202667482315,0.861281066992926,0.000267259439169704
86,16,0.15,5,0.26450870909265123,0.8464278690964838,0.0002728035570968401
86,16,0.15,6,0.31487048518219224,0.8396546271525126,0.00027078737224569253
86,16,0.15,7,0.3669535803436718,0.8387510407855355,0.00026461530347890905
86,16,0.15,8,0.42134206471925945,0.8426841294385189,0.0002544276653868255
86,16,0.15,9,0.47856476592141917,0.850781806082523,0.00023824408994293765
86,16,0.15,10,0.5395663521110242,0.8633061633776387,0.00021904728621775923
86,16,0.15,11,0.6039427601931452,0.8784621966445749,0.0002040493777406236
86,16,0.15,12,0.6719046665287463,0.8958728887049949,0.00016698686586193886
86,16,0.15,13,0.7498735462598939,0.9229212877044849,0.00014128733974619331
86,16,0.15,14,0.8238462089509558,0.941538524515378,0.00010060630955112191
86,16,0.15,15,0.9374694272898293,0.9999673891091513,3.4296882372007496e-05
86,16,0.16,1,0.06250000000000003,1.0000000000000004,1.1701587966536781e-18
86,16,0.16,2,0.11690862144623189,0.9352689715698551,0.00019796479961945126
86,16,0.16,3,0.1675547150562524,0.8936251469666795,0.00024292447927421905
86,16,0.16,4,0.21704343584665828,0.8681737433866331,0.00026062648059908095
86,16,0.16,5,0.26684526999041425,0.8539048639693256,0.0002659485554709786
86,16,0.16,6,0.31778400174622506,0.8474240046566002,0.00026385671178849205
86,16,0.16,7,0.37039990771854725,0.8466283604995365,0.0002578354915060657
86,16,0.16,8,0.4251996061104128,0.8503992122208256,0.00024743016280042443
86,16,0.16,9,0.4827353660241588,0.8581962062651712,0.00023114058868636562
86,16,0.16,10,0.5439270242434467,0.8702832387895149,0.00021205479430900284
86,16,0.16,11,0.6082612085192589,0.8847435760280129,0.0001967623840490531
86,16,0.16,12,0.6759787908483839,0.9013050544645118,0.00016119971769957135
86,16,0.16,13,0.7536515726691786,0.9275711663620658,0.00013552254829814122
86,16,0.16,14,0.8267726715598864,0.9448830532112986,9.617778707002643e-05
86,16,0.16,15,0.9374746904322584,0.9999730031277424,3.304566342481305e-05
86,16,0.17,1,0.06249999999999997,0.9999999999999996,0.0
86,16,0.17,2,0.11734179585529021,0.9387343668423217,0.00019300424895196553
86,16,0.17,3,0.16855289500148182,0.8989487733412365,0.00023726225995071137
86,16,0.17,4,0.2186391016898303,0.8745564067593212,0.0002545618141808939
86,16,0.17,5,0.26900820719439594,0.8608262630220671,0.0002600574794510616
86,16,0.17,6,0.3204914024380369,0.8546437398347652,0.00025792220900460697
86,16,0.17,7,0.3735930812891214,0.8539270429465632,0.00025186445260437165
86,16,0.17,8,0.42877205269895075,0.8575441053979015,0.0002412200842487811
86,16,0.17,9,0.4865812393410372,0.865033314384066,0.0002249451170260226
86,16,0.17,10,0.5480059257941976,0.8768094812707161,0.00020548547047185412
86,16,0.17,11,0.612255900117476,0.8905540365345106,0.00019015806486688674
86,16,0.17,12,0.6797672054414786,0.9063562739219717,0.00015595208586653415
86,16,0.17,13,0.7570135563476234,0.9317089924278441,0.00013013712726899957
86,16,0.17,14,0.8294444840889051,0.9479365532444632,9.213791182239633e-05
86,16,0.17,15,0.9374873479822549,0.9999865045144052,3.1929988702340646e-05
86,16,0.18,1,0.062499999999999965,0.9999999999999994,5.3583029072357e-19
86,16,0.18,2,0.11775294604280563,0.942023568342445,0.00018810191943259333
86,16,0.18,3,0.16948765061624815,0.9039341366199901,0.00023163169302831748
86,16,0.18,4,0.22011432914912676,0.8804573165965071,0.00024870223756945267
86,16,0.18,5,0.2710365977976828,0.8673171129525848,0.00025429160170459313
86,16,0.18,6,0.32301989676426895,0.861386391371384,0.0002521288479380168
86,16,0.18,7,0.3765486996429868,0.8606827420411126,0.00024598521626156226
86,16,0.18,8,0.4321067486534566,0.8642134973069132,0.00023546998058760304
86,16,0.18,9,0.4901752046208048,0.8714225859925419,0.00021894570311915658
86,16,0.18,10,0.5517258448924397,0.8827613518279034,0.00019963396712774082
86,16,0.18,11,0.6159895576563016,0.8959848111364387,0.00018458723273351407
86,16,0.18,12,0.6832741082264276,0.9110321443019036,0.00015111472050329013
86,16,0.18,13,0.7601899676083647,0.9356184216718332,0.00012536551788281893
86,16,0.18,14,0.8318681556059836,0.9507064635496956,8.849452332954139e-05
86,16,0.18,15,0.9374956350123826,0.9999953440132081,3.09347175424712e-05
86,16,0.19,1,0.0625,1.0,1.0301876487285972e-18
86,16,0.19,2,0.11812234003917362,0.9449787203133889,0.00018338732411310154
86,16,0.19,3,0.17035406077360485,0.9085549907925593,0.00022644155378235734
86,16,0.19,4,0.2215135965040468,0.8860543860161872,0.00024341491411722385
86,16,0.19,5,0.2729102324856757,0.8733127439541624,0.00024881451461620185
86,16,0.19,6,0.32534754161366397,0.8675934443031039,0.0002464558216167113
86,16,0.19,7,0.379297308404842,0.8669652763539247,0.00024034958403009593
86,16,0.19,8,0.4351960080335291,0.8703920160670582,0.0002298147165212927
86,16,0.19,9,0.4934993884180742,0.8773322460765764,0.0002130323841064365
86,16,0.19,10,0.5551547521391236,0.8882476034225978,0.00019409762007158632
86,16,0.19,11,0.6194489798269072,0.9010166979300468,0.00017941470797529208
86,16,0.19,12,0.6865139199858084,0.9153518933144112,0.00014638531314033602
86,16,0.19,13,0.7629142435775318,0.9389713767108085,0.00012070646247019677
86,16,0.19,14,0.8340709721265054,0.9532239681445777,8.514517137682273e-05
86,16,0.19,15,0.9374977793232305,0.9999976312781127,2.9973854421147863e-05
86,16,0.2,1,0.06249999999999994,0.9999999999999989,1.4892930139228632e-18
86,16,0.2,2,0.1184698156762056,0.9477585254096447,0.00017840298707105708
86,16,0.2,3,0.1711683370347883,0.9128977975188708,0.00022091766457726128
86,16,0.2,4,0.2227975238152019,0.8911900952608075,0.00023776497484022757
86,16,0.2,5,0.2746795627465257,0.8789746007888822,0.0002433982326296466
86,16,0.2,6,0.3275565024825143,0.8734840066200379,0.00024097552516064302
86,16,0.2,7,0.3818979153178008,0.8729095207264018,0.0002349261632918809
86,16,0.2,8,0.4380505302865591,0.8761010605731181,0.00022394055672750486
86,16,0.2,9,0.49657652783224565,0.8828027161462145,0.00020750413339524552
86,16,0.2,10,0.5583496791619561,0.8933594866591296,0.00018871752940867508
86,16,0.2,11,0.6226107673676679,0.9056156616256986,0.00017398706616989035
86,16,0.2,12,0.6895104033655354,0.9193472044873805,0.000141736949143209
86,16,0.2,13,0.7652951398875312,0.9419017106308074,0.00011615492757748662
86,16,0.2,14,0.8360941436563059,0.9555361641786353,8.200904739582699e-05
86,16,0.2,15,0.937500685770146,1.0000007314881556,2.9039289805453447e-05
86,16,0.25,1,0.06250000000000001,1.0,8.510245793844934e-19
86,16,0.25,2,0.11987810280282524,0.9590248224226018,0.00015902690633089935
86,16,0.25,3,0.1744880207098302,0.9306027771190943,0.00019871149694793895
86,16,0.25,4,0.22813143259269053,0.9125257303707619,0.00021391845662264706
86,16,0.25,5,0.28191736729520844,0.9021355753446668,0.00021917428513101782
86,16,0.25,6,0.33655540355266034,0.8974810761404274,0.00021676286085033937
86,16,0.25,7,0.39241367914092756,0.89694555232212,0.00021054359941794594
86,16,0.25,8,0.4498004553648319,0.8996009107296635,0.00019979420888854924
86,16,0.25,9,0.5091924166510828,0.9052309629352584,0.0001836318567718344
86,16,0.25,10,0.5714233816760995,0.914277410681759,0.00016583621116019378
86,16,0.25,11,0.6353725564161469,0.9241782638780317,0.0001521230678536864
86,16,0.25,12,0.701579189906915,0.9354389198758867,0.0001230073398646522
86,16,0.25,13,0.7748727820763264,0.9536895779400939,9.980235014617142e-05
86,16,0.25,14,0.8441980394395794,0.9647977593595193,7.026558832952554e-05
86,16,0.25,15,0.9375006029104298,1.0000006431044584,2.5384718494006932e-05
86,16,0.5,1,0.0625,1.0,1.1346994391793244e-18
86,16,0.5,2,0.1230795741161808,0.9846365929294464,9.947730312953515e-05
86,16,0.5,3,0.18225653403406586,0.9720348481816845,0.00012799843376177437
86,16,0.5,4,0.24091353148546532,0.9636541259418613,0.00014111063520140947
86,16,0.5,5,0.2994085048244529,0.9581072154382493,0.00014370950035553123
86,16,0.5,6,0.3582769173641834,0.9554051129711556,0.00014190775550902612
86,16,0.5,7,0.41772162387446454,0.9547922831416333,0.00013653740343952628
86,16,0.5,8,0.47798701215233247,0.9559740243046649,0.0001277988489842559
86,16,0.5,9,0.5393403840411161,0.9588273494064286,0.00011702413294180115
86,16,0.5,10,0.6017523893535986,0.9628038229657577,0.00010701442495383327
86,16,0.5,11,0.664781490079304,0.9669548946608058,9.432120835010844e-05
86,16,0.5,12,0.7296978862236493,0.9729305149648657,7.582498601561269e-05
86,16,0.5,13,0.7970302812487279,0.9809603461522802,6.0897215818242675e-05
86,16,0.5,14,0.8630764828352033,0.9863731232402325,4.2844257193379026e-05
86,16,0.5,15,0.937496105478495,0.999995845843728,1.6320220101235943e-05
86,16,1.0,1,0.06250000000000001,1.0,8.510245793844934e-19
86,16,1.0,2,0.12458892395585129,0.9967113916468101,5.013555608453417e-05
86,16,1.0,3,0.18608383409360707,0.9924471151659043,6.877424903926705e-05
86,16,1.0,4,0.24732102757205654,0.9892841102882259,7.71165581151037e-05
86,16,1.0,5,0.3085667576244614,0.9874136243982762,8.098506511247772e-05
86,16,1.0,6,0.3697797725522919,0.9860793934727783,8.037308453823154e-05
86,16,1.0,7,0.4312976927750077,0.9858232977714462,7.835581055219632e-05
86,16,1.0,8,0.4931191533053764,0.9862383066107527,7.358575734238076e-05
86,16,1.0,9,0.555115094141928,0.9868712784745386,6.665075245205422e-05
86,16,1.0,10,0.6173360985402864,0.9877377576644579,5.908418721270719e-05
86,16,1.0,11,0.6802595050739738,0.9894683710166893,5.098633875563846e-05
86,16,1.0,12,0.7443024136309667,0.9924032181746222,4.221516944635073e-05
86,16,1.0,13,0.8083978741701686,0.9949512297478997,3.294588494609087e-05
86,16,1.0,14,0.8730006495057755,0.9977150280066005,2.160296767200941e-05
86,16,1.0,15,0.9375037688899569,1.0000040201492872,9.753059615014535e-06
86,32,0.01,1,0.03125000000000001,1.0000000000000002,1.4482488076462984e-18
86,32,0.01,2,0.048094665825971085,0.7695146532155372,0.00035878674686009866
86,32,0.01,3,0.0605360389003989,0.6457177482709215,0.00041269060456682505
86,32,0.01,4,0.07120213242475978,0.5696170593980782,0.00043169176869403345
86,32,0.01,5,0.08109439880541316,0.5190041523546441,0.00044044929792861747
86,32,0.01,6,0.09062609307564942,0.4833391630701302,0.0004442578006241069
86,32,0.01,7,0.10006629121645919,0.45744590270381336,0.00044765469510101306
86,32,0.01,8,0.10963557667676753,0.43854230670707006,0.00045015853598164647
86,32,0.01,9,0.11951919944227986,0.4249571535725505,0.0004540011105540323
86,32,0.01,10,0.12971960710755234,0.4151027427441675,0.00045704268072565294
86,32,0.01,11,0.14040042319194104,0.40843759474019203,0.000461420530211497
86,32,0.01,12,0.1516395231691916,0.4043720617845109,0.0004663184932725635
86,32,0.01,13,0.1635540575433131,0.40259460318353996,0.0004715671769626942
86,32,0.01,14,0.17627655562354183,0.40291784142523845,0.00047755984156912213
86,32,0.01,15,0.18991800409025186,0.4051584087258706,0.00048419805539004084
86,32,0.01,16,0.2045541978751859,0.4091083957503717,0.0004910039992383062
86,32,0.01,17,0.2204229070486621,0.41491370738571687,0.0004985856121910376
86,32,0.01,18,0.23764365647474933,0.4224776115106654,0.0005062728022463798
86,32,0.01,19,0.2565724541890568,0.432122028107885,0.0005143388186286828
86,32,0.01,20,0.2774480838197833,0.44391693411165317,0.0005222435247714031
86,32,0.01,21,0.30054802911422046,0.45797794912643114,0.0005299236866915765
86,32,0.01,22,0.3263724872023519,0.47472361774887545,0.0005367619073648821
86,32,0.01,23,0.35541540461668725,0.4944909977275647,0.0005426357489736038
86,32,0.01,24,0.38831890746838604,0.5177585432911814,0.0005460958479962513
86,32,0.01,25,0.4260949772979262,0.5454015709413454,0.0005465747966076381
86,32,0.01,26,0.4698718313255639,0.5783037924006941,0.0005426250631299474
86,32,0.01,27,0.5212435596430566,0.6177701447621412,0.0005291062849798014
86,32,0.01,28,0.5823733616215594,0.665569556138925,0.0005048028621587808
86,32,0.01,29,0.658319209100651,0.7264211962489943,0.0004581686708252646
86,32,0.01,30,0.7474110531712383,0.7972384567159876,0.0003616260210781788
86,32,0.01,31,0.9686857362951009,0.9999336632723622,7.351399963006099e-05
86,32,0.02,1,0.031249999999999997,0.9999999999999999,9.84430562060229e-19
86,32,0.02,2,0.050037953513714636,0.8006072562194342,0.000335600361129628
86,32,0.02,3,0.06463838671114078,0.689476124918835,0.00039233050232008394
86,32,0.02,4,0.07748417108295959,0.6198733686636767,0.0004126530279057487
86,32,0.02,5,0.08957865113117827,0.573303367239541,0.00042400504931032105
86,32,0.02,6,0.10136436774404303,0.5406099613015628,0.00042958068412263055
86,32,0.02,7,0.11309018635945982,0.5169837090718163,0.0004337585557351722
86,32,0.02,8,0.12496359367051721,0.49985437468206884,0.0004369796339544735
86,32,0.02,9,0.1372296858505098,0.48792777191292375,0.0004407831139499812
86,32,0.02,10,0.14985141407850014,0.47952452505120047,0.00044412697191137135
86,32,0.02,11,0.1630164963099833,0.4742298074472241,0.0004478443441021933
86,32,0.02,12,0.17682998109390213,0.47154661625040567,0.00045161885686660993
86,32,0.02,13,0.19139255720772094,0.47112014081900544,0.00045564867598287575
86,32,0.02,14,0.2068395000498299,0.47277600011389687,0.0004591813039739668
86,32,0.02,15,0.22330348894651492,0.4763807764192319,0.00046336769191592783
86,32,0.02,16,0.24078720431320436,0.4815744086264087,0.00046685331211939363
86,32,0.02,17,0.2596094556102981,0.488676622325267,0.0004707815850273911
86,32,0.02,18,0.2799068122237717,0.4976121106200386,0.0004744005736505996
86,32,0.02,19,0.3019245043879947,0.5085044284429384,0.0004774568139584842
86,32,0.02,20,0.3258549423911809,0.5213679078258895,0.0004796134955558085
86,32,0.02,21,0.3520591602877908,0.5364711013909194,0.00048091940104020854
86,32,0.02,22,0.38091300140218287,0.5540552747668115,0.00048076434444717814
86,32,0.02,23,0.41280635468077825,0.5743392760776046,0.000478717264249362
86,32,0.02,24,0.44829432677062686,0.5977257690275025,0.0004732326463256812
86,32,0.02,25,0.48814881747165184,0.6248304863637143,0.00046398079168736417
86,32,0.02,26,0.5332595203100534,0.6563194096123735,0.00045007291356335293
86,32,0.02,27,0.5847541531980708,0.6930419593458618,0.00042548318492987333
86,32,0.02,28,0.6439040128608162,0.7358903004123614,0.00039580783632410174
86,32,0.02,29,0.7155679885215283,0.789592263196169,0.0003375684759295914
86,32,0.02,30,0.7925781000429108,0.8454166400457717,0.00026738454287400125
86,32,0.02,31,0.9687036054400044,0.9999521088412948,5.173064634411317e-05
86,32,0.03,1,0.03125000000000002,1.0000000000000007,1.3378158920305683e-18
86,32,0.03,2,0.05139380222221397,0.8223008355554235,0.0003196270698202395
86,32,0.03,3,0.06758435066621271,0.7208997404396025,0.000377210889627651
86,32,0.03,4,0.08206848072288082,0.6565478457830466,0.0003988257936711387
86,32,0.03,5,0.09580039639538737,0.6131225369304792,0.0004110481975924536
86,32,0.03,6,0.10924179112284292,0.5826228859884957,0.00041736082873752574
86,32,0.03,7,0.12266170173156535,0.5607392079157273,0.00042192398142273105
86,32,0.03,8,0.1362569194374087,0.5450276777496348,0.0004256228171346378
86,32,0.03,9,0.15027559029999246,0.5343132099555287,0.0004296926745509767
86,32,0.03,10,0.16468005816209505,0.5269761861187041,0.0004324952412441414
86,32,0.03,11,0.1796441280851962,0.5226010998842071,0.0004352929774939651
86,32,0.03,12,0.19528688024962657,0.5207650139990042,0.00043775988289476817
86,32,0.03,13,0.21172628487643952,0.521172393542005,0.000440169459167379
86,32,0.03,14,0.22905433818651727,0.5235527729977537,0.0004417448305031752
86,32,0.03,15,0.24743203448450093,0.5278550069002688,0.00044365746170496676
86,32,0.03,16,0.2668726180968837,0.5337452361937673,0.0004448968623612011
86,32,0.03,17,0.28766761653839434,0.5414919840722717,0.0004459713424080348
86,32,0.03,18,0.309895470470832,0.5509252808370346,0.0004465468544595946
86,32,0.03,19,0.33384568676768434,0.5622664198192578,0.00044634451438651835
86,32,0.03,20,0.3596784493800773,0.5754855190081237,0.0004449789096651073
86,32,0.03,21,0.3876786045930298,0.5907483498560453,0.0004422926209514749
86,32,0.03,22,0.41818210190984156,0.6082648755052241,0.0004376914336160849
86,32,0.03,23,0.4515307512563,0.6282166974000696,0.00043121186359129676
86,32,0.03,24,0.4881750170836127,0.6509000227781504,0.00042102664055828205
86,32,0.03,25,0.5287129841282873,0.6767526196842076,0.00040681808515742276
86,32,0.03,26,0.5739002564260686,0.7063387771397768,0.000388974250718172
86,32,0.03,27,0.6244699919094368,0.7401125830037769,0.0003592753865547836
86,32,0.03,28,0.6815244916022655,0.7788851332597319,0.00033141858308571577
86,32,0.03,29,0.7489622519032156,0.826441105548376,0.00026773169130616715
86,32,0.03,30,0.8189360284884936,0.8735317637210599,0.0002172831024940393
86,32,0.03,31,0.9687173090955672,0.9999662545502628,4.194086875924527e-05
86,32,0.04,1,0.031249999999999997,0.9999999999999999,1.5334399139784336e-18
86,32,0.04,2,0.05246738783675033,0.8394782053880053,0.0003059829161008908
86,32,0.04,3,0.06989597720723302,0.7455570902104856,0.0003652382084909277
86,32,0.04,4,0.08567999362834336,0.6854399490267469,0.00038887664732187294
86,32,0.04,5,0.10074713669002079,0.6447816748161331,0.0004010308290075154
86,32,0.04,6,0.11553251968757951,0.6161734383337574,0.00040801469856062525
86,32,0.04,7,0.13031925863211638,0.5957451823182464,0.00041272992789044197
86,32,0.04,8,0.1452805518330582,0.5811222073322329,0.0004162823319598007
86,32,0.04,9,0.16066993920099035,0.5712708949368546,0.0004198206646493783
86,32,0.04,10,0.1764934809948004,0.5647791391833612,0.0004224966470427317
86,32,0.04,11,0.19288734881252623,0.5611268329091672,0.00042432018209335244
86,32,0.04,12,0.20996551764036978,0.5599080470409862,0.00042598338961999366
86,32,0.04,13,0.22786861631307562,0.5609073632321862,0.000427314189508394
86,32,0.04,14,0.24667487076613545,0.563828276036881,0.0004278386991625423
86,32,0.04,15,0.26648273624365154,0.5684965039864567,0.00042828946854221793
86,32,0.04,16,0.2873784980354495,0.574756996070899,0.0004279554433748559
86,32,0.04,17,0.30963901784422615,0.5828499159420727,0.0004272784776958468
86,32,0.04,18,0.3332903920986685,0.5925162526198551,0.00042570363745312104
86,32,0.04,19,0.3585807384541886,0.6039254542386333,0.00042334224497075673
86,32,0.04,20,0.38568459675227884,0.6170953548036461,0.00041965559539788215
86,32,0.04,21,0.41485944129973423,0.6321667676948332,0.00041430060740951666
86,32,0.04,22,0.4463993409982098,0.6493081323610326,0.0004069116269448939
86,32,0.04,23,0.48055042640447626,0.6685918976062278,0.0003974246012787132
86,32,0.04,24,0.5177491379743037,0.6903321839657383,0.00038442677323656575
86,32,0.04,25,0.5584075127415268,0.7147616163091544,0.00036769338123667373
86,32,0.04,26,0.6033120729340125,0.7425379359187847,0.0003476970301791675
86,32,0.04,27,0.6526378114689623,0.7734966654446959,0.00031579483779124945
86,32,0.04,28,0.707992844339569,0.8091346792452216,0.0002900102194722939
86,32,0.04,29,0.7713899620730527,0.8511889236668166,0.00022484961760139486
86,32,0.04,30,0.8370515882188734,0.8928550274334649,0.00018583131610811477
86,32,0.04,31,0.9687039361566034,0.9999524502261714,3.6311717778724016e-05
86,32,0.05,1,0.031249999999999986,0.9999999999999996,1.6659594127173108e-18
86,32,0.05,2,0.05334677073582091,0.8535483317731346,0.0002942626732653474
86,32,0.05,3,0.07180639081200292,0.7659348353280312,0.0003536016537600821
86,32,0.05,4,0.08868387253456489,0.7094709802765191,0.0003782559663118071
86,32,0.05,5,0.10487863379798008,0.6712232563070726,0.0003915036813702378
86,32,0.05,6,0.12079439639670692,0.6442367807824368,0.00039868668266717993
86,32,0.05,7,0.13672484474091748,0.6250278616727656,0.00040326826218257657
86,32,0.05,8,0.1528363926845241,0.6113455707380964,0.0004067570485858102
86,32,0.05,9,0.16938942916115607,0.6022735259063328,0.0004096911537394426
86,32,0.05,10,0.1863949698125294,0.5964639034000941,0.000411785215736943
86,32,0.05,11,0.20398695591297195,0.5934165990195547,0.00041334598913153397
86,32,0.05,12,0.22225041277491597,0.5926677673997759,0.00041399005819416535
86,32,0.05,13,0.24134661173027577,0.5940839673360636,0.0004143638662556544
86,32,0.05,14,0.26132728748094214,0.5973195142421535,0.0004137540061953151
86,32,0.05,15,0.28230143271567193,0.6022430564601001,0.00041294852990755426
86,32,0.05,16,0.3043602001553413,0.6087204003106826,0.00041127163565506125
86,32,0.05,17,0.32773765326183757,0.6169179355516943,0.0004089796477900825
86,32,0.05,18,0.3524854483916587,0.6266407971407265,0.00040589626354242285
86,32,0.05,19,0.37879745672716414,0.6379746639615396,0.0004018992471373217
86,32,0.05,20,0.40681843760092923,0.6509095001614869,0.0003963633114571732
86,32,0.05,21,0.4368090090089605,0.6656137280136543,0.0003890905088148621
86,32,0.05,22,0.46902275858140985,0.6822149215729598,0.00037976377212010904
86,32,0.05,23,0.5036497585105137,0.7007300987972365,0.0003684762497291686
86,32,0.05,24,0.5410978447256439,0.7214637929675252,0.0003537715378934715
86,32,0.05,25,0.5816170958430844,0.744469882679148,0.00033563817650148777
86,32,0.05,26,0.6260919121388974,0.7705746610940277,0.00031436219623404886
86,32,0.05,27,0.6741302578505878,0.7989691944895857,0.0002821314595310135
86,32,0.05,28,0.7281282115981311,0.8321465275407212,0.0002577813482810849
86,32,0.05,29,0.7878934535206944,0.8693996728504216,0.00019435059693412762
86,32,0.05,30,0.8505215785445002,0.9072230171141334,0.00016165047692020352
86,32,0.05,31,0.968699528022224,0.9999478998939088,3.237358743268955e-05
86,32,0.06,1,0.03125000000000002,1.0000000000000007,7.067706599406776e-19
86,32,0.06,2,0.05409312173296813,0.8654899477274901,0.00028312119897602153
86,32,0.06,3,0.07344404488627145,0.7834031454535619,0.00034301695248098023
86,32,0.06,4,0.09126030777378638,0.730082462190291,0.0003685523893058443
86,32,0.06,5,0.10842599438023971,0.6939263640335341,0.00038181979209364137
86,32,0.06,6,0.12533879547325896,0.6684735758573811,0.0003890618450338153
86,32,0.06,7,0.1422489471498041,0.6502809012562473,0.00039325649531747164
86,32,0.06,8,0.15937617593814865,0.6375047037525946,0.0003965652307385868
86,32,0.06,9,0.17693625612172173,0.6291066884327884,0.0003993576238489896
86,32,0.06,10,0.19495284086546016,0.6238490907694724,0.0004008174590970976
86,32,0.06,11,0.21355639804045487,0.621254976117687,0.0004015188039123055
86,32,0.06,12,0.2328351854953552,0.6208938279876138,0.00040139644974517425
86,32,0.06,13,0.2529177080489434,0.6225666659666299,0.00040087829024209134
86,32,0.06,14,0.27387905041847577,0.626009258099373,0.00039950116776745604
86,32,0.06,15,0.2958184462618673,0.6310793520253168,0.00039766209853703705
86,32,0.06,16,0.31882403595152736,0.6376480719030547,0.0003949894704396891
86,32,0.06,17,0.343110682229462,0.6458554018436932,0.00039145834520647014
86,32,0.06,18,0.3687086183180954,0.6554819881210584,0.0003869614652903556
86,32,0.06,19,0.3958148470834969,0.6666355319301001,0.0003816563453396991
86,32,0.06,20,0.4245286449750723,0.6792458319601156,0.0003747616409958444
86,32,0.06,21,0.4551183161389234,0.6935136245926451,0.0003660813207800494
86,32,0.06,22,0.48777708422795124,0.7094939406952019,0.0003554486657313873
86,32,0.06,23,0.5226846766169946,0.7272134631192968,0.0003429641247741111
86,32,0.06,24,0.5601888583100743,0.7469184777467656,0.00032701110941459424
86,32,0.06,25,0.6004474112369524,0.7685726863832992,0.0003085124058469023
86,32,0.06,26,0.6444407892341096,0.793157894441981,0.00028625172846406403
86,32,0.06,27,0.6912390484100235,0.8192462795970649,0.00025502593279516666
86,32,0.06,28,0.7440112549329734,0.8502985770662551,0.0002310845895073985
86,32,0.06,29,0.800644381260643,0.8834696620807093,0.00017158276380988092
86,32,0.06,30,0.8609755333380141,0.918373902227215,0.0001425344886080368
86,32,0.06,31,0.968703638609877,0.9999521430811632,2.931726773251058e-05
86,32,0.07,1,0.031249999999999997,0.9999999999999999,0.0
86,32,0.07,2,0.054743788608815944,0.8759006177410551,0.00027353153152247006
86,32,0.07,3,0.07488971962305288,0.7988236759792305,0.00033277925900622874
86,32,0.07,4,0.09353450941690113,0.748276075335209,0.00035867818148162175
86,32,0.07,5,0.1115618310854092,0.7139957189466188,0.0003725916808921111
86,32,0.07,6,0.1293463145100445,0.6898470107202374,0.00037987040523019655
86,32,0.07,7,0.14713564835906065,0.6726201067842772,0.00038425573585202494
86,32,0.07,8,0.16514205118216196,0.6605682047286479,0.00038738938770338657
86,32,0.07,9,0.18356748753317306,0.6526844001179486,0.0003897432300889471
86,32,0.07,10,0.20245346510324105,0.6478510883303713,0.0003905855403909594
86,32,0.07,11,0.2219293222611565,0.645612573850637,0.0003907617314254335
86,32,0.07,12,0.24207053328773367,0.6455214221006231,0.0003901887271302009
86,32,0.07,13,0.26300524463469227,0.6473975252546271,0.00038899272200463377
86,32,0.07,14,0.28479130127025637,0.650951545760586,0.00038670366674040476
86,32,0.07,15,0.30753024790929534,0.6560645288731634,0.0003841474379921818
86,32,0.07,16,0.33132634124852134,0.6626526824970427,0.0003805270720101809
86,32,0.07,17,0.356348967224075,0.6707745265394353,0.0003759055018233304
86,32,0.07,18,0.38262683568203737,0.6802254856569553,0.0003703905381451928
86,32,0.07,19,0.4103394063330567,0.6910979475083061,0.00036393736647811483
86,32,0.07,20,0.4395884876723638,0.7033415802757821,0.00035601415021225424
86,32,0.07,21,0.47062093531298,0.7171366633340648,0.0003463977238982639
86,32,0.07,22,0.503590792988908,0.732495698892957,0.000334895890338888
86,32,0.07,23,0.5386598577611078,0.7494398021024108,0.00032174082499921585
86,32,0.07,24,0.5761334560615997,0.7681779414154662,0.0003048872663504075
86,32,0.07,25,0.6160925440483862,0.7885984563819344,0.00028643794495429006
86,32,0.07,26,0.6595901160796701,0.8118032197903631,0.00026345254236270586
86,32,0.07,27,0.705256534451636,0.8358595963871243,0.00023383064092301424
86,32,0.07,28,0.7569933337394994,0.865135238559428,0.00020999810716663264
86,32,0.07,29,0.8109100898996837,0.8947973405789613,0.0001544840427766421
86,32,0.07,30,0.8693243349068596,0.9272792905673168,0.00012740399070257082
86,32,0.07,31,0.9687012005506002,0.999949626374813,2.6996339676402498e-05
86,32,0.08,1,0.031249999999999986,0.9999999999999996,0.0
86,32,0.08,2,0.05530022626041077,0.8848036201665723,0.00026453598197105274
86,32,0.08,3,0.07614632772974961,0.8122274957839959,0.00032407999268859773
86,32,0.08,4,0.0955392821765322,0.7643142574122576,0.0003506229045811335
86,32,0.08,5,0.11433851862769678,0.7317665192172593,0.0003645743382658326
86,32,0.08,6,0.1329114955099089,0.7088613093861809,0.0003721035030990863
86,32,0.08,7,0.15149140166518293,0.6925321218979791,0.0003766742743993011
86,32,0.08,8,0.17029077127312844,0.6811630850925138,0.00037957370518601973
86,32,0.08,9,0.18951082921414394,0.6738162816502896,0.00038149364412664547
86,32,0.08,10,0.20918519148509562,0.669392612752306,0.00038184274651120135
86,32,0.08,11,0.22942779818259793,0.6674263219857395,0.00038142095416763053
86,32,0.08,12,0.2503259990789696,0.6675359975439189,0.0003803520705703338
86,32,0.08,13,0.2720055665103554,0.6695521637177979,0.00037832021223883656
86,32,0.08,14,0.294526910221199,0.6732043662198833,0.0003754234512702376
86,32,0.08,15,0.31796277006860696,0.6783205761463614,0.0003720083777756264
86,32,0.08,16,0.3424226093528499,0.6848452187056998,0.00036752155826877994
86,32,0.08,17,0.36805615082088267,0.6928115780157792,0.0003621498911379468
86,32,0.08,18,0.39489248196004284,0.7020310790400761,0.0003559147793470101
86,32,0.08,19,0.42310470475670287,0.7125973974849733,0.00034870107807919874
86,32,0.08,20,0.4527904710827482,0.724464753732397,0.00034003028594399885
86,32,0.08,21,0.4841524135897794,0.7377560588034733,0.00032970155696420474
86,32,0.08,22,0.5173271927875399,0.7524759167818762,0.00031743472989583996
86,32,0.08,23,0.5524821297619072,0.7686707892339578,0.00030395383268693
86,32,0.08,24,0.5898480168432564,0.7864640224576752,0.000286356121713443
86,32,0.08,25,0.6294888730001139,0.8057457574401459,0.0002682874432539684
86,32,0.08,26,0.6724360247815379,0.8276135689618928,0.00024461782644631864
86,32,0.08,27,0.7171099655633236,0.8499081073343093,0.0002168883678453567
86,32,0.08,28,0.7678001559377609,0.8774858925002981,0.00019245321715343302
86,32,0.08,29,0.8194230741403994,0.9041909783618199,0.00014156162667578766
86,32,0.08,30,0.8762067807193571,0.9346205661006475,0.00011516623415190053
86,32,0.08,31,0.9687140366349217,0.9999628765263707,2.5137138628656125e-05
86,32,0.09,1,0.03125,1.0,0.0
86,32,0.09,2,0.055799570764935885,0.8927931322389742,0.00025610706177111784
86,32,0.09,3,0.07726185456393829,0.8241264486820085,0.00031526614214991887
86,32,0.09,4,0.09732998997911901,0.7786399198329521,0.0003419582583676521
86,32,0.09,5,0.11681634050795711,0.7476245792509256,0.0003561920098806967
86,32,0.09,6,0.1360888820848872,0.7258073711193984,0.00036380964123156924
86,32,0.09,7,0.155372017475585,0.7102720798883885,0.0003683232939176072
86,32,0.09,8,0.17487679563057043,0.6995071825222817,0.00037127968481623336
86,32,0.09,9,0.19479348801700402,0.6925990685049032,0.0003729422340921059
86,32,0.09,10,0.21516458316341772,0.6885266661229367,0.0003731815719619661
86,32,0.09,11,0.23608371421086233,0.6867889867952359,0.0003722645810994682
86,32,0.09,12,0.2576438895918427,0.6870503722449138,0.0003708447769936995
86,32,0.09,13,0.2799814724828001,0.6891851630345849,0.00036844649477502307
86,32,0.09,14,0.30312175406997055,0.6928497235885042,0.00036498427345788156
86,32,0.09,15,0.3271607650985828,0.6979429655436434,0.00036097660629196026
86,32,0.09,16,0.35217435353994436,0.7043487070798887,0.00035595973924348943
86,32,0.09,17,0.37832949550204603,0.7121496385920867,0.0003499464654648074
86,32,0.09,18,0.40563867453513724,0.7211354213957996,0.0003431278783697474
86,32,0.09,19,0.43426031165209444,0.7313857880456328,0.00033523832758240057
86,32,0.09,20,0.4642748634497367,0.7428397815195787,0.00032594901898615447
86,32,0.09,21,0.49588594261852614,0.7556357220853732,0.0003150700691315332
86,32,0.09,22,0.5292035370272664,0.7697505993123874,0.00030216956065781935
86,32,0.09,23,0.5643727052962123,0.7852141986729909,0.00028847988499872005
86,32,0.09,24,0.6015816310093328,0.802108841345777,0.00027046333555753193
86,32,0.09,25,0.6409167493141263,0.8203734391220819,0.0002529717881264372
86,32,0.09,26,0.6833604678985746,0.8410590374136304,0.00022860929224821595
86,32,0.09,27,0.7271269284518586,0.8617800633503511,0.00020265187718100026
86,32,0.09,28,0.776883390315251,0.8878667317888582,0.00017800197055272863
86,32,0.09,29,0.8265811834250131,0.9120895817103593,0.00013099721306279564
86,32,0.09,30,0.8818645621041172,0.9406555329110586,0.0001051296443096741
86,32,0.09,31,0.9687163655858164,0.9999652806047136,2.364931031057928e-05
86,32,0.1,1,0.031250000000000014,1.0000000000000004,1.3630577013141628e-18
86,32,0.1,2,0.05624006274899285,0.8998410039838856,0.0002483106672220015
86,32,0.1,3,0.07827209735615111,0.8349023717989451,0.00030677886335589725
86,32,0.1,4,0.09895107688872705,0.7916086151098164,0.0003335486750477759
86,32,0.1,5,0.11906490086207804,0.7620153655172993,0.00034804317931816045
86,32,0.1,6,0.13897177835607533,0.7411828178990685,0.00035574020493469915
86,32,0.1,7,0.15889485247379806,0.7263764684516483,0.00036058078598179554
86,32,0.1,8,0.17904467556477605,0.7161787022591042,0.0003633071931981674
86,32,0.1,9,0.19959442958882068,0.7096690829824734,0.0003648133227763794
86,32,0.1,10,0.22058177174380028,0.7058616695801608,0.0003646585297145006
86,32,0.1,11,0.24211792088514825,0.7043430425749767,0.00036345636999045663
86,32,0.1,12,0.2642752326802151,0.7047339538139068,0.00036164986910097144
86,32,0.1,13,0.2872003106525062,0.7069546108369382,0.00035883167123105625
86,32,0.1,14,0.3108850941183182,0.7105945008418701,0.00035476428516680747
86,32,0.1,15,0.335448945959711,0.7156244180473834,0.00035029118322042947
86,32,0.1,16,0.36095358459164656,0.7219071691832931,0.00034475370268177523
86,32,0.1,17,0.3875486434799974,0.7295033289035244,0.00033822868644406217
86,32,0.1,18,0.4152618683570414,0.7382433215236291,0.00033084570631767847
86,32,0.1,19,0.4442308833902064,0.7481783299203476,0.00032249756982726376
86,32,0.1,20,0.47452246266988835,0.7592359402718212,0.0003126700793995037
86,32,0.1,21,0.506326591174058,0.7715452817890408,0.0003015040721145305
86,32,0.1,22,0.5397222322379981,0.7850505196189062,0.00028819050695041575
86,32,0.1,23,0.5748802554238904,0.7998333988506301,0.00027440209806196716
86,32,0.1,24,0.611915001800093,0.8158866690667906,0.00025601830581850247
86,32,0.1,25,0.6509321900101728,0.833193203213021,0.00023908238519083986
86,32,0.1,26,0.6928314840014198,0.852715672617132,0.0002145225394813056
86,32,0.1,27,0.7358447508793956,0.872112297338543,0.00019028527828806365
86,32,0.1,28,0.7847483682292692,0.8968552779763077,0.00016545018356570892
86,32,0.1,29,0.8327680106259416,0.9189164255182803,0.00012197060178209203
86,32,0.1,30,0.886663606715695,0.9457745138300746,9.669161113866181e-05
86,32,0.1,31,0.968724753014244,0.9999739385953487,2.2381411764824116e-05
86,32,0.11,1,0.03125000000000001,1.0000000000000002,8.398638361632723e-19
86,32,0.11,2,0.05663648331525214,0.9061837330440342,0.00024122810799661554
86,32,0.11,3,0.07918084310146373,0.8445956597489465,0.00029829053946802255
86,32,0.11,4,0.10041620453493616,0.8033296362794893,0.0003249698041794743
86,32,0.11,5,0.12109624094145569,0.7750159420253163,0.00033930787560166546
86,32,0.11,6,0.1415797107338683,0.7550917905806309,0.00034700283467586115
86,32,0.11,7,0.16208404230405027,0.7409556219613727,0.00035173265414034665
86,32,0.11,8,0.18279798737535202,0.7311919495014081,0.000354361472220628
86,32,0.11,9,0.20391190904363263,0.7250201210440271,0.00035563832482039283
86,32,0.11,10,0.22546092581227994,0.7214749625992957,0.0003552378591394005
86,32,0.11,11,0.2475404431870443,0.7201176529077651,0.00035378912891825
86,32,0.11,12,0.2702308739592183,0.7206156638912489,0.00035171093285909735
86,32,0.11,13,0.29366806573828785,0.722875238740401,0.0003485136902638154
86,32,0.11,14,0.317832469878192,0.7264742168644389,0.0003441288768123376
86,32,0.11,15,0.3428539151625564,0.7314216856801202,0.00033930821261788746
86,32,0.11,16,0.36878260583219313,0.7375652116643863,0.0003333197246574439
86,32,0.11,17,0.39576925196502416,0.7449774154635749,0.00032633573529410265
86,32,0.11,18,0.42382190695311434,0.7534611679166477,0.00031854300465535137
86,32,0.11,19,0.4530764455376382,0.7630761188002327,0.00030980943093371387
86,32,0.11,20,0.48358851007822035,0.7737416161251526,0.0002996489295903773
86,32,0.11,21,0.5155415030362642,0.785587052245736,0.0002883346568341773
86,32,0.11,22,0.5489787349671426,0.7985145235885709,0.0002747948446266344
86,32,0.11,23,0.5841060884152175,0.8126693404037808,0.00026104918689527217
86,32,0.11,24,0.6209623576691101,0.82794981022548,0.00024252439789518963
86,32,0.11,25,0.6596848852197402,0.8443966530812675,0.00022625163264352924
86,32,0.11,26,0.7011028641227159,0.8628958327664197,0.0002016186090438928
86,32,0.11,27,0.7434089775217926,0.8810773066924948,0.0001789718223487185
86,32,0.11,28,0.7914689374788798,0.904535928547291,0.0001540751629275911
86,32,0.11,29,0.8380922409136431,0.9247914382495371,0.00011405718677398261
86,32,0.11,30,0.8907403758483027,0.9501230675715225,8.943333051971676e-05
86,32,0.11,31,0.9687270480809034,0.9999763076964164,2.121339313491425e-05
86,32,0.12,1,0.03125000000000004,1.0000000000000013,1.5649921755829285e-18
86,32,0.12,2,0.0569972627261645,0.911956203618632,0.00023422518792327984
86,32,0.12,3,0.08000535748785165,0.8533904798704175,0.00029083243869494564
86,32,0.12,4,0.10174020698476416,0.8139216558781133,0.00031761487452984684
86,32,0.12,5,0.12293657316965922,0.7867940682858192,0.000331946452767525
86,32,0.12,6,0.14393738260900235,0.7676660405813458,0.0003399071602348286
86,32,0.12,7,0.1649665170584218,0.7541326494099283,0.0003445713747489121
86,32,0.12,8,0.18620789079485608,0.7448315631794243,0.0003471004866904612
86,32,0.12,9,0.2078330422234371,0.7389619279055542,0.00034808336434185503
86,32,0.12,10,0.22989366913989995,0.7356597412476799,0.000347377279486297
86,32,0.12,11,0.2524592015477772,0.7344267681389881,0.0003457614010012923
86,32,0.12,12,0.2756273083323723,0.7350061555529928,0.00034340575091543625
86,32,0.12,13,0.2995207818053237,0.7372819244438736,0.00033981303082337993
86,32,0.12,14,0.3241215980447573,0.7408493669594451,0.0003350661049927969
86,32,0.12,15,0.34954775811625427,0.7457018839813424,0.0003298370302328677
86,32,0.12,16,0.3758552053067897,0.7517104106135793,0.00032362268109660097
86,32,0.12,17,0.40317348671637165,0.7589147985249348,0.0003163117053397966
86,32,0.12,18,0.4315178584620731,0.7671428594881299,0.000308266215035323
86,32,0.12,19,0.4610164458699044,0.7764487509387864,0.0002992990283949566
86,32,0.12,20,0.4916998417334033,0.7867197467734452,0.00028878733290073236
86,32,0.12,21,0.5237620910586186,0.7981136625655141,0.00027727282684258
86,32,0.12,22,0.5572167490590457,0.8104970895404301,0.00026356560742588845
86,32,0.12,23,0.5922881913084449,0.8240531357334886,0.0002498524385297779
86,32,0.12,24,0.6289503652338673,0.8386004869784897,0.00023126941386472533
86,32,0.12,25,0.6673962462601216,0.8542671952129556,0.0002154918224268521
86,32,0.12,26,0.7083308855246766,0.8717918591072942,0.00019089081177276122
86,32,0.12,27,0.7500323265240166,0.8889272018062419,0.00016954258350651276
86,32,0.12,28,0.7972757237238116,0.9111722556843561,0.00014463487033002995
86,32,0.12,29,0.8427277542355822,0.9299064874323666,0.00010752146678133393
86,32,0.12,30,0.894249006995607,0.9538656074619808,8.352789578723126e-05
86,32,0.12,31,0.968717302418519,0.999966247657826,2.025101761528817e-05
86,32,0.13,1,0.03124999999999999,0.9999999999999997,0.0
86,32,0.13,2,0.05732557507512886,0.9172092012020617,0.0002274991796404552
86,32,0.13,3,0.08077228551792592,0.8615710455245431,0.00028384533429377416
86,32,0.13,4,0.10297667727937809,0.8238134182350247,0.00031097820685525445
86,32,0.13,5,0.12465062789743989,0.7977640185436152,0.0003255328454433645
86,32,0.13,6,0.14613393574014621,0.7793809906141131,0.0003335649812047441
86,32,0.13,7,0.16765182768356657,0.7664083551248757,0.00033817544477221534
86,32,0.13,8,0.18938398214215693,0.7575359285686277,0.0003403370697434828
86,32,0.13,9,0.2114936746042665,0.7519775097040586,0.00034126317179177993
86,32,0.13,10,0.23401668700128384,0.7488533984041083,0.0003402850069097059
86,32,0.13,11,0.2570272349728352,0.7477155926482478,0.000338460030478513
86,32,0.13,12,0.2806348400377338,0.7483595734339569,0.00033582015209649807
86,32,0.13,13,0.30493558132924686,0.7506106617335306,0.000331907260383691
86,32,0.13,14,0.32993516492903224,0.7541375198377879,0.00032682327871105013
86,32,0.13,15,0.3557294745250409,0.7588895456534206,0.0003212775104763694
86,32,0.13,16,0.38236812310388524,0.7647362462077705,0.0003146522627264686
86,32,0.13,17,0.4099835026260102,0.7717336520019016,0.00030703303606097437
86,32,0.13,18,0.4385807892402976,0.7796991808716401,0.00029863675883268166
86,32,0.13,19,0.4682744881700281,0.7886728221810999,0.00028941123534243776
86,32,0.13,20,0.4991067888825015,0.7985708622120024,0.0002786531236931508
86,32,0.13,21,0.5312600302056892,0.8095390936467646,0.00026705191739544095
86,32,0.13,22,0.5647217854534917,0.8214135061141697,0.00025323123994298353
86,32,0.13,23,0.5997259647849266,0.834401342309463,0.0002395721689679691
86,32,0.13,24,0.6361858016236184,0.8482477354981578,0.00022105524598474397
86,32,0.13,25,0.674375751981269,0.8632009625360243,0.00020570812846856142
86,32,0.13,26,0.7148580294544162,0.8798252670208199,0.00018131747572912253
86,32,0.13,27,0.7560009437050298,0.8960011184652203,0.0001611092122864823
86,32,0.13,28,0.8025112120532206,0.9171556709179663,0.00013640672081446912
86,32,0.13,29,0.8469004633882539,0.934510856152556,0.0001016851103728499
86,32,0.13,30,0.897375526467945,0.957200561565808,7.839785845515442e-05
86,32,0.13,31,0.9687213835411215,0.9999704604295447,1.9396444395069858e-05
86,32,0.14,1,0.031250000000000014,1.0000000000000004,1.3846935378429595e-18
86,32,0.14,2,0.05762186655645415,0.9219498649032664,0.0002215053075181199
86,32,0.14,3,0.08146676771624338,0.8689788556399295,0.0002771600479207463
86,32,0.14,4,0.10410029674733826,0.832802373978706,0.0003042765093452055
86,32,0.14,5,0.12621607899640302,0.8077829055769792,0.0003190051568831304
86,32,0.14,6,0.1481474716960174,0.7901198490454262,0.00032684723795038765
86,32,0.14,7,0.1701041243426723,0.7776188541379305,0.0003315365931064589
86,32,0.14,8,0.19227645003808674,0.769105800152347,0.0003336187939608929
86,32,0.14,9,0.2148196008364258,0.7638030251961806,0.0003345225226187767
86,32,0.14,10,0.23776470686533976,0.7608470619690871,0.0003333961626369377
86,32,0.14,11,0.26117845154175806,0.759791859030569,0.00033136183240201463
86,32,0.14,12,0.28517478506519023,0.7604660935071739,0.0003285298334126543
86,32,0.14,13,0.3098505678397346,0.7627090900670389,0.0003244289202074006
86,32,0.14,14,0.3352001425127385,0.7661717543148308,0.00031913794189207604
86,32,0.14,15,0.3613219259649696,0.7708201087252684,0.0003132660449184588
86,32,0.14,16,0.3882596609384528,0.7765193218769056,0.00030641615940441073
86,32,0.14,17,0.416130552489222,0.7833045693914767,0.00029862262006326437
86,32,0.14,18,0.4449538810065318,0.7910291217893899,0.00028995991266602046
86,32,0.14,19,0.47482940090233716,0.7997126752039363,0.00028049414685967
86,32,0.14,20,0.5057893005971225,0.809262880955396,0.00026958053907162334
86,32,0.14,21,0.5380162957120314,0.8198343553707144,0.0002578313989717513
86,32,0.14,22,0.5714625484265211,0.831218252256758,0.00024388396980718326
86,32,0.14,23,0.6063866923037967,0.8436684414661518,0.00023032732097281287
86,32,0.14,24,0.6426568741348195,0.8568758321797594,0.00021191688301264335
86,32,0.14,25,0.6805913337827356,0.8711569072419015,0.00019690739314695045
86,32,0.14,26,0.7206406071892107,0.8869422857713362,0.00017287889640096358
86,32,0.14,27,0.7612994108641097,0.9022807832463522,0.000153568651629096
86,32,0.14,28,0.80704595988983,0.9223382398740912,0.00012907300922208105
86,32,0.14,29,0.8505855517748852,0.9385771605791836,9.667060244408971e-05
86,32,0.14,30,0.9001209506013831,0.9601290139748085,7.392432302107276e-05
86,32,0.14,31,0.9687198679055932,0.9999688959025478,1.864787006915154e-05
86,32,0.15,1,0.03124999999999999,0.9999999999999997,0.0
86,32,0.15,2,0.057896529307903156,0.9263444689264505,0.00021579282099552094
86,32,0.15,3,0.08211252692365731,0.8758669538523445,0.0002709409786693294
86,32,0.15,4,0.10514815330934046,0.8411852264747237,0.0002976172213178207
86,32,0.15,5,0.12767843260510087,0.8171419686726455,0.00031214189838173054
86,32,0.15,6,0.1500379633832776,0.8002024713774806,0.0003198341367818184
86,32,0.15,7,0.17241394567620363,0.7881780373769308,0.0003243998201798473
86,32,0.15,8,0.1950033341538038,0.7800133366152152,0.00032637745897164697
86,32,0.15,9,0.2179502649915394,0.7749342755254734,0.00032714064776214667
86,32,0.15,10,0.2412891446826741,0.772125262984557,0.00032580951797425375
86,32,0.15,11,0.2650794516316897,0.771140222928552,0.00032354331895649016
86,32,0.15,12,0.2894451137020223,0.7718536365387262,0.0003205423363796069
86,32,0.15,13,0.3144569985812559,0.774047996507707,0.0003161775177698913
86,32,0.15,14,0.34012939925444313,0.7774386268672986,0.00031055353809938187
86,32,0.15,15,0.3665453511758798,0.7819634158418768,0.000304476397404186
86,32,0.15,16,0.3937501521819038,0.7875003043638076,0.00029751118693138734
86,32,0.15,17,0.42185686526271304,0.7940835110827539,0.0002895647076028118
86,32,0.15,18,0.4508756189294547,0.8015566558745861,0.00028073300791149424
86,32,0.15,19,0.48090449442244076,0.8099444116588476,0.0002711655638362758
86,32,0.15,20,0.5119673366375355,0.8191477386200566,0.0002601403477945834
86,32,0.15,21,0.54423179923155,0.8293055988290283,0.0002484051582594421
86,32,0.15,22,0.5776458939304262,0.8402122093533473,0.0002345607514848431
86,32,0.15,23,0.6125077991720078,0.8521847640654021,0.0002212082577727849
86,32,0.15,24,0.6485840377607559,0.8647787170143411,0.00020292867565850956
86,32,0.15,25,0.6862688442479371,0.8784241206373594,0.0001884040379012903
86,32,0.15,26,0.7259347467620978,0.8934581498610434,0.00016467542404321258
86,32,0.15,27,0.7661128244047235,0.9079855696648574,0.00014630912598330214
86,32,0.15,28,0.8111897618836608,0.9270740135813266,0.00012232665618834272
86,32,0.15,29,0.8539297209884006,0.9422672783320283,9.188259194336002e-05
86,32,0.15,30,0.9025914320799515,0.962764194218615,6.970530779431092e-05
86,32,0.15,31,0.9687246158251342,0.9999737969807838,1.7921992467508556e-05
86,32,0.16,1,0.03124999999999998,0.9999999999999993,1.2494695595379834e-18
86,32,0.16,2,0.05814929500659448,0.9303887201055117,0.00021007318654617908
86,32,0.16,3,0.0827052374081646,0.8821891990204224,0.00026427882004426086
86,32,0.16,4,0.10611210340833502,0.8488968272666801,0.00029099431720733693
86,32,0.16,5,0.12901699169990619,0.8257087468793997,0.00030534221408081076
86,32,0.16,6,0.15176684710881516,0.8094231845803475,0.0003130517679647723
86,32,0.16,7,0.17453629388841846,0.7978802006327701,0.0003177046691662801
86,32,0.16,8,0.1975006535144857,0.7900026140579428,0.0003197126332476015
86,32,0.16,9,0.22082311135885732,0.7851488403870482,0.0003203486795768579
86,32,0.16,10,0.24452708804034656,0.782486681729109,0.000318937882198206
86,32,0.16,11,0.26866427469248844,0.7815687991054209,0.0003165071504833024
86,32,0.16,12,0.2933612393472594,0.7822966382593582,0.00031322960935402903
86,32,0.16,13,0.3186898132144967,0.7844672325279918,0.0003086908936330268
86,32,0.16,14,0.3446647797283162,0.7878052108075799,0.0003029413880480691
86,32,0.16,15,0.3713511080052907,0.7922156970779535,0.00029663898124207674
86,32,0.16,16,0.39878855706145006,0.7975771141229001,0.0002894839706929464
86,32,0.16,17,0.4270935205729736,0.8039407446079503,0.000281354192181629
86,32,0.16,18,0.45628295736481045,0.8111697019818853,0.000272450770766972
86,32,0.16,19,0.4864502708451275,0.8192846666865305,0.0002628526219880174
86,32,0.16,20,0.5175982898759607,0.8281572638015371,0.0002517855800144379
86,32,0.16,21,0.5499046685625495,0.8379499711429326,0.000240110515011364
86,32,0.16,22,0.5832795823019995,0.8484066651665447,0.0002262326718053798
86,32,0.16,23,0.6180447846226835,0.8598883959967771,0.00021301274997357608
86,32,0.16,24,0.6539381340447675,0.87191751205969,0.00019505454935738397
86,32,0.16,25,0.6914239266530937,0.8850226261159599,0.00018096412000809473
86,32,0.16,26,0.730725294895601,0.899354209102278,0.0001573803541558565
86,32,0.16,27,0.7704500552656512,0.913125991425957,0.00013990521509338363
86,32,0.16,28,0.8149062430700613,0.9313214206514986,0.0001164869731092035
86,32,0.16,29,0.8569424077923073,0.9455916223915116,8.772661648938429e-05
86,32,0.16,30,0.9047948281161579,0.9651144833239018,6.605050353170051e-05
86,32,0.16,31,0.9687264770045163,0.9999757181982103,1.7278969516395415e-05
86,32,0.17,1,0.03124999999999999,0.9999999999999997,0.0
86,32,0.17,2,0.05838077113387095,0.9340923381419352,0.0002049065362073449
86,32,0.17,3,0.08324992789396497,0.8879992308689598,0.00025835537865789534
86,32,0.17,4,0.10700140659670164,0.8560112527736131,0.0002848021033743835
86,32,0.17,5,0.13026629127227224,0.8337042641425424,0.00029934534485781566
86,32,0.17,6,0.15337951183387033,0.8180240631139751,0.00030713224845361315
86,32,0.17,7,0.17651367327066952,0.8069196492373465,0.0003119595823839302
86,32,0.17,8,0.19983681679176862,0.7993472671670745,0.00031384074703445005
86,32,0.17,9,0.22351074659757736,0.7947048767913861,0.00031418713351696447
86,32,0.17,10,0.24755605448995113,0.7921793743678437,0.0003124698209857131
86,32,0.17,11,0.2720245824798904,0.7913442399414994,0.00030990733838764955
86,32,0.17,12,0.2970338928455318,0.792090380921418,0.00030650753849336434
86,32,0.17,13,0.32265661317779504,0.7942316632068802,0.00030172779327392713
86,32,0.17,14,0.3489066499060464,0.7975009140709634,0.00029590379525512
86,32,0.17,15,0.3758422404984099,0.8017967797299411,0.00028940375368394564
86,32,0.17,16,0.4034942458622423,0.8069884917244846,0.00028225357931621853
86,32,0.17,17,0.43199067792257256,0.8131589231483719,0.0002740537320498145
86,32,0.17,18,0.4613391863250747,0.8201585534667994,0.0002649923636453128
86,32,0.17,19,0.49161478576438195,0.8279827970768537,0.0002553296822756791
86,32,0.17,20,0.5228290807343832,0.8365265291750131,0.0002442312369326246
86,32,0.17,21,0.5551604389095097,0.8459587640525864,0.0002325378885872641
86,32,0.17,22,0.5884973533332726,0.8559961503029421,0.00021870082912916588
86,32,0.17,23,0.6231723717812627,0.8670224303043655,0.0002056656321463767
86,32,0.17,24,0.6588962315163925,0.8785283086885235,0.00018800470936642394
86,32,0.17,25,0.6961515660129335,0.8910740044965548,0.00017409769301137497
86,32,0.17,26,0.7350657930810227,0.904696360715105,0.00015117974312641857
86,32,0.17,27,0.7744432542884149,0.9178586717492324,0.00013423494607646283
86,32,0.17,28,0.8183539338115091,0.9352616386417247,0.0001113388213663927
86,32,0.17,29,0.8597180437577108,0.9486543931119567,8.405435657236113e-05
86,32,0.17,30,0.906811167342269,0.9672652451650869,6.284201532077097e-05
86,32,0.17,31,0.9687328754098847,0.9999823230037519,1.6707152238732103e-05
86,32,0.18,1,0.03125000000000001,1.0000000000000002,0.0
86,32,0.18,2,0.05859536966685643,0.9375259146697029,0.00019975653982220816
86,32,0.18,3,0.08375924770276717,0.8934319754961831,0.00025257353905068736
86,32,0.18,4,0.1078336349124913,0.8626690792999304,0.0002788658345814385
86,32,0.18,5,0.13143453302397506,0.8411810113534403,0.00029357183974969823
86,32,0.18,6,0.15488692180416958,0.826063582955571,0.0003013915606740208
86,32,0.18,7,0.17836305731250057,0.8153739762857167,0.00030617881838567416
86,32,0.18,8,0.2020217970741442,0.8080871882965768,0.00030797900776345877
86,32,0.18,9,0.22602250180442363,0.803635561971284,0.00030822582537371775
86,32,0.18,10,0.25038085890468237,0.8012187484949835,0.0003065106183022675
86,32,0.18,11,0.27515475928467265,0.8004502088281387,0.0003038568530913188
86,32,0.18,12,0.30045404627467825,0.8012107900658086,0.00030036822050072615
86,32,0.18,13,0.3263440262860357,0.8033083723963956,0.000295338289146179
86,32,0.18,14,0.35284131743943126,0.8064944398615571,0.0002893777376392691
86,32,0.18,15,0.3800012621974798,0.8106693593546236,0.00028280195588865225
86,32,0.18,16,0.4078614613560364,0.8157229227120728,0.00027546615399195757
86,32,0.18,17,0.4365222536831629,0.8216889481094831,0.00026702464149011936
86,32,0.18,18,0.46600108105300475,0.8284463663164529,0.000257906308883124
86,32,0.18,19,0.4963841575398879,0.8360154232250743,0.0002482487631853028
86,32,0.18,20,0.5276522158857729,0.8442435454172367,0.00023711945743930255
86,32,0.18,21,0.5599932121602335,0.8533229899584509,0.00022548955662451937
86,32,0.18,22,0.5932902524590815,0.8629676399404823,0.00021173999969458814
86,32,0.18,23,0.6279015679131087,0.8736021814443252,0.00019887321612241317
86,32,0.18,24,0.6634553565027859,0.8846071420037145,0.0001813266628807001
86,32,0.18,25,0.7004761385605164,0.896609457357461,0.0001677421638203379
86,32,0.18,26,0.7390445724143733,0.9095933198946131,0.0001454100272946365
86,32,0.18,27,0.7780711216508491,0.9221583664010063,0.00012894990017277435
86,32,0.18,28,0.8214950262134594,0.9388514585296677,0.00010661169825850081
86,32,0.18,29,0.8622409977547097,0.9514383423500246,8.06800933683235e-05
86,32,0.18,30,0.9086315542023486,0.969206991149172,5.995886575903984e-05
86,32,0.18,31,0.9687369661067201,0.9999865456585498,1.619118382188083e-05
86,32,0.19,1,0.031249999999999986,0.9999999999999996,0.0
86,32,0.19,2,0.058795261415270146,0.9407241826443223,0.00019483855940435576
86,32,0.19,3,0.08423266440529163,0.8984817536564442,0.0002471141950621604
86,32,0.19,4,0.10861476814263424,0.8689181451410739,0.0002733469348983315
86,32,0.19,5,0.13252649774355044,0.8481695855587228,0.00028799294250848054
86,32,0.19,6,0.15629760569491705,0.8335872303728911,0.00029561591193559436
86,32,0.19,7,0.18008817726488907,0.8232602389252073,0.0003004115791239724
86,32,0.19,8,0.20405734868571002,0.8162293947428401,0.00030207390779641284
86,32,0.19,9,0.22835964609356935,0.8119454083326911,0.00030226158328325173
86,32,0.19,10,0.2530088294798161,0.8096282543354116,0.00030056300844100923
86,32,0.19,11,0.27806711148492247,0.8089225061379565,0.00029779580559672226
86,32,0.19,12,0.3036311042555225,0.8096829446813932,0.00029420140527851703
86,32,0.19,13,0.3297651933486713,0.8117297067044219,0.0002890434954223129
86,32,0.19,14,0.35649224082425196,0.8148394075982903,0.0002829283661027978
86,32,0.19,15,0.3838575337700852,0.8188960720428485,0.0002762098119971428
86,32,0.19,16,0.41190049948792395,0.8238009989758479,0.0002688033308542563
86,32,0.19,17,0.4407187790669307,0.8295882900083401,0.0002603406910532431
86,32,0.19,18,0.47032030655084656,0.8361249894237274,0.0002511589257389865
86,32,0.19,19,0.5007920186320511,0.8434391892750335,0.00024147784496553873
86,32,0.19,20,0.5321109008579341,0.8513774413726946,0.00023031028980066825
86,32,0.19,21,0.5644560249269037,0.8601234665552818,0.00021883076811971366
86,32,0.19,22,0.597706630214195,0.8693914621297385,0.00020519769858158262
86,32,0.19,23,0.6322301613285888,0.879624572283254,0.0001924435206253387
86,32,0.19,24,0.6676261820643548,0.8901682427524731,0.00017517018538451532
86,32,0.19,25,0.7044377753977354,0.9016803525091014,0.00016184698628761394
86,32,0.19,26,0.7427104697752311,0.9141051935695153,0.0001399834735052945
86,32,0.19,27,0.781387256028634,0.9260885997376405,0.00012404558244431742
86,32,0.19,28,0.8244132937378345,0.9421866214146681,0.00010220560042900143
86,32,0.19,29,0.8645517399064319,0.9539881267933041,7.751378433853298e-05
86,32,0.19,30,0.9102897065371462,0.970975686972956,5.730428807393032e-05
86,32,0.19,31,0.9687381162701487,0.9999877329240244,1.5692244700372054e-05
86,32,0.2,1,0.031249999999999997,0.9999999999999997,1.060155989911016e-18
86,32,0.2,2,0.05897686985090146,0.9436299176144233,0.00018959145031548563
86,32,0.2,3,0.08467615705286183,0.9032123418971928,0.00024131580997046407
86,32,0.2,4,0.10933981217848336,0.8747184974278667,0.00026759640069416783
86,32,0.2,5,0.13353793262861638,0.8546427688231448,0.000282135001510089
86,32,0.2,6,0.15760990016838317,0.8405861342313768,0.00028977994128895443
86,32,0.2,7,0.18170332783232082,0.8306437843763237,0.00029461686977610686
86,32,0.2,8,0.20596619215758802,0.823864768630352,0.00029624352951144843
86,32,0.2,9,0.2305531826037885,0.8197446492579146,0.0002963495320119748
86,32,0.2,10,0.2554730929832228,0.8175138975463129,0.00029455166918833435
86,32,0.2,11,0.2807954623285552,0.8168595267739784,0.0002916088414277744
86,32,0.2,12,0.3066033007782572,0.8176088020753525,0.0002877972959338237
86,32,0.2,13,0.3329640316979792,0.8196037703334872,0.00028247121772472086
86,32,0.2,14,0.35989915442548087,0.8226266386868134,0.0002762723599766728
86,32,0.2,15,0.3874535687132845,0.826567613255007,0.00026945706997638706
86,32,0.2,16,0.4156635687040863,0.8313271374081724,0.00026205639896672715
86,32,0.2,17,0.444616598659039,0.8369253621817203,0.0002535299219389781
86,32,0.2,18,0.47433411297493444,0.8432606452887722,0.00024430078269888094
86,32,0.2,19,0.5048728145468082,0.8503121087104138,0.00023468400208366116
86,32,0.2,20,0.536232867662186,0.8579725882594975,0.00022359553708580502
86,32,0.2,21,0.5685871676950346,0.8664185412495764,0.00021225037847534276
86,32,0.2,22,0.6017919023085445,0.8753336760851556,0.0001986985694065416
86,32,0.2,23,0.636217400953882,0.8851720361097489,0.00018614641270838964
86,32,0.2,24,0.671458062077015,0.8952774161026865,0.00016928333940048542
86,32,0.2,25,0.7080746040992996,0.9063354932471036,0.0001561414525338283
86,32,0.2,26,0.7460608006820857,0.9182286777625668,0.00013486306210899502
86,32,0.2,27,0.7844282641375376,0.9296927574963408,0.00011930280922985488
86,32,0.2,28,0.8269645933374834,0.9451023923856953,9.787548567879897e-05
86,32,0.2,29,0.8666672247212754,0.9563224548648557,7.445077316864385e-05
86,32,0.2,30,0.9118027447363444,0.972589594385434,5.477787805088921e-05
86,32,0.2,31,0.9687390479375125,0.9999886946451741,1.5215575693135836e-05
86,32,0.25,1,0.03125000000000002,1.0000000000000004,1.8174102684188845e-18
86,32,0.25,2,0.05972795186341714,0.9556472298146741,0.0001690733337761291
86,32,0.25,3,0.08648894551896062,0.9225487522022465,0.00021755417087276628
86,32,0.25,4,0.11234606456417377,0.8987685165133901,0.00024263351137096526
86,32,0.25,5,0.1377900175099376,0.8818561120636006,0.0002567639755532085
86,32,0.25,6,0.16309518051370617,0.8698409627397661,0.00026432900296636315
86,32,0.25,7,0.1884211761565922,0.8613539481444216,0.0002687954040089813
86,32,0.25,8,0.21390413194314467,0.8556165277725786,0.00027019764838721725
86,32,0.25,9,0.23965169538371534,0.8520949169198767,0.00026989289396615
86,32,0.25,10,0.2656930740322457,0.8502178369031861,0.0002679660877043364
86,32,0.25,11,0.2920912735937988,0.8497200686365055,0.00026475201947989127
86,32,0.25,12,0.31888951042583197,0.8503720278022184,0.0002605434032235144
86,32,0.25,13,0.3461771897193499,0.8521284670014766,0.0002550651893609741
86,32,0.25,14,0.37394994564564915,0.8547427329043409,0.0002487064502647127
86,32,0.25,15,0.40225737236395354,0.8581490610431008,0.0002417817105733613
86,32,0.25,16,0.43113047211720845,0.8622609442344168,0.00023431319026538292
86,32,0.25,17,0.46060817937185045,0.8670271611705419,0.00022593796982003046
86,32,0.25,18,0.49074633766214915,0.8724379336215984,0.00021674001109885793
86,32,0.25,19,0.5215611613550942,0.8784187980717375,0.00020750640552237852
86,32,0.25,20,0.5530369871633052,0.8848591794612882,0.0001965791145917292
86,32,0.25,21,0.5853657817451097,0.8919859531354051,0.00018591043267174382
86,32,0.25,22,0.6183315787702462,0.8993913873021763,0.00017298209091359674
86,32,0.25,23,0.6523417589922784,0.9076059255544743,0.0001614740089724672
86,32,0.25,24,0.6869569241328164,0.9159425655104217,0.00014588862509347798
86,32,0.25,25,0.7227033804117295,0.9250603269270137,0.0001339655617167579
86,32,0.25,26,0.7595208740590076,0.9347949219187786,0.00011474283116969247
86,32,0.25,27,0.7965382660314874,0.9440453523336144,0.00010096366881345492
86,32,0.25,28,0.8368768723144141,0.9564307112164732,8.200314064214044e-05
86,32,0.25,29,0.8750546143070246,0.965577505442234,6.226170715298399e-05
86,32,0.25,30,0.9177134146604771,0.9788943089711755,4.458557110036961e-05
86,32,0.25,31,0.968741495702914,0.9999912213707498,1.335276408261302e-05
86,32,0.5,1,0.03124999999999999,0.9999999999999997,0.0
86,32,0.5,2,0.06145376013450069,0.9832601621520111,0.00010575567075107459
86,32,0.5,3,0.09079410016002235,0.9684704017069049,0.0001420058772279693
86,32,0.5,4,0.1196222685314904,0.9569781482519232,0.0001623603753051284
86,32,0.5,5,0.14820080594238177,0.9484851580312432,0.0001739158358951304
86,32,0.5,6,0.1766712176630864,0.9422464942031274,0.00018010460014499375
86,32,0.5,7,0.20511189102056424,0.9376543589511509,0.00018380575632807636
86,32,0.5,8,0.2336264058568944,0.9345056234275776,0.00018492690827003917
86,32,0.5,9,0.2622736831080876,0.932528651050978,0.00018458351170100063
86,32,0.5,10,0.2910564134972685,0.9313805231912591,0.00018284042955479712
86,32,0.5,11,0.32002205981403725,0.9309732649135629,0.0001800607062035748
86,32,0.5,12,0.3491986774518176,0.9311964732048468,0.000176308426029525
86,32,0.5,13,0.37863749415325026,0.9320307548387698,0.00017179293507130206
86,32,0.5,14,0.4083142904011973,0.9332898066313082,0.00016649889293705628
86,32,0.5,15,0.43826869812493846,0.9349732226665354,0.0001608473879349028
86,32,0.5,16,0.46849896454968726,0.9369979290993745,0.0001545782504361228
86,32,0.5,17,0.4990492448702516,0.9393868138734147,0.0001475309598178244
86,32,0.5,18,0.5299309362325684,0.9420994421912326,0.00014072376368777815
86,32,0.5,19,0.561059912643019,0.9449430107671899,0.00013298764024184044
86,32,0.5,20,0.5926308322745639,0.9482093316393021,0.00012479050064601607
86,32,0.5,21,0.6244224711646693,0.9515009084414007,0.00011671654269382255
86,32,0.5,22,0.6567337691537048,0.9552491187690252,0.00010727116857762878
86,32,0.5,23,0.6892318785317082,0.958931309261507,9.8910970206584e-05
86,32,0.5,24,0.722345177749421,0.9631269036658946,8.858770721505636e-05
86,32,0.5,25,0.7555055746981322,0.9670471356136091,7.973402309723745e-05
86,32,0.5,26,0.7896059623123116,0.971822722845922,6.826876552177259e-05
86,32,0.5,27,0.8234761324522681,0.9759717125360214,5.811306244954134e-05
86,32,0.5,28,0.8588646714677705,0.981559624534595,4.8010362003147784e-05
86,32,0.5,29,0.8933429950722542,0.9857577876659357,3.5504650287381476e-05
86,32,0.5,30,0.9295703848683741,0.9915417438595989,2.4932934491453974e-05
86,32,0.5,31,0.9687457383116138,0.9999956008377949,8.722617264063892e-06
86,32,1.0,1,0.03125000000000002,1.0000000000000004,1.8174102684188845e-18
86,32,1.0,2,0.06223434525952764,0.9957495241524421,5.433471490440487e-05
86,32,1.0,3,0.09291817018001516,0.9911271485868284,7.638696644420596e-05
86,32,1.0,4,0.1233885716563194,0.987108573250555,9.005725577116798e-05
86,32,1.0,5,0.15373270907464548,0.9838893380777308,9.844045914699279e-05
86,32,1.0,6,0.18402084528327928,0.9814445081774894,0.00010354145728128219
86,32,1.0,7,0.21426444853382218,0.9794946218689013,0.00010646481729777183
86,32,1.0,8,0.24451790245726487,0.9780716098290593,0.00010789579183006283
86,32,1.0,9,0.27481019121225125,0.9771029020880044,0.00010819321269622077
86,32,1.0,10,0.3051555135775657,0.97649764344821,0.00010739377329079353
86,32,1.0,11,0.3355672589541882,0.9761956624121837,0.00010594084450659443
86,32,1.0,12,0.36604540138436364,0.9761210703583031,0.00010390786523749528
86,32,1.0,13,0.3966305484084733,0.9763213499285495,0.00010116253942348192
86,32,1.0,14,0.4272911209646622,0.9766654193477994,9.801436819084207e-05
86,32,1.0,15,0.45806702128728055,0.9772096454128651,9.448327447615018e-05
86,32,1.0,16,0.48893945918882487,0.9778789183776496,9.038722596964389e-05
86,32,1.0,17,0.5199394442205164,0.9787095420621484,8.597980730113124e-05
86,32,1.0,18,0.5510643569493643,0.9796699679099808,8.16443461539794e-05
86,32,1.0,19,0.5822733681588186,0.9806709358464312,7.696241680340452e-05
86,32,1.0,20,0.6136249056198243,0.9817998489917187,7.184369206097168e-05
86,32,1.0,21,0.6451291397454645,0.9830539272311837,6.676095910090444e-05
86,32,1.0,22,0.6766820884949888,0.9842648559927109,6.145903976220513e-05
86,32,1.0,23,0.7084681923318501,0.9856948762877916,5.565571700555877e-05
86,32,1.0,24,0.7403555721342947,0.987140762845726,5.019730293096714e-05
86,32,1.0,25,0.7724937774532411,0.9887920351401485,4.422325644991599e-05
86,32,1.0,26,0.804584091565171,0.9902573434648257,3.843575235408239e-05
86,32,1.0,27,0.8369106890274284,0.9918941499584334,3.1984048061932076e-05
86,32,1.0,28,0.8695735939096346,0.9937983930395824,2.63208994205318e-05
86,32,1.0,29,0.9025740133524291,0.9959437388716459,1.9686854939928427e-05
86,32,1.0,30,0.9357819953173184,0.9981674616718064,1.2805483514375882e-05
86,32,1.0,31,0.9687526084194539,1.000002692562017,5.349920748208637e-06
86,64,0.01,1,0.015624999999999997,0.9999999999999996,1.4953432667919247e-18
86,64,0.01,2,0.02386313277762847,0.763620248884111,0.00036488290295874306
86,64,0.01,3,0.02972008033917441,0.6340283805690541,0.00041840915926621796
86,64,0.01,4,0.03453295480853128,0.5525272769365005,0.0004352375890282252
86,64,0.01,5,0.038811115827626315,0.4967822825936168,0.0004409509236562978
86,64,0.01,6,0.04275568135687355,0.4560606011399844,0.00044116775961929223
86,64,0.01,7,0.046491661242918085,0.4250666170781082,0.0004406458447840542
86,64,0.01,8,0.05011585504846262,0.4009268403877009,0.00043896992283493373
86,64,0.01,9,0.05370247293781197,0.3818842520022183,0.00043838570085116054
86,64,0.01,10,0.05723337828739948,0.3662936210393566,0.00043679457484117727
86,64,0.01,11,0.060762958133547304,0.3535299382315479,0.00043630749833692585
86,64,0.01,12,0.06430165405462886,0.3429421549580206,0.000436121796028778
86,64,0.01,13,0.06787203485836348,0.3341392485334818,0.00043606552312423536
86,64,0.01,14,0.07149711898310213,0.3268439724941811,0.0004365436225819934
86,64,0.01,15,0.0751800635605241,0.32076827119156953,0.0004375297387856242
86,64,0.01,16,0.07890092471110693,0.3156036988444277,0.0004385157563617165
86,64,0.01,17,0.08270630216747751,0.31136490227756236,0.00044016313658619356
86,64,0.01,18,0.08657587212820368,0.3078253231225019,0.0004418709222541899
86,64,0.01,19,0.09057227780314774,0.30508556733691866,0.0004440483687185178
86,64,0.01,20,0.094685437190551,0.3029933990097632,0.00044636568638126975
86,64,0.01,21,0.09889600019005922,0.3013973339125614,0.0004489906104890742
86,64,0.01,22,0.103247528312353,0.3003564459995723,0.00045173140951236545
86,64,0.01,23,0.10773069913835544,0.29977238021107594,0.0004549739612050915
86,64,0.01,24,0.1123439172835996,0.29958377942293224,0.0004580919387165308
86,64,0.01,25,0.11715052302329364,0.29990533893963167,0.0004617580669646643
86,64,0.01,26,0.12213769485572956,0.30064663349102666,0.0004659638642443074
86,64,0.01,27,0.127301633519339,0.3017520201939888,0.0004702841766860976
86,64,0.01,28,0.13264870215952804,0.30319703350749266,0.0004745430003274387
86,64,0.01,29,0.13819722153815556,0.3049869716704123,0.0004791490745169889
86,64,0.01,30,0.1439732412119656,0.30714291458552667,0.00048377070056033317
86,64,0.01,31,0.15001475656848354,0.30970788452848214,0.0004888784241760497
86,64,0.01,32,0.15632439601355208,0.3126487920271041,0.0004944182142847084
86,64,0.01,33,0.16293663861890018,0.31599832944271544,0.0005001025726475652
86,64,0.01,34,0.16982676073682132,0.3196739025634283,0.0005055990449418586
86,64,0.01,35,0.17704681849645817,0.32374275382209494,0.0005118836538857009
86,64,0.01,36,0.18465303994393428,0.3282720710114387,0.000518122553425137
86,64,0.01,37,0.1926682705475054,0.3332640355416309,0.0005247692339189845
86,64,0.01,38,0.2010512678766971,0.33861266168706877,0.0005312340088300056
86,64,0.01,39,0.20993993014363505,0.34451680844083693,0.0005379855957845954
86,64,0.01,40,0.2193436750934876,0.35094988014958006,0.0005451558548436361
86,64,0.01,41,0.22926247527098093,0.3578731321303117,0.0005524130495992588
86,64,0.01,42,0.2397833860207019,0.36538420726964094,0.0005597128612493892
86,64,0.01,43,0.2509810935197372,0.37355325547123663,0.0005670783724206189
86,64,0.01,44,0.2629122522722714,0.3824178214869402,0.0005745853582637056
86,64,0.01,45,0.275666636325508,0.39205921610738903,0.0005820007189368485
86,64,0.01,46,0.289327635807671,0.40254279764545525,0.0005897473260931688
86,64,0.01,47,0.30398972648775485,0.41394345734502785,0.000597265171902103
86,64,0.01,48,0.31974233926045137,0.4263231190139351,0.0006041419635309347
86,64,0.01,49,0.3367666346976761,0.4398584616459442,0.0006109078050379427
86,64,0.01,50,0.3551986276240799,0.4546542433588222,0.0006169791702010953
86,64,0.01,51,0.37526232456618913,0.47091742690659016,0.0006221117241636715
86,64,0.01,52,0.3971335649208825,0.48877977221031693,0.0006261199507372528
86,64,0.01,53,0.4210943029915686,0.5084912338011394,0.0006286843265308093
86,64,0.01,54,0.44746412882455927,0.5303278563846628,0.000628538498781807
86,64,0.01,55,0.4766425025080629,0.5546385483730185,0.0006254454779153282
86,64,0.01,56,0.5091114495267137,0.5818416566019586,0.0006181511401948436
86,64,0.01,57,0.5454633349318114,0.6124500602743146,0.0006049080964865259
86,64,0.01,58,0.5864064505456337,0.6470691868089751,0.0005837506812350027
86,64,0.01,59,0.6330504140887975,0.6866987542658142,0.0005544285152023772
86,64,0.01,60,0.6872537880730588,0.7330707072779293,0.0005076063492428921
86,64,0.01,61,0.7490145853615262,0.7858513682481585,0.0004265800956518683
86,64,0.01,62,0.8219189591000353,0.8484324739097139,0.0003594966208429133
86,64,0.01,63,0.9843481835127409,0.9999727578542129,3.7401190725877464e-05
86,64,0.02,1,0.015624999999999998,0.9999999999999999,1.0164424820023542e-18
86,64,0.02,2,0.02484957185101843,0.7951862992325898,0.0003420672258229943
86,64,0.02,3,0.031803735099853736,0.678479682130213,0.0003995204379959363
86,64,0.02,4,0.03771075501393825,0.603372080223012,0.00041891818197536225
86,64,0.02,5,0.04307984764891642,0.5514220499061302,0.00042864135566957225
86,64,0.02,6,0.04812216012153251,0.5133030412963467,0.00043201207044316195
86,64,0.02,7,0.05295242505013011,0.4841364576011896,0.0004337086819003548
86,64,0.02,8,0.05766019217853797,0.46128153742830375,0.000434246937037962
86,64,0.02,9,0.06234935944655827,0.4433732227310811,0.00043527503646271354
86,64,0.02,10,0.06697998166284592,0.428671882642214,0.0004356990426370791
86,64,0.02,11,0.07161858636354776,0.41668995702427786,0.00043644210057947557
86,64,0.02,12,0.07628707354526916,0.40686439224143556,0.0004372183007152352
86,64,0.02,13,0.08099987785324095,0.3987686294313401,0.0004382706898496684
86,64,0.02,14,0.08578209347155652,0.39214671301282983,0.0004389431036388506
86,64,0.02,15,0.09064919555769159,0.3867699010461508,0.0004403783737175391
86,64,0.02,16,0.09554976021491017,0.3821990408596407,0.0004413283359622084
86,64,0.02,17,0.10057011097334485,0.3786168883702395,0.00044301287438059815
86,64,0.02,18,0.10569714310788644,0.37581206438359627,0.0004448562896550715
86,64,0.02,19,0.11095837041391556,0.37375451086792605,0.0004468148846001423
86,64,0.02,20,0.11633273353991055,0.37226474732771375,0.0004487407402075562
86,64,0.02,21,0.12185942157552905,0.37138109432542193,0.00045104228756153494
86,64,0.02,22,0.12755244393592688,0.37106165508633276,0.0004535035461547204
86,64,0.02,23,0.13339722907013554,0.37119228958646405,0.00045633618093487494
86,64,0.02,24,0.13940035121598404,0.37173426990929076,0.00045867112355349384
86,64,0.02,25,0.1456237928488083,0.37279690969294926,0.00046172100365539045
86,64,0.02,26,0.15204454513573892,0.37426349571874196,0.00046496383086695194
86,64,0.02,27,0.15868207797746595,0.376135295946586,0.00046835022718970956
86,64,0.02,28,0.16554564023004237,0.3783900348115254,0.0004716033649782726
86,64,0.02,29,0.1726334574478599,0.3809841819538977,0.0004749433369882105
86,64,0.02,30,0.1799988065500812,0.38399745397350654,0.00047815787240546416
86,64,0.02,31,0.18766101814530825,0.38742919875160414,0.00048164761826881557
86,64,0.02,32,0.19561208351255446,0.3912241670251089,0.0004852268975907969
86,64,0.02,33,0.20390979306393148,0.395461416851261,0.0004890321227806328
86,64,0.02,34,0.21252409558296892,0.40004535639147093,0.0004926734337750631
86,64,0.02,35,0.22149977127439197,0.4050281531874596,0.0004964655702114704
86,64,0.02,36,0.23089465399034545,0.4104793848717253,0.0005002042752224403
86,64,0.02,37,0.24076033967866506,0.41645031728201526,0.0005042598095330841
86,64,0.02,38,0.25104069286745423,0.4228053774609756,0.0005078759612775891
86,64,0.02,39,0.2618516869750642,0.4297053324719003,0.000511648559542823
86,64,0.02,40,0.27320459638723243,0.4371273542195719,0.0005151786531571008
86,64,0.02,41,0.2851058705891323,0.4450433101879137,0.0005186551078137856
86,64,0.02,42,0.2976435319195565,0.4535520486393242,0.000521979031088559
86,64,0.02,43,0.31086720084863284,0.4626860663793605,0.0005250960553915767
86,64,0.02,44,0.32482558359089636,0.4724735761322129,0.0005278381010270823
86,64,0.02,45,0.33961357614001675,0.4830059749546905,0.0005304439062881865
86,64,0.02,46,0.3553031017251443,0.4943347502262877,0.0005325350270860633
86,64,0.02,47,0.37198035275273117,0.5065264377909531,0.0005339398740449978
86,64,0.02,48,0.38970750317414216,0.5196100042321895,0.0005343970409682387
86,64,0.02,49,0.40863990563089714,0.5337337542934166,0.0005340315058331356
86,64,0.02,50,0.42886791231340404,0.5489509277611572,0.0005325482677603459
86,64,0.02,51,0.45057845796864543,0.5654317903920256,0.0005296806949611332
86,64,0.02,52,0.4739167050591461,0.5832820985343338,0.0005253770108649101
86,64,0.02,53,0.4990580011064476,0.6026360768077857,0.0005188088974845795
86,64,0.02,54,0.5262610174183869,0.6237167613847551,0.0005096675627291879
86,64,0.02,55,0.5557855141269775,0.646732234620483,0.0004973861707800636
86,64,0.02,56,0.5879454509127418,0.6719376581859906,0.0004812757744816813
86,64,0.02,57,0.6231460804357289,0.6996727920681869,0.000459524432591329
86,64,0.02,58,0.6616780018458324,0.7301274503126426,0.0004316291750927596
86,64,0.02,59,0.7045124064692547,0.7642168476954627,0.0003999326721868698
86,64,0.02,60,0.7528963759447643,0.8030894676744154,0.0003500200117469001
86,64,0.02,61,0.8043435062373526,0.843901383593288,0.00028323989392818784
86,64,0.02,62,0.8658906490342858,0.8938226054547466,0.00023486119127887495
86,64,0.02,63,0.9843516529071209,0.9999762823183451,2.6330687401145198e-05
86,64,0.03,1,0.015625000000000003,1.0000000000000002,0.0
86,64,0.03,2,0.02554473208720099,0.8174314267904317,0.0003262211529148907
86,64,0.03,3,0.03330445003764993,0.710494934136532,0.00038554160431688135
86,64,0.03,4,0.040042824471634826,0.6406851915461572,0.00040706422009860916
86,64,0.03,5,0.04623526508154265,0.5918113930437461,0.00041849968761784116
86,64,0.03,6,0.05210121337760291,0.5557462760277644,0.0004236246686929836
86,64,0.03,7,0.057765228954494846,0.5281392361553814,0.00042676519201499463
86,64,0.03,8,0.06331127512060518,0.5064902009648414,0.00042891194992000623
86,64,0.03,9,0.06884502708207321,0.4895646370280762,0.00043141551638412653
86,64,0.03,10,0.07432512607816004,0.47568080690022424,0.0004326031017971852
86,64,0.03,11,0.07981272912235222,0.46436496943914024,0.0004338296825015313
86,64,0.03,12,0.08533752355017171,0.4551334589342492,0.000434830446621318
86,64,0.03,13,0.09092387371626834,0.44762522444932107,0.0004359484138105971
86,64,0.03,14,0.0965777363293952,0.44149822322009236,0.0004364810783871862
86,64,0.03,15,0.10233306301367223,0.43662106885833496,0.00043768297778912696
86,64,0.03,16,0.10814209392862553,0.43256837571450213,0.000438562344907973
86,64,0.03,17,0.11408794504249692,0.42950755780704725,0.0004398807976626828
86,64,0.03,18,0.12013608216068122,0.4271505143490888,0.00044133016561668777
86,64,0.03,19,0.12634396612021642,0.4255796753523079,0.0004429748208699299
86,64,0.03,20,0.1326893271161493,0.42460584677167773,0.00044456876167107485
86,64,0.03,21,0.13919273086233,0.42420641786614854,0.00044632908158312055
86,64,0.03,22,0.14587394999620396,0.4243605818071388,0.00044810038050004857
86,64,0.03,23,0.15272904772880955,0.42498517628886134,0.0004503702545856563
86,64,0.03,24,0.15975973881502165,0.4260259701733911,0.0004520268645963422
86,64,0.03,25,0.16701690423578044,0.427563274843598,0.0004541131584529907
86,64,0.03,26,0.17448365730198273,0.4294982333587267,0.0004564308621850804
86,64,0.03,27,0.18218262659990156,0.43184030008865554,0.00045880883159647175
86,64,0.03,28,0.19012925296564007,0.43458114963574873,0.00046099069023170647
86,64,0.03,29,0.19831893615011803,0.43766937633129493,0.0004632986072654629
86,64,0.03,30,0.20680362291557253,0.4411810622198881,0.0004653228725607993
86,64,0.03,31,0.21559379117735236,0.4450968592048565,0.0004676189784915776
86,64,0.03,32,0.22470870206892327,0.44941740413784653,0.00046995361274986864
86,64,0.03,33,0.23415788768924206,0.45412438824580287,0.00047219665759233305
86,64,0.03,34,0.24395419190344567,0.45920789064178014,0.0004743585742137479
86,64,0.03,35,0.254119180851174,0.46467507355643256,0.00047630323674920723
86,64,0.03,36,0.2647161416278177,0.4706064740050092,0.000478253916601755
86,64,0.03,37,0.27576898647266584,0.4770058144392058,0.00048031352949088723
86,64,0.03,38,0.28726082737749503,0.48380770926735994,0.0004818300107302541
86,64,0.03,39,0.2992914406961868,0.4911449283219476,0.0004832386168086391
86,64,0.03,40,0.3118449230956957,0.4989518769531132,0.0004843089380771249
86,64,0.03,41,0.3249628057018756,0.5072590137785375,0.00048523523396829676
86,64,0.03,42,0.33870959102251363,0.516128900605735,0.00048577178262953943
86,64,0.03,43,0.3531164614222931,0.5255686867680641,0.000486279177393061
86,64,0.03,44,0.3682349527884111,0.5356144767831434,0.00048602032543495344
86,64,0.03,45,0.38414542377185557,0.5463401582533057,0.000485368659912456
86,64,0.03,46,0.4009115115053531,0.557789929050926,0.0004840616598114127
86,64,0.03,47,0.41860429571220814,0.5700143601187515,0.0004820397525468457
86,64,0.03,48,0.43726446974332944,0.583019292991106,0.00047892469482394007
86,64,0.03,49,0.45702537583754815,0.5969311031347567,0.00047481059025870713
86,64,0.03,50,0.47795437987850725,0.6117816062444893,0.00046949149727743965
86,64,0.03,51,0.5002156794972219,0.6277216370161216,0.00046282554939827117
86,64,0.03,52,0.5239162235991758,0.6448199675066778,0.0004544770789648447
86,64,0.03,53,0.5491673701347799,0.6631455035589796,0.00044411119031332496
86,64,0.03,54,0.5761805937205005,0.6828807036687412,0.0004312555525930713
86,64,0.03,55,0.6051386566653687,0.7041613459378835,0.00041578909694098775
86,64,0.03,56,0.63628382387995,0.727181513005657,0.0003970310377958911
86,64,0.03,57,0.6698399148299117,0.7521009570020061,0.0003728534825807396
86,64,0.03,58,0.7059265572880054,0.7789534425246956,0.00034528821615122725
86,64,0.03,59,0.745708426457106,0.8089040558178776,0.0003156523626979141
86,64,0.03,60,0.789489317623581,0.8421219387984865,0.0002664556732467368
86,64,0.03,61,0.8341612600350105,0.8751855842990274,0.0002155748756023361
86,64,0.03,62,0.8894009559669335,0.9180913093852217,0.00017285570675885326
86,64,0.03,63,0.9843595645575351,0.9999843195505119,2.1343349346311457e-05
86,64,0.04,1,0.015624999999999997,0.9999999999999998,1.5833046354267437e-18
86,64,0.04,2,0.02609037628529528,0.8348920411294489,0.00031277260395204507
86,64,0.04,3,0.03448903440827858,0.7357660673766098,0.0003740751481094108
86,64,0.04,4,0.041892619381231865,0.6702819100997098,0.00039840365804087014
86,64,0.04,5,0.04876106640509317,0.6241416499851926,0.0004106059827133285
86,64,0.04,6,0.05530564478737101,0.5899268777319575,0.0004172210293239966
86,64,0.04,7,0.06165606353796056,0.5637125809184965,0.00042136068403281175
86,64,0.04,8,0.06788378531804713,0.5430702825443771,0.00042423682266066185
86,64,0.04,9,0.07409819024301734,0.5269204639503454,0.00042715571972228185
86,64,0.04,10,0.08027994491408594,0.51379164745015,0.0004292387448486013
86,64,0.04,11,0.08647263232495662,0.503113497163384,0.0004305954554947314
86,64,0.04,12,0.09270470859461236,0.49442511250459925,0.0004319733212778286
86,64,0.04,13,0.09901364201564887,0.48745177607704065,0.00043328964998211675
86,64,0.04,14,0.10540119365834735,0.481834028152445,0.0004341530040178367
86,64,0.04,15,0.11187316384905832,0.47732549908931554,0.00043535720645938
86,64,0.04,16,0.11842264514724547,0.4736905805889819,0.0004362730159064748
86,64,0.04,17,0.12513245115067137,0.4710868749201746,0.00043758722777643023
86,64,0.04,18,0.13194524943356983,0.46913866465269266,0.00043877380736446575
86,64,0.04,19,0.13891303549816877,0.46791759325698956,0.00044025230779894397
86,64,0.04,20,0.14602826754827058,0.4672904561544659,0.00044163588005040696
86,64,0.04,21,0.15331534724868157,0.4672467725674105,0.00044295147892549737
86,64,0.04,22,0.16079859179654427,0.467777721589947,0.000444216521198335
86,64,0.04,23,0.16844588345936337,0.4687189800608371,0.0004457772030969676
86,64,0.04,24,0.17629060760841542,0.4701082869557745,0.0004468621937511216
86,64,0.04,25,0.1843637616863999,0.4719712299171838,0.0004483598857470017
86,64,0.04,26,0.1926541529641601,0.4742256072963942,0.0004498815317321745
86,64,0.04,27,0.20118165154401532,0.47687502588211034,0.00045139384467200266
86,64,0.04,28,0.20996082446545375,0.4799104559210371,0.00045279345632518304
86,64,0.04,29,0.21899062881994805,0.48328966360264397,0.0004542096853194533
86,64,0.04,30,0.22833509820373216,0.48711487616796195,0.0004553521615210522
86,64,0.04,31,0.23798023765643037,0.4913140390326304,0.0004566841375962853
86,64,0.04,32,0.24794570078500083,0.49589140157000167,0.00045789123851299466
86,64,0.04,33,0.2582702725003599,0.5008878012128193,0.0004590096974782892
86,64,0.04,34,0.26894531766682206,0.5062500097257827,0.000459906875968608
86,64,0.04,35,0.2799827904621878,0.5119685311308577,0.0004605665904853548
86,64,0.04,36,0.2914388049542535,0.518113431029784,0.000461119929176797
86,64,0.04,37,0.30335361970737107,0.5247197746289662,0.00046155707703305254
86,64,0.04,38,0.315701185637132,0.5317072600204329,0.00046151130300668653
86,64,0.04,39,0.3285659078027004,0.5391850794710981,0.00046127536771653266
86,64,0.04,40,0.3419431200551459,0.5471089920882335,0.00046073169100701715
86,64,0.04,41,0.3558700250759314,0.5555044293868198,0.00045985920513390944
86,64,0.04,42,0.3703979592858544,0.564415937959397,0.00045854774437187345
86,64,0.04,43,0.38556226561932766,0.5738601162706272,0.0004569449287737404
86,64,0.04,44,0.40140084894352135,0.5838557802814855,0.00045455089016536873
86,64,0.04,45,0.4179817480720741,0.5944629305913942,0.0004517526435351741
86,64,0.04,46,0.4353673138437993,0.6057284366522424,0.00044826058708162276
86,64,0.04,47,0.4536021149846335,0.6176709650854584,0.00044399062413050326
86,64,0.04,48,0.4727330906528014,0.6303107875370686,0.0004386616611579011
86,64,0.04,49,0.49287096182383106,0.6437498276882692,0.00043232517875392204
86,64,0.04,50,0.5140551791537933,0.6579906293168554,0.00042477452978187196
86,64,0.04,51,0.5364319216823339,0.6731694703464582,0.0004159289042896504
86,64,0.04,52,0.5600882098724497,0.6893393352276305,0.00040545581410554555
86,64,0.04,53,0.5850950540737234,0.7065298766173264,0.0003931764932808633
86,64,0.04,54,0.6116123127345322,0.7248738521298159,0.0003786292855320192
86,64,0.04,55,0.6397975377464407,0.7444916802867673,0.0003620930188353406
86,64,0.04,56,0.6698619587864915,0.7655565243274188,0.0003423132769657202
86,64,0.04,57,0.7018380744368383,0.7880287151571518,0.0003176393363460435
86,64,0.04,58,0.735860850776081,0.8119843870632617,0.0002920653134875885
86,64,0.04,59,0.7732847066591483,0.8388173089183981,0.0002636922854825008
86,64,0.04,60,0.8132565306227931,0.8674736326643128,0.00021687859474711678
86,64,0.04,61,0.8535323716385249,0.8955093735223869,0.00017764061426203727
86,64,0.04,62,0.9042289346998628,0.9333976100127616,0.00013699022457366706
86,64,0.04,63,0.9843526184639436,0.9999772632014664,1.8483711056116103e-05
86,64,0.05,1,0.015624999999999993,0.9999999999999996,0.0
86,64,0.05,2,0.02653995740365222,0.849278636916871,0.0003010945351773835
86,64,0.05,3,0.035468605067735776,0.7566635747783632,0.00036301634591694957
86,64,0.05,4,0.0434332806583655,0.694932490533848,0.00038890741524204704
86,64,0.05,5,0.050881200268629495,0.6512793634384576,0.0004027868915427288
86,64,0.05,6,0.05800434098947702,0.6187129705544215,0.0004102325666369316
86,64,0.05,7,0.06493881397143138,0.5937262991673725,0.00041491872872406353
86,64,0.05,8,0.07175238949573687,0.5740191159658949,0.00041846622113313626
86,64,0.05,9,0.07855946908778651,0.5586451135131485,0.0004215602117196604
86,64,0.05,10,0.08534351043032815,0.5461984667541001,0.0004239056473816698
86,64,0.05,11,0.0921481997248218,0.536134980217145,0.00042589667520763713
86,64,0.05,12,0.09898863869932678,0.5279394063964095,0.0004271975817110655
86,64,0.05,13,0.10591640799849862,0.5214346239926088,0.0004285952552791397
86,64,0.05,14,0.1129206723998321,0.5162087881135182,0.00042937743090960953
86,64,0.05,15,0.12001609544530116,0.5120686738999516,0.00043047645792028936
86,64,0.05,16,0.12720382957302023,0.5088153182920809,0.00043127753672284183
86,64,0.05,17,0.13454977696567857,0.5065403368119664,0.00043225391566156514
86,64,0.05,18,0.14201619471913984,0.5049464701124973,0.0004333209871514321
86,64,0.05,19,0.1496355980285103,0.5040356986223504,0.00043457983213636496
86,64,0.05,20,0.15739549030780892,0.5036655689849886,0.00043557028524617383
86,64,0.05,21,0.1653409504223205,0.5038962298585006,0.00043641276860219053
86,64,0.05,22,0.17348531304155468,0.5046845470299772,0.0004372149059751386
86,64,0.05,23,0.18180192866163405,0.5058836275801991,0.00043821460250846904
86,64,0.05,24,0.19031814937990657,0.5075150650130841,0.00043893220539621507
86,64,0.05,25,0.1990609846492762,0.5095961207021471,0.0004397261278162558
86,64,0.05,26,0.20803045455554278,0.5120749650597978,0.0004404667808207092
86,64,0.05,27,0.21724181763871978,0.5149435677362247,0.0004412023671684724
86,64,0.05,28,0.22670871660754263,0.5181913522458117,0.0004419191066822972
86,64,0.05,29,0.23642345555311375,0.5217621088068718,0.000442491274364783
86,64,0.05,30,0.2464531335020221,0.5257666848043139,0.00044282206644550773
86,64,0.05,31,0.25678949736367307,0.5301460590733896,0.00044329913934978684
86,64,0.05,32,0.26743290790984064,0.5348658158196813,0.00044351488074105793
86,64,0.05,33,0.27843407207006593,0.5399933518934612,0.00044362285926624856
86,64,0.05,34,0.2897857037789202,0.545478971819144,0.00044338172399478455
86,64,0.05,35,0.30148915301552276,0.5512944512283844,0.00044293988158772155
86,64,0.05,36,0.3136087322515321,0.5575266351138348,0.00044239762607093265
86,64,0.05,37,0.3261642805952206,0.5641760529214627,0.0004416542359714422
86,64,0.05,38,0.33915715164409604,0.571212044874267,0.0004404255152184702
86,64,0.05,39,0.3526348299172603,0.5786827978129401,0.00043901352263747446
86,64,0.05,40,0.36661216249299305,0.5865794599887889,0.000437258213024249
86,64,0.05,41,0.3811195098419451,0.5949182592654754,0.0004350789448266547
86,64,0.05,42,0.3962007925733471,0.603734541064148,0.00043240063476830356
86,64,0.05,43,0.4118710305824405,0.6130173478436325,0.0004293050869851183
86,64,0.05,44,0.4281915922887716,0.6228241342382134,0.00042561203319053026
86,64,0.05,45,0.44519454469894726,0.6331655746829472,0.0004214011382889398
86,64,0.05,46,0.4629429171622162,0.6440944934430833,0.0004164704120965743
86,64,0.05,47,0.48148676235817894,0.6556415487430521,0.00041071543495537285
86,64,0.05,48,0.5008570607833641,0.6678094143778187,0.00040396660157456557
86,64,0.05,49,0.5211390176474385,0.6806713699884912,0.00039628267687015034
86,64,0.05,50,0.5423673978039338,0.6942302691890353,0.0003874617314324755
86,64,0.05,51,0.5646623793041823,0.7085959269699542,0.0003773491457288913
86,64,0.05,52,0.5880977840274423,0.7238126572645445,0.0003658618428793499
86,64,0.05,53,0.612736271837523,0.739907950898141,0.00035257897512967073
86,64,0.05,54,0.6386673571898205,0.7569390900027503,0.0003374115402780083
86,64,0.05,55,0.6660754102665004,0.7750695683101096,0.00032072789149209004
86,64,0.05,56,0.695114092360083,0.7944161055543805,0.0003007624923364716
86,64,0.05,57,0.7256456905904741,0.8147600736454447,0.0002765965265418536
86,64,0.05,58,0.7579678973811264,0.8363783695240017,0.00025352047208640786
86,64,0.05,59,0.7934663134797781,0.8607092214017934,0.00022589548179641867
86,64,0.05,60,0.8302831767217599,0.8856353885032104,0.00018276009668153533
86,64,0.05,61,0.8675073753917536,0.9101716725421677,0.00015135019008116423
86,64,0.05,62,0.914520693989269,0.9440213615373099,0.00011263185246275613
86,64,0.05,63,0.9843469144608221,0.999971468658613,1.6495990812366425e-05
86,64,0.06,1,0.015625000000000007,1.0000000000000004,7.297535768222032e-19
86,64,0.06,2,0.02692238660245875,0.86151637127868,0.00028989028797074036
86,64,0.06,3,0.03631002562321399,0.7746138799618985,0.0003528011194995462
86,64,0.06,4,0.04475995998147488,0.7161593597035981,0.000380022479387378
86,64,0.06,5,0.052709770662382596,0.6746850644784972,0.00039443282018138224
86,64,0.06,6,0.060349017453717166,0.6437228528396497,0.00040249088584464783
86,64,0.06,7,0.06779066004445738,0.6198003204064675,0.00040735372222626566
86,64,0.06,8,0.0751307248207506,0.6010457985660048,0.00041134544368662626
86,64,0.06,9,0.08246132844561631,0.5863916689466049,0.00041495684761867465
86,64,0.06,10,0.0897742058376127,0.5745549173607213,0.0004173618374061329
86,64,0.06,11,0.09711163821271558,0.5650131677830724,0.0004192222998275568
86,64,0.06,12,0.10449242323660027,0.5572929239285348,0.00042053541333416847
86,64,0.06,13,0.11195314657143496,0.5511539523516797,0.0004218432180874769
86,64,0.06,14,0.11949848250777798,0.5462787771784136,0.0004227170881175065
86,64,0.06,15,0.12714025930639922,0.5424651063739699,0.000423672680170134
86,64,0.06,16,0.13488117679579892,0.5395247071831957,0.0004244213356743343
86,64,0.06,17,0.14278636050406726,0.5375486513094297,0.0004251225024253689
86,64,0.06,18,0.15080968522313484,0.5362122141267017,0.0004257757220785175
86,64,0.06,19,0.15899363192868768,0.5355574970229481,0.00042672099468845715
86,64,0.06,20,0.16731483430929842,0.5354074697897548,0.0004273702362158042
86,64,0.06,21,0.17582446681873182,0.5358459941142303,0.0004277132946435319
86,64,0.06,22,0.18453569409188836,0.5368311100854934,0.0004281464998414437
86,64,0.06,23,0.19342016158289643,0.5382126235350162,0.0004285620437033332
86,64,0.06,24,0.20249818910796522,0.5399951709545738,0.0004287782270012333
86,64,0.06,25,0.21180690804431676,0.5422256845934509,0.00042898060480975754
86,64,0.06,26,0.22134241788134856,0.544842874784858,0.0004290255188542731
86,64,0.06,27,0.23112120637781972,0.5478428595622393,0.0004290601631231245
86,64,0.06,28,0.24115930408788755,0.5512212664866001,0.00042903750022167176
86,64,0.06,29,0.2514452866565087,0.5549137360695364,0.00042899971286565415
86,64,0.06,30,0.262049908618394,0.5590398050525739,0.0004286791805755743
86,64,0.06,31,0.27295136147361054,0.563512488203583,0.0004284080348034532
86,64,0.06,32,0.28415654957572845,0.5683130991514569,0.000427886320790616
86,64,0.06,33,0.29570085785638534,0.5734804516002624,0.0004271492463211351
86,64,0.06,34,0.3075953406850921,0.5790029942307615,0.00042607705537008045
86,64,0.06,35,0.3198277035327544,0.584827800745608,0.0004248069107530702
86,64,0.06,36,0.3324628205091809,0.5910450142385437,0.0004233519573559834
86,64,0.06,37,0.34553145225017107,0.5976760255138094,0.0004216530111669188
86,64,0.06,38,0.35901858437552575,0.6046628789482539,0.00041950499223909385
86,64,0.06,39,0.372969775179621,0.6120529643973267,0.0004171700883713934
86,64,0.06,40,0.38740252510545237,0.6198440401687237,0.0004143910354123351
86,64,0.06,41,0.40233587967032425,0.6280364950951401,0.00041127398973990725
86,64,0.06,42,0.4178147248507423,0.6366700569154167,0.0004076958560450256
86,64,0.06,43,0.43385125911387173,0.6457321065880882,0.000403599961870699
86,64,0.06,44,0.4504904219255736,0.6552587955281071,0.0003988847571875495
86,64,0.06,45,0.4677642131034711,0.6652646586360477,0.00039371074786993733
86,64,0.06,46,0.48573499829094485,0.6758052150134884,0.00038775478794838316
86,64,0.06,47,0.50444138013284,0.6868989006064203,0.00038105368271176815
86,64,0.06,48,0.5239150241936235,0.6985533655914979,0.0003734589114048356
86,64,0.06,49,0.5442092833790253,0.7108039619644411,0.00036490068175909474
86,64,0.06,50,0.5653659278091406,0.7236683875957001,0.0003552957970842981
86,64,0.06,51,0.587488293871536,0.7372402119172217,0.000344566000229047
86,64,0.06,52,0.6106274870041872,0.751541522466692,0.000332546323290925
86,64,0.06,53,0.6348331820498282,0.766591012286585,0.0003188646110235732
86,64,0.06,54,0.6601689738736799,0.782422487553991,0.00030365400065150754
86,64,0.06,55,0.68683315859272,0.7992240390897105,0.00028731097305780413
86,64,0.06,56,0.7149298576718099,0.8170626944820686,0.0002674644668552305
86,64,0.06,57,0.744181145405449,0.8355718123850655,0.00024451415688955477
86,64,0.06,58,0.7750975343536821,0.8552800379075114,0.00022368726547947602
86,64,0.06,59,0.8089248284162716,0.8774777799769726,0.00019658711752832615
86,64,0.06,60,0.8431470970052961,0.8993569034723158,0.00015788888264577715
86,64,0.06,61,0.8781595000434647,0.9213476721767496,0.00013156487091548817
86,64,0.06,62,0.9220877298195131,0.9518324952975619,9.518419358778857e-05
86,64,0.06,63,0.9843491790330329,0.9999737691764142,1.4954727503295842e-05
86,64,0.07,1,0.015624999999999995,0.9999999999999997,1.2733455269040483e-18
86,64,0.07,2,0.027254604248152306,0.8721473359408738,0.0002802525840403836
86,64,0.07,3,0.037054505955756496,0.7904961270561386,0.00034281503174145934
86,64,0.07,4,0.04593407822292639,0.7349452515668222,0.00037079513799119837
86,64,0.07,5,0.054332548129678256,0.6954566160598816,0.00038629490695787406
86,64,0.07,6,0.06242698709762801,0.6658878623746988,0.00039485840171551105
86,64,0.07,7,0.07032932120310821,0.6430109367141322,0.0004004204211578803
86,64,0.07,8,0.07813229020048353,0.6250583216038682,0.00040476336786855874
86,64,0.07,9,0.08592214509689133,0.6110019206890049,0.0004084901863271426
86,64,0.07,10,0.09369959044150812,0.599677378825652,0.000410840386875717
86,64,0.07,11,0.10150855441921182,0.5905952257117777,0.0004127758628748838
86,64,0.07,12,0.10936360038464707,0.5832725353847843,0.00041428007683192743
86,64,0.07,13,0.11730178343568788,0.5774857030680018,0.0004155640223936978
86,64,0.07,14,0.12532266609852255,0.5729036164503888,0.00041620315774359957
86,64,0.07,15,0.1334418469231101,0.5693518802052697,0.00041716408504764816
86,64,0.07,16,0.14167322694569306,0.5666929077827723,0.000417686020738963
86,64,0.07,17,0.15006306461860427,0.564943302093569,0.0004180245377173644
86,64,0.07,18,0.1585716200279062,0.5638102045436665,0.0004183959077012785
86,64,0.07,19,0.16723722634745647,0.5633253940124848,0.0004188970906819674
86,64,0.07,20,0.17604534375131736,0.5633451000042156,0.00041921791006606417
86,64,0.07,21,0.18505110536516028,0.5639652734938218,0.0004192139188028992
86,64,0.07,22,0.19425390500294087,0.5651022690994643,0.0004194248897609967
86,64,0.07,23,0.2036340714703609,0.5666339380044825,0.00041943562219404294
86,64,0.07,24,0.21320515633918924,0.5685470835711712,0.0004192499423107007
86,64,0.07,25,0.22300561669612742,0.5708943787420863,0.00041888743582897724
86,64,0.07,26,0.2330346376515349,0.5736237234499321,0.00041853351310340505
86,64,0.07,27,0.2433015227261043,0.5767147205359509,0.0004180605832671885
86,64,0.07,28,0.2538120877707534,0.5801419149045792,0.00041747231922522406
86,64,0.07,29,0.26457907088149163,0.5838986391867401,0.00041683212331372486
86,64,0.07,30,0.2756491180846252,0.5880514519138672,0.000415914210294054
86,64,0.07,31,0.28702597169078176,0.5925697480067752,0.00041493868598170054
86,64,0.07,32,0.29868997330052044,0.5973799466010409,0.00041380154371233686
86,64,0.07,33,0.3106776775940734,0.6025264050309302,0.00041235353042091646
86,64,0.07,34,0.32301690570264163,0.6080318224990902,0.00041064194291132557
86,64,0.07,35,0.33568096797212177,0.6138166271490226,0.00040867788056904946
86,64,0.07,36,0.34873743018571524,0.6199776536634938,0.0004064180113424726
86,64,0.07,37,0.3622122903769893,0.6265293671385761,0.0004040284019131087
86,64,0.07,38,0.37608279201660416,0.6334025970805963,0.00040123731301399513
86,64,0.07,39,0.39040492128077753,0.6406644862043529,0.0003981476984306794
86,64,0.07,40,0.4051863853080608,0.6482982164928972,0.00039466857966347736
86,64,0.07,41,0.42043366603090404,0.6562866981945819,0.00039076846055608827
86,64,0.07,42,0.43619728648910905,0.6646815794119756,0.0003863295614731452
86,64,0.07,43,0.45249842939872215,0.6734860344539119,0.00038154727278029253
86,64,0.07,44,0.4693542121909068,0.6826970359140462,0.00037608133945301844
86,64,0.07,45,0.48681412377209543,0.6923578649203135,0.00037016815299074256
86,64,0.07,46,0.5049246276993468,0.7025038298425693,0.00036355089659333785
86,64,0.07,47,0.5237009416493094,0.7131246865011872,0.00035615687865186914
86,64,0.07,48,0.5431793960565998,0.724239194742133,0.00034796329034620825
86,64,0.07,49,0.5634296363350979,0.7359080964376788,0.00033884241601825544
86,64,0.07,50,0.5844490329940171,0.7480947622323418,0.00032874412274709315
86,64,0.07,51,0.606355533202279,0.7609167475479579,0.0003177023082830431
86,64,0.07,52,0.6291782924905605,0.7743732830653051,0.0003054763746741439
86,64,0.07,53,0.6529501717751502,0.7884681319548984,0.0002916146822848652
86,64,0.07,54,0.6777181175203802,0.8032214726167468,0.00027665866809158313
86,64,0.07,55,0.7037074836091348,0.8188596172906296,0.0002607707106871005
86,64,0.07,56,0.7309366518788167,0.8353561735757905,0.00024113493589474397
86,64,0.07,57,0.759060341280356,0.8522782779288207,0.00021958173505001163
86,64,0.07,58,0.7888247182052001,0.8704272752609103,0.0002005930453231162
86,64,0.07,59,0.8212235762517659,0.8908187945781867,0.00017396331420752628
86,64,0.07,60,0.8532967371625799,0.9101831863067519,0.00013933589426186612
86,64,0.07,61,0.8865810594814011,0.9301834066690111,0.00011631428814206133
86,64,0.07,62,0.9278983889784285,0.9578305950745067,8.239236369886896e-05
86,64,0.07,63,0.9843490495595145,0.9999736376477607,1.3769955864694664e-05
86,64,0.08,1,0.015625,1.0,0.0
86,64,0.08,2,0.027541167795440382,0.8813173694540922,0.00027122120289950296
86,64,0.08,3,0.03770294330928828,0.8043294572648166,0.00033426625073700863
86,64,0.08,4,0.04697171522836366,0.7515474436538185,0.0003632728652881924
86,64,0.08,5,0.055774301188667184,0.7139110552149399,0.00037919547854252736
86,64,0.08,6,0.0642841416619061,0.6856975110603318,0.0003884354570753847
86,64,0.08,7,0.072605150972584,0.6638185231779108,0.0003946202411136989
86,64,0.08,8,0.08083119738940532,0.6466495791152426,0.000399187963497592
86,64,0.08,9,0.08904923379148573,0.6332389958505652,0.00040295437986574386
86,64,0.08,10,0.09725660468378473,0.6224422699762222,0.0004053093460425326
86,64,0.08,11,0.10549087462408985,0.6137650887219773,0.0004071629978228653
86,64,0.08,12,0.11377304157927629,0.6067895550894735,0.0004087099492403765
86,64,0.08,13,0.12214339986790396,0.6013213531958349,0.0004096947512544326
86,64,0.08,14,0.1306033935379324,0.5970440847448338,0.00041029917666915964
86,64,0.08,15,0.13915586471263017,0.5937316894405554,0.00041095673305192225
86,64,0.08,16,0.14782304029630075,0.591292161185203,0.00041120144375470907
86,64,0.08,17,0.15664471962247303,0.5897212974022513,0.00041135613099487454
86,64,0.08,18,0.1655839026268824,0.588742764895582,0.000411567052470518
86,64,0.08,19,0.1746836435429408,0.5884080624604322,0.000411833157946089
86,64,0.08,20,0.18393241248381434,0.5885837199482058,0.00041197275763850286
86,64,0.08,21,0.1933743364392153,0.5893313110528466,0.0004116889825804503
86,64,0.08,22,0.2030114823237703,0.59057885766915,0.0004115203134457688
86,64,0.08,23,0.2128291972887008,0.592220375064211,0.00041126787722483877
86,64,0.08,24,0.22282850866264323,0.5942093564337153,0.00041068485331385585
86,64,0.08,25,0.23306320607230488,0.5966418075451005,0.00040996656827604704
86,64,0.08,26,0.2435163972705947,0.5994249778968486,0.00040918956032477216
86,64,0.08,27,0.25421126720017556,0.6025748555856012,0.00040827984719787864
86,64,0.08,28,0.26513854637808115,0.6060309631498998,0.00040715201876932375
86,64,0.08,29,0.2763248547471823,0.60982036909723,0.00040600606635578023
86,64,0.08,30,0.28779613514489516,0.6139650883091097,0.0004045571778238875
86,64,0.08,31,0.2995696701454046,0.618466415784061,0.00040309364122791184
86,64,0.08,32,0.31162254795151795,0.6232450959030359,0.0004014055221109409
86,64,0.08,33,0.323993370667995,0.6283507794773235,0.0003993778011655605
86,64,0.08,34,0.33670834764961033,0.6338039485169136,0.0003971144984636382
86,64,0.08,35,0.34973455252151237,0.6395146103250512,0.00039449956911263644
86,64,0.08,36,0.36313996039481905,0.6455821518130116,0.00039170815450809273
86,64,0.08,37,0.3769408966082474,0.6520058752142658,0.00038874364874791947
86,64,0.08,38,0.39112510766264025,0.6587370234318153,0.0003853778914209152
86,64,0.08,39,0.4057356575201139,0.6658226174689049,0.00038166329889961553
86,64,0.08,40,0.42077964313462685,0.6732474290154029,0.0003775228980122998
86,64,0.08,41,0.4362676714299651,0.6810031944272625,0.0003730351955255963
86,64,0.08,42,0.45225075706517537,0.6891440107659814,0.00036797408568006035
86,64,0.08,43,0.46873166705244884,0.6976471323571332,0.0003625658422450094
86,64,0.08,44,0.4857393786026965,0.7065300052402859,0.00035650397388043516
86,64,0.08,45,0.5033091525002981,0.7158174613337572,0.0003500332102288978
86,64,0.08,46,0.5214819030452218,0.725540039019439,0.0003429234585348859
86,64,0.08,47,0.5402730567062399,0.7356909708340288,0.0003350752394945985
86,64,0.08,48,0.5597159545683944,0.746287939424526,0.0003265071040618789
86,64,0.08,49,0.5798686325368201,0.7573794384154385,0.00031700761321039886
86,64,0.08,50,0.6007254097440623,0.7689285244723999,0.00030660467503058615
86,64,0.08,51,0.6223861252937405,0.7810335689960665,0.0002954538243337771
86,64,0.08,52,0.6448902509858604,0.7937110781364435,0.0002831189377358861
86,64,0.08,53,0.6682304832407865,0.8069198288190629,0.00026925735358229453
86,64,0.08,54,0.6924658512663323,0.820700268167505,0.00025468855875995664
86,64,0.08,55,0.7178342788509078,0.8352980699356017,0.00023923542645532144
86,64,0.08,56,0.7442589941043866,0.8505817075478703,0.00021994492138098263
86,64,0.08,57,0.7714063081220278,0.8661404161370136,0.00019986242102541484
86,64,0.08,58,0.800183765000446,0.8829613958625612,0.0001821543750574412
86,64,0.08,59,0.8312311239725032,0.9016744395633933,0.00015605930388818643
86,64,0.08,60,0.8615621609266633,0.9189996383217741,0.00012541668121665445
86,64,0.08,61,0.8934711032430769,0.9374123050419167,0.00010441102673834297
86,64,0.08,62,0.9325502337226587,0.9626324993266154,7.267252656492781e-05
86,64,0.08,63,0.9843563999305176,0.9999811046913194,1.28168890065137e-05
86,64,0.09,1,0.015624999999999998,0.9999999999999999,1.025130024583571e-18
86,64,0.09,2,0.0277965483515907,0.8894895472509023,0.00026274670876718845
86,64,0.09,3,0.03827647712587736,0.8165648453520503,0.0003256482518976752
86,64,0.09,4,0.04790036326692664,0.7664058122708263,0.00035502877598282164
86,64,0.09,5,0.0570650352023982,0.7304324505906971,0.0003715435986703545
86,64,0.09,6,0.06594584394262548,0.7034223353880051,0.0003812122999204356
86,64,0.09,7,0.0746429203476958,0.6824495574646474,0.0003877283913538639
86,64,0.09,8,0.08324993820014923,0.6659995056011938,0.00039274678312570114
86,64,0.09,9,0.09184928146624921,0.6531504459822166,0.00039666908410242754
86,64,0.09,10,0.10044343634363229,0.6428379925992467,0.0003993477657096946
86,64,0.09,11,0.1090605587636487,0.6345341600794107,0.000401130516057078
86,64,0.09,12,0.11772689747050005,0.6278767865093335,0.00040277987999958414
86,64,0.09,13,0.12648945639996614,0.6227173238152179,0.0004038750248120327
86,64,0.09,14,0.13533280127215766,0.6186642343870064,0.0004043639985613107
86,64,0.09,15,0.144276776030296,0.6155809110625964,0.00040489845087875507
86,64,0.09,16,0.15332714953860851,0.6133085981544341,0.0004050748939248108
86,64,0.09,17,0.16253646534675467,0.6119019871877823,0.00040503487515014286
86,64,0.09,18,0.17186495756153408,0.6110754046632324,0.00040509989153637984
86,64,0.09,19,0.18135078449537922,0.610865800405488,0.00040508799615143407
86,64,0.09,20,0.19098214396405583,0.6111428606849787,0.00040498510954901023
86,64,0.09,21,0.20080836109218625,0.6119873861857105,0.00040433453183100047
86,64,0.09,22,0.2108285210342934,0.6133193339179445,0.00040384329282732183
86,64,0.09,23,0.22102730676519144,0.6150325057814022,0.0004033121090315386
86,64,0.09,24,0.23140270133635538,0.617073870230281,0.0004024394683045394
86,64,0.09,25,0.24200792452289213,0.619540286778604,0.0004013581581381712
86,64,0.09,26,0.25283350606591526,0.6223593995468684,0.00040014596450353224
86,64,0.09,27,0.26388657611728916,0.6255089211669077,0.0003987881275980354
86,64,0.09,28,0.27517512638260466,0.6289717174459536,0.00039725914868764733
86,64,0.09,29,0.2867222356670849,0.6327663131963253,0.00039572831439905353
86,64,0.09,30,0.29854336723133834,0.6368925167601887,0.00039384573525808373
86,64,0.09,31,0.3106518873716549,0.6413458319930939,0.00039191548654284866
86,64,0.09,32,0.32303804765016225,0.6460760953003245,0.0003897412843789067
86,64,0.09,33,0.33572578915248136,0.6511045607805701,0.00038725787357184855
86,64,0.09,34,0.3487494882461972,0.6564696249340183,0.0003845608806694065
86,64,0.09,35,0.36207421786858085,0.6620785698168337,0.00038153740593595254
86,64,0.09,36,0.37576254342859444,0.6680222994286124,0.0003782391441050137
86,64,0.09,37,0.3898291979292541,0.6742991531749261,0.00037480358420928994
86,64,0.09,38,0.4042665923808349,0.6808700503256168,0.00037096399403127746
86,64,0.09,39,0.4191067674624583,0.6877649517332649,0.0003667335071735585
86,64,0.09,40,0.434348811136703,0.6949580978187248,0.0003620999124567804
86,64,0.09,41,0.45002649531744365,0.7024803829345463,0.00035713320196768854
86,64,0.09,42,0.4661701765115051,0.7103545546841984,0.00035164457179726646
86,64,0.09,43,0.48278686525895936,0.7185664971296141,0.00034581058919253693
86,64,0.09,44,0.49989366214907943,0.7271180540350246,0.0003393498850883988
86,64,0.09,45,0.5175300108558364,0.7360426821060785,0.0003325113635152322
86,64,0.09,46,0.5357239554959718,0.7453550685161346,0.00032499625412116473
86,64,0.09,47,0.554494126607546,0.7550558319762328,0.0003168121923934208
86,64,0.09,48,0.5738739874287555,0.765165316571674,0.0003080021979718116
86,64,0.09,49,0.5939024656603449,0.7757093429033075,0.00029826505974944886
86,64,0.09,50,0.6145800046529861,0.7866624059558224,0.0002877014482659464
86,64,0.09,51,0.6359986664293289,0.7981159735583736,0.0002765974980743609
86,64,0.09,52,0.6581834532105848,0.8100719424130275,0.00026426671851014394
86,64,0.09,53,0.6811123346456611,0.8224752720249495,0.0002505029786572479
86,64,0.09,54,0.7048653923827662,0.8353960206017971,0.00023645204186486897
86,64,0.09,55,0.7296869853285142,0.8490903102004528,0.00022137238777605216
86,64,0.09,56,0.7553872241118521,0.8632996846992594,0.00020243141254800283
86,64,0.09,57,0.7816801439734117,0.8776759511280411,0.00018375233419821248
86,64,0.09,58,0.8096105186257049,0.8933633308973296,0.00016701196324818703
86,64,0.09,59,0.8394718932435461,0.9106135791116431,0.000141679821262299
86,64,0.09,60,0.868382831198039,0.9262750199445752,0.00011431580888080226
86,64,0.09,61,0.8991279721940503,0.9433473806626103,9.475427472871601e-05
86,64,0.09,62,0.9362954216821063,0.966498499800884,6.496910351545038e-05
86,64,0.09,63,0.9843577732509381,0.999982499810477,1.2054470099893353e-05
86,64,0.1,1,0.015624999999999995,0.9999999999999997,9.382545987714038e-19
86,64,0.1,2,0.02802280326084594,0.8967297043470701,0.00025485644846010995
86,64,0.1,3,0.038799486631457936,0.8277223814711026,0.00031712986420598204
86,64,0.1,4,0.04874264251269411,0.7798822802031058,0.0003469276159816173
86,64,0.1,5,0.05823959214837717,0.7454667794992278,0.00036399854601167845
86,64,0.1,6,0.06745910675759288,0.719563805414324,0.000374052076953038
86,64,0.1,7,0.07650141446878576,0.6994415037146126,0.0003812137692454429
86,64,0.1,8,0.08546069530196183,0.6836855624156947,0.0003863623564036397
86,64,0.1,9,0.09441068517290628,0.6713648723406669,0.0003904801715755782
86,64,0.1,10,0.10335308956572681,0.6614597732206515,0.0003931257740690448
86,64,0.1,11,0.11232623948635322,0.6535344842842368,0.00039499557277802676
86,64,0.1,12,0.12134622334747397,0.6471798578531945,0.00039663799435849943
86,64,0.1,13,0.1304683367423263,0.6423056578083755,0.00039769725046809757
86,64,0.1,14,0.13966143790029895,0.6384522875442237,0.00039795259366298485
86,64,0.1,15,0.1489591537278222,0.6355590559053748,0.00039840487553238855
86,64,0.1,16,0.15836260202889618,0.6334504081155847,0.0003984092195212892
86,64,0.1,17,0.16792054450442132,0.6321714616637037,0.00039819549334717535
86,64,0.1,18,0.17760304459034115,0.6314774918767685,0.0003980151395032674
86,64,0.1,19,0.18744176694602022,0.6313827939234365,0.0003978307461786997
86,64,0.1,20,0.19742701735283627,0.631766455529076,0.00039739185264332967
86,64,0.1,21,0.20759464746618686,0.6326694018017123,0.00039658825640640427
86,64,0.1,22,0.21795610120717185,0.6340541126026816,0.0003958355507946976
86,64,0.1,23,0.2284958278815737,0.6358144775835094,0.0003950151763581736
86,64,0.1,24,0.23921195114595573,0.6378985363892152,0.00039378157721276923
86,64,0.1,25,0.2501462707827763,0.6403744532039073,0.0003924688777696198
86,64,0.1,26,0.261303463057639,0.6432085244495729,0.00039092306982504337
86,64,0.1,27,0.27268499201778557,0.6463644255236399,0.0003892351302414601
86,64,0.1,28,0.2842889636727885,0.6498033455378023,0.0003873655409229076
86,64,0.1,29,0.29614843762198606,0.653568965786452,0.00038544543172519313
86,64,0.1,30,0.30827192535445164,0.6576467740894969,0.0003832095461910614
86,64,0.1,31,0.32067321620118855,0.6620350269960021,0.0003808313546881543
86,64,0.1,32,0.33334919378137406,0.6666983875627481,0.0003783042823639632
86,64,0.1,33,0.34630705308429416,0.6716257999210552,0.00037543001529420866
86,64,0.1,34,0.3595918432885704,0.6768787638373089,0.00037233047385131787
86,64,0.1,35,0.37317290055403757,0.68237330387024,0.00036891386268000166
86,64,0.1,36,0.3871031543764999,0.688183385558222,0.00036521026918089473
86,64,0.1,37,0.4013912397507235,0.6942983606499,0.0003613415374773104
86,64,0.1,38,0.4160387319486793,0.7006968117030388,0.00035709396430138256
86,64,0.1,39,0.431067310395163,0.7073925093664213,0.00035244605317140914
86,64,0.1,40,0.4464776769939955,0.7143642831903927,0.0003474229185909244
86,64,0.1,41,0.46230446297795424,0.7216459909899774,0.00034211165678276633
86,64,0.1,42,0.47856651480008583,0.7292442130287022,0.00033629303211099457
86,64,0.1,43,0.4952737910842057,0.7371516890555618,0.0003300976293074074
86,64,0.1,44,0.5124404652054236,0.745367949389707,0.0003233250966170933
86,64,0.1,45,0.5301061610203223,0.7539287623400138,0.0003162000799574024
86,64,0.1,46,0.548296948302334,0.7628479280728124,0.00030845346953753026
86,64,0.1,47,0.5670189379468401,0.7721108942254844,0.00030005966751268655
86,64,0.1,48,0.5863098011661524,0.7817464015548699,0.000291137628497285
86,64,0.1,49,0.6062054236777671,0.7917785125587161,0.00028128619764690265
86,64,0.1,50,0.6266924951219278,0.8021663937560676,0.0002707394846453953
86,64,0.1,51,0.6478694901861206,0.8130126935668965,0.0002597422550290825
86,64,0.1,52,0.6697562104747423,0.8243153359689136,0.0002474965594561155
86,64,0.1,53,0.6922987172957116,0.8359833567344441,0.0002339504102515688
86,64,0.1,54,0.7156010768774981,0.8481197948177756,0.0002204388456771763
86,64,0.1,55,0.7399030963708326,0.8609781485042417,0.00020570627689072403
86,64,0.1,56,0.7649289663109806,0.874204532926835,0.00018736044986651426
86,64,0.1,57,0.7904865412921277,0.8875638358367748,0.00017003011005319873
86,64,0.1,58,0.8176727974094308,0.9022596385207512,0.00015407826714664943
86,64,0.1,59,0.8464982897598824,0.9182354329598725,0.00012953013028099816
86,64,0.1,60,0.874197081726419,0.9324768871748469,0.0001049694540572028
86,64,0.1,61,0.9039198819581181,0.9483749581199927,8.653496142364128e-05
86,64,0.1,62,0.9394087465579258,0.9697122545114073,5.8555086532371266e-05
86,64,0.1,63,0.9843620692931105,0.9999868640437948,1.1408035339893043e-05
86,64,0.11,1,0.015625,1.0,0.0
86,64,0.11,2,0.028226236913225827,0.9032395812232265,0.0002477029014529641
86,64,0.11,3,0.03926922023021058,0.8377433649111591,0.00030871113547513874
86,64,0.11,4,0.0495052019429996,0.7920832310879936,0.0003385617631002297
86,64,0.11,5,0.059302951997470196,0.7590777855676185,0.00035570546382866194
86,64,0.11,6,0.06883249585416036,0.7342132891110439,0.0003660109993658489
86,64,0.11,7,0.0781906019534525,0.7148855035744228,0.00037333623474179967
86,64,0.11,8,0.08746180543907642,0.6996944435126113,0.0003786607494410244
86,64,0.11,9,0.09672805712760661,0.6878439617963137,0.00038283145317257876
86,64,0.11,10,0.10599227278957088,0.6783505458532536,0.00038552531925225674
86,64,0.11,11,0.11528475475968662,0.6707476640563584,0.0003874548932242168
86,64,0.11,12,0.12462751414494676,0.6646800754397161,0.00038913707286937304
86,64,0.11,13,0.13407186256599493,0.6600460926325904,0.00039012387354355924
86,64,0.11,14,0.14358107782595897,0.656370641490098,0.0003903436124901433
86,64,0.11,15,0.15319830285583824,0.6536460921849097,0.00039072758809945764
86,64,0.11,16,0.16292009332366603,0.6516803732946641,0.0003905471151260224
86,64,0.11,17,0.17279892598131516,0.6505371331061276,0.00039011171162924414
86,64,0.11,18,0.18279754171945814,0.6499468150025177,0.00038971882010603587
86,64,0.11,19,0.19295349546032448,0.6499486162874087,0.0003893297524406109
86,64,0.11,20,0.20325215479290434,0.6504068953372939,0.0003886853864470915
86,64,0.11,21,0.21373522092665304,0.651383530443133,0.00038776435104249235
86,64,0.11,22,0.2243986269803562,0.6527960057610361,0.00038672865509153855
86,64,0.11,23,0.23524323161309227,0.6545898618799089,0.00038561858385317133
86,64,0.11,24,0.2462603772080164,0.6566943392213771,0.00038417410090614703
86,64,0.11,25,0.25748871144445284,0.6591711012977993,0.0003826626377609974
86,64,0.11,26,0.26893930291220985,0.6620044379377474,0.0003808878742387054
86,64,0.11,27,0.28060511505669117,0.6651380505047495,0.0003789466305882007
86,64,0.11,28,0.29249234128996837,0.6685539229484991,0.0003767529670135918
86,64,0.11,29,0.3046300614090769,0.6722870320752042,0.0003745191840377806
86,64,0.11,30,0.3170189930235314,0.6763071851168668,0.0003720058894109539
86,64,0.11,31,0.32967523331007464,0.6806198365111219,0.00036931735011971835
86,64,0.11,32,0.3425977261300234,0.6851954522600467,0.00036648308075274777
86,64,0.11,33,0.35579356232162845,0.690023878441946,0.00036327277644347954
86,64,0.11,34,0.3693011913502779,0.69515518371817,0.0003598701462102757
86,64,0.11,35,0.3830914075167994,0.7005100023164332,0.0003561817583982045
86,64,0.11,36,0.3972270367066339,0.7061813985895713,0.00035215061936581316
86,64,0.11,37,0.4116991315042159,0.7121282274667516,0.00034799570701365767
86,64,0.11,38,0.4265137196720104,0.7183388962897017,0.00034343196728398793
86,64,0.11,39,0.4416959544673141,0.7248343868181564,0.00033846097819772986
86,64,0.11,40,0.4572397735502062,0.7315836376803299,0.00033319616776127917
86,64,0.11,41,0.4731812581353114,0.7386244029429251,0.00032763027402469186
86,64,0.11,42,0.4895317904314618,0.7459532044669894,0.00032157627912975833
86,64,0.11,43,0.506295240871862,0.7535557073441667,0.00031516518807166735
86,64,0.11,44,0.5234972764916177,0.7614505839878074,0.00030825953208148295
86,64,0.11,45,0.5411699635147375,0.7696639481098487,0.0003009594178117001
86,64,0.11,46,0.5593385273136142,0.778210124958072,0.0002930794241401576
86,64,0.11,47,0.5780000288330276,0.7870638690492291,0.0002846119340150579
86,64,0.11,48,0.5971912968998192,0.7962550625330923,0.00027561227546392
86,64,0.11,49,0.6169471019255092,0.8058084596578079,0.0002657550650160579
86,64,0.11,50,0.6372449458520754,0.8156735306906565,0.00025529901800076473
86,64,0.11,51,0.6581898112201557,0.8259636846684306,0.0002444879040694943
86,64,0.11,52,0.6797878630870308,0.836661985337884,0.0002323913871362495
86,64,0.11,53,0.7019721403202112,0.8476644713300663,0.00021917794909065148
86,64,0.11,54,0.7248698608216311,0.8591050202330441,0.00020626084414838733
86,64,0.11,55,0.7487126683318891,0.871229286786198,0.00019189584892269536
86,64,0.11,56,0.7731408388967025,0.8835895301676601,0.00017414604294667613
86,64,0.11,57,0.7980408775484004,0.8960458975982037,0.0001580204025389612
86,64,0.11,58,0.8245577869534888,0.9098568683624705,0.00014277707766771717
86,64,0.11,59,0.8524491209679224,0.9246905718974072,0.00011909029617975397
86,64,0.11,60,0.8791406566470709,0.9377500337568754,9.698702175095516e-05
86,64,0.11,61,0.9079686042978754,0.9526227979518692,7.940936139568792e-05
86,64,0.11,62,0.9419899428672383,0.9723767152177943,5.312689303848029e-05
86,64,0.11,63,0.9843628954165701,0.9999877032803252,1.0813528209979777e-05
86,64,0.12,1,0.015625,1.0,1.6158829201063065e-18
86,64,0.12,2,0.02841167824258564,0.9091737037627404,0.00024058337149199718
86,64,0.12,3,0.03969618314455792,0.8468519070839021,0.0003012496775940754
86,64,0.12,4,0.05019547537475185,0.8031276059960296,0.0003313903526481492
86,64,0.12,5,0.06026876918275816,0.7714402455393046,0.00034873288585368016
86,64,0.12,6,0.07007775813033454,0.7474960867235683,0.00035953969109368453
86,64,0.12,7,0.07972370464916179,0.7289024425066221,0.000367050973522196
86,64,0.12,8,0.08928730113310132,0.7142984090648106,0.00037251759337230935
86,64,0.12,9,0.09884492331643202,0.7028972324724054,0.0003766605408008433
86,64,0.12,10,0.10840559441676612,0.6937958042673031,0.0003792946237033799
86,64,0.12,11,0.11798733794747984,0.6864717844217009,0.0003813336048441413
86,64,0.12,12,0.1276247133426218,0.6806651378273161,0.00038299355302371134
86,64,0.12,13,0.1373629945353571,0.6762485884817581,0.00038383531895066277
86,64,0.12,14,0.14716778818261197,0.6727670316919404,0.0003839416530444684
86,64,0.12,15,0.15707581834969758,0.670190158292043,0.00038415635691154516
86,64,0.12,16,0.16709087231448416,0.6683634892579366,0.00038397520035839025
86,64,0.12,17,0.17725662353288352,0.6673190533002673,0.000383401539218953
86,64,0.12,18,0.18754298054815383,0.6668194863934358,0.0003829649799961936
86,64,0.12,19,0.19798542510347772,0.666898274032767,0.00038245528523188853
86,64,0.12,20,0.20856335475292304,0.6674027352093537,0.000381551733981483
86,64,0.12,21,0.21932273877843256,0.6684121562771278,0.00038039724281963065
86,64,0.12,22,0.23025929919252208,0.6698452340146098,0.0003791599786508045
86,64,0.12,23,0.24137226541565118,0.6716445646348554,0.0003778059660785025
86,64,0.12,24,0.25265784350598564,0.6737542493492951,0.00037612219418022957
86,64,0.12,25,0.26415079594410784,0.676226037616916,0.00037440284368952923
86,64,0.12,26,0.2758600850926518,0.6790402094588351,0.00037234590079661173
86,64,0.12,27,0.2877742780875195,0.6821316221333795,0.00037013043303318714
86,64,0.12,28,0.29990587065274915,0.6854991329205694,0.0003675927770983374
86,64,0.12,29,0.3122816198344731,0.6891732299795268,0.0003651171432841422
86,64,0.12,30,0.3249057555149589,0.6931322784319124,0.00036229992620265717
86,64,0.12,31,0.33778664144685394,0.6973659694386661,0.00035934061618665453
86,64,0.12,32,0.35092555915088164,0.7018511183017633,0.0003562408517601644
86,64,0.12,33,0.36432745987845905,0.7065744676430721,0.00035285292259170325
86,64,0.12,34,0.3780278325049319,0.7115818023622248,0.0003491671058854812
86,64,0.12,35,0.39199922526216846,0.7167985833365366,0.00034524936236528036
86,64,0.12,36,0.4063027137225687,0.7223159355067887,0.000340949025922575
86,64,0.12,37,0.42092856530564976,0.7280926535016645,0.00033649015904627224
86,64,0.12,38,0.43588296278905914,0.7341186741710469,0.00033168050989371
86,64,0.12,39,0.45118507871832664,0.7404062830249463,0.00032654194817464136
86,64,0.12,40,0.46683755793256176,0.7469400926920988,0.00032106817447547935
86,64,0.12,41,0.4828655593639721,0.7537413609583954,0.0003153317192568331
86,64,0.12,42,0.49928205655500757,0.7608107528457259,0.0003091102096639993
86,64,0.12,43,0.5160934923851173,0.7681391514569188,0.000302491453968223
86,64,0.12,44,0.5333137697933951,0.7757291196994838,0.00029545520648331316
86,64,0.12,45,0.5509772845553292,0.7836121380342461,0.00028805424359033984
86,64,0.12,46,0.5691058755972928,0.7917994790918855,0.0002800484795687159
86,64,0.12,47,0.5876974014916685,0.8002688020312082,0.00027152585851684117
86,64,0.12,48,0.6067879266904515,0.8090505689206019,0.00026251648854464
86,64,0.12,49,0.626399385319949,0.8181542991934028,0.000252661271421038
86,64,0.12,50,0.6465206835764591,0.8275464749778677,0.00024230538651252276
86,64,0.12,51,0.6672475311241383,0.8373302351361736,0.00023167183643613457
86,64,0.12,52,0.6885801903566049,0.847483311208129,0.00021968949273816772
86,64,0.12,53,0.7104297713643507,0.8578774597607254,0.00020676445194425428
86,64,0.12,54,0.7329532772209117,0.8686853655951547,0.0001943571135968755
86,64,0.12,55,0.7563722622866065,0.8801422688425966,0.00018029937338256998
86,64,0.12,56,0.7802585694157901,0.8917240793323314,0.00016318671997175851
86,64,0.12,57,0.8045915592646766,0.9034010489989351,0.00014807689879709743
86,64,0.12,58,0.8305020826340317,0.9164160911823798,0.00013331316408823305
86,64,0.12,59,0.8575299088831932,0.930201935059735,0.00011061746391495565
86,64,0.12,60,0.8834072293771541,0.9423010446689642,9.045532316593686e-05
86,64,0.12,61,0.9114351199342445,0.9562597979637977,7.351929971789426e-05
86,64,0.12,62,0.9441597009812178,0.974616465528999,4.872789306184479e-05
86,64,0.12,63,0.98435779629865,0.9999825232240256,1.0331111846759617e-05
86,64,0.13,1,0.015625000000000003,1.0000000000000002,0.0
86,64,0.13,2,0.02858018163737614,0.9145658123960365,0.00023377047818464895
86,64,0.13,3,0.040093506068022734,0.8553281294511516,0.0002942726355374176
86,64,0.13,4,0.05084100920921741,0.8134561473474785,0.00032492318821058125
86,64,0.13,5,0.06116997968502919,0.7829757399683736,0.00034267448396853577
86,64,0.13,6,0.07124116488290394,0.7599057587509753,0.00035375849466584016
86,64,0.13,7,0.08115629699505482,0.7420004296690726,0.0003614356897487237
86,64,0.13,8,0.09099571819607748,0.7279657455686198,0.0003667573495337323
86,64,0.13,9,0.10083051581185308,0.717017001328733,0.00037107804023919983
86,64,0.13,10,0.11066328131182292,0.7082450003956666,0.00037367079141248117
86,64,0.13,11,0.12051568666079983,0.7011821769355627,0.0003757147144229349
86,64,0.13,12,0.1304282517270408,0.6956173425442176,0.0003773431247180675
86,64,0.13,13,0.14043506256767319,0.6913726157177756,0.0003780701030797331
86,64,0.13,14,0.1505147353464966,0.6880673615839844,0.0003780412378836359
86,64,0.13,15,0.1606963289491295,0.6856376701829525,0.00037813123585889386
86,64,0.13,16,0.17097789813654907,0.6839115925461963,0.00037770706946837384
86,64,0.13,17,0.18141027018994058,0.6829563113033058,0.0003769671146063356
86,64,0.13,18,0.19196269827187482,0.6825340382999993,0.0003762990599763965
86,64,0.13,19,0.2026619847790577,0.6826508960978785,0.0003755755072988303
86,64,0.13,20,0.2135018490367995,0.6832059169177583,0.0003744626492960253
86,64,0.13,21,0.22452317901503333,0.6842611169981967,0.0003731505247820249
86,64,0.13,22,0.23571744508642012,0.6857234766150403,0.0003717387354056502
86,64,0.13,23,0.2470800151389889,0.6875269986476212,0.0003701622037777077
86,64,0.13,24,0.2586081296804466,0.6896216791478577,0.00036822845733768347
86,64,0.13,25,0.2703449320508492,0.6920830260501739,0.00036632732744183054
86,64,0.13,26,0.28229237765103055,0.694873544987152,0.00036413120062599207
86,64,0.13,27,0.294429827713683,0.6979077397657671,0.0003616944225564504
86,64,0.13,28,0.3067856842175022,0.7012244210685764,0.0003589781363841968
86,64,0.13,29,0.3193783943245797,0.7048350771301068,0.0003562043576015814
86,64,0.13,30,0.3322136676211925,0.7087224909252106,0.0003532034088648837
86,64,0.13,31,0.34529482923426347,0.7128667442255762,0.00035009397303437714
86,64,0.13,32,0.3586309328288481,0.7172618656576962,0.0003467421341292008
86,64,0.13,33,0.372211107444555,0.7218639659530763,0.0003431718137185217
86,64,0.13,34,0.3860830060869372,0.7267444820459994,0.0003392478058167267
86,64,0.13,35,0.40021582608667333,0.7318232248442026,0.00033512084601829877
86,64,0.13,36,0.4146681117756935,0.7371877542678995,0.0003306055819807684
86,64,0.13,37,0.4294252789623252,0.7427896717186167,0.0003259091537698086
86,64,0.13,38,0.4444949990161829,0.7486231562377816,0.00032090710067019754
86,64,0.13,39,0.4598977615476885,0.7547040189500529,0.0003155758490675835
86,64,0.13,40,0.4756352764883631,0.7610164423813809,0.00030992340724137233
86,64,0.13,41,0.49173647258607006,0.7675886401343531,0.0003039985181272023
86,64,0.13,42,0.5081959450473496,0.7743938210245326,0.00029764741795277363
86,64,0.13,43,0.5250383822320157,0.7814524758802095,0.0002908950964243964
86,64,0.13,44,0.5422619624276376,0.7887446726220183,0.00028378405622032644
86,64,0.13,45,0.5599040593440552,0.796307995511545,0.00027626942878045894
86,64,0.13,46,0.5779850415423877,0.8041531012763655,0.0002681871414272074
86,64,0.13,47,0.5965009464516033,0.8122566079340982,0.00025964941542219966
86,64,0.13,48,0.6154873720683228,0.8206498294244304,0.0002506755469561205
86,64,0.13,49,0.6349585453511826,0.8293336102546057,0.00024089303065144628
86,64,0.13,50,0.654898863225504,0.8382705449286451,0.00023068027024460993
86,64,0.13,51,0.675417005898341,0.8475821250488984,0.0002202238932916621
86,64,0.13,52,0.6964864780584185,0.8572141268411303,0.00020839747224206127
86,64,0.13,53,0.7180200287949311,0.867043053639162,0.00019582344275590155
86,64,0.13,54,0.7402016187560733,0.8772759925997905,0.00018384095123154484
86,64,0.13,55,0.7632198777285814,0.8881104031750765,0.00017007215206432116
86,64,0.13,56,0.7866064463247372,0.8989787957996996,0.00015365609315072973
86,64,0.13,57,0.8104352148648426,0.909962346514911,0.00013940481687418297
86,64,0.13,58,0.8357893910881268,0.9222503625800019,0.0001250717735259086
86,64,0.13,59,0.8620529245853726,0.9351082571773535,0.00010332026974271455
86,64,0.13,60,0.8872001292024095,0.9463468044825701,8.478440532162824e-05
86,64,0.13,61,0.9144869289582447,0.959461695956191,6.8471456880249e-05
86,64,0.13,62,0.946044317569089,0.97656187620035,4.503081550472674e-05
86,64,0.13,63,0.9843597152622464,0.9999844726473612,9.899198439761637e-06
86,64,0.14,1,0.015624999999999983,0.9999999999999989,1.4297212933659483e-18
86,64,0.14,2,0.028732556584285605,0.9194418106971394,0.0002276999540218164
86,64,0.14,3,0.040453833002954624,0.8630151040630318,0.0002875609488183736
86,64,0.14,4,0.051428484690753756,0.8228557550520601,0.0003183245890254764
86,64,0.14,5,0.06199464819072557,0.7935314968412872,0.00033641604610763515
86,64,0.14,6,0.07231035500877034,0.7713104534268836,0.0003474840794069605
86,64,0.14,7,0.0824689761413699,0.7540020675782391,0.0003554225471280644
86,64,0.14,8,0.09255736767277373,0.7404589413821898,0.00036085755592703375
86,64,0.14,9,0.10264309728216901,0.7299064695620908,0.00036535252314473765
86,64,0.14,10,0.11272685696136986,0.721451884552767,0.00036800393923571936
86,64,0.14,11,0.12282710073622108,0.7146304042834681,0.00037003182064454494
86,64,0.14,12,0.13298863738177216,0.7092727327027848,0.00037166281178165696
86,64,0.14,13,0.1432458402079597,0.7052102902545707,0.0003723814008627306
86,64,0.14,14,0.15357345147545617,0.7020500638877996,0.0003723168415534046
86,64,0.14,15,0.16400304223278409,0.6997463135265454,0.00037224635328713247
86,64,0.14,16,0.1745345051865717,0.6981380207462868,0.00037175737458405855
86,64,0.14,17,0.18521057011145972,0.6972633227725542,0.00037095357022113353
86,64,0.14,18,0.19600893734865643,0.6969206661285561,0.00037007736407794185
86,64,0.14,19,0.20695006923902004,0.697094970068278,0.000369140289779639
86,64,0.14,20,0.21802833789301831,0.6976906812576585,0.00036786066957359104
86,64,0.14,21,0.229284096470406,0.6987705797193325,0.00036628217376409215
86,64,0.14,22,0.24070632116910465,0.700236570673759,0.0003646673338975217
86,64,0.14,23,0.25229289424632484,0.7020324013810778,0.0003628754818060151
86,64,0.14,24,0.2640443916434051,0.7041183777157469,0.00036077331765746684
86,64,0.14,25,0.2760006903864053,0.7065617673891976,0.00035865659659526234
86,64,0.14,26,0.28816155040879116,0.7093207394677935,0.00035628974740927773
86,64,0.14,27,0.30050298382048773,0.7123033690559709,0.00035362299169247184
86,64,0.14,28,0.3130613136223667,0.715568716851124,0.0003507874283483605
86,64,0.14,29,0.3258481520495564,0.7191131631438487,0.0003478274661669457
86,64,0.14,30,0.33886612906803754,0.7229144086784801,0.00034467824285757125
86,64,0.14,31,0.3521223202011638,0.726962209447564,0.0003413330672469377
86,64,0.14,32,0.3656278175954945,0.731255635190989,0.0003377770186118162
86,64,0.14,33,0.37936552042048177,0.7357391911185099,0.0003340466993329699
86,64,0.14,34,0.3933863072996447,0.740491872564037,0.0003299150554705642
86,64,0.14,35,0.4076540584140457,0.7454245639571121,0.0003255559432683742
86,64,0.14,36,0.4222312869613241,0.7506333990423539,0.0003209070371110906
86,64,0.14,37,0.43709664721066444,0.7560590654454735,0.00031601240661796056
86,64,0.14,38,0.4522659550369293,0.7617110821674599,0.00031087569578457704
86,64,0.14,39,0.467753674676469,0.7675957738280517,0.000305416723317736
86,64,0.14,40,0.483562636087554,0.7737002177400863,0.0002996092597771417
86,64,0.14,41,0.4997157089121345,0.7800440334238197,0.00029359344206142065
86,64,0.14,42,0.5162080935615466,0.7866028092366424,0.0002871535323982259
86,64,0.14,43,0.5330687909722635,0.7934047121447642,0.00028029846679368227
86,64,0.14,44,0.5502911135524869,0.8004234378945265,0.00027313938993276933
86,64,0.14,45,0.5679063798717724,0.8076890735954095,0.00026558422729826964
86,64,0.14,46,0.5859303060101292,0.8152073822749623,0.000257493381590426
86,64,0.14,47,0.6043681916994489,0.8229694525269091,0.00024894014375899544
86,64,0.14,48,0.6232465317493947,0.8309953756658595,0.00024000490363399772
86,64,0.14,49,0.6425803388595877,0.8392886058574206,0.00023030152344584817
86,64,0.14,50,0.6623466477346586,0.8478037091003628,0.0002202450723150593
86,64,0.14,51,0.6826618885253617,0.856673742463199,0.0002100042340521625
86,64,0.14,52,0.7034876154911686,0.8658309113737458,0.00019834246606459884
86,64,0.14,53,0.7247332803676462,0.8751496215760255,0.00018612330160797333
86,64,0.14,54,0.7466003007799745,0.8848596157392289,0.0001745690250710056
86,64,0.14,55,0.7692554328520795,0.8951335945915107,0.00016107760031127644
86,64,0.14,56,0.7921966098444783,0.905367554107975,0.0001452988232217163
86,64,0.14,57,0.815570866362818,0.9157286920564972,0.00013179326278204258
86,64,0.14,58,0.8404211421265976,0.9273612602776249,0.00011789812399254909
86,64,0.14,59,0.8660188664837855,0.939410295846818,9.701051204697095e-05
86,64,0.14,60,0.8905235947960503,0.9498918344491203,7.988335563888472e-05
86,64,0.14,61,0.9171384407347087,0.9622436099511698,6.41577846322813e-05
86,64,0.14,62,0.9476596889694616,0.9782293563555734,4.1927511991794894e-05
86,64,0.14,63,0.9843587688595127,0.9999835112223621,9.519591094773715e-06
86,64,0.15,1,0.015624999999999997,0.9999999999999998,6.77628321334903e-19
86,64,0.15,2,0.028873648405215484,0.9239567489668955,0.00022186132819379387
86,64,0.15,3,0.040788801870190156,0.8701611065640565,0.0002812891316126374
86,64,0.15,4,0.051977005639878594,0.8316320902380575,0.0003117270065030651
86,64,0.15,5,0.06276668428569977,0.803413558856957,0.00032974411944475805
86,64,0.15,6,0.07331629799339681,0.7820405119295659,0.00034080783998519966
86,64,0.15,7,0.08370924106899193,0.7653416326307834,0.00034876731191685795
86,64,0.15,8,0.09403490456089454,0.7522792364871563,0.00035426045416238
86,64,0.15,9,0.1043566012674349,0.7420913867906481,0.00035879584323519475
86,64,0.15,10,0.11467738556888425,0.7339352676408593,0.0003613945134152244
86,64,0.15,11,0.1250122527492946,0.7273440159958958,0.00036334116105990173
86,64,0.15,12,0.1354124784252844,0.72219988493485,0.0003649555783780817
86,64,0.15,13,0.14589987226363607,0.7182762942209775,0.00036553944569148617
86,64,0.15,14,0.15646087807301712,0.7152497283337924,0.00036524147148307603
86,64,0.15,15,0.16712261962081418,0.7130565103821406,0.0003650639517318839
86,64,0.15,16,0.17788398517851278,0.7115359407140511,0.0003645451934046092
86,64,0.15,17,0.18878740123568602,0.7107290399461121,0.000363615413622978
86,64,0.15,18,0.19981081174238324,0.710438441750696,0.0003626436749583244
86,64,0.15,19,0.21097494689166943,0.7106524526877286,0.0003615739158522589
86,64,0.15,20,0.22227899745741211,0.7112927918637187,0.0003601560895969191
86,64,0.15,21,0.2337467995074814,0.7123711984989909,0.0003584444776762556
86,64,0.15,22,0.24537761884105652,0.7138258002648917,0.00035666429227989714
86,64,0.15,23,0.25717020545155356,0.715604049952149,0.0003547677308871372
86,64,0.15,24,0.2691249554979952,0.7176665479946538,0.0003525389411774801
86,64,0.15,25,0.2812746382882537,0.7200630740179296,0.0003502544320501805
86,64,0.15,26,0.29363197301072425,0.7227863951033212,0.00034772820133999833
86,64,0.15,27,0.306158756141551,0.7257096441873803,0.00034493521877785444
86,64,0.15,28,0.3188988792296195,0.7289117239534161,0.00034192616759597865
86,64,0.15,29,0.33186249496528897,0.7323861957854653,0.0003387847818949034
86,64,0.15,30,0.3450483780951659,0.7361032066030205,0.0003354686460343702
86,64,0.15,31,0.3584670682399181,0.7400610441082179,0.00033198918308838856
86,64,0.15,32,0.37211908219507434,0.7442381643901487,0.00032825324461198424
86,64,0.15,33,0.38600201155973984,0.7486099618128288,0.00032431905624651
86,64,0.15,34,0.4001545202865666,0.7532320381864783,0.00032002236575268925
86,64,0.15,35,0.4145500856735193,0.7580344423744352,0.0003155341580122721
86,64,0.15,36,0.42923704716366595,0.7630880838465172,0.0003107862490073096
86,64,0.15,37,0.44420027460374006,0.768346420936199,0.00030574036404617676
86,64,0.15,38,0.45945205007083995,0.7738139790666778,0.00030053101843758565
86,64,0.15,39,0.4750058516428143,0.7794967821830798,0.00029499469916689005
86,64,0.15,40,0.4908718562343562,0.7853949699749698,0.00028908607293901553
86,64,0.15,41,0.5070609136326347,0.791509718841186,0.0002829888493217375
86,64,0.15,42,0.5235765785444295,0.7978309768296069,0.00027649694585874977
86,64,0.15,43,0.5404383048060637,0.8043732908741412,0.0002696439255181171
86,64,0.15,44,0.5576455829637336,0.8111208479472489,0.00026245076359391267
86,64,0.15,45,0.5752272633442393,0.8181009967562517,0.00025491161628600186
86,64,0.15,46,0.5931903197341011,0.8253082709344014,0.0002468645233601381
86,64,0.15,47,0.6115497023884182,0.8327485309118886,0.00023839737700293264
86,64,0.15,48,0.6303226142199653,0.840430152293287,0.00022956092817155176
86,64,0.15,49,0.649521635423787,0.8483547891249462,0.00021999696162790382
86,64,0.15,50,0.6691249397216964,0.8564799228437715,0.00021017115673335673
86,64,0.15,51,0.6892537352638759,0.8649458638605501,0.00020017157454709118
86,64,0.15,52,0.7098542014568616,0.8736667094853682,0.00018872090496501096
86,64,0.15,53,0.7308281331848945,0.8825094438459103,0.00017684805820135732
86,64,0.15,54,0.7523999805515468,0.8917333102833148,0.00016572906241655276
86,64,0.15,55,0.7747171282551271,0.9014890219696023,0.00015258699799384427
86,64,0.15,56,0.7972422961514819,0.9111340527445507,0.00013744117771040808
86,64,0.15,57,0.8202005678368228,0.9209269533606431,0.0001246324055227775
86,64,0.15,58,0.8445733329853252,0.9319429881217381,0.00011112416797896968
86,64,0.15,59,0.8695416854829257,0.9432316588289363,9.12780483252257e-05
86,64,0.15,60,0.8935107438645573,0.9530781267888612,7.534697287910511e-05
86,64,0.15,61,0.9195099925985906,0.9647317955132754,6.020248816721521e-05
86,64,0.15,62,0.9490901968110771,0.9797060096114344,3.914089686824521e-05
86,64,0.15,63,0.9843610585434911,0.9999858372505306,9.153133131834614e-06
86,64,0.16,1,0.015624999999999991,0.9999999999999994,0.0
86,64,0.16,2,0.029003726081031543,0.9281192345930094,0.00021605095866457954
86,64,0.16,3,0.04109657577803651,0.8767269499314455,0.00027457427659894484
86,64,0.16,4,0.05248216676945429,0.8397146683112686,0.00030513031174345074
86,64,0.16,5,0.06347458162438002,0.8124746447920643,0.00032306577705065487
86,64,0.16,6,0.0742386220388066,0.7918786350806037,0.000334266817032002
86,64,0.16,7,0.08485155843650126,0.7757856771337258,0.00034247689351678777
86,64,0.16,8,0.0953925788815893,0.7631406310527143,0.000348150707102766
86,64,0.16,9,0.10593525507442114,0.7533173694181059,0.0003526872891101092
86,64,0.16,10,0.11647694921729065,0.7454524749906601,0.0003553578552424987
86,64,0.16,11,0.12703043597307778,0.7390861729342706,0.0003572883175345053
86,64,0.16,12,0.13764881725150144,0.734127025341341,0.0003587187468382101
86,64,0.16,13,0.14835490310343175,0.7303625998938177,0.00035926157655513755
86,64,0.16,14,0.15913896515234527,0.7274924121250069,0.0003589615200313097
86,64,0.16,15,0.17001658133165257,0.7254040803483844,0.00035860915627237923
86,64,0.16,16,0.18098502709018352,0.7239401083607341,0.0003579679930197416
86,64,0.16,17,0.19209368806758603,0.7231762374309121,0.0003568885947329139
86,64,0.16,18,0.20332481904080607,0.7229326899228661,0.00035585432021745814
86,64,0.16,19,0.21469754241253114,0.7231917218106313,0.00035471399150574306
86,64,0.16,20,0.2262027895169097,0.723848926454111,0.0003532041345653906
86,64,0.16,21,0.23786646611073953,0.7249263729089205,0.0003513906451005491
86,64,0.16,22,0.24969201814117536,0.7263767800470555,0.00034945438087562983
86,64,0.16,23,0.2616722112833189,0.7281313705274961,0.00034739134399889557
86,64,0.16,24,0.27381379859647614,0.730170129590603,0.0003450507238089073
86,64,0.16,25,0.2861478637353305,0.7325385311624462,0.000342621366470353
86,64,0.16,26,0.29867760261896387,0.7352064064466802,0.00033995348921713944
86,64,0.16,27,0.311372676183082,0.7380685657673054,0.0003370430997417432
86,64,0.16,28,0.32427887362761854,0.7412088540059851,0.0003339388167406738
86,64,0.16,29,0.3373962915582556,0.7445987124044262,0.00033060488933138964
86,64,0.16,30,0.35072942412408853,0.7482227714647222,0.00032713488974851117
86,64,0.16,31,0.36429205854527036,0.7520868305450743,0.0003235203700327637
86,64,0.16,32,0.3780770246031101,0.7561540492062202,0.00031964345804135706
86,64,0.16,33,0.39209264031329544,0.760422090304573,0.0003155837347661936
86,64,0.16,34,0.40636215378098844,0.7649169953524488,0.00031114293346052734
86,64,0.16,35,0.42086632301359383,0.7695841335105716,0.00030653709902750257
86,64,0.16,36,0.43565077974035715,0.7744902750939683,0.0003016810537635372
86,64,0.16,37,0.4506986536666114,0.7795868603963009,0.0002965564503579161
86,64,0.16,38,0.4660183825841607,0.7848730654049021,0.00029122063130068937
86,64,0.16,39,0.4816305542284363,0.7903680889902545,0.0002856105717205843
86,64,0.16,40,0.49754166610002915,0.7960666657600467,0.0002796575352513135
86,64,0.16,41,0.5137611683304251,0.8019686530035903,0.00027352004387063675
86,64,0.16,42,0.5302945167288898,0.8080678350154512,0.00026698775657416237
86,64,0.16,43,0.5471538566036399,0.8143685307589058,0.00026011062000338444
86,64,0.16,44,0.5643428782859183,0.8208623684158812,0.0002529224457128188
86,64,0.16,45,0.5818875698338095,0.8275734326525291,0.000245387497574723
86,64,0.16,46,0.5997877039305296,0.8344872402511716,0.00023738413789682212
86,64,0.16,47,0.618060920603663,0.8416148706092433,0.00022899765945697445
86,64,0.16,48,0.6367306789131562,0.8489742385508748,0.000220270635917085
86,64,0.16,49,0.6557994459615206,0.8565543783987208,0.00021083143383904013
86,64,0.16,50,0.6752428459401538,0.864310842803397,0.0002011902044120549
86,64,0.16,51,0.695196740823709,0.8724037531905369,0.00019139391856430246
86,64,0.16,52,0.7155794512491874,0.8807131707682305,0.00018016470733289315
86,64,0.16,53,0.7363014879298083,0.8891187778775044,0.00016866029363894167
86,64,0.16,54,0.7576074237888165,0.8979050948608195,0.0001579214949586058
86,64,0.16,55,0.7796192555899621,0.9071933155955921,0.0001450756313959133
86,64,0.16,56,0.8017680704162499,0.9163063661899998,0.0001304982213391359
86,64,0.16,57,0.8243473432386643,0.9255829818820089,0.00011829333481891317
86,64,0.16,58,0.8482817499217851,0.9360350343964525,0.00010518552788452536
86,64,0.16,59,0.8727079091111273,0.9466662064934263,8.623223146068834e-05
86,64,0.16,60,0.8961835313331195,0.9559291000886607,7.136693173188644e-05
86,64,0.16,61,0.9216182016835966,0.9669436870122982,5.678547981213735e-05
86,64,0.16,62,0.9503494619127669,0.9810058961680175,3.677896842833428e-05
86,64,0.16,63,0.9843627486238332,0.9999875541575448,8.823756655589801e-06
86,64,0.17,1,0.015625,1.0,1.2326089826996875e-18
86,64,0.17,2,0.029122768724628916,0.9319285991881253,0.00021079803530052072
86,64,0.17,3,0.04137997358426756,0.8827727697977081,0.00026857968490592095
86,64,0.17,4,0.052948760292803466,0.8471801646848555,0.00029893839247762094
86,64,0.17,5,0.06413584972502041,0.8209388764802613,0.0003171837157121813
86,64,0.17,6,0.07510039974065705,0.8010709305670086,0.00032858327161239937
86,64,0.17,7,0.08591929147950722,0.7855478078126374,0.0003371178845672649
86,64,0.17,8,0.09666696223991769,0.7733356979193415,0.0003427871256553443
86,64,0.17,9,0.10741738315049011,0.7638569468479296,0.0003471486599798781
86,64,0.17,10,0.11816878624135947,0.7562802319447006,0.00034961429415420354
86,64,0.17,11,0.12893214610787476,0.7501506682639986,0.0003515403404360485
86,64,0.17,12,0.13975784525943688,0.7453751747169968,0.00035297771638558896
86,64,0.17,13,0.15067152265506192,0.7417674961479972,0.0003533706426056935
86,64,0.17,14,0.16166086434386034,0.7390210941433617,0.0003530611438831569
86,64,0.17,15,0.1727424402956244,0.7370344119279975,0.00035262145517173186
86,64,0.17,16,0.18390979957124046,0.7356391982849618,0.0003520549871234719
86,64,0.17,17,0.19521480180671663,0.7349263126841097,0.0003508710905648679
86,64,0.17,18,0.20664336094201494,0.7347319500160531,0.00034974479362691584
86,64,0.17,19,0.21820546198496713,0.7350078719493629,0.0003484648002517051
86,64,0.17,20,0.2298976079911844,0.7356723455717901,0.00034682047866606687
86,64,0.17,21,0.24174413960991048,0.7367440445254415,0.00034484594416141093
86,64,0.17,22,0.25375173474098045,0.738186864701034,0.00034278448764303864
86,64,0.17,23,0.2659109308313444,0.7399260684002628,0.00034065415322933647
86,64,0.17,24,0.2782280363922522,0.7419414303793392,0.000338226846989183
86,64,0.17,25,0.29072966736117767,0.7442679484446149,0.0003356911525515997
86,64,0.17,26,0.3034219594973135,0.7468848233780025,0.00033294695281772704
86,64,0.17,27,0.3162775606959935,0.7496949586867994,0.00032990331822729373
86,64,0.17,28,0.32933093942021613,0.7527564329604941,0.0003266421668533811
86,64,0.17,29,0.3425925650452506,0.756066350444691,0.000323160960893515
86,64,0.17,30,0.35606473438361935,0.7596047666850546,0.0003195820554749439
86,64,0.17,31,0.3697551146198611,0.7633653979248745,0.0003158633059323594
86,64,0.17,32,0.38365859911421096,0.7673171982284219,0.0003118495102769296
86,64,0.17,33,0.39778792231252896,0.7714674856970258,0.00030767276274178764
86,64,0.17,34,0.4121581668439357,0.7758271375885848,0.00030313767404079647
86,64,0.17,35,0.4267588555612047,0.7803590501690599,0.00029843500219694965
86,64,0.17,36,0.4416285717802912,0.7851174609427398,0.0002935045104565661
86,64,0.17,37,0.45675282978775156,0.7900589488220566,0.00028827952315602903
86,64,0.17,38,0.47213439973206317,0.7951737258645275,0.00028287697879803676
86,64,0.17,39,0.48779455459868376,0.8004833716491221,0.0002772071869376942
86,64,0.17,40,0.5037418582402792,0.8059869731844467,0.00027120076170390235
86,64,0.17,41,0.5199854488410873,0.8116846030690144,0.00026502207382188807
86,64,0.17,42,0.5365279320468007,0.817566372642744,0.00025849908974189613
86,64,0.17,43,0.5533774223300398,0.8236315123051756,0.00025160097765684534
86,64,0.17,44,0.5705430294001145,0.8298807700365302,0.00024443062264945973
86,64,0.17,45,0.5880444860974711,0.8363299357830699,0.0002369396374557677
86,64,0.17,46,0.6058837508644189,0.8429686968548437,0.00022897621594115345
86,64,0.17,47,0.6240759602662533,0.8498055629157493,0.00022067896818785525
86,64,0.17,48,0.6426488669630258,0.8568651559507012,0.0002120598917563584
86,64,0.17,49,0.6615934735915789,0.864122087956348,0.00020272404736326063
86,64,0.17,50,0.6808857754774527,0.8715337926111394,0.0001932480144169022
86,64,0.17,51,0.7006654566276775,0.8792664553759091,0.00018366178835673973
86,64,0.17,52,0.7208441686868182,0.887192822999161,0.00017263315421520194
86,64,0.17,53,0.741333234146442,0.8951948487806092,0.00016146236379720966
86,64,0.17,54,0.7623874549904502,0.9035703170257188,0.00015103481593441026
86,64,0.17,55,0.7841012930784109,0.9124087774003327,0.00013845437510483962
86,64,0.17,56,0.8059037283846682,0.9210328324396209,0.00012444638549775807
86,64,0.17,57,0.8281389387553849,0.9298402119358707,0.00011275076158175757
86,64,0.17,58,0.8516610726618132,0.939763942247518,0.00010000291297310095
86,64,0.17,59,0.875598185665212,0.9498014217385351,8.18026863451398e-05
86,64,0.17,60,0.8986240236153821,0.9585322918564075,6.788227033259326e-05
86,64,0.17,61,0.9235353018713969,0.9689550708158918,5.381912621437358e-05
86,64,0.17,62,0.9514871839338549,0.982180318899463,3.4769380880010045e-05
86,64,0.17,63,0.9843663815882623,0.9999912447880759,8.531914628972503e-06
86,64,0.18,1,0.015624999999999995,0.9999999999999997,0.0
86,64,0.18,2,0.029233404647654178,0.9354689487249337,0.00020555197717786588
86,64,0.18,3,0.041644708340082125,0.8884204445884186,0.00026270420898486153
86,64,0.18,4,0.053385806218582764,0.8541728994973242,0.000292974526558185
86,64,0.18,5,0.0647552764466712,0.8288675385173914,0.0003114823284856176
86,64,0.18,6,0.07590793429397352,0.8096846324690508,0.0003230282763369407
86,64,0.18,7,0.08691968456851386,0.7946942589121267,0.00033163260580970513
86,64,0.18,8,0.09786200589549286,0.7828960471639429,0.00033733043494049106
86,64,0.18,9,0.10880726530201179,0.7737405532587506,0.00034171602158828535
86,64,0.18,10,0.11975248562936786,0.7664159080279542,0.00034430689557213626
86,64,0.18,11,0.13071175589318595,0.7605047615603547,0.00034623886507758136
86,64,0.18,12,0.14173292539169885,0.7559089354223939,0.0003476937200079107
86,64,0.18,13,0.1528377563596649,0.7524320313091194,0.0003479057615835481
86,64,0.18,14,0.16401730515381893,0.7497933949888865,0.00034753961162375697
86,64,0.18,15,0.17528609934949535,0.7478873572245135,0.0003470430772350448
86,64,0.18,16,0.18664234415758585,0.7465693766303434,0.00034635075742351035
86,64,0.18,17,0.19813129015666858,0.7459060335309876,0.0003449336799560974
86,64,0.18,18,0.2097397382659133,0.7457412916121361,0.00034368364079888754
86,64,0.18,19,0.22147951518856657,0.7460362616878031,0.0003423092894629939
86,64,0.18,20,0.233343666098303,0.7466997315145695,0.0003406316669765861
86,64,0.18,21,0.2453608324947732,0.7477663466507374,0.0003385497856406825
86,64,0.18,22,0.2575342253359323,0.7491904737045302,0.0003363040182160232
86,64,0.18,23,0.269856103286013,0.750903939578471,0.000334019171589671
86,64,0.18,24,0.2823343604831414,0.7528916279550437,0.0003315274940842826
86,64,0.18,25,0.2949890785479892,0.7551720410828525,0.0003288705850553701
86,64,0.18,26,0.30782470021604463,0.7577223389933406,0.00032601983282607187
86,64,0.18,27,0.3208219154050425,0.7604667624415822,0.00032287696260149975
86,64,0.18,28,0.3340101753971716,0.7634518294792493,0.00031951596163807357
86,64,0.18,29,0.34739940672577013,0.7666745527741134,0.0003159852171162285
86,64,0.18,30,0.3609985254620327,0.7701301876523364,0.00031233659520920806
86,64,0.18,31,0.37480497305882227,0.7737909121214395,0.0003085719982687278
86,64,0.18,32,0.38881345265869793,0.7776269053173959,0.00030446136422497815
86,64,0.18,33,0.4030472732284795,0.7816674389885662,0.0003002157211730413
86,64,0.18,34,0.4175068832313586,0.7858953096119692,0.0002955911783133387
86,64,0.18,35,0.4321927978242266,0.7902954017357285,0.00029083427689521754
86,64,0.18,36,0.4471378019930427,0.7949116479876315,0.000285822797117631
86,64,0.18,37,0.46232654410295354,0.7996999681780819,0.0002805345901772184
86,64,0.18,38,0.47775959710872284,0.8046477424989015,0.00027507898209043247
86,64,0.18,39,0.49346283876368874,0.8097851713045148,0.00026935366284306934
86,64,0.18,40,0.5094379207817534,0.8151006732508054,0.00026332191536423
86,64,0.18,41,0.5256947039231789,0.8205966110020353,0.000257117974278051
86,64,0.18,42,0.5422405075919036,0.8262712496638531,0.0002506050231642662
86,64,0.18,43,0.5590764738627716,0.8321138215631948,0.00024369826272013965
86,64,0.18,44,0.5762169945051631,0.8381338101893281,0.00023653676961618838
86,64,0.18,45,0.5936739984178644,0.8443363533054071,0.00022906212147308624
86,64,0.18,46,0.6114533844574903,0.8507177522886821,0.0002211398605191575
86,64,0.18,47,0.6295677055645696,0.8572836841730309,0.00021294968704252756
86,64,0.18,48,0.6480428625343216,0.8640571500457621,0.000204465399467277
86,64,0.18,49,0.666868731791616,0.8710122211155801,0.00019524203423830334
86,64,0.18,50,0.6860198879620413,0.8781054565914128,0.00018597270655729405
86,64,0.18,51,0.7056409395080319,0.8855101985983144,0.0001766014473218416
86,64,0.18,52,0.7256324511859499,0.8930860937673228,0.00016577558759608198
86,64,0.18,53,0.7459016142357727,0.900711383228103,0.00015492306954460725
86,64,0.18,54,0.7667190870572365,0.9087041031789469,0.0001447893519286106
86,64,0.18,55,0.7881552428607111,0.917126100783373,0.00013250318392242442
86,64,0.18,56,0.8096423334582367,0.9253055239522704,0.00011902915750621035
86,64,0.18,57,0.8315637317383319,0.9336855935307584,0.00010776776376515887
86,64,0.18,58,0.8547106590049853,0.9431290030399837,9.541142981490123e-05
86,64,0.18,59,0.878207896262826,0.9526322942512012,7.782723182828424e-05
86,64,0.18,60,0.9008278500020288,0.9608830400021641,6.474280573507038e-05
86,64,0.18,61,0.9252595791997845,0.9707641486686265,5.117920852710996e-05
86,64,0.18,62,0.9525054359357175,0.9832314177400955,3.3021511310122315e-05
86,64,0.18,63,0.9843682286904862,0.9999931212093829,8.269911258387692e-06
86,64,0.19,1,0.015625000000000003,1.0000000000000002,5.6789094136163935e-19
86,64,0.19,2,0.02933593158918661,0.9387498108539715,0.0002005408389037455
86,64,0.19,3,0.04189084767792577,0.8936714171290832,0.0002571592934179507
86,64,0.19,4,0.0537964857658259,0.8607437722532144,0.0002874300169698886
86,64,0.19,5,0.0653351304806427,0.8362896701522264,0.00030595485152125487
86,64,0.19,6,0.0766645957512769,0.8177556880136203,0.00031738861331280787
86,64,0.19,7,0.08785474266321863,0.8032433614922848,0.00032610058219139206
86,64,0.19,8,0.09897855768822363,0.791828461505789,0.00033174560085755467
86,64,0.19,9,0.11010504291808279,0.7829691940841443,0.00033614683689145355
86,64,0.19,10,0.12123149364008867,0.7758815592965674,0.0003388632943968595
86,64,0.19,11,0.13237452833873478,0.7701790739708206,0.0003407704788797729
86,64,0.19,12,0.14357658701318385,0.7657417974036473,0.00034219772007220746
86,64,0.19,13,0.15485942369810995,0.7623848551291568,0.00034232786189366746
86,64,0.19,14,0.16621707985020434,0.7598495078866486,0.000341838861144172
86,64,0.19,15,0.17766086058189998,0.7580196718161065,0.0003412511825028404
86,64,0.19,16,0.18919376518249453,0.7567750607299781,0.00034050217003904747
86,64,0.19,17,0.20085647877275684,0.7561655671444962,0.00033900924890276226
86,64,0.19,18,0.21263119583222753,0.7560220296256979,0.0003376779525505745
86,64,0.19,19,0.22453598705182157,0.7563317458587674,0.00033620138676696714
86,64,0.19,20,0.23656344843025795,0.7570030349768254,0.0003344188289515905
86,64,0.19,21,0.2487348308686128,0.7580490083614867,0.00033229444128364294
86,64,0.19,22,0.26106268577674613,0.759455085895989,0.00032998906295920554
86,64,0.19,23,0.2735360507306704,0.7611437933375176,0.00032756039558697584
86,64,0.19,24,0.2861602023761107,0.7630938730029619,0.00032496405702672814
86,64,0.19,25,0.2989571065040018,0.7653301926502445,0.0003222350486757283
86,64,0.19,26,0.31192423152952004,0.7678134929957416,0.00031927334874280185
86,64,0.19,27,0.32505131571504997,0.7704920076208592,0.0003160607101034279
86,64,0.19,28,0.33836950165713614,0.7734160037877398,0.0003125903165228665
86,64,0.19,29,0.35187648973916363,0.7765550118381542,0.0003089979098926917
86,64,0.19,30,0.36559030615596383,0.7799259864660562,0.00030525168945016946
86,64,0.19,31,0.3795017397930844,0.7834874627986258,0.0003013944660240656
86,64,0.19,32,0.3936090372311012,0.7872180744622024,0.0002971792845220064
86,64,0.19,33,0.4079338499152067,0.7911444361991887,0.00029286760724193045
86,64,0.19,34,0.42247739925128086,0.7952515750612345,0.000288192473168252
86,64,0.19,35,0.4372398939555055,0.7995243775186386,0.0002833632520837415
86,64,0.19,36,0.45224905461946163,0.8039983193234874,0.0002782982770370414
86,64,0.19,37,0.46748886881679247,0.8086293947101276,0.0002729751243078694
86,64,0.19,38,0.48296561389474585,0.8134157707700983,0.0002674979069581478
86,64,0.19,39,0.49870566177081765,0.8183887782905727,0.0002617304345548704
86,64,0.19,40,0.5147058015691827,0.8235292825106924,0.00025568319108096814
86,64,0.19,41,0.5309767802134513,0.8288418032600215,0.0002494618490283304
86,64,0.19,42,0.5475210602212534,0.8343178060514336,0.0002429506663615766
86,64,0.19,43,0.5643388894140523,0.8399462540116128,0.0002360697424126592
86,64,0.19,44,0.581448836896007,0.8457437627578286,0.00022895147966437064
86,64,0.19,45,0.5988625787974152,0.8517156676229907,0.00022152786315059848
86,64,0.19,46,0.6165815456837502,0.8578525852991308,0.00021368683441835458
86,64,0.19,47,0.6346162130425098,0.8641582475472475,0.00020561631712386896
86,64,0.19,48,0.6529949625563792,0.8706599500751724,0.0001972656480493352
86,64,0.19,49,0.6717047856990681,0.8773286996885789,0.00018820992265675157
86,64,0.19,50,0.6907222293663446,0.8841244535889211,0.00017914490733836387
86,64,0.19,51,0.7101947017655345,0.8912247237842003,0.00016999177045970223
86,64,0.19,52,0.7300089537223857,0.8984725584275517,0.00015934898791899769
86,64,0.19,53,0.7500705330218658,0.905745549309423,0.00014880097071820822
86,64,0.19,54,0.7706608445422791,0.9133758157538124,0.000138949887653505
86,64,0.19,55,0.7918315458375816,0.9214039806110043,0.00012697933158252624
86,64,0.19,56,0.81303699781271,0.929185140357383,0.00011404288489211415
86,64,0.19,57,0.8346726138272936,0.9371762681569614,0.0001031480509046236
86,64,0.19,58,0.8574753065332895,0.9461796485884574,9.120223376472065e-05
86,64,0.19,59,0.8805704645480682,0.9551950801877351,7.414407004299373e-05
86,64,0.19,60,0.9028255099855305,0.9630138773178991,6.181360295539006e-05
86,64,0.19,61,0.9268182717743858,0.9723994982550934,4.8747612754686976e-05
86,64,0.19,62,0.9534246408477962,0.9841802744235316,3.14383007313486e-05
86,64,0.19,63,0.9843686217680654,0.9999935205262886,8.018723199666751e-06
86,64,0.2,1,0.015625000000000003,1.0000000000000002,0.0
86,64,0.2,2,0.029429585569863696,0.9417467382356381,0.00019516648757509576
86,64,0.2,3,0.04212195855873518,0.8986017825863505,0.00025124383467493253
86,64,0.2,4,0.05417799402167607,0.866847904346817,0.00028161727557313447
86,64,0.2,5,0.06587287315268545,0.8431727763543736,0.00030008076310833134
86,64,0.2,6,0.07736970981967112,0.8252769047431585,0.0003116297762228412
86,64,0.2,7,0.08873225240310452,0.811266307685527,0.0003204685291997278
86,64,0.2,8,0.10002813883972388,0.8002251107177909,0.00032616063593455543
86,64,0.2,9,0.11132710490070577,0.791659412627241,0.000330575229958497
86,64,0.2,10,0.1226236428073695,0.7847913139671647,0.0003332337770974054
86,64,0.2,11,0.13393891471849279,0.7792809583621396,0.0003349971622550097
86,64,0.2,12,0.14530988174409673,0.7749860359685158,0.0003362598533112115
86,64,0.2,13,0.1567588297414851,0.7717357771888498,0.0003362559324690829
86,64,0.2,14,0.1682834851344259,0.7692959320430897,0.000335731438596518
86,64,0.2,15,0.17989112748244535,0.7675354772584335,0.0003350152737551119
86,64,0.2,16,0.19158707052615095,0.7663482821046037,0.00033424814199888486
86,64,0.2,17,0.20340472564430634,0.7657589671315062,0.0003326486137477929
86,64,0.2,18,0.2153395310044981,0.765651665793771,0.0003312843631171272
86,64,0.2,19,0.2273969789731263,0.7659687712778992,0.00032975566151501626
86,64,0.2,20,0.23957464565161762,0.7666388660851763,0.00032788146504982837
86,64,0.2,21,0.2518937762468566,0.7676762704666106,0.0003256965619048512
86,64,0.2,22,0.26436534806051665,0.7690628307215028,0.000323276366766177
86,64,0.2,23,0.27697389347369067,0.7707099644485306,0.00032079974610537765
86,64,0.2,24,0.2897331540771937,0.7726217442058497,0.0003181628794533324
86,64,0.2,25,0.3026601704648605,0.7748100363900429,0.0003153786843995012
86,64,0.2,26,0.3157526522432473,0.7772372978295315,0.0003123051622643567
86,64,0.2,27,0.32899791595261624,0.7798469118876828,0.0003089724477018235
86,64,0.2,28,0.3424296771959501,0.7826964050193145,0.00030546123942123857
86,64,0.2,29,0.3560465337841614,0.7857578676615975,0.00030180172269063697
86,64,0.2,30,0.3698639760532293,0.7890431489135559,0.00029801890590462344
86,64,0.2,31,0.38386946576992753,0.7925047035250118,0.00029409825785685096
86,64,0.2,32,0.39806618375172403,0.7961323675034478,0.000289853727885319
86,64,0.2,33,0.4124728890393125,0.7999474211671516,0.0002854639845048685
86,64,0.2,34,0.42709490972825453,0.8039433594884791,0.00028078903228547235
86,64,0.2,35,0.4419250110614681,0.8080914487981129,0.0002759213974292788
86,64,0.2,36,0.4569950006358509,0.8124355566859571,0.00027079302448995273
86,64,0.2,37,0.4722847861470678,0.8169250354976307,0.0002654611054965919
86,64,0.2,38,0.4878027167433654,0.8215624703046155,0.00025993707949919826
86,64,0.2,39,0.5035696149009782,0.8263706500939128,0.0002541321620452941
86,64,0.2,40,0.5195834729062291,0.8313335566499666,0.0002480843093084551
86,64,0.2,41,0.5358574881311997,0.8364604692779702,0.000241892860866989
86,64,0.2,42,0.5523964875425239,0.8417470286362267,0.00023542211976076478
86,64,0.2,43,0.5692011699026525,0.8471831365992966,0.00022858986563265056
86,64,0.2,44,0.5862798224310422,0.8527706508087887,0.00022155388440046523
86,64,0.2,45,0.6036520958380588,0.8585274251919058,0.00021419836136689702
86,64,0.2,46,0.6213139843308478,0.8644368477646578,0.0002064573234616901
86,64,0.2,47,0.6392716145734746,0.8704975177170717,0.00019851961578602794
86,64,0.2,48,0.6575623064306679,0.8767497419075573,0.0001903233739094733
86,64,0.2,49,0.6761638623315406,0.8831527997799712,0.00018139943330600745
86,64,0.2,50,0.6950498327866599,0.8896637859669247,0.00017253602594257032
86,64,0.2,51,0.7143752881719545,0.8964709498628449,0.00016359921196786953
86,64,0.2,52,0.7340244919607934,0.903414759336361,0.00015318686374737105
86,64,0.2,53,0.7538933503690788,0.9103617815777554,0.00014295920833445576
86,64,0.2,54,0.7742792753062961,0.9176643262889436,0.00013339517714519876
86,64,0.2,55,0.7952177008472123,0.9253442337131197,0.00012175405389164604
86,64,0.2,56,0.8161587175287729,0.9327528200328832,0.00010926805019832772
86,64,0.2,57,0.8375215750538615,0.940375101814862,9.87495457725545e-05
86,64,0.2,58,0.8600046081853585,0.9489706021355679,8.721601815908245e-05
86,64,0.2,59,0.8827136468579294,0.9575198881170759,7.07547101044329e-05
86,64,0.2,60,0.9046507463896467,0.9649607961489565,5.9030517199042195e-05
86,64,0.2,61,0.9282403650672789,0.9738915305623908,4.6467781379688784e-05
86,64,0.2,62,0.9542628003611008,0.9850454713404913,2.996359218035554e-05
86,64,0.2,63,0.9843698020330613,0.9999947195256496,7.7769997238645e-06
86,64,0.25,1,0.015624999999999998,0.9999999999999998,4.691272993857019e-19
86,64,0.25,2,0.02981635089407024,0.9541232286102476,0.00017418311617185472
86,64,0.25,3,0.04306623892648577,0.9187464304316963,0.00022699348537999687
86,64,0.25,4,0.05576293843665938,0.89220701498655,0.00025622696046908894
86,64,0.25,5,0.06814061064594155,0.8721998162680517,0.0002744798028068074
86,64,0.25,6,0.08032946375142928,0.8568476133485791,0.000286138029990047
86,64,0.25,7,0.09240222505257001,0.8448203433377829,0.0002948454099673897
86,64,0.25,8,0.10442028517244337,0.8353622813795468,0.00030056881047692735
86,64,0.25,9,0.11643342734403433,0.8279710388909108,0.0003047689865240498
86,64,0.25,10,0.12844638219410826,0.8220568460422926,0.00030753239265161896
86,64,0.25,11,0.14048225359078353,0.8173512936191042,0.0003092185612924723
86,64,0.25,12,0.15255593988610733,0.8136316793925723,0.000310191713410681
86,64,0.25,13,0.16470852968836658,0.8108727615427278,0.00031011143956716935
86,64,0.25,14,0.17692222262026983,0.8087873034069478,0.00030941639025958286
86,64,0.25,15,0.18921906975804945,0.8073346976343444,0.00030858718849183003
86,64,0.25,16,0.2015970591550013,0.8063882366200051,0.0003076122342940011
86,64,0.25,17,0.21407457474114264,0.805927810790184,0.00030592249783675666
86,64,0.25,18,0.22666356320855421,0.8059148914081927,0.00030427922015597474
86,64,0.25,19,0.23935556426289364,0.8062503217276417,0.00030254612491862633
86,64,0.25,20,0.2521561205827734,0.8068995858648748,0.00030035393898660066
86,64,0.25,21,0.26508526523472475,0.8078789035724944,0.000297895896871375
86,64,0.25,22,0.2781348352273068,0.809119520661256,0.000295229396831953
86,64,0.25,23,0.2913099533388807,0.8106016092907985,0.0002925349388268616
86,64,0.25,24,0.30462403138278094,0.8123307503540824,0.0002896617226540862
86,64,0.25,25,0.31807547281203397,0.8142732103988067,0.0002865517716436073
86,64,0.25,26,0.33166992568808584,0.8164182786168267,0.00028318431723307945
86,64,0.25,27,0.345393865048126,0.81871138381778,0.00027957884905459833
86,64,0.25,28,0.35928510793217855,0.8212231038449795,0.00027598099583485555
86,64,0.25,29,0.3733407926571879,0.8239245079331043,0.0002721902875434691
86,64,0.25,30,0.38756323090783856,0.8268015592700556,0.00026818782931053737
86,64,0.25,31,0.40193600018828207,0.829803355227421,0.00026407880202192766
86,64,0.25,32,0.41648661776272666,0.8329732355254532,0.0002597225759540664
86,64,0.25,33,0.4312106865955397,0.8362873921852889,0.0002551920228816936
86,64,0.25,34,0.446104596763521,0.8397262997901571,0.0002503958307270216
86,64,0.25,35,0.46118221436048046,0.8433046205448785,0.0002454539310982531
86,64,0.25,36,0.4764573232688958,0.8470352413669258,0.00024036173689767756
86,64,0.25,37,0.4919182894026789,0.8508856897776067,0.00023507431029551183
86,64,0.25,38,0.5075633859491762,0.854843597388086,0.00022957949841700048
86,64,0.25,39,0.5234164452643996,0.8589398076133736,0.0002239449910426977
86,64,0.25,40,0.5394737558912991,0.8631580094260783,0.00021804296914140078
86,64,0.25,41,0.5557435716095731,0.8675021605612847,0.00021198687892781673
86,64,0.25,42,0.5722328460006656,0.8719738605724426,0.00020574416247607396
86,64,0.25,43,0.5889284143453469,0.8765446167000513,0.000199163987864151
86,64,0.25,44,0.6058437095395985,0.8812272138757796,0.00019249939994415885
86,64,0.25,45,0.6230016732238188,0.8860468241405423,0.00018560055599760132
86,64,0.25,46,0.6403912766473865,0.8909791675094072,0.00017829580963892768
86,64,0.25,47,0.6580055702384093,0.8960075850054935,0.00017095361284431406
86,64,0.25,48,0.6758935358117459,0.9011913810823279,0.00016342581738648573
86,64,0.25,49,0.6940234372424731,0.9064795915003728,0.0001552148295568374
86,64,0.25,50,0.7123631531031445,0.9118248359720248,0.00014715635190050324
86,64,0.25,51,0.7310714080659126,0.917422943455263,0.00013909343954348426
86,64,0.25,52,0.7500206299553368,0.9231023137911836,0.00012972493728919375
86,64,0.25,53,0.7691096425263898,0.9287361721073385,0.00012073071935272405
86,64,0.25,54,0.7886348346646969,0.9346783225655664,0.00011223589261860067
86,64,0.25,55,0.8086104982907583,0.9409285798292457,0.00010193641571299936
86,64,0.25,56,0.8284824010965367,0.9468370298246134,9.130916726766584e-05
86,64,0.25,57,0.8487300393093383,0.9529600441368008,8.213733489012891e-05
86,64,0.25,58,0.8698921990315506,0.9598810472072281,7.20142277651866e-05
86,64,0.25,59,0.8910559034621486,0.9665691156199578,5.873133418868021e-05
86,64,0.25,60,0.9117680334381838,0.9725525690007294,4.847342903103763e-05
86,64,0.25,61,0.9337835812102956,0.979707363892769,3.795988261561747e-05
86,64,0.25,62,0.9575140733146824,0.9884016240667689,2.4320245384928984e-05
86,64,0.25,63,0.9843715699105114,0.9999965154646465,6.839114388605257e-06
86,64,0.5,1,0.01562499999999999,0.9999999999999993,1.2510061316952052e-18
86,64,0.5,2,0.03070651175907523,0.9826083762904073,0.0001091212201414981
86,64,0.5,3,0.04531826749562624,0.9667897065733597,0.00014885009046769352
86,64,0.5,4,0.05962059820527213,0.9539295712843541,0.00017290757900843246
86,64,0.5,5,0.07373965593106545,0.9438675959176376,0.0001881878465359978
86,64,0.5,6,0.08773905304327781,0.9358832324616299,0.0001982427860924517
86,64,0.5,7,0.10165398052256264,0.9294078219205728,0.00020587373005957573
86,64,0.5,8,0.11553640106122846,0.9242912084898277,0.00021111172482195193
86,64,0.5,9,0.12940855796234094,0.9202386343988689,0.000214971384851633
86,64,0.5,10,0.14327091674715814,0.9169338671818121,0.00021753218588985537
86,64,0.5,11,0.15714197245793132,0.9142805670279641,0.0002192334816922935
86,64,0.5,12,0.1710329227162178,0.9121755878198283,0.0002200290059181255
86,64,0.5,13,0.1849738627110257,0.9106405548850496,0.00022031062130914398
86,64,0.5,14,0.19894455706559833,0.9094608322998782,0.0002197687453794562
86,64,0.5,15,0.21296475703198112,0.9086496300031194,0.00021896099510100182
86,64,0.5,16,0.22703397938078762,0.9081359175231505,0.00021776249700724624
86,64,0.5,17,0.24115577609991917,0.9078805688467545,0.0002162752254783649
86,64,0.5,18,0.2553488618552172,0.9079070643741056,0.00021467602554371508
86,64,0.5,19,0.26958310927287144,0.9080694207086195,0.00021269110914331902
86,64,0.5,20,0.2838793974164451,0.9084140717326242,0.00021044032231493779
86,64,0.5,21,0.29824780586250554,0.9089456940571597,0.00020799081187778778
86,64,0.5,22,0.31269128671974467,0.9096473795483483,0.00020545695397166088
86,64,0.5,23,0.3271859499425285,0.9104304694052966,0.0002027352401059735
86,64,0.5,24,0.3417702728956597,0.9113873943884258,0.0002000036754958122
86,64,0.5,25,0.35642259430290046,0.9124418414154251,0.000196970194676152
86,64,0.5,26,0.3711501787345927,0.9136004399620742,0.00019369416709636653
86,64,0.5,27,0.3859457834971055,0.9148344497709169,0.0001904297431946083
86,64,0.5,28,0.40082626522389836,0.9161743205117678,0.00018704404107176145
86,64,0.5,29,0.4157968923001253,0.9176207278347592,0.0001835042429498105
86,64,0.5,30,0.4308450733867009,0.9191361565582952,0.00017993938374787194
86,64,0.5,31,0.4459684931542555,0.9207091471571726,0.00017620803814890774
86,64,0.5,32,0.4611905503933319,0.9223811007866638,0.00017231098391184778
86,64,0.5,33,0.4764945533317348,0.9241106488857886,0.0001683715557404765
86,64,0.5,34,0.4918872979080664,0.9259055019445956,0.00016432483167624188
86,64,0.5,35,0.5073606738060487,0.9277452321024889,0.00016016106385572924
86,64,0.5,36,0.5229342339852882,0.9296608604182899,0.00015594560662697936
86,64,0.5,37,0.5385927888820127,0.9316199591472651,0.00015154315149856347
86,64,0.5,38,0.5543374679920734,0.933620998723492,0.0001471443662729057
86,64,0.5,39,0.5701881443232437,0.9356933650432717,0.00014258296120608032
86,64,0.5,40,0.5861245594646054,0.9377992951433686,0.0001379721808163528
86,64,0.5,41,0.602172680192601,0.9399768666421089,0.00013328707907770687
86,64,0.5,42,0.6183003695341863,0.942171991671141,0.0001284472448897277
86,64,0.5,43,0.63453779289495,0.9444283429134139,0.0001236483317539867
86,64,0.5,44,0.6508712876249149,0.946721872908967,0.00011859081727981899
86,64,0.5,45,0.6672914293225958,0.9490366994810251,0.00011354550727316035
86,64,0.5,46,0.6838448813972773,0.9514363567266466,0.0001084562818493479
86,64,0.5,47,0.7004759855061197,0.9538396398381204,0.00010307143776349966
86,64,0.5,48,0.7172059500510214,0.9562746000680283,9.787498125585252e-05
86,64,0.5,49,0.7340900790725654,0.9588115318498813,9.247436360392966e-05
86,64,0.5,50,0.7510167056264535,0.9613013832018605,8.669386623399169e-05
86,64,0.5,51,0.7680721247800846,0.9638552154103021,8.137457682098198e-05
86,64,0.5,52,0.7853012003539432,0.9665245542817763,7.561954929313174e-05
86,64,0.5,53,0.8025541176697341,0.9691219534125091,6.957927101517122e-05
86,64,0.5,54,0.819908186394461,0.9717430357267685,6.397018493020696e-05
86,64,0.5,55,0.8375471150978284,0.974600279386564,5.8050479726313004e-05
86,64,0.5,56,0.8551197898883494,0.9772797598723995,5.158688521247388e-05
86,64,0.5,57,0.8728098035339344,0.979996972388979,4.564027282372737e-05
86,64,0.5,58,0.8907698720767817,0.9829184795330004,3.973798353068891e-05
86,64,0.5,59,0.909027634213757,0.9860638744013636,3.250544052340739e-05
86,64,0.5,60,0.9268092954782103,0.9885965818434242,2.6618082116048717e-05
86,64,0.5,61,0.9453043820307265,0.9917947614748608,1.9936272995265798e-05
86,64,0.5,62,0.964195956075152,0.9952990514324149,1.3386926916303613e-05
86,64,0.5,63,0.9843751806571637,1.0000001835247376,4.499521495846783e-06
86,64,1.0,1,0.015624999999999998,0.9999999999999998,4.691272993857019e-19
86,64,1.0,2,0.031109178323095718,0.9954937063390629,5.610594286131764e-05
86,64,1.0,3,0.04643234464704506,0.9905566858036279,8.034576964389239e-05
86,64,1.0,4,0.06163094927406638,0.9860951883850618,9.621808344497746e-05
86,64,1.0,5,0.0767440680320445,0.9823240708101694,0.00010715937680545284
86,64,1.0,6,0.09180204881234114,0.9792218539983053,0.00011490951576349933
86,64,1.0,7,0.10681149303560676,0.9765622220398331,0.00012067183175404912
86,64,1.0,8,0.12179871779404093,0.9743897423523273,0.00012498425634986852
86,64,1.0,9,0.13677230707535665,0.9726030725358694,0.00012814968995972936
86,64,1.0,10,0.15174178209340083,0.9711474053977651,0.00013028470593658871
86,64,1.0,11,0.16671262396967804,0.969964357641763,0.00013207024856907694
86,64,1.0,12,0.18168612453536218,0.9689926641885982,0.00013308878701050853
86,64,1.0,13,0.1966784420986855,0.9682630995627594,0.00013357876762222978
86,64,1.0,14,0.211679109035806,0.9676759270208274,0.00013363357671556576
86,64,1.0,15,0.22670028363940128,0.9672545435281121,0.00013334759196760007
86,64,1.0,16,0.2417340994476047,0.9669363977904186,0.0001326477282182694
86,64,1.0,17,0.2567936969039665,0.9667527412855206,0.0001317359537849349
86,64,1.0,18,0.2718781327181585,0.966677805220119,0.00013076491009864373
86,64,1.0,19,0.2869785145313075,0.9666644700001936,0.00012949214622217381
86,64,1.0,20,0.3021005901838904,0.9667218885884491,0.00012805712842481267
86,64,1.0,21,0.3172516628332024,0.9668622105392832,0.0001264271946699571
86,64,1.0,22,0.33243019579737876,0.9670696605014655,0.00012462025990000165
86,64,1.0,23,0.34762886187287384,0.9673150939071272,0.00012277174014899172
86,64,1.0,24,0.3628648894488232,0.9676397051968619,0.0001207718548474105
86,64,1.0,25,0.3781158388654909,0.9679765474956564,0.0001186950549650148
86,64,1.0,26,0.3934048767360161,0.9683812350425011,0.00011653193497074349
86,64,1.0,27,0.40872672415773065,0.9688337165220281,0.00011435181533322942
86,64,1.0,28,0.42408015976390406,0.969326079460352,0.00011203885793783556
86,64,1.0,29,0.4394701100691454,0.9698650704974242,0.00010966135941203681
86,64,1.0,30,0.45489361800122735,0.9704397184026183,0.00010722666669237946
86,64,1.0,31,0.47033907841759376,0.9710226135072904,0.00010472229470163788
86,64,1.0,32,0.4858250597754644,0.9716501195509287,0.00010215310224569368
86,64,1.0,33,0.5013415594995001,0.9722987820596366,9.957897193920619e-05
86,64,1.0,34,0.516893056389472,0.9729751649684177,9.687363085771972e-05
86,64,1.0,35,0.5324760029301382,0.9736704053579669,9.418226145563537e-05
86,64,1.0,36,0.5480948738405164,0.9743908868275847,9.142369785542486e-05
86,64,1.0,37,0.5637511221118141,0.9751370760853,8.865967949100278e-05
86,64,1.0,38,0.5794324017562061,0.9758861503262418,8.57327026735388e-05
86,64,1.0,39,0.5951549885020654,0.9766645965162098,8.284154670478209e-05
86,64,1.0,40,0.6109106233745841,0.9774569973993343,7.991415384927512e-05
86,64,1.0,41,0.6267082101447474,0.9782762304698496,7.694287627986799e-05
86,64,1.0,42,0.6425379880154456,0.9791055055473454,7.392051564320364e-05
86,64,1.0,43,0.6584044918128641,0.9799508715354256,7.090837062805654e-05
86,64,1.0,44,0.6743033595067837,0.9808048865553216,6.77555109802107e-05
86,64,1.0,45,0.6902370300610816,0.9816704427535382,6.470341206054695e-05
86,64,1.0,46,0.7062087634867514,0.982551323112002,6.154824655742502e-05
86,64,1.0,47,0.7222121173517791,0.9834377768194439,5.839442437449727e-05
86,64,1.0,48,0.7382661132640587,0.9843548176854114,5.522525276667906e-05
86,64,1.0,49,0.7543482652293672,0.9852712035648876,5.1898936320151055e-05
86,64,1.0,50,0.7704631223826846,0.9861927966498361,4.868307200861362e-05
86,64,1.0,51,0.7866461705088291,0.9871638218150012,4.5319734253348366e-05
86,64,1.0,52,0.8028246360340605,0.9880918597342282,4.2074334894605744e-05
86,64,1.0,53,0.8190684538665431,0.9890637933482784,3.8643946748316845e-05
86,64,1.0,54,0.8353631902872959,0.9900600773775357,3.5244256777323434e-05
86,64,1.0,55,0.8516462017085863,0.9910064892609001,3.185191159755958e-05
86,64,1.0,56,0.8680516909070415,0.9920590753223332,2.849568467360092e-05
86,64,1.0,57,0.8844455288987478,0.9930616464828046,2.492667162713847e-05
86,64,1.0,58,0.9008907112246914,0.9940863020410388,2.1415657242073846e-05
86,64,1.0,59,0.9174003514904686,0.9951461439896608,1.7827093441180334e-05
86,64,1.0,60,0.9339631651167567,0.9962273761245404,1.4433422904499035e-05
86,64,1.0,61,0.9507210091312356,0.9974777800721158,1.0931849136801493e-05
86,64,1.0,62,0.9676375555460957,0.998851670241131,6.955268745762326e-06
86,64,1.0,63,0.9843783847736012,1.0000034385001662,2.802448849598766e-06
93,8,0.01,1,0.125,0.9999999999999998,0.0
93,8,0.01,2,0.2023104828898621,0.8092419315594482,0.0003094830881535489
93,8,0.01,3,0.2732977925694047,0.7287941135184123,0.00034823602101377083
93,8,0.01,4,0.35166265533778507,0.7033253106755701,0.0003568963929365005
93,8,0.01,5,0.44816925183512474,0.7170708029361995,0.0003465942979152796
93,8,0.01,6,0.5809011993265484,0.7745349324353976,0.0003269435191208621
93,8,0.01,7,0.875065143059804,1.0000744492112046,0.00025181446755452575
93,8,0.02,1,0.125,1.0,0.0
93,8,0.02,2,0.2093005092847661,0.8372020371390644,0.00028349757928205794
93,8,0.02,3,0.2875810082001152,0.7668826885336404,0.0003187528808362708
93,8,0.02,4,0.3728490027760003,0.7456980055520006,0.0003201788792214725
93,8,0.02,5,0.4754011661644876,0.7606418658631801,0.0003001578340202309
93,8,0.02,6,0.6122245259276478,0.8162993679035303,0.00026645888729347764
93,8,0.02,7,0.8750808332519315,1.0000923808593505,0.00017659440981580187
93,8,0.03,1,0.12500000000000003,1.0000000000000002,5.046317047893045e-19
93,8,0.03,2,0.2141597244973757,0.8566388979895028,0.0002659249090712865
93,8,0.03,3,0.297520009928313,0.793386693142168,0.00029743985016257465
93,8,0.03,4,0.38741057786954364,0.7748211557390873,0.00029689622696294166
93,8,0.03,5,0.49354155602099153,0.7896664896335864,0.0002716316978165437
93,8,0.03,6,0.6320876786861125,0.8427835715814831,0.00023127121698342617
93,8,0.03,7,0.8752222922015215,1.0002540482303102,0.000142987800488527
93,8,0.04,1,0.125,1.0,0.0
93,8,0.04,2,0.21783326356128774,0.871333054245151,0.00025091040213412615
93,8,0.04,3,0.3049882164122661,0.8133019104327096,0.00028139567326160287
93,8,0.04,4,0.39827953954683243,0.7965590790936649,0.0002785931363856975
93,8,0.04,5,0.5068500804433504,0.8109601287093607,0.00025060867201778813
93,8,0.04,6,0.6461035731585291,0.8614714308780389,0.0002068805116526835
93,8,0.04,7,0.8751283158334667,1.0001466466668192,0.00012317008828474565
93,8,0.05,1,0.12499999999999996,0.9999999999999997,0.0
93,8,0.05,2,0.2208500408507058,0.8834001634028232,0.00023872162967241047
93,8,0.05,3,0.3110908199899035,0.829575519973076,0.00026827069007084517
93,8,0.05,4,0.40720486644995135,0.8144097328999027,0.00026479064098828593
93,8,0.05,5,0.5176019743501563,0.8281631589602501,0.00023439010218045744
93,8,0.05,6,0.6570347910541082,0.8760463880721443,0.0001883583479361137
93,8,0.05,7,0.8751170405288071,1.0001337606043508,0.00010950410440033648
93,8,0.06,1,0.12500000000000003,1.0000000000000002,5.331957635509633e-19
93,8,0.06,2,0.22336025394078823,0.8934410157631529,0.00022878386731370733
93,8,0.06,3,0.31621943288315074,0.8432518210217353,0.0002575705606718981
93,8,0.06,4,0.4146378541223949,0.8292757082447898,0.0002532699894455249
93,8,0.06,5,0.526449944476586,0.8423199111625377,0.00022122501689889146
93,8,0.06,6,0.6660350742208685,0.8880467656278248,0.00017413702637145332
93,8,0.06,7,0.8750678468222349,1.0000775392254115,9.955339376727061e-05
93,8,0.07,1,0.12500000000000003,1.0000000000000002,0.0
93,8,0.07,2,0.22551552052945562,0.9020620821178225,0.00021904275897480672
93,8,0.07,3,0.32062687874321183,0.8550050099818982,0.0002476454465751177
93,8,0.07,4,0.42101354420020926,0.8420270884004185,0.00024350776780277105
93,8,0.07,5,0.5340318166405025,0.854450906624804,0.00020990779805095017
93,8,0.07,6,0.673249507198025,0.8976660095973668,0.00016234342368430806
93,8,0.07,7,0.8750493192219209,1.0000563648250524,9.159238026098265e-05
93,8,0.08,1,0.125,1.0,0.0
93,8,0.08,2,0.22743431469331235,0.9097372587732494,0.00021079978366065325
93,8,0.08,3,0.3245666035424286,0.8655109427798096,0.00023924304318876332
93,8,0.08,4,0.4265925019719832,0.8531850039439663,0.0002344915313860386
93,8,0.08,5,0.5405680772156451,0.864908923545032,0.0002009926637113154
93,8,0.08,6,0.6796357922359768,0.9061810563146357,0.00015265277726956517
93,8,0.08,7,0.8750634307318631,1.0000724922649864,8.525632628792429e-05
93,8,0.09,1,0.12500000000000006,1.0000000000000004,7.4901309641682935e-19
93,8,0.09,2,0.22907061044083502,0.9162824417633401,0.0002029955224175182
93,8,0.09,3,0.3279273624945087,0.8744729666520231,0.0002306101674775536
93,8,0.09,4,0.4315555124324605,0.863111024864921,0.00022657957032449922
93,8,0.09,5,0.5463927812152568,0.874228449944411,0.00019279264993536744
93,8,0.09,6,0.6855704613809539,0.9140939485079385,0.0001440513092718646
93,8,0.09,7,0.8750666328259978,1.0000761518011405,7.995475353207333e-05
93,8,0.1,1,0.125,1.0,6.855374102798099e-19
93,8,0.1,2,0.2305521361629614,0.9222085446518457,0.00019591930746970027
93,8,0.1,3,0.3310149530992208,0.8827065415979222,0.0002238025044001144
93,8,0.1,4,0.43591110619167134,0.8718222123833427,0.00021892664287262694
93,8,0.1,5,0.5515123164055555,0.882419706248889,0.00018570464754215
93,8,0.1,6,0.6901597187093893,0.9202129582791858,0.00013688016574174363
93,8,0.1,7,0.8750666545273836,1.0000761766027242,7.552035683328613e-05
93,8,0.11,1,0.12499999999999997,0.9999999999999998,6.336027579858849e-19
93,8,0.11,2,0.23188018264991625,0.927520730599665,0.00018937835105432542
93,8,0.11,3,0.3337222590565989,0.8899260241509305,0.00021619953062980242
93,8,0.11,4,0.4398381083216356,0.8796762166432712,0.00021158306876704628
93,8,0.11,5,0.5560943188634622,0.8897509101815396,0.00017906703911109903
93,8,0.11,6,0.6941727910247122,0.925563721366283,0.00013058893506120726
93,8,0.11,7,0.8750630096035414,1.000072010975476,7.167358985264561e-05
93,8,0.12,1,0.125,1.0,0.0
93,8,0.12,2,0.23304454582228967,0.9321781832891587,0.00018327166767600437
93,8,0.12,3,0.33616761737780854,0.896446979674156,0.00020940993750755791
93,8,0.12,4,0.44338424877699645,0.8867684975539929,0.00020548410281043608
93,8,0.12,5,0.5602491234026366,0.8963985974442185,0.00017303090208597362
93,8,0.12,6,0.6979299051188678,0.9305732068251569,0.00012514381038536334
93,8,0.12,7,0.8750545587939681,1.000062352907392,6.82518895255291e-05
93,8,0.13,1,0.12500000000000003,1.0000000000000002,1.1074065858366156e-18
93,8,0.13,2,0.2341347701054343,0.9365390804217372,0.00017786680348581146
93,8,0.13,3,0.3384407973704926,0.9025087929879804,0.0002036720996379598
93,8,0.13,4,0.4466239543807842,0.8932479087615685,0.00019920219048668496
93,8,0.13,5,0.5640872157575383,0.9025395452120614,0.00016678272069609777
93,8,0.13,6,0.7015618134664249,0.9354157512885666,0.00012006193095520298
93,8,0.13,7,0.8750551422646311,1.0000630197310072,6.518461030925637e-05
93,8,0.14,1,0.12499999999999996,0.9999999999999997,0.0
93,8,0.14,2,0.23514120194017923,0.9405648077607169,0.00017232399958326712
93,8,0.14,3,0.34050712533517763,0.9080190008938069,0.00019696402912011734
93,8,0.14,4,0.4495829723505438,0.8991659447010876,0.00019272644260585073
93,8,0.14,5,0.56748960006717,0.907983360107472,0.00016137280694808966
93,8,0.14,6,0.7050341964253972,0.9400455952338629,0.00011499335060003947
93,8,0.14,7,0.8750555133969699,1.0000634438822513,6.240500320380076e-05
93,8,0.15,1,0.12499999999999999,0.9999999999999999,0.0
93,8,0.15,2,0.23599949618614996,0.9439979847445998,0.00016744050329817262
93,8,0.15,3,0.3423333048324153,0.9128888128864409,0.000191376596555767
93,8,0.15,4,0.4522675192720998,0.9045350385441996,0.000187162648143111
93,8,0.15,5,0.5705429898829566,0.9128687838127305,0.0001569983922284013
93,8,0.15,6,0.7080849642799377,0.9441132857065836,0.00011055168088102129
93,8,0.15,7,0.8750343481106511,1.000039254983601,6.004608619033686e-05
93,8,0.16,1,0.12499999999999999,0.9999999999999999,0.0
93,8,0.16,2,0.23683671549793348,0.9473468619917339,0.00016267034260612065
93,8,0.16,3,0.34405659226665836,0.9174842460444221,0.00018608143741006829
93,8,0.16,4,0.45472364196314213,0.9094472839262843,0.00018201657824210978
93,8,0.16,5,0.5734182348846433,0.9174691758154293,0.0001521657639368053
93,8,0.16,6,0.7108344010743338,0.9477792014324451,0.00010623684788364862
93,8,0.16,7,0.8750183434115698,1.0000209638989368,5.77982463447959e-05
93,8,0.17,1,0.12499999999999997,0.9999999999999998,4.503039851837968e-19
93,8,0.17,2,0.23765730753693207,0.9506292301477283,0.00015837430177651984
93,8,0.17,3,0.3457089224582253,0.921890459888601,0.00018108894498250776
93,8,0.17,4,0.4570248746640549,0.9140497493281098,0.0001768951229166627
93,8,0.17,5,0.5761456491707332,0.9218330386731731,0.0001474502775213962
93,8,0.17,6,0.7129238970647429,0.9505651960863238,0.00010248496393427477
93,8,0.17,7,0.8750263797801815,1.0000301483202074,5.571184507534652e-05
93,8,0.18,1,0.12499999999999999,0.9999999999999999,8.632693314634642e-19
93,8,0.18,2,0.2383448513713186,0.9533794054852744,0.00015422789677960774
93,8,0.18,3,0.347242934954063,0.9259811598775013,0.00017604510963222108
93,8,0.18,4,0.45919679965305016,0.9183935993061003,0.00017208263574565474
93,8,0.18,5,0.5787094658252596,0.9259351453204155,0.00014292905263866534
93,8,0.18,6,0.7148217168704175,0.95309562249389,9.93322868311266e-05
93,8,0.18,7,0.8750397925557488,1.00004547720657,5.386155420375857e-05
93,8,0.19,1,0.12500000000000003,1.0000000000000002,0.0
93,8,0.19,2,0.23896842477914856,0.9558736991165943,0.00015032628416668047
93,8,0.19,3,0.3485812782113714,0.9295500752303237,0.0001719172032176278
93,8,0.19,4,0.4611779762809572,0.9223559525619144,0.0001674186480448205
93,8,0.19,5,0.5810427686556144,0.9296684298489832,0.00013875752898578252
93,8,0.19,6,0.7166491239906161,0.9555321653208213,9.658196490281272e-05
93,8,0.19,7,0.8750314431398347,1.000035935016954,5.2230398265786764e-05
93,8,0.2,1,0.12499999999999994,0.9999999999999996,1.199690467989667e-18
93,8,0.2,2,0.23957018698408397,0.9582807479363359,0.00014677793838822607
93,8,0.2,3,0.3498501474744008,0.9329337265984022,0.0001679160636917676
93,8,0.2,4,0.4629850654275018,0.9259701308550036,0.0001634038760763467
93,8,0.2,5,0.5830975709656154,0.9329561135449845,0.00013553331852371686
93,8,0.2,6,0.7184426771455172,0.9579235695273564,9.406838889085377e-05
93,8,0.2,7,0.8750257812109916,1.0000294642411331,5.06972620906898e-05
93,8,0.25,1,0.125,1.0,1.3710748205596193e-18
93,8,0.25,2,0.24204678253226047,0.9681871301290419,0.00013028987965771279
93,8,0.25,3,0.3551502374959604,0.9470672999892278,0.0001484500846317322
93,8,0.25,4,0.4704935159365232,0.9409870318730464,0.00014470755522412142
93,8,0.25,5,0.5917600596666884,0.9468160954667015,0.00011930997836031935
93,8,0.25,6,0.7267402567156164,0.9689870089541553,8.219472868854704e-05
93,8,0.25,7,0.8749773432035198,0.9999741065183083,4.406141705878938e-05
93,8,0.5,1,0.12499999999999994,0.9999999999999996,0.0
93,8,0.5,2,0.24775272607469678,0.9910109042987871,8.194511765744337e-05
93,8,0.5,3,0.36814231521765844,0.9817128405804226,9.16321165824916e-05
93,8,0.5,4,0.48858161868826533,0.9771632373765307,8.912887979340124e-05
93,8,0.5,5,0.6129992680183665,0.9807988288293864,7.462639443682314e-05
93,8,0.5,6,0.7449807527993095,0.9933076703990795,5.130989401252432e-05
93,8,0.5,7,0.8749890203870724,0.99998745187094,2.7327915362159407e-05
93,8,1.0,1,0.125,1.0,1.3710748205596193e-18
93,8,1.0,2,0.2499892294782921,0.9999569179131684,4.2965978338728016e-05
93,8,1.0,3,0.37498363328960344,0.9999563554389426,5.058945378089236e-05
93,8,1.0,4,0.49903192369136595,0.9980638473827319,4.757049768755084e-05
93,8,1.0,5,0.6249959704629738,0.9999935527407581,4.051180187437227e-05
93,8,1.0,6,0.7499909756592198,0.9999879675456266,2.922856728156989e-05
93,8,1.0,7,0.8749944175086682,0.9999936200099064,1.5478047676436573e-05
93,16,0.01,1,0.0625,0.9999999999999999,0.0
93,16,0.01,2,0.09773916366151583,0.7819133092921265,0.0003353173313562361
93,16,0.01,3,0.12572077959767325,0.6705108245209239,0.000384618006496811
93,16,0.01,4,0.15180346739992198,0.6072138695996878,0.00040426965535346726
93,16,0.01,5,0.17814118792018216,0.5700518013445829,0.00041460100822578866
93,16,0.01,6,0.2059207304519237,0.5491219478717964,0.0004236440200140518
93,16,0.01,7,0.23628595432663618,0.5400821813180255,0.00043132807629948304
93,16,0.01,8,0.2701879955668677,0.5403759911337354,0.00043792899601262337
93,16,0.01,9,0.3090284080226657,0.549383836484739,0.00044341811424256447
93,16,0.01,10,0.35435454644359893,0.5669672743097582,0.00044694768550331275
93,16,0.01,11,0.4083675092268024,0.5939891043298944,0.00044574973478296495
93,16,0.01,12,0.4746628285203497,0.6328837713604661,0.00043760809292622436
93,16,0.01,13,0.5576964209091715,0.6863955949651341,0.00041668137541654357
93,16,0.01,14,0.670416905763669,0.766190749444193,0.0003276002236052792
93,16,0.01,15,0.9374720455492731,0.9999701819192246,0.00013644992265500995
93,16,0.02,1,0.0625,1.0,4.262748565196521e-19
93,16,0.02,2,0.10150530766268502,0.8120424613014802,0.0003118368269559652
93,16,0.02,3,0.13369028847740713,0.7130148718795046,0.00036294084404876157
93,16,0.02,4,0.16403630015999385,0.6561452006399754,0.0003818452319257225
93,16,0.02,5,0.19475055761865087,0.6232017843796828,0.00039178917816340804
93,16,0.02,6,0.2270252266749782,0.6054006044666085,0.00039831222296095363
93,16,0.02,7,0.2619289335412047,0.5986947052370395,0.0004023494013935139
93,16,0.02,8,0.30048894965884637,0.6009778993176927,0.000404584736887222
93,16,0.02,9,0.3439143240063885,0.611403242678024,0.00040420746540390483
93,16,0.02,10,0.3936812951711305,0.6298900722738087,0.0004006590857050703
93,16,0.02,11,0.4516231898890352,0.6569064580204148,0.00039037627201739803
93,16,0.02,12,0.520961589389064,0.6946154525187519,0.0003724539693683455
93,16,0.02,13,0.6041557612308881,0.7435763215149392,0.0003500370659564482
93,16,0.02,14,0.7104088490247114,0.811895827456813,0.00025040601635531375
93,16,0.02,15,0.9374892531220179,0.9999885366634857,9.569940009297056e-05
93,16,0.03,1,0.06250000000000001,1.0000000000000002,1.1585931997713622e-18
93,16,0.03,2,0.10416179580406518,0.8332943664325214,0.00029615405750114276
93,16,0.03,3,0.13937207610793517,0.7433177392423209,0.0003459799463642363
93,16,0.03,4,0.17281712377741085,0.6912684951096434,0.00036575907835382365
93,16,0.03,5,0.2067012920387888,0.6614441345241242,0.00037556329237442326
93,16,0.03,6,0.24216865916329916,0.6457830911021312,0.00038048129931623906
93,16,0.03,7,0.2802730115200919,0.6406240263316385,0.00038195549771236954
93,16,0.03,8,0.32195178318065637,0.6439035663613127,0.00038098946761255445
93,16,0.03,9,0.3684181599813374,0.6549656177445998,0.00037727604702616547
93,16,0.03,10,0.42086540440828324,0.6733846470532532,0.0003697135354483722
93,16,0.03,11,0.4809045475292492,0.699497523678908,0.00035446191475660855
93,16,0.03,12,0.5516600181606256,0.7355466908808341,0.0003291877710047726
93,16,0.03,13,0.6346913728174388,0.7811586126983864,0.0003095606669204946
93,16,0.03,14,0.7346124519469523,0.839557087939374,0.00021226465090675692
93,16,0.03,15,0.9375661847490312,1.0000705970656334,7.753573792970361e-05
93,16,0.04,1,0.06249999999999998,0.9999999999999997,1.7706801732354782e-18
93,16,0.04,2,0.10619425769907578,0.8495540615926063,0.000282063201096804
93,16,0.04,3,0.14374145493262744,0.7666210929740132,0.0003315678252907012
93,16,0.04,4,0.1795897270247012,0.7183589080988048,0.00035081142338678334
93,16,0.04,5,0.21592180573727415,0.6909497783592774,0.00036068871903446344
93,16,0.04,6,0.2538616950624747,0.6769645201665994,0.0003646544456341594
93,16,0.04,7,0.2943954517636146,0.6729038897454047,0.0003644465196134343
93,16,0.04,8,0.3384034927462129,0.6768069854924258,0.00036140671004865663
93,16,0.04,9,0.3870266316643979,0.6880473451811518,0.0003548945290370262
93,16,0.04,10,0.4413553355877727,0.7061685369404362,0.00034489410147065967
93,16,0.04,11,0.50262139446008,0.7310856646692073,0.00032730951382695285
93,16,0.04,12,0.5739589124047297,0.7652785498729731,0.00029656369079666793
93,16,0.04,13,0.6568387353040487,0.8084169049895984,0.0002786855619119764
93,16,0.04,14,0.7516083793934719,0.8589810050211107,0.00018802894334560746
93,16,0.04,15,0.9375407987359308,1.0000435186516594,6.683604949170824e-05
93,16,0.05,1,0.062499999999999986,0.9999999999999998,7.2138821872556495e-19
93,16,0.05,2,0.10787371474692616,0.8629897179754092,0.00027053778438270983
93,16,0.05,3,0.14736074171918428,0.7859239558356494,0.000319716135883875
93,16,0.05,4,0.18527128593218503,0.7410851437287401,0.00033875309093066134
93,16,0.05,5,0.22364677504869304,0.7156696801558176,0.00034765171597606596
93,16,0.05,6,0.2636031378630934,0.7029417009682492,0.00035064578625330255
93,16,0.05,7,0.3061007778543018,0.6996589208098326,0.00034962444161426505
93,16,0.05,8,0.35195130098287974,0.7039026019657595,0.0003447184057811198
93,16,0.05,9,0.4022145251619028,0.7150480447322717,0.0003360426467270614
93,16,0.05,10,0.4579480365531759,0.7327168584850814,0.0003243740916302308
93,16,0.05,11,0.5200381371998353,0.7564191086543057,0.00030606227663480595
93,16,0.05,12,0.591489010752598,0.7886520143367972,0.0002710666625124624
93,16,0.05,13,0.6742059753406319,0.8297919696500086,0.0002535863036834133
93,16,0.05,14,0.7647327388699537,0.8739802729942328,0.00017072320786401743
93,16,0.05,15,0.937532000063493,1.0000341334010592,5.943331845936006e-05
93,16,0.06,1,0.06250000000000003,1.0000000000000004,6.12086973464116e-19
93,16,0.06,2,0.10927529548854376,0.87420236390835,0.00026077221550699836
93,16,0.06,3,0.1504235468988721,0.8022589167939848,0.00030948396230478197
93,16,0.06,4,0.19006704191100737,0.7602681676440295,0.00032812753640070104
93,16,0.06,5,0.23016322155102092,0.736522308963267,0.00033597968657446474
93,16,0.06,6,0.2718121752311011,0.7248324672829364,0.0003386784256422105
93,16,0.06,7,0.31593773357738447,0.7221433910340218,0.00033655445040153153
93,16,0.06,8,0.3632944447228829,0.7265888894457658,0.000330596959313658
93,16,0.06,9,0.4148703634696959,0.737547312835015,0.0003201382829994609
93,16,0.06,10,0.47168779329328203,0.7547004692692513,0.00030705792579730444
93,16,0.06,11,0.534353235577243,0.7772410699305353,0.00028877446479236974
93,16,0.06,12,0.6056336364580202,0.8075115152773603,0.0002510800227822232
93,16,0.06,13,0.6881103996946927,0.8469051073165449,0.00023299801864349972
93,16,0.06,14,0.7752681738685675,0.8860207701355058,0.00015765177427028035
93,16,0.06,15,0.9375033189384819,1.0000035402010476,5.41500537241339e-05
93,16,0.07,1,0.06249999999999999,0.9999999999999999,1.0680293108404476e-18
93,16,0.07,2,0.11048764827708159,0.8839011862166527,0.0002511202047938756
93,16,0.07,3,0.153088756199083,0.8164733663951094,0.000299560551453666
93,16,0.07,4,0.19423241283426654,0.7769296513370662,0.00031828401255874875
93,16,0.07,5,0.2358158411281751,0.7546106916101604,0.0003251978628117941
93,16,0.07,6,0.2789360962757346,0.7438295900686257,0.0003272194506878771
93,16,0.07,7,0.32447251487930034,0.741651462581258,0.00032418698041863865
93,16,0.07,8,0.37308254446755157,0.7461650889351031,0.0003173260452103733
93,16,0.07,9,0.4257461188301625,0.7568819890314,0.00030552247963196605
93,16,0.07,10,0.48342564751618683,0.7734810360258989,0.0002915608733444427
93,16,0.07,11,0.5465030683309308,0.7949135539358994,0.0002736150383610697
93,16,0.07,12,0.6174541036641368,0.8232721382188491,0.00023447295490241812
93,16,0.07,13,0.6996394512994553,0.8610947092916372,0.0002151755660059923
93,16,0.07,14,0.7840508655976253,0.8960581321115719,0.00014693947303326228
93,16,0.07,15,0.9374923738703433,0.9999918654616996,4.998565059354058e-05
93,16,0.08,1,0.06250000000000004,1.0000000000000007,1.4263812506619123e-18
93,16,0.08,2,0.11156801109131352,0.8925440887305082,0.00024274636274528957
93,16,0.08,3,0.15546709387491137,0.8291578339995272,0.0002908647345654144
93,16,0.08,4,0.19793343445507458,0.7917337378202983,0.0003093083742942789
93,16,0.08,5,0.24085576185777677,0.7707384379448856,0.0003158667752128013
93,16,0.08,6,0.2852620744295997,0.7606988651455993,0.0003170874462678488
93,16,0.08,7,0.33200697097725373,0.7588730765194369,0.00031347146771861976
93,16,0.08,8,0.38170874439979957,0.7634174887995991,0.0003059439840763
93,16,0.08,9,0.4352679192390018,0.7738096342026698,0.00029303672452072856
93,16,0.08,10,0.49366854395037396,0.7898696703205982,0.0002778448255210606
93,16,0.08,11,0.5570914915597038,0.8103148968141146,0.0002604659621776568
93,16,0.08,12,0.6276662124665164,0.8368882832886885,0.00022045669313062256
93,16,0.08,13,0.7093533090319752,0.8730502265008925,0.00019993774204446496
93,16,0.08,14,0.7915777323990761,0.9046602655989441,0.00013772100873766564
93,16,0.08,15,0.9375007667734876,1.0000008178917201,4.6577473718927026e-05
93,16,0.09,1,0.06250000000000003,1.0000000000000004,8.598364627234008e-19
93,16,0.09,2,0.11250633006627372,0.9000506405301898,0.00023461805053143483
93,16,0.09,3,0.15754249625644193,0.8402266467010235,0.00028204722423303725
93,16,0.09,4,0.20121146234370701,0.8048458493748281,0.0003009226619294292
93,16,0.09,5,0.2453332412895697,0.7850663721266231,0.00030717402509890577
93,16,0.09,6,0.29088947250486225,0.775705260012966,0.00030771004911995994
93,16,0.09,7,0.3386728246639075,0.774109313517503,0.000303295602913995
93,16,0.09,8,0.3892994989302615,0.778598997860523,0.00029519400088866694
93,16,0.09,9,0.44360546268948153,0.7886319336701895,0.00028127613702593645
93,16,0.09,10,0.5026311691248215,0.8042098705997144,0.00026530141378628677
93,16,0.09,11,0.5662669869586608,0.8236610719398704,0.00024827273124390246
93,16,0.09,12,0.6364128515079599,0.8485504686772799,0.00020843011229241938
93,16,0.09,13,0.7177201589867667,0.8833478879837129,0.00018679801293298613
93,16,0.09,14,0.7980379751644416,0.9120434001879334,0.00012945192153086745
93,16,0.09,15,0.9375051773905394,1.000005522549909,4.370708230264588e-05
93,16,0.1,1,0.062499999999999986,0.9999999999999998,0.0
93,16,0.1,2,0.11334947576288776,0.9067958061031021,0.00022728283637536438
93,16,0.1,3,0.1594324671104026,0.8503064912554806,0.0002744791595359755
93,16,0.1,4,0.20415959759875044,0.8166383903950017,0.00029279414963759407
93,16,0.1,5,0.24933375164817168,0.7978680052741496,0.0002990878099739751
93,16,0.1,6,0.29590929588120113,0.7890914556832032,0.000299218305307347
93,16,0.1,7,0.34462050377898734,0.7877040086376853,0.0002942248833608057
93,16,0.1,8,0.39605585049007475,0.7921117009801495,0.0002856540906400678
93,16,0.1,9,0.4510071720003973,0.8017905280007064,0.0002710618902220703
93,16,0.1,10,0.5105001490834797,0.8168002385335678,0.00025431230783599636
93,16,0.1,11,0.5743624922419887,0.8354363523519835,0.00023774569285472485
93,16,0.1,12,0.644101486882233,0.8588019825096442,0.0001981842077001577
93,16,0.1,13,0.7249918340782956,0.8922976419425177,0.00017559258996530355
93,16,0.1,14,0.8036642039133546,0.9184733759009766,0.00012244467735898036
93,16,0.1,15,0.9375056646076316,1.0000060422481405,4.13000295375971e-05
93,16,0.11,1,0.06250000000000001,1.0000000000000002,0.0
93,16,0.11,2,0.11409322221497673,0.9127457777198138,0.00022027603936300782
93,16,0.11,3,0.16110360098564327,0.859219205256764,0.0002668675124755472
93,16,0.11,4,0.20679853974298598,0.8271941589719439,0.0002850591659898947
93,16,0.11,5,0.25294552541165577,0.8094256813172985,0.00029114793301447895
93,16,0.11,6,0.3004275823252318,0.8011402195339514,0.00029078405696575523
93,16,0.11,7,0.34997998845640443,0.7999542593289244,0.0002856655475247542
93,16,0.11,8,0.4021452026076517,0.8042904052153034,0.00027673243493758835
93,16,0.11,9,0.45766229394271124,0.8136218558981534,0.00026154988981844297
93,16,0.11,10,0.5176207932098986,0.8281932691358378,0.00024405763365982887
93,16,0.11,11,0.5815873830136109,0.8459452843834341,0.00022822428152606411
93,16,0.11,12,0.6509275987725888,0.8679034650301184,0.000188969484141161
93,16,0.11,13,0.7312797049695422,0.9000365599625135,0.0001656056148624955
93,16,0.11,14,0.8086240464904271,0.9241417674176309,0.00011633610373541909
93,16,0.11,15,0.9375043145220341,1.0000046021568363,3.92247697365174e-05
93,16,0.12,1,0.06250000000000003,1.0000000000000004,0.0
93,16,0.12,2,0.11476808983971441,0.9181447187177153,0.0002137496562906006
93,16,0.12,3,0.1626224974196913,0.8673199862383536,0.00025951371636064805
93,16,0.12,4,0.20920556105758742,0.8368222442303497,0.00027794624221772005
93,16,0.12,5,0.2562295353399284,0.8199345130877709,0.00028389959848321806
93,16,0.12,6,0.30453173141101453,0.8120846170960389,0.00028304176812224874
93,16,0.12,7,0.35484744570981613,0.8110798759081511,0.0002776408652712736
93,16,0.12,8,0.4076272285079118,0.8152544570158236,0.0002683424331706773
93,16,0.12,9,0.46361293175572316,0.82420076756573,0.0002528455975657989
93,16,0.12,10,0.523842755599742,0.8381484089595872,0.00023501485996290636
93,16,0.12,11,0.587976469741627,0.8552385014423666,0.00021937734025064153
93,16,0.12,12,0.6569612595906976,0.8759483461209301,0.0001810499581817773
93,16,0.12,13,0.7367748914560734,0.906799866407475,0.0001568571572783583
93,16,0.12,14,0.8130291590922817,0.9291761818197506,0.000111036371289524
93,16,0.12,15,0.9374952215837072,0.999994903022621,3.7426511372012596e-05
93,16,0.13,1,0.06250000000000001,1.0000000000000002,0.0
93,16,0.13,2,0.11538273574727687,0.9230618859782149,0.0002077880058660621
93,16,0.13,3,0.16402895968989703,0.8748211183461176,0.00025285914634407436
93,16,0.13,4,0.21142418644148492,0.8456967457659397,0.0002708250300833738
93,16,0.13,5,0.25922739218866575,0.8295276550037305,0.00027650211552877673
93,16,0.13,6,0.3083023827626278,0.8221396873670076,0.0002756112192138499
93,16,0.13,7,0.35926512122966964,0.8211774199535307,0.00026968971350597206
93,16,0.13,8,0.41263544307392497,0.8252708861478499,0.0002605481173251467
93,16,0.13,9,0.4690519647564909,0.8338701595670949,0.0002446459426682795
93,16,0.13,10,0.5296300654718044,0.8474081047548869,0.00022662114624603529
93,16,0.13,11,0.5937628491060472,0.8636550532451595,0.00021118899291642045
93,16,0.13,12,0.6624331949966602,0.883244259995547,0.00017393004855013335
93,16,0.13,13,0.741472557137749,0.9125816087849218,0.00014896091924517137
93,16,0.13,14,0.8170027096875082,0.9337173825000095,0.00010622736344530167
93,16,0.13,15,0.937497039209209,0.9999968418231562,3.583384838869237e-05
93,16,0.14,1,0.06250000000000001,1.0000000000000002,0.0
93,16,0.14,2,0.11593917734175901,0.9275134187340721,0.00020168370834006857
93,16,0.14,3,0.16529408798019785,0.8815684692277219,0.00024612848248355937
93,16,0.14,4,0.21344389731149813,0.8537755892459925,0.0002638136834418158
93,16,0.14,5,0.2619705749336382,0.8383058397876423,0.0002692843376283816
93,16,0.14,6,0.3117225943915992,0.8312602517109312,0.00026803638995694784
93,16,0.14,7,0.3633428826728369,0.8304980175379129,0.0002622893564445503
93,16,0.14,8,0.41720729367753695,0.8344145873550739,0.00025269681611875033
93,16,0.14,9,0.4740173745618199,0.8426975547765687,0.00023667213772769595
93,16,0.14,10,0.5348476748377731,0.8557562797404369,0.00021837676319624163
93,16,0.14,11,0.599065119520392,0.8713674465751157,0.00020338814427082948
93,16,0.14,12,0.6674169069764146,0.8898892093018861,0.00016682745058504294
93,16,0.14,13,0.7458889184579819,0.9180171304098239,0.00014191074761571998
93,16,0.14,14,0.8206119137233726,0.9378421871124258,0.00010135960759059957
93,16,0.14,15,0.9375083475983973,1.0000089041049571,3.432049704290202e-05
93,16,0.15,1,0.06249999999999999,0.9999999999999999,5.683664753595363e-19
93,16,0.15,2,0.1164523616090183,0.9316188928721464,0.0001962849975452854
93,16,0.15,3,0.16645246191882518,0.8877464635670677,0.00023981349497678364
93,16,0.15,4,0.21530040173606452,0.8612016069442581,0.00025778511972414934
93,16,0.15,5,0.26448646188454744,0.846356678030552,0.00026315034730819324
93,16,0.15,6,0.3148616552428383,0.8396310806475688,0.000261805595077646
93,16,0.15,7,0.36701537319731575,0.8388922815938644,0.0002556861049812578
93,16,0.15,8,0.4213687963314536,0.8427375926629072,0.00024608688472881133
93,16,0.15,9,0.4785077182294663,0.8506803879634957,0.00022965285814706854
93,16,0.15,10,0.5395248788207525,0.8632398061132041,0.00021133382827076466
93,16,0.15,11,0.603906925856483,0.878410073973066,0.00019696797864726765
93,16,0.15,12,0.6718997495466922,0.8958663327289229,0.00016055181093308827
93,16,0.15,13,0.7499212556321477,0.922980006931874,0.0001359550918909205
93,16,0.15,14,0.8238227944270409,0.9415117650594751,9.694558957734437e-05
93,16,0.15,15,0.9374986785237112,0.9999985904252919,3.30280821495381e-05
93,16,0.16,1,0.06250000000000001,1.0000000000000002,1.0820823280883476e-18
93,16,0.16,2,0.11692452716394555,0.9353962173115644,0.00019089688242582468
93,16,0.16,3,0.16753770527675335,0.8935344281426844,0.0002338796641085325
93,16,0.16,4,0.2170132000707774,0.8680528002831096,0.00025144852631041033
93,16,0.16,5,0.26681172476628023,0.8537975192520968,0.00025654858037189605
93,16,0.16,6,0.3177489311371289,0.8473304830323436,0.00025524508966050696
93,16,0.16,7,0.3704222055216268,0.8466793269065754,0.00024916671843525377
93,16,0.16,8,0.4251928008884792,0.8503856017769584,0.00023938467880089804
93,16,0.16,9,0.48262945283202796,0.8580079161458274,0.00022295927981560193
93,16,0.16,10,0.5438318506355571,0.8701309610168914,0.00020469623168279925
93,16,0.16,11,0.6081746152560762,0.8846176221906563,0.0001900901978185124
93,16,0.16,12,0.6759320600796055,0.9012427467728074,0.0001552086161251346
93,16,0.16,13,0.7536571088418118,0.9275779801129991,0.00013053788582499874
93,16,0.16,14,0.8267161081467664,0.9448184093105901,9.278379562997691e-05
93,16,0.16,15,0.9374886003039081,0.9999878403241687,3.1860605152204236e-05
93,16,0.17,1,0.062499999999999965,0.9999999999999994,5.1693059523650135e-19
93,16,0.17,2,0.11736085232786767,0.9388868186229413,0.0001860462264846712
93,16,0.17,3,0.16854763227812425,0.8989207054833295,0.00022837501903116782
93,16,0.17,4,0.21861814590774645,0.8744725836309858,0.00024563071092432694
93,16,0.17,5,0.2689922700836271,0.8607752642676069,0.0002505956641428345
93,16,0.17,6,0.3204721880965786,0.8545925015908763,0.00024911452850774363
93,16,0.17,7,0.37362439369471967,0.8539986141593592,0.00024290274975855895
93,16,0.17,8,0.42876285641797357,0.8575257128359471,0.00023293201962100449
93,16,0.17,9,0.4864664278656871,0.864829205094555,0.00021671789028953795
93,16,0.17,10,0.5479027968555449,0.8766444749688718,0.00019814783876386245
93,16,0.17,11,0.6121526822905041,0.8904039015134608,0.00018348594258052077
93,16,0.17,12,0.6797061524261425,0.9062748699015234,0.00014998427579093415
93,16,0.17,13,0.7570001920415408,0.9316925440511272,0.00012524576733208146
93,16,0.17,14,0.8293760507906539,0.9478583437607473,8.873966507675808e-05
93,16,0.17,15,0.9374938844156111,0.9999934767099852,3.073025164648017e-05
93,16,0.18,1,0.06249999999999997,0.9999999999999996,0.0
93,16,0.18,2,0.1177754606882991,0.9422036855063928,0.0001814571460567925
93,16,0.18,3,0.1694885696332296,0.9039390380438913,0.00022306758545241135
93,16,0.18,4,0.22011402513437459,0.8804561005374983,0.00024018025463644625
93,16,0.18,5,0.2710563254475667,0.8673802414322136,0.00024491447095400045
93,16,0.18,6,0.3230387773936881,0.8614367397165016,0.00024340101762839898
93,16,0.18,7,0.3766034706385523,0.8608079328881196,0.00023712544243765837
93,16,0.18,8,0.4321213956417172,0.8642427912834344,0.00022728669768745476
93,16,0.18,9,0.4900802302103589,0.8712537425961937,0.00021078553264725994
93,16,0.18,10,0.5516390299096774,0.8826224478554839,0.0001922284859267057
93,16,0.18,11,0.6159027156535886,0.8958584954961288,0.0001777786744723238
93,16,0.18,12,0.6832316329075517,0.9109755105434022,0.00014500472346554004
93,16,0.18,13,0.7601957893439858,0.9356255868849056,0.00012044527230870249
93,16,0.18,14,0.8318102006879284,0.9506402293576327,8.504431725682348e-05
93,16,0.18,15,0.9375039487162304,1.0000042119639792,2.9719108517886647e-05
93,16,0.19,1,0.062499999999999965,0.9999999999999994,9.52646642910316e-19
93,16,0.19,2,0.11814101164043947,0.9451280931235158,0.00017701651516201914
93,16,0.19,3,0.17035288241077562,0.9085487061908032,0.00021813211118822928
93,16,0.19,4,0.22149867375510435,0.8859946950204174,0.00023508545478252357
93,16,0.19,5,0.27292247975608136,0.8733519352194604,0.0002397193745572128
93,16,0.19,6,0.32535627820642365,0.8676167418837964,0.0002382155729524162
93,16,0.19,7,0.3793361312092161,0.8670540141924942,0.0002320233203203087
93,16,0.19,8,0.43519594685713714,0.8703918937142743,0.00022214688729403176
93,16,0.19,9,0.4933947861312408,0.8771462864555393,0.0002053483039008415
93,16,0.19,10,0.5550537169631773,0.8880859471410838,0.00018707355782927366
93,16,0.19,11,0.6193441951011815,0.9008642837835368,0.00017298287477437118
93,16,0.19,12,0.6864559242353526,0.9152745656471367,0.00014062063492982223
93,16,0.19,13,0.7629044187696259,0.9389592846395396,0.00011609954552686775
93,16,0.19,14,0.8340043376092148,0.9531478144105313,8.19103896355252e-05
93,16,0.19,15,0.9375019187174631,1.0000020466319606,2.8845069111370665e-05
93,16,0.2,1,0.062499999999999986,0.9999999999999998,1.3771956902942605e-18
93,16,0.2,2,0.11848878539307109,0.9479102831445687,0.00017291773367278352
93,16,0.2,3,0.1711566411606413,0.9128354195234204,0.0002135289407485078
93,16,0.2,4,0.22277358629228627,0.8910943451691451,0.00023008022080961811
93,16,0.2,5,0.2747036966961369,0.8790518294276382,0.00023488474205809928
93,16,0.2,6,0.3275681232934813,0.8735149954492835,0.0002333959864812255
93,16,0.2,7,0.3819207341869445,0.8729616781415873,0.00022715086088313788
93,16,0.2,8,0.43803122198175237,0.8760624439635047,0.00021678620935150364
93,16,0.2,9,0.49645968234083604,0.8825949908281531,0.00020032097837860928
93,16,0.2,10,0.5582251141587,0.8931601826539199,0.00018225984370574434
93,16,0.2,11,0.6224737248368808,0.905416327035463,0.00016814225128535215
93,16,0.2,12,0.6894162058002595,0.9192216077336796,0.00013654626708325713
93,16,0.2,13,0.7652472284456747,0.9418427427023691,0.00011205452000326248
93,16,0.2,14,0.836005967363209,0.9554353912722389,7.910733145646446e-05
93,16,0.2,15,0.9374966382382979,0.999996414120851,2.8032431403842068e-05
93,16,0.25,1,0.0625,1.0,0.0
93,16,0.25,2,0.11989239745785896,0.9591391796628717,0.00015399664516268504
93,16,0.25,3,0.17447258010043654,0.9305204272023283,0.00019198962793073843
93,16,0.25,4,0.228072653656276,0.912290614625104,0.000207145982821742
93,16,0.25,5,0.28186718150342754,0.9019749808109682,0.00021151216580595693
93,16,0.25,6,0.3364965392726726,0.8973241047271271,0.00020991229476284727
93,16,0.25,7,0.39233618247998847,0.8967684170971165,0.00020328997697877278
93,16,0.25,8,0.4496748404524191,0.8993496809048382,0.00019299682086062477
93,16,0.25,9,0.5089853099661859,0.9048627732732193,0.00017707467835732742
93,16,0.25,10,0.5712260397345131,0.913961663575221,0.00015989249035533099
93,16,0.25,11,0.6351616116425223,0.9238714351163961,0.00014676134367548426
93,16,0.25,12,0.7014307328752666,0.9352409771670221,0.0001184214629940018
93,16,0.25,13,0.7747548427077545,0.9535444217941593,9.626564322346871e-05
93,16,0.25,14,0.8440733108634226,0.96465521241534,6.779498842637856e-05
93,16,0.25,15,0.9374731094526787,0.9999713167495239,2.45368154009814e-05
93,16,0.5,1,0.06249999999999999,0.9999999999999999,5.2464597725495645e-19
93,16,0.5,2,0.12306644598837316,0.9845315679069853,9.598470599022474e-05
93,16,0.5,3,0.1822391033924272,0.971941884759612,0.00012306411482387595
93,16,0.5,4,0.24090391365636404,0.9636156546254562,0.00013549501547653674
93,16,0.5,5,0.2993893811029832,0.9580460195295464,0.0001379085644549121
93,16,0.5,6,0.35822681481375185,0.955271506170005,0.00013691359867287035
93,16,0.5,7,0.41768695734901623,0.95471304536918,0.00013159757393802908
93,16,0.5,8,0.4779449400316985,0.955889880063397,0.0001232529348329423
93,16,0.5,9,0.5392599977645947,0.9586844404703908,0.00011278100354744416
93,16,0.5,10,0.601687898382034,0.9627006374112546,0.00010317466078283277
93,16,0.5,11,0.6647239609819083,0.966871215973685,9.091606629411701e-05
93,16,0.5,12,0.7296636381651772,0.972884850886903,7.305186057571012e-05
93,16,0.5,13,0.7969944686278342,0.9809162690804113,5.863449175356085e-05
93,16,0.5,14,0.8630343578941208,0.9863249804504239,4.132813188849733e-05
93,16,0.5,15,0.9374863925889186,0.99998548542818,1.5737745592204057e-05
93,16,1.0,1,0.0625,1.0,0.0
93,16,1.0,2,0.12457798643003212,0.996623891440257,4.8443061213767504e-05
93,16,1.0,3,0.18606439712616077,0.9923434513395243,6.610890243802414e-05
93,16,1.0,4,0.2473048929773183,0.9892195719092732,7.395151078894559e-05
93,16,1.0,5,0.30856208413780006,0.9873986692409603,7.790117480441835e-05
93,16,1.0,6,0.3697553490921353,0.9860142642456944,7.759828921957725e-05
93,16,1.0,7,0.43128222725836735,0.9857879480191253,7.579496003241987e-05
93,16,1.0,8,0.4931045707379471,0.9862091414758942,7.119405931621069e-05
93,16,1.0,9,0.5550936551721578,0.9868331647505029,6.443719837972944e-05
93,16,1.0,10,0.61731338456504,0.9877014153040642,5.7128494819565875e-05
93,16,1.0,11,0.6802341316756091,0.9894314642554314,4.9222823838159574e-05
93,16,1.0,12,0.7442937528621353,0.9923916704828473,4.077009204109271e-05
93,16,1.0,13,0.8083870815810282,0.9949379465612653,3.18274065428239e-05
93,16,1.0,14,0.8729882869251216,0.997700899342996,2.0885295188526455e-05
93,16,1.0,15,0.937496604499721,0.9999963781330358,9.428406323986857e-06
93,32,0.01,1,0.03125000000000001,1.0,8.928272219181481e-19
93,32,0.01,2,0.048100796397273674,0.7696127423563786,0.0003471862311642292
93,32,0.01,3,0.06052655700841514,0.6456166080897614,0.00039701417047354674
93,32,0.01,4,0.0711901828708224,0.5695214629665791,0.0004143912682524784
93,32,0.01,5,0.08106650319811994,0.5188256204679675,0.0004212273037314934
93,32,0.01,6,0.09057909003442623,0.4830884801836064,0.00042621368836550565
93,32,0.01,7,0.10005106274737262,0.45737628684513193,0.00042983749578995073
93,32,0.01,8,0.10960640347950196,0.4384256139180078,0.0004329372218330457
93,32,0.01,9,0.11944352900032992,0.42468810311228417,0.000436235538941432
93,32,0.01,10,0.1296409093130132,0.4148509098016422,0.00044001582553768154
93,32,0.01,11,0.14029236599831896,0.4081232465405642,0.0004441017207557594
93,32,0.01,12,0.15149253757587008,0.4039801002023201,0.00044881939569719776
93,32,0.01,13,0.16335544756507264,0.40210571708325565,0.0004541760124242073
93,32,0.01,14,0.17604107179279413,0.4023795926692437,0.00046004296300513264
93,32,0.01,15,0.18961227889148513,0.4045061949685016,0.00046614684815487285
93,32,0.01,16,0.20425265007719326,0.40850530015438646,0.00047264496854420516
93,32,0.01,17,0.22011866615090864,0.41434101863700445,0.0004795231115852994
93,32,0.01,18,0.2373876069563925,0.42202241236691995,0.0004870218500574596
93,32,0.01,19,0.2562945298825692,0.4316539450653796,0.0004946156101438263
93,32,0.01,20,0.277184243377243,0.4434947894035888,0.0005022168652175778
93,32,0.01,21,0.30029911608690296,0.4575986530848045,0.0005096970214933036
93,32,0.01,22,0.32611640319473917,0.4743511319196205,0.0005161535843734322
93,32,0.01,23,0.3551861313249757,0.4941720087999661,0.0005216943155036849
93,32,0.01,24,0.3880590025351116,0.5174120033801487,0.0005252985500312905
93,32,0.01,25,0.4258238512465033,0.5450545295955241,0.0005256781503090653
93,32,0.01,26,0.4694638599754155,0.577801673815896,0.0005214414927490324
93,32,0.01,27,0.5207630751579759,0.6172006816687122,0.0005084586920442441
93,32,0.01,28,0.5818576785626889,0.6649802040716444,0.00048443702248770364
93,32,0.01,29,0.6578839314156605,0.7259408898379702,0.00044178156336015137
93,32,0.01,30,0.7469911808183575,0.7967905928729146,0.0003459654574866948
93,32,0.01,31,0.9687461510235448,0.9999960268630139,7.055572657986296e-05
93,32,0.02,1,0.031249999999999997,0.9999999999999999,9.103336380341903e-19
93,32,0.02,2,0.05005323458224606,0.8008517533159369,0.00032508389334170014
93,32,0.02,3,0.06464355443522282,0.6895312473090435,0.0003787188097871707
93,32,0.02,4,0.07749499046552456,0.6199599237241965,0.0003981643389845586
93,32,0.02,5,0.08959184402322243,0.5733878017486235,0.0004075420756330109
93,32,0.02,6,0.10135667419403632,0.5405689290348603,0.0004133841848810677
93,32,0.02,7,0.11308865080913232,0.5169766894131763,0.00041732942650436923
93,32,0.02,8,0.12497287343719422,0.4998914937487769,0.00042073458308769176
93,32,0.02,9,0.13717124124200994,0.48771996886047975,0.0004237331974970162
93,32,0.02,10,0.1498105221624796,0.4793936709199346,0.00042682158756634
93,32,0.02,11,0.16296678171447962,0.4740851831693952,0.00043010632021480593
93,32,0.02,12,0.1767297656047438,0.47127937494598343,0.00043353488711350187
93,32,0.02,13,0.19122675373475923,0.47071200919325346,0.0004370928576829784
93,32,0.02,14,0.20662914414480202,0.4722951866166904,0.00044054061236622224
93,32,0.02,15,0.2229864067880761,0.47570433448122906,0.0004439600531210789
93,32,0.02,16,0.24050896362971508,0.48101792725943016,0.00044761357751592026
93,32,0.02,17,0.25935130381064486,0.4881906895259197,0.0004511945210239881
93,32,0.02,18,0.279641856007372,0.49714107734643914,0.00045484902429845746
93,32,0.02,19,0.30163335195110985,0.5080140664439744,0.00045771631441688824
93,32,0.02,20,0.32558267863007845,0.5209322858081256,0.0004600379438070979
93,32,0.02,21,0.3517810729349019,0.5360473492341361,0.00046114906415023677
93,32,0.02,22,0.38059109006536507,0.5535870400950764,0.00046084697587894086
93,32,0.02,23,0.41250987978704073,0.5739267892689263,0.0004586205318942714
93,32,0.02,24,0.4479643236117144,0.5972857648156192,0.0004536896310209889
93,32,0.02,25,0.487813368413779,0.6244011115696371,0.0004446905945646291
93,32,0.02,26,0.5328447700299079,0.6558089477291174,0.0004310960373050252
93,32,0.02,27,0.5843532016518901,0.6925667575133512,0.0004073436962136943
93,32,0.02,28,0.6433703938991491,0.7352804501704562,0.0003784358226212728
93,32,0.02,29,0.7153209638699033,0.789319684270238,0.00032394322615295735
93,32,0.02,30,0.7920575193189117,0.8448613539401724,0.00025564290902616797
93,32,0.02,31,0.96874085234915,0.9999905572636387,4.9574905563366444e-05
93,32,0.03,1,0.03125000000000001,1.0000000000000002,6.185600361001551e-19
93,32,0.03,2,0.051433906585260904,0.8229425053641745,0.0003098315904987289
93,32,0.03,3,0.06762753990243331,0.7213604256259553,0.00036360355028204253
93,32,0.03,4,0.0821076542726718,0.6568612341813744,0.00038547360526079575
93,32,0.03,5,0.09586310902773307,0.6135238977774917,0.000396868555788528
93,32,0.03,6,0.10930577091980673,0.5829641115723025,0.0004035520996211031
93,32,0.03,7,0.12274306135987041,0.5611111376451219,0.0004076330662001379
93,32,0.03,8,0.13634328773532997,0.5453731509413199,0.0004108906804839628
93,32,0.03,9,0.15031972785105857,0.5344701434704305,0.00041406699047889594
93,32,0.03,10,0.1647302561606958,0.5271368197142267,0.0004163838452182333
93,32,0.03,11,0.17972281435536952,0.5228300053974386,0.0004187121142483746
93,32,0.03,12,0.19535414234999068,0.5209443795999751,0.0004210970688816139
93,32,0.03,13,0.21175925754372932,0.5212535570307183,0.00042328266919951967
93,32,0.03,14,0.22907404491713565,0.523597816953453,0.00042548761948804664
93,32,0.03,15,0.2473923449465345,0.5277703358859402,0.0004269429197197404
93,32,0.03,16,0.2668916697332169,0.5337833394664337,0.00042842826266899876
93,32,0.03,17,0.28771555278785876,0.54158221701244,0.0004295799188996233
93,32,0.03,18,0.3099903740590475,0.5510939983271956,0.00043026916420894413
93,32,0.03,19,0.33394077122349897,0.5624265620606299,0.00042993138768859183
93,32,0.03,20,0.35974756727847496,0.5755961076455599,0.00042881282221738173
93,32,0.03,21,0.3877690300870824,0.590886141085078,0.00042615796662581545
93,32,0.03,22,0.41827649291811225,0.6084021715172542,0.0004218473555779445
93,32,0.03,23,0.45167073674477143,0.6284114598188124,0.0004152874552196323
93,32,0.03,24,0.4883030037191285,0.6510706716255046,0.0004059096572159282
93,32,0.03,25,0.5288377595210962,0.6769123321870032,0.00039204302513475486
93,32,0.03,26,0.5739945588450439,0.7064548416554387,0.0003748535619327816
93,32,0.03,27,0.6245859458972339,0.7402500099522771,0.0003457514457166469
93,32,0.03,28,0.6814853076913081,0.7788403516472092,0.0003192083004077988
93,32,0.03,29,0.7491487843686738,0.826646934475778,0.0002576766165192231
93,32,0.03,30,0.818825343248275,0.8734136994648267,0.000209313840326671
93,32,0.03,31,0.9687905804584995,1.0000418895055478,4.022344695324339e-05
93,32,0.04,1,0.031250000000000014,1.0000000000000004,4.726732351331374e-19
93,32,0.04,2,0.05249950800327931,0.8399921280524689,0.0002956464830070739
93,32,0.04,3,0.0699331824074467,0.7459539456794316,0.00035045818401517874
93,32,0.04,4,0.08569253547979375,0.68554028383835,0.00037309501307062704
93,32,0.04,5,0.10076568396142677,0.6449003773531313,0.00038605283480340886
93,32,0.04,6,0.11556184381194616,0.6163298336637129,0.00039347079690674126
93,32,0.04,7,0.130367510097733,0.5959657604467794,0.0003977267008649698
93,32,0.04,8,0.14535141581879987,0.5814056632751995,0.0004010164151728822
93,32,0.04,9,0.16071875243580128,0.5714444531050712,0.000403722758316282
93,32,0.04,10,0.1765418674685745,0.5649339758994385,0.00040544327887855443
93,32,0.04,11,0.19296112247030797,0.5613414471863504,0.00040708577529405596
93,32,0.04,12,0.2100562650002315,0.5601500400006174,0.0004086711169023133
93,32,0.04,13,0.2279260883307639,0.561048832814188,0.0004097804112728328
93,32,0.04,14,0.24673061250869602,0.5639556857341622,0.0004105676387216304
93,32,0.04,15,0.2665257237275602,0.5685882106187952,0.0004107459658462091
93,32,0.04,16,0.28750759951193805,0.5750151990238761,0.0004108251014399016
93,32,0.04,17,0.3097581865758616,0.583074233554563,0.0004102347367436639
93,32,0.04,18,0.33344594125588245,0.5927927844549022,0.00040881556802602556
93,32,0.04,19,0.3587433401175328,0.6041993096716342,0.0004062388917070399
93,32,0.04,20,0.38582926903513587,0.6173268304562174,0.0004026116999682293
93,32,0.04,21,0.41502925230611626,0.6324255273236057,0.00039731339037478024
93,32,0.04,22,0.4465556516322032,0.6495354932832046,0.0003902107881058716
93,32,0.04,23,0.48076725545932547,0.6688935728129747,0.0003807613609009292
93,32,0.04,24,0.5179379936060976,0.6905839914747968,0.00036862235108844844
93,32,0.04,25,0.5585886787176431,0.7149935087585831,0.0003522184546792495
93,32,0.04,26,0.603481821486609,0.7427468572142881,0.00033338983338598193
93,32,0.04,27,0.652812364117766,0.773703542658093,0.00030200268702930514
93,32,0.04,28,0.7080555136413212,0.8092063013043671,0.0002780121496266298
93,32,0.04,29,0.7716383475698511,0.851463004215008,0.0002147569341248602
93,32,0.04,30,0.8370288705815264,0.8928307952869616,0.0001779199618538303
93,32,0.04,31,0.9687760140020972,1.0000268531634553,3.4674940288824464e-05
93,32,0.05,1,0.031249999999999983,0.9999999999999994,1.5405646182117065e-18
93,32,0.05,2,0.053381895268390864,0.8541103242942538,0.0002840663200606357
93,32,0.05,3,0.07185165733899831,0.7664176782826486,0.0003393257402782358
93,32,0.05,4,0.08872611622019339,0.7098089297615471,0.0003628703821670525
93,32,0.05,5,0.10492446013538613,0.6715165448664712,0.00037602749204002344
93,32,0.05,6,0.120859149294253,0.6445821295693492,0.00038382254528523984
93,32,0.05,7,0.13681781778610144,0.6254528813078922,0.00038870670610982735
93,32,0.05,8,0.15296011123296518,0.6118404449318607,0.0003916454714680428
93,32,0.05,9,0.16949026835299105,0.6026320652550792,0.00039393982064582505
93,32,0.05,10,0.18649452930105476,0.5967824937633752,0.00039526968228401483
93,32,0.05,11,0.2041011058217754,0.5937486714815283,0.0003962296565705725
93,32,0.05,12,0.22239028320723742,0.5930407552192997,0.00039706623652626354
93,32,0.05,13,0.2414580072347466,0.5943581716547609,0.00039706798586629623
93,32,0.05,14,0.2614424881807215,0.5975828301273635,0.00039663918860775394
93,32,0.05,15,0.28240598926670707,0.6024661104356417,0.0003956560720006918
93,32,0.05,16,0.3045412722214893,0.6090825444429786,0.00039428966414172185
93,32,0.05,17,0.32792329451812474,0.6172673779164701,0.0003921025900261465
93,32,0.05,18,0.352674047882852,0.6269760851250703,0.00038900736997495456
93,32,0.05,19,0.37898201163432504,0.6382854932788633,0.0003846930350440187
93,32,0.05,20,0.40700732822557245,0.651211725160916,0.0003793604094727624
93,32,0.05,21,0.43702926420578075,0.6659493549802373,0.0003722019951042186
93,32,0.05,22,0.46923244084215116,0.6825199139522198,0.00036326165669472283
93,32,0.05,23,0.5039083146374334,0.7010898290607768,0.00035224963065135195
93,32,0.05,24,0.5413412506069719,0.7217883341426292,0.0003383559451550747
93,32,0.05,25,0.5818657045890849,0.7447881018740287,0.00032086030277310017
93,32,0.05,26,0.6263296496365225,0.7708672610911046,0.00030090137221010715
93,32,0.05,27,0.6743458369109854,0.7992246955982049,0.0002693685806066825
93,32,0.05,28,0.7282560423357962,0.8322926198123385,0.00024700810679689246
93,32,0.05,29,0.7881469798531814,0.8696794260448898,0.00018519264128425577
93,32,0.05,30,0.8505594215256617,0.9072633829607057,0.0001547489084034352
93,32,0.05,31,0.968772387898841,1.0000231100891261,3.085391881604165e-05
93,32,0.06,1,0.031250000000000014,1.0000000000000004,0.0
93,32,0.06,2,0.05411612997199887,0.8658580795519819,0.00027428112523844247
93,32,0.06,3,0.0734799977506392,0.7837866426734847,0.00032973997137779483
93,32,0.06,4,0.09130335451388534,0.7304268361110827,0.00035368991817730504
93,32,0.06,5,0.10846747082563092,0.6941918132840379,0.0003667222716477214
93,32,0.06,6,0.12538334870276766,0.6687111930814276,0.00037525565772469877
93,32,0.06,7,0.1423368606253281,0.6506827914300715,0.00038005219386592616
93,32,0.06,8,0.15947710449855207,0.6379084179942083,0.00038309208077647586
93,32,0.06,9,0.1770064487941597,0.6293562623792345,0.0003850477204833733
93,32,0.06,10,0.1950067560247358,0.6240216192791546,0.00038585792857323277
93,32,0.06,11,0.21362167817583963,0.6214448819660789,0.000386415388153353
93,32,0.06,12,0.23292290779508698,0.621127754120232,0.0003865379871778726
93,32,0.06,13,0.25297903348872103,0.6227176208953134,0.0003856703563773991
93,32,0.06,14,0.27394532897017726,0.6261607519318338,0.0003842660256357595
93,32,0.06,15,0.29587127217733933,0.6311920473116573,0.0003824187418533641
93,32,0.06,16,0.31894669801950926,0.6378933960390185,0.0003799321815108667
93,32,0.06,17,0.3432321156444805,0.6460839823896104,0.0003766164151088407
93,32,0.06,18,0.3688202568586353,0.6556804566375738,0.0003722187696675808
93,32,0.06,19,0.3959112755249275,0.6667979377261938,0.0003667571032916943
93,32,0.06,20,0.424640090041707,0.6794241440667312,0.00035995918737082857
93,32,0.06,21,0.4552481761616793,0.6937115065320826,0.0003516106444832775
93,32,0.06,22,0.4878944018431423,0.7096645844991161,0.00034129023347939744
93,32,0.06,23,0.5228442197268478,0.7274354361417014,0.0003292873237247884
93,32,0.06,24,0.5603550395464769,0.7471400527286359,0.0003140950237912606
93,32,0.06,25,0.6006171248036836,0.768789919748715,0.00029621207338044545
93,32,0.06,26,0.6446232631244511,0.7933824776916321,0.00027520014501426597
93,32,0.06,27,0.6913755481646429,0.8194080570840212,0.00024452619249140114
93,32,0.06,28,0.7441314668406095,0.8504359621035539,0.00022249152947959757
93,32,0.06,29,0.8008067923265604,0.8836488742913771,0.00016428078711937702
93,32,0.06,30,0.8610068044440647,0.9184072580736692,0.00013700304262718695
93,32,0.06,31,0.9687582167113417,1.0000084817665462,2.81068208498007e-05
93,32,0.07,1,0.03124999999999999,0.9999999999999997,1.1404179641307444e-18
93,32,0.07,2,0.05475699050969019,0.8761118481550431,0.0002644427458947662
93,32,0.07,3,0.07490249413062945,0.7989599373933809,0.0003201901571796296
93,32,0.07,4,0.09355635046736681,0.7484508037389345,0.000344944517455752
93,32,0.07,5,0.11156604269588498,0.714022673253664,0.0003577197389474011
93,32,0.07,6,0.12935300910023323,0.6898827152012439,0.00036639633688977775
93,32,0.07,7,0.14719271999331426,0.6728810056837224,0.0003711423506721214
93,32,0.07,8,0.165210925829953,0.660843703319812,0.00037405770207914413
93,32,0.07,9,0.1836102718831692,0.6528365222512683,0.0003758013659308943
93,32,0.07,10,0.2024850402873126,0.6479521289194002,0.0003764764262701226
93,32,0.07,11,0.22196799823203883,0.6457250857659312,0.000376478451762982
93,32,0.07,12,0.24213218341948972,0.6456858224519727,0.00037610051218098597
93,32,0.07,13,0.2630459523350792,0.6474977288248104,0.00037461644812781137
93,32,0.07,14,0.2848408887137569,0.6510648884885872,0.00037250748130994617
93,32,0.07,15,0.30757655634465175,0.6561633202019237,0.0003699686162426342
93,32,0.07,16,0.3314281190857928,0.6628562381715856,0.00036659375679809334
93,32,0.07,17,0.35642800337453806,0.6709233004697187,0.0003622849020909958
93,32,0.07,18,0.38269506864358815,0.6803467886997123,0.00035690059215227177
93,32,0.07,19,0.4103985964915791,0.6911976361963437,0.0003504219263274931
93,32,0.07,20,0.4396704587401951,0.7034727339843122,0.0003427207456542612
93,32,0.07,21,0.4707044514488912,0.7172639260173581,0.00033335638670746123
93,32,0.07,22,0.503660128465303,0.7325965504949862,0.0003219591600183902
93,32,0.07,23,0.5387485480441935,0.749563197278878,0.000309387109525739
93,32,0.07,24,0.5762312059419458,0.7683082745892611,0.00029322933608817194
93,32,0.07,25,0.6161803324496768,0.7887108255355864,0.0002754545962101037
93,32,0.07,26,0.6597004498082368,0.8119390151485993,0.0002535932540403411
93,32,0.07,27,0.7053160191817527,0.8359300968080033,0.00022459605768002395
93,32,0.07,28,0.7570724754571461,0.8652256862367385,0.00020252809110836843
93,32,0.07,29,0.811007062100887,0.8949043443871859,0.00014821145402773602
93,32,0.07,30,0.8693433254582522,0.927299547155469,0.00012273280224233573
93,32,0.07,31,0.96874785033791,0.9999977809939716,2.5965197148889058e-05
93,32,0.08,1,0.031249999999999993,0.9999999999999998,0.0
93,32,0.08,2,0.05532496669980742,0.8851994671969187,0.0002560367230347945
93,32,0.08,3,0.07617709082183968,0.8125556354329566,0.0003117703387114985
93,32,0.08,4,0.09556740808639731,0.7645392646911785,0.0003368535510307951
93,32,0.08,5,0.11434857527602399,0.7318308817665534,0.00034985139888494166
93,32,0.08,6,0.13291435043403968,0.7088765356482115,0.00035837940545939363
93,32,0.08,7,0.15153900358947225,0.6927497306947302,0.00036317176710942424
93,32,0.08,8,0.17034709967513428,0.6813883987005371,0.0003661745441953757
93,32,0.08,9,0.18952784999396746,0.6738767999785509,0.0003676010416893082
93,32,0.08,10,0.20918106727347074,0.6693794152751064,0.00036772176156007574
93,32,0.08,11,0.22943497951864866,0.6674472131451598,0.0003671785117846293
93,32,0.08,12,0.2503640935856657,0.6676375828951084,0.00036630356894540224
93,32,0.08,13,0.27200837642263576,0.6695590804249495,0.0003642233269968181
93,32,0.08,14,0.29453117801694145,0.6732141211815803,0.0003615157328231492
93,32,0.08,15,0.317957811607595,0.6783099980962027,0.000358334143007867
93,32,0.08,16,0.34246259949107183,0.6849251989821437,0.00035409215181303867
93,32,0.08,17,0.36808528555681364,0.6928664198716492,0.000349107272938268
93,32,0.08,18,0.39492434486457495,0.7020877242036887,0.0003430590878632892
93,32,0.08,19,0.42312362755254584,0.7126292674569192,0.0003357331269900325
93,32,0.08,20,0.45282552472869986,0.7245208395659196,0.0003271901420781314
93,32,0.08,21,0.4841800256462377,0.7377981343180764,0.0003171171946652212
93,32,0.08,22,0.5173472288228557,0.7525050601059717,0.00030506990699162307
93,32,0.08,23,0.5525065099393456,0.7687047094808285,0.00029210952621087493
93,32,0.08,24,0.5898884597283629,0.7865179463044839,0.00027518745633705206
93,32,0.08,25,0.6295016678808011,0.8057621348874254,0.0002579274152891299
93,32,0.08,26,0.6724953738081438,0.8276866139177153,0.0002352984494544559
93,32,0.08,27,0.7170923110420425,0.8498871834572355,0.00020829723744589154
93,32,0.08,28,0.7678410185480673,0.8775325926263626,0.00018550400691840288
93,32,0.08,29,0.8194435813105473,0.9042136069633626,0.00013589719789722026
93,32,0.08,30,0.8762029101619109,0.9346164375060382,0.00011087721150954488
93,32,0.08,31,0.96875187566958,1.0000019361750503,2.4218359267224725e-05
93,32,0.09,1,0.031249999999999993,0.9999999999999998,1.377171401128647e-18
93,32,0.09,2,0.05582036188962834,0.8931257902340535,0.0002477079275300966
93,32,0.09,3,0.0772918367055367,0.8244462581923914,0.0003031464528238277
93,32,0.09,4,0.09735627731349143,0.7788502185079315,0.00032907270434829466
93,32,0.09,5,0.11683655073031676,0.7477539246740273,0.00034237028424848563
93,32,0.09,6,0.13610689714282675,0.7259034514284094,0.000350648098389109
93,32,0.09,7,0.15542487357625284,0.710513707777156,0.0003550946990910948
93,32,0.09,8,0.17493021854637678,0.6997208741855071,0.0003579863187825398
93,32,0.09,9,0.19480373267375167,0.6926354939511171,0.00035903757557620664
93,32,0.09,10,0.2151497177116052,0.6884790966771367,0.0003589157647398092
93,32,0.09,11,0.23608663997626675,0.686797498112776,0.0003579690878025582
93,32,0.09,12,0.25767826412946865,0.6871420376785831,0.00035652232011083873
93,32,0.09,13,0.27997980512614795,0.6891810587720565,0.0003539126728957403
93,32,0.09,14,0.3031318738175042,0.6928728544400097,0.00035064034724538516
93,32,0.09,15,0.3271641054280699,0.6979500915798826,0.0003469945362160469
93,32,0.09,16,0.35222808107319614,0.7044561621463923,0.0003422616742971668
93,32,0.09,17,0.37837764100277294,0.7122402654169843,0.0003366607852567636
93,32,0.09,18,0.4056911537322197,0.7212287177461685,0.00033000829311806955
93,32,0.09,19,0.43430725541049875,0.7314648512176822,0.0003221772062811967
93,32,0.09,20,0.4643414493281806,0.742946318925089,0.00031305554083040505
93,32,0.09,21,0.4959546605536408,0.7557404351293575,0.0003024971944563507
93,32,0.09,22,0.5292545660858043,0.7698248233975337,0.0002898924576590568
93,32,0.09,23,0.5644332899649811,0.7852984903860606,0.00027676799168969816
93,32,0.09,24,0.6016569463899047,0.8022092618532063,0.0002593578224354602
93,32,0.09,25,0.640961742766096,0.8204310307406031,0.00024277732246173582
93,32,0.09,26,0.6834473251360974,0.841165938629043,0.00021943840184859644
93,32,0.09,27,0.7271417187256726,0.8617975925637602,0.00019433593870398427
93,32,0.09,28,0.776974123003504,0.887970426289719,0.00017120698788175147
93,32,0.09,29,0.8266162585919116,0.9121282853427989,0.0001255096079122327
93,32,0.09,30,0.8818862610555879,0.9406786784592939,0.0001009379573509206
93,32,0.09,31,0.9687559689268016,1.0000061614728275,2.2728893171775347e-05
93,32,0.1,1,0.03125,1.0,0.0
93,32,0.1,2,0.05626629593864847,0.9002607350183756,0.00024016320560516665
93,32,0.1,3,0.07830693898312437,0.8352740158199934,0.0002956636097484474
93,32,0.1,4,0.09897138092650072,0.7917710474120058,0.00032137586214593395
93,32,0.1,5,0.11907520992724778,0.762081343534386,0.0003351728204535142
93,32,0.1,6,0.13898189026055774,0.741236748056308,0.00034353274431471193
93,32,0.1,7,0.15893564652795616,0.726562955556371,0.0003478598864413608
93,32,0.1,8,0.1790703726182177,0.7162814904728708,0.00035060621258224054
93,32,0.1,9,0.19957180650831952,0.7095886453629139,0.00035142382066206235
93,32,0.1,10,0.2205355666678968,0.7057138133372699,0.00035093989192195
93,32,0.1,11,0.24208343724867606,0.704242726541603,0.00034953662755579895
93,32,0.1,12,0.26427163138425175,0.7047243503580047,0.00034765849012265387
93,32,0.1,13,0.2871515040714544,0.7068344715605032,0.00034456597244572737
93,32,0.1,14,0.3108449817100983,0.7105028153373675,0.0003407787729327891
93,32,0.1,15,0.3354068971366545,0.7155347138915296,0.0003366443037798977
93,32,0.1,16,0.3609607282543093,0.7219214565086186,0.000331409887550784
93,32,0.1,17,0.387545878812685,0.7294981248238778,0.00032535988558549925
93,32,0.1,18,0.41526400019861737,0.7382471114642086,0.0003181865986399702
93,32,0.1,19,0.44421921976677303,0.7481586859229862,0.00030987845918229817
93,32,0.1,20,0.4745303468131174,0.7592485549009881,0.00030023516287372095
93,32,0.1,21,0.5063300494450639,0.7715505515353356,0.0002894028763654683
93,32,0.1,22,0.5397085944100001,0.785030682778182,0.000276365922294309
93,32,0.1,23,0.5748659450380192,0.7998134887485486,0.0002631513011812186
93,32,0.1,24,0.6119130265231304,0.815884035364174,0.0002454203363621671
93,32,0.1,25,0.6509143897986417,0.8331704189422615,0.00022938736709704556
93,32,0.1,26,0.6928503546731293,0.852738898059236,0.00020581432526150335
93,32,0.1,27,0.7357985904241358,0.8720575886508277,0.0001824845568961885
93,32,0.1,28,0.7847863891348853,0.8968987304398689,0.00015909742656068095
93,32,0.1,29,0.8327578050658188,0.9189051642105589,0.0001168745965163836
93,32,0.1,30,0.8866552823874526,0.945765634546616,9.2821358056164e-05
93,32,0.1,31,0.9687552279401025,1.000005396583332,2.149620906041328e-05
93,32,0.11,1,0.03125000000000003,1.0000000000000009,0.0
93,32,0.11,2,0.05665818635911111,0.9065309817457777,0.0002329582018676703
93,32,0.11,3,0.07920841093169331,0.8448897166047286,0.00028801636725924986
93,32,0.11,4,0.10042413504078557,0.8033930803262845,0.00031393531101075165
93,32,0.11,5,0.12110576357903441,0.7750768869058203,0.00032783098104111687
93,32,0.11,6,0.1415906659579628,0.7551502184424682,0.00033613024208829773
93,32,0.11,7,0.1621265238355584,0.741149823248267,0.0003406372083340129
93,32,0.11,8,0.18283799569425074,0.731351982777003,0.00034326722975169577
93,32,0.11,9,0.20390163578964726,0.7249835939187458,0.0003439125424338013
93,32,0.11,10,0.2254289775702907,0.7213727282249303,0.0003431036859234793
93,32,0.11,11,0.24752138630495768,0.7200622147053315,0.0003414372735619387
93,32,0.11,12,0.270244325269872,0.720651534052992,0.0003391008735395556
93,32,0.11,13,0.2936395284130486,0.722804993016735,0.00033570602155628433
93,32,0.11,14,0.3178199905772055,0.7264456927478983,0.0003314011350138493
93,32,0.11,15,0.3428344547981383,0.7313801702360283,0.00032688059520360986
93,32,0.11,16,0.36880735072237536,0.7376147014447507,0.0003212293986278386
93,32,0.11,17,0.39577781323264755,0.744993530790866,0.0003147546827127391
93,32,0.11,18,0.42383125854892695,0.7534777929758701,0.0003072186868254217
93,32,0.11,19,0.4530767981443799,0.7630767126642186,0.0002985183616490679
93,32,0.11,20,0.4836118801552745,0.7737790082484393,0.00028853536119889336
93,32,0.11,21,0.5155525677743262,0.7856039127989735,0.00027745226742128013
93,32,0.11,22,0.5489869359387178,0.7985264522744988,0.00026427712717434705
93,32,0.11,23,0.5841107204546871,0.8126757849804342,0.0002511767919079259
93,32,0.11,24,0.6209816869375387,0.827975582583385,0.00023315866661691636
93,32,0.11,25,0.6596794176796783,0.844389654629988,0.00021772449232516293
93,32,0.11,26,0.701133782915658,0.8629338866654253,0.00019392156130342608
93,32,0.11,27,0.74337366784285,0.8810354581841185,0.00017218408923992757
93,32,0.11,28,0.7915143237097527,0.9045877985254317,0.00014851311311237615
93,32,0.11,29,0.8380836131428735,0.9247819179507569,0.00010966035460576494
93,32,0.11,30,0.8907376339574755,0.9501201428879739,8.608771779405185e-05
93,32,0.11,31,0.9687546399186677,1.0000047895934634,2.043466623024084e-05
93,32,0.12,1,0.03125000000000002,1.0000000000000007,0.0
93,32,0.12,2,0.057015632523919654,0.9122501203827145,0.0002262197577359383
93,32,0.12,3,0.08002920441169929,0.8536448470581257,0.00028061813273424043
93,32,0.12,4,0.10175213877526777,0.8140171102021422,0.00030705909909897104
93,32,0.12,5,0.12295776069197276,0.7869296684286256,0.00032106875001461577
93,32,0.12,6,0.1439739777657832,0.7678612147508437,0.00032915022369466143
93,32,0.12,7,0.16503413833424582,0.7544417752422665,0.00033351023441854173
93,32,0.12,8,0.18627204751137336,0.7450881900454934,0.0003361097205960906
93,32,0.12,9,0.20784758819275986,0.7390136469075905,0.0003365815663144349
93,32,0.12,10,0.22988141963788417,0.7356205428412292,0.0003356816400973576
93,32,0.12,11,0.2524582863312799,0.734424105690996,0.00033374514784289633
93,32,0.12,12,0.27566710076500694,0.7351122687066851,0.0003310496178305559
93,32,0.12,13,0.2995122105824365,0.7372608260490743,0.00032729811046940956
93,32,0.12,14,0.3241321287171953,0.740873437067875,0.0003228246967029974
93,32,0.12,15,0.34954940726310146,0.7457054021612831,0.0003179625584673783
93,32,0.12,16,0.3758974745196302,0.7517949490392604,0.0003119746167904783
93,32,0.12,17,0.4032085816945842,0.7589808596603937,0.0003052153930386382
93,32,0.12,18,0.4315521336458035,0.7672037931480952,0.0002973471576192924
93,32,0.12,19,0.46104051718675637,0.7764892921040106,0.00028834215819754477
93,32,0.12,20,0.49175570682822106,0.7868091309251536,0.0002780581570879468
93,32,0.12,21,0.5238067277932766,0.7981816804468977,0.000266896717277679
93,32,0.12,22,0.5572631132702014,0.8105645283930202,0.0002535142395205984
93,32,0.12,23,0.5923360534257134,0.8241197265053404,0.0002404761536799776
93,32,0.12,24,0.629012017902483,0.838682690536644,0.00022228922309970472
93,32,0.12,25,0.6674304000410127,0.8543109120524962,0.00020732077865907286
93,32,0.12,26,0.7084012669673166,0.8718784824213126,0.00018352550394317102
93,32,0.12,27,0.7500375042700238,0.8889333383941023,0.00016314107872738797
93,32,0.12,28,0.7973600631864179,0.9112686436416204,0.00013939570578998681
93,32,0.12,29,0.842750732615776,0.9299318428863735,0.00010342972109841567
93,32,0.12,30,0.8942698265696576,0.9538878150076348,8.043591064166446e-05
93,32,0.12,31,0.9687497368380295,0.9999997283489337,1.9508597852652435e-05
93,32,0.13,1,0.03124999999999998,0.9999999999999993,6.787102863450175e-19
93,32,0.13,2,0.057341100282748476,0.9174576045239756,0.0002201282470433573
93,32,0.13,3,0.08078912828908573,0.8617507017502479,0.00027386910429584013
93,32,0.13,4,0.10298183925666636,0.8238547140533309,0.0003001731489845797
93,32,0.13,5,0.12466290467285931,0.7978425899062996,0.00031412901776008237
93,32,0.13,6,0.14616692214894364,0.7795569181276994,0.0003222002576963639
93,32,0.13,7,0.16771623191053087,0.7667027744481413,0.0003264090463748833
93,32,0.13,8,0.18943257782581818,0.7577303113032727,0.00032907227182946315
93,32,0.13,9,0.21148526546410382,0.7519476105390357,0.0003294460732368958
93,32,0.13,10,0.2339911561046336,0.7487716995348276,0.0003286547513097337
93,32,0.13,11,0.257013716863604,0.7476762672395754,0.0003265120291984167
93,32,0.13,12,0.28066143685233924,0.7484304982729046,0.0003235703431390708
93,32,0.13,13,0.3049157193004746,0.7505617705857837,0.00031951701418096983
93,32,0.13,14,0.3299274171989523,0.7541198107404625,0.00031484567451536225
93,32,0.13,15,0.3557131066605318,0.7588546275424678,0.00030962995614757075
93,32,0.13,16,0.38240732268276245,0.7648146453655249,0.00030335944422397277
93,32,0.13,17,0.4100218097002535,0.7718057594357713,0.00029640094398144666
93,32,0.13,18,0.4386249902276609,0.7797777604047305,0.0002882896633926002
93,32,0.13,19,0.4683100860650787,0.788732776530659,0.00027905882578168007
93,32,0.13,20,0.49917295848645166,0.7986767335783226,0.0002685196668037771
93,32,0.13,21,0.5313047427821761,0.8096072270966495,0.00025727667716357594
93,32,0.13,22,0.5647605969303899,0.8214699591714762,0.00024379355942246187
93,32,0.13,23,0.599772070637445,0.8344654895825321,0.0002307649228871537
93,32,0.13,24,0.6362429543784817,0.8483239391713089,0.0002126193135002012
93,32,0.13,25,0.6744099082012814,0.8632446824976402,0.00019808187280099488
93,32,0.13,26,0.7149184309990932,0.8798996073834995,0.0001744137394885068
93,32,0.13,27,0.7560087644297574,0.8960103874723049,0.00015511350641613916
93,32,0.13,28,0.8025954291421002,0.9172519190195433,0.00013150015984577455
93,32,0.13,29,0.8469159184106511,0.9345279099703736,9.787828280476377e-05
93,32,0.13,30,0.897394220509129,0.9572205018764042,7.555044941506882e-05
93,32,0.13,31,0.968751896020843,1.0000019571828056,1.869174216798696e-05
93,32,0.14,1,0.031249999999999993,0.9999999999999998,0.0
93,32,0.14,2,0.05763673183558947,0.9221877093694315,0.00021381976691627617
93,32,0.14,3,0.08147731802431588,0.8690913922593693,0.00026699462718544437
93,32,0.14,4,0.10410387908848677,0.8328310327078942,0.0002932402769389571
93,32,0.14,5,0.1262296919961026,0.8078700287750565,0.00030709245434090915
93,32,0.14,6,0.14818630149059048,0.7903269412831492,0.0003151263560171377
93,32,0.14,7,0.17019064142443502,0.7780143607974173,0.0003194253466714816
93,32,0.14,8,0.1923542317743168,0.7694169270972672,0.00032197640391916187
93,32,0.14,9,0.21484783408480418,0.7639034100793037,0.00032205357963783034
93,32,0.14,10,0.23778453713982167,0.7609105188474294,0.0003210809247106773
93,32,0.14,11,0.26122438575477475,0.759925485832072,0.0003186492112829705
93,32,0.14,12,0.285269693955287,0.7607191838807653,0.00031556899021504186
93,32,0.14,13,0.30991350292061814,0.7628640071892139,0.0003112541766259854
93,32,0.14,14,0.3352832325616563,0.7663616744266429,0.0003063770600986178
93,32,0.14,15,0.3614041405347015,0.7709954998073631,0.0003009336706903193
93,32,0.14,16,0.38840161108476984,0.7768032221695397,0.0002943940064150928
93,32,0.14,17,0.41627234583607153,0.7835714745149583,0.00028724716392750885
93,32,0.14,18,0.4450989919552889,0.7912870968094025,0.0002789453233145419
93,32,0.14,19,0.4749661989168003,0.7999430718598743,0.00026965218531379783
93,32,0.14,20,0.5059560424719445,0.8095296679551112,0.00025904734106874274
93,32,0.14,21,0.5381601980499603,0.8200536351237492,0.00024777570447039857
93,32,0.14,22,0.5715971089835155,0.8314139767032952,0.00023421859631380778
93,32,0.14,23,0.6065306501975425,0.8438687307096243,0.00022130792170191617
93,32,0.14,24,0.6427984487434073,0.8570645983245428,0.00020330341066622233
93,32,0.14,25,0.6807049476679964,0.8713023330150355,0.00018915709584090538
93,32,0.14,26,0.7207691568629124,0.8871005007543539,0.00016583280150731205
93,32,0.14,27,0.7613738575868112,0.9023690163991837,0.00014745276015950076
93,32,0.14,28,0.8071865012787346,0.9224988586042681,0.00012402200600324974
93,32,0.14,29,0.850642034539132,0.9386394863880078,9.277611191946306e-05
93,32,0.14,30,0.900175522835483,0.9601872243578484,7.101138336831381e-05
93,32,0.14,31,0.9687579265325171,1.0000081822271145,1.7912678337733092e-05
93,32,0.15,1,0.03124999999999998,0.9999999999999993,1.2137781840455873e-18
93,32,0.15,2,0.057907693479815024,0.9265230956770404,0.00020820958667452978
93,32,0.15,3,0.08210857647599944,0.875824815743994,0.000260562215926599
93,32,0.15,4,0.105137447231827,0.841099577854616,0.00028706470842207525
93,32,0.15,5,0.1276654736541783,0.8170590313867411,0.0003010164469804643
93,32,0.15,6,0.15003199556858327,0.8001706430324441,0.0003091325394266716
93,32,0.15,7,0.17245215956199839,0.7883527294262783,0.00031335443834822806
93,32,0.15,8,0.19502730126069315,0.7801092050427726,0.0003155905061948026
93,32,0.15,9,0.21791807788712353,0.7748198324875505,0.0003155374340501835
93,32,0.15,10,0.24123979020015748,0.7719673286405039,0.0003144424168831514
93,32,0.15,11,0.26506009926152263,0.7710839251244295,0.0003118270585193889
93,32,0.15,12,0.289467561372409,0.7719134969930906,0.0003084760992634113
93,32,0.15,13,0.31445045943783134,0.7740319001546617,0.00030393495002002647
93,32,0.15,14,0.34013850329800727,0.7774594361097309,0.00029895219734448044
93,32,0.15,15,0.36655189035938845,0.7819773661000287,0.000293252375201119
93,32,0.15,16,0.39380901051261974,0.7876180210252395,0.00028654305910660166
93,32,0.15,17,0.4219212798379905,0.7942047620479821,0.0002791933454577394
93,32,0.15,18,0.45094926645933364,0.8016875848165932,0.0002707626359667363
93,32,0.15,19,0.48096653629866193,0.8100489032398517,0.00026139929207840166
93,32,0.15,20,0.5120492075099549,0.8192787320159277,0.00025065476946727235
93,32,0.15,21,0.5442933475496711,0.8293993867423558,0.00023935314963890924
93,32,0.15,22,0.5777072573406339,0.8403014652227401,0.00022587494865768638
93,32,0.15,23,0.6125803043797295,0.8522856408761453,0.0002130469026202708
93,32,0.15,24,0.6486605028300209,0.8648806704400278,0.000195164216047791
93,32,0.15,25,0.686327664006989,0.8784994099289458,0.00018143765687799555
93,32,0.15,26,0.7260100295640881,0.8935508056173391,0.0001583391574083509
93,32,0.15,27,0.7661488005222569,0.9080282080263784,0.00014085365152122632
93,32,0.15,28,0.8112892421686648,0.9271877053356169,0.00011781446630817513
93,32,0.15,29,0.8539558925515722,0.9422961572982866,8.84297005975998e-05
93,32,0.15,30,0.9026229714063257,0.9627978361667475,6.713995382290653e-05
93,32,0.15,31,0.9687531876344719,1.0000032904613902,1.7248684516405328e-05
93,32,0.16,1,0.031249999999999976,0.9999999999999992,1.1554234636587802e-18
93,32,0.16,2,0.05815740016610971,0.9305184026577553,0.00020259687447355857
93,32,0.16,3,0.08269510442164889,0.8820811138309214,0.0002544089435279477
93,32,0.16,4,0.10609535933761863,0.848762874700949,0.0002807601298154004
93,32,0.16,5,0.12899792089868348,0.8255866937515745,0.00029447566877320895
93,32,0.16,6,0.15174576255076175,0.8093107336040627,0.00030272764055485696
93,32,0.16,7,0.1745507782085386,0.7979464146676051,0.00030689788610115636
93,32,0.16,8,0.19750299484002468,0.7900119793600987,0.0003092059636814025
93,32,0.16,9,0.22075648111645665,0.7849119328585126,0.00030915961716143875
93,32,0.16,10,0.24443762356370208,0.7822003954038467,0.0003079546467858568
93,32,0.16,11,0.26860219833889454,0.7813882133495114,0.00030529254916019716
93,32,0.16,12,0.29334067793767077,0.7822418078337887,0.00030176207676213144
93,32,0.16,13,0.3186375126665354,0.7843384927176255,0.0002970197408864825
93,32,0.16,14,0.3446126325208082,0.7876860171904186,0.000291920043354328
93,32,0.16,15,0.3712983230471732,0.7921030891673029,0.00028605965785515985
93,32,0.16,16,0.3987896168895108,0.7975792337790216,0.00027916907816701524
93,32,0.16,17,0.42709924784192155,0.8039515253494993,0.0002716566142216129
93,32,0.16,18,0.4562969114210307,0.8111945091929433,0.00026303831665179246
93,32,0.16,19,0.48644711018342485,0.8192793434668206,0.000253642445351419
93,32,0.16,20,0.5176118163807862,0.828178906209258,0.00024279026261630614
93,32,0.16,21,0.5498997034008778,0.8379424051822899,0.00023152966201108827
93,32,0.16,22,0.583275549412202,0.8484007991450213,0.00021802504053725408
93,32,0.16,23,0.6180554112625704,0.8599031808870543,0.00020532514913119713
93,32,0.16,24,0.6539498422218704,0.8719331229624937,0.0001877180259537255
93,32,0.16,25,0.6914182762846313,0.8850153936443278,0.00017442096088281285
93,32,0.16,26,0.7307452648135206,0.8993787874627946,0.00015144406162145608
93,32,0.16,27,0.7704388681095907,0.9131127325743296,0.0001347892595478289
93,32,0.16,28,0.8149540919386672,0.9313761050727625,0.00011222907622319934
93,32,0.16,29,0.8569334068128597,0.9455816902762589,8.45110559246575e-05
93,32,0.16,30,0.904800675570886,0.9651207206089449,6.366410384199425e-05
93,32,0.16,31,0.968746283786199,0.9999961639083345,1.6640626048186626e-05
93,32,0.17,1,0.031249999999999983,0.9999999999999994,1.1039340044939506e-18
93,32,0.17,2,0.05839046111813511,0.9342473778901618,0.00019756149752003278
93,32,0.17,3,0.08324713750482332,0.8879694667181155,0.00024866084572705327
93,32,0.17,4,0.1069897971397887,0.8559183771183096,0.00027482732998319474
93,32,0.17,5,0.13025783592252235,0.8336501499041432,0.00028839209423631526
93,32,0.17,6,0.15336809523993775,0.8179631746130014,0.00029652321602097805
93,32,0.17,7,0.17653417050914247,0.807013350898937,0.00030072547881678327
93,32,0.17,8,0.19983846820936044,0.7993538728374417,0.000302930549251588
93,32,0.17,9,0.22343743623444623,0.7944442177224755,0.0003028129294732665
93,32,0.17,10,0.24745802233585792,0.7918656714747454,0.0003014191649240576
93,32,0.17,11,0.27194571282371355,0.7911148009417123,0.0002985992939909718
93,32,0.17,12,0.29699865768022293,0.7919964204805946,0.00029491829088356227
93,32,0.17,13,0.3225811136525699,0.7940458182217105,0.0002900511019388106
93,32,0.17,14,0.3488257742787566,0.7973160554943007,0.0002847854928520509
93,32,0.17,15,0.37575668916347077,0.8016142702154043,0.00027871956982642305
93,32,0.17,16,0.40346245036056955,0.8069249007211391,0.0002716925474402716
93,32,0.17,17,0.43196363489755,0.8131080186306825,0.0002641452414348267
93,32,0.17,18,0.4613094244777152,0.8201056435159383,0.0002554024487670166
93,32,0.17,19,0.49156217775908045,0.8278941941205565,0.00024592333642562054
93,32,0.17,20,0.5228006612555989,0.8364810580089582,0.00023510976544071423
93,32,0.17,21,0.5551161100170142,0.8458912152640217,0.00022395553476268383
93,32,0.17,22,0.5884467306346286,0.8559225172867327,0.00021052776922737544
93,32,0.17,23,0.6231381861424741,0.8669748676764858,0.00019794258175883175
93,32,0.17,24,0.6588581417404021,0.8784775223205362,0.0001806710751667281
93,32,0.17,25,0.6961062491257405,0.8910159988809478,0.00016754738524961933
93,32,0.17,26,0.7350403725928063,0.904665073960377,0.00014528372172769148
93,32,0.17,27,0.774392396629465,0.9177983960052921,0.00012915511380625472
93,32,0.17,28,0.8183703671027465,0.9352804195459961,0.00010716446989760323
93,32,0.17,29,0.8596818448664144,0.9486144495077679,8.090764448794203e-05
93,32,0.17,30,0.9067961995146118,0.9672492794822525,6.0514871145236606e-05
93,32,0.17,31,0.9687485997013595,0.9999985545304356,1.6063004109379563e-05
93,32,0.18,1,0.031250000000000014,1.0000000000000004,5.290827981737176e-19
93,32,0.18,2,0.05860687597196337,0.9377100155514139,0.0001927338680264862
93,32,0.18,3,0.08376015543613662,0.8934416579854573,0.00024321637133645094
93,32,0.18,4,0.10783365985330644,0.8626692788264515,0.00026933744014061897
93,32,0.18,5,0.13144665576437312,0.841258596891988,0.00028268868056506254
93,32,0.18,6,0.15489797281584547,0.8261225216845092,0.00029084967385458924
93,32,0.18,7,0.17839822165344338,0.8155347275585985,0.00029503509611246334
93,32,0.18,8,0.2020391598216211,0.8081566392864844,0.0002971647922800806
93,32,0.18,9,0.22596359521233486,0.8034261163105241,0.00029687379639407917
93,32,0.18,10,0.2502956095001689,0.8009459504005405,0.00029527947236834525
93,32,0.18,11,0.27508833896321955,0.8002569860748205,0.0002922358693877917
93,32,0.18,12,0.3004361955004036,0.8011631880010763,0.0002883618045897278
93,32,0.18,13,0.32628815597412547,0.8031708454747704,0.00028345242961390344
93,32,0.18,14,0.3527747956802788,0.8063423901263517,0.0002780151955596483
93,32,0.18,15,0.3799343335059336,0.8105265781459916,0.00027187266318845645
93,32,0.18,16,0.4078331242598155,0.815666248519631,0.00026470317437990524
93,32,0.18,17,0.43649089728660284,0.8216299243041936,0.000257024515428227
93,32,0.18,18,0.46597359348571504,0.8283974995301602,0.0002482693597522872
93,32,0.18,19,0.496338862559062,0.8359391369415784,0.00023888003675081402
93,32,0.18,20,0.5276373525560506,0.844219764089681,0.0002279799323846627
93,32,0.18,21,0.5599682232364421,0.853284911598388,0.00021690981672243116
93,32,0.18,22,0.5932588774628214,0.8629220035822857,0.0002036197362753145
93,32,0.18,23,0.6278911283535962,0.873587656839786,0.00019125855628019335
93,32,0.18,24,0.6634340711644158,0.8845787615525543,0.00017414116957994617
93,32,0.18,25,0.7004553858499728,0.8965828938879654,0.0001613343467330901
93,32,0.18,26,0.739041730766936,0.909589822482383,0.00013960268238757744
93,32,0.18,27,0.7780440746283992,0.9221263106706955,0.00012393632122076865
93,32,0.18,28,0.8215326194454478,0.938894422223369,0.00010249344408718792
93,32,0.18,29,0.8622231258049232,0.9514186215778463,7.756816020668201e-05
93,32,0.18,30,0.9086277515214072,0.9692029349561675,5.765557175529054e-05
93,32,0.18,31,0.968753348482257,1.0000034564978137,1.5539710666146917e-05
93,32,0.19,1,0.031249999999999976,0.9999999999999992,1.5258223730613557e-18
93,32,0.19,2,0.0588044824847939,0.9408717197567024,0.0001880840356020458
93,32,0.19,3,0.08423236621983818,0.8984785730116073,0.00023800544709597896
93,32,0.19,4,0.10860665466383533,0.8688532373106826,0.000264013778516326
93,32,0.19,5,0.1325343628157381,0.8482199220207239,0.0002774063391978446
93,32,0.19,6,0.15630265801167875,0.8336141760622866,0.00028563010229161093
93,32,0.19,7,0.18011394235965902,0.8233780222155842,0.0002898807454951688
93,32,0.19,8,0.20406477666926903,0.8162591066770761,0.0002918763770054748
93,32,0.19,9,0.22829295122862325,0.811708271035105,0.00029148621023869834
93,32,0.19,10,0.2529137655762769,0.8093240498440862,0.00028979050749150466
93,32,0.19,11,0.27798550920530457,0.8086851176881588,0.00028671589244201015
93,32,0.19,12,0.3035986909075186,0.8095965090867162,0.0002826988520257693
93,32,0.19,13,0.3296952534777457,0.8115575470221432,0.0002777232591979611
93,32,0.19,14,0.35640801554012524,0.8146468926631435,0.00027215666833284557
93,32,0.19,15,0.3837776246795374,0.8187255993163464,0.0002658663154034678
93,32,0.19,16,0.41185443477865397,0.8237088695573079,0.0002586224964499399
93,32,0.19,17,0.44066293765073833,0.829483176754331,0.0002509020056143251
93,32,0.19,18,0.47027210564537336,0.8360392989251082,0.0002420768398206942
93,32,0.19,19,0.5007301463147407,0.8433349832669317,0.00023266686468509688
93,32,0.19,20,0.5320741100693336,0.8513185761109339,0.00022173881649324107
93,32,0.19,21,0.5644201264111754,0.8600687640551247,0.0002107505277720585
93,32,0.19,22,0.5976689038309284,0.8693365873904413,0.00019754057157708743
93,32,0.19,23,0.6322166915840404,0.8796058317690997,0.00018532456872968672
93,32,0.19,24,0.6675963752655327,0.8901285003540436,0.0001684753325348615
93,32,0.19,25,0.7044121022003813,0.901647490816488,0.00015586521966922488
93,32,0.19,26,0.7427040570486603,0.9140973009829665,0.00013459192718429404
93,32,0.19,27,0.7813622071468524,0.9260589121740473,0.00011936776437053778
93,32,0.19,28,0.824446574763223,0.9422246568722549,9.839386010280864e-05
93,32,0.19,29,0.8645340463869085,0.9539686029096921,7.462088342561253e-05
93,32,0.19,30,0.9102841537645047,0.9709697640154717,5.5187055020591726e-05
93,32,0.19,31,0.9687534851991995,1.0000035976249801,1.5091273383472017e-05
93,32,0.2,1,0.031249999999999997,0.9999999999999999,9.80359302498359e-19
93,32,0.2,2,0.05898623303846918,0.9437797286155069,0.00018375669849627618
93,32,0.2,3,0.08467035391627718,0.9031504417736235,0.00023319399479174825
93,32,0.2,4,0.10932665549443002,0.8746132439554402,0.00025896753793123767
93,32,0.2,5,0.13355242771235176,0.8547355373590513,0.00027218249240784626
93,32,0.2,6,0.15761672647355648,0.8406225411923013,0.0002805441347334399
93,32,0.2,7,0.1817180689338109,0.8307111722688498,0.00028471036656905953
93,32,0.2,8,0.2059592122828279,0.8238368491313116,0.00028666128804285146
93,32,0.2,9,0.23047682807709924,0.8194731664963529,0.0002862045764290576
93,32,0.2,10,0.2553616857322272,0.8171573943431268,0.00028453715434369794
93,32,0.2,11,0.28068257123349233,0.8165311163156141,0.0002814051401206967
93,32,0.2,12,0.3065313722749026,0.8174169927330737,0.0002772946171156197
93,32,0.2,13,0.3328569834598823,0.8193402669781719,0.0002721352558451581
93,32,0.2,14,0.35977965213608537,0.8223534905967667,0.0002665003869410495
93,32,0.2,15,0.3873365049633683,0.8263178772551857,0.00026011570621371565
93,32,0.2,16,0.4155768040592342,0.8311536081184684,0.0002527850092161527
93,32,0.2,17,0.44452879536511075,0.8367600853931496,0.0002450164965421595
93,32,0.2,18,0.4742466473439784,0.8431051508337394,0.00023615458685599617
93,32,0.2,19,0.5047767227095308,0.850150269826578,0.00022680389220942242
93,32,0.2,20,0.5361593174395749,0.8578549079033198,0.00021592659158680853
93,32,0.2,21,0.5685100327279373,0.8663010022520949,0.00020506043425922975
93,32,0.2,22,0.6017130376941285,0.8752189639187323,0.00019192965313261754
93,32,0.2,23,0.6361663728863676,0.8851010405375549,0.00017981305402639295
93,32,0.2,24,0.6713966159767321,0.8951954879689762,0.0001633082251376203
93,32,0.2,25,0.7080234377044523,0.9062700002616991,0.00015077747026051217
93,32,0.2,26,0.7460241809087528,0.9181836072723112,0.0001300509077947361
93,32,0.2,27,0.7843823998239956,0.9296383997914023,0.00011513855485009631
93,32,0.2,28,0.8269736808533941,0.9451127781181646,9.449968638528726e-05
93,32,0.2,29,0.866637674444366,0.9562898476627487,7.188004872049862e-05
93,32,0.2,30,0.9117873238568891,0.9725731454473483,5.2916879711737687e-05
93,32,0.2,31,0.9687491764910197,0.9999991499262139,1.4677821585091763e-05
93,32,0.25,1,0.03125000000000001,1.0000000000000002,0.0
93,32,0.25,2,0.059735128507717415,0.9557620561234786,0.00016369144717193646
93,32,0.25,3,0.08648024401581393,0.922455936168682,0.00021014093161858665
93,32,0.25,4,0.11231302838656956,0.8985042270925565,0.00023498701306544334
93,32,0.25,5,0.13776198627449265,0.881676712156753,0.00024769175474092977
93,32,0.25,6,0.16305979284762667,0.8696522285206758,0.00025584111460945407
93,32,0.25,7,0.18837286970365655,0.8611331186452871,0.0002593565336033712
93,32,0.25,8,0.21382554781143143,0.8553021912457257,0.0002608658238771032
93,32,0.25,9,0.2395075686667896,0.8515824663708075,0.00026032035321682734
93,32,0.25,10,0.2655216927407703,0.849669416770465,0.0002583947021026846
93,32,0.25,11,0.29190897804249605,0.8491897543054431,0.0002550046583581127
93,32,0.25,12,0.3187479730183813,0.8499945947156836,0.00025074896403415493
93,32,0.25,13,0.34599480352996315,0.8516795163814477,0.0002455227283794928
93,32,0.25,14,0.3737587292994389,0.8543056669701459,0.000239726421734434
93,32,0.25,15,0.40205259938996074,0.8577122120319163,0.00023320218944662793
93,32,0.25,16,0.4309481859787839,0.8618963719575679,0.00022599504623093566
93,32,0.25,17,0.46041590468320087,0.8666652323448487,0.00021816120348460536
93,32,0.25,18,0.4905573329391588,0.8721019252251713,0.0002093241774986538
93,32,0.25,19,0.521363252758651,0.8780854783303597,0.00020027419531620056
93,32,0.25,20,0.5528480444133884,0.8845568710614214,0.00018967290116933227
93,32,0.25,21,0.5851680546928965,0.891684654770128,0.00017946657527199777
93,32,0.25,22,0.618147614356058,0.8991238026997208,0.00016691380555948024
93,32,0.25,23,0.6521886204497589,0.9073928632344471,0.0001558431946203044
93,32,0.25,24,0.6867910830128433,0.9157214440171245,0.00014060700045801238
93,32,0.25,25,0.7225521883776231,0.9248668011233577,0.00012927969403783162
93,32,0.25,26,0.7593896895248299,0.9346334640305597,0.00011060804501726034
93,32,0.25,27,0.7964188607665511,0.943903834982579,9.74269137815724e-05
93,32,0.25,28,0.8368049001889266,0.9563484573587733,7.9144570697769e-05
93,32,0.25,29,0.8749737918060012,0.965488321992829,6.005477453900915e-05
93,32,0.25,30,0.9176643849392881,0.9788420106019073,4.3059459923924976e-05
93,32,0.25,31,0.9687337284155361,0.9999832035257147,1.28788794180467e-05
93,32,0.5,1,0.031249999999999997,0.9999999999999999,5.602053157133481e-19
93,32,0.5,2,0.06144738481371109,0.9831581570193775,0.00010201198504182298
93,32,0.5,3,0.09078552081619877,0.9683788887061203,0.00013655739318050084
93,32,0.5,4,0.11961479215410256,0.9569183372328205,0.00015587558200664522
93,32,0.5,5,0.1481896732637479,0.9484139088879867,0.00016696158377280207
93,32,0.5,6,0.1766413923435919,0.9420874258324903,0.0001737932010810595
93,32,0.5,7,0.20509188903107026,0.9375629212848927,0.00017714844448466982
93,32,0.5,8,0.23359839993061834,0.9343935997224734,0.00017838658277460372
93,32,0.5,9,0.2622087780523702,0.9322978775195386,0.00017794432046069309
93,32,0.5,10,0.2909966571174038,0.9311893027756923,0.00017620948074809656
93,32,0.5,11,0.3199706502330722,0.9308237097689375,0.00017336797402033106
93,32,0.5,12,0.34916478194104783,0.9311060851761277,0.00016972986985571285
93,32,0.5,13,0.37857951263007567,0.9318880310894171,0.00016524650311194145
93,32,0.5,14,0.4082551151858094,0.933154548996136,0.00016044277758807255
93,32,0.5,15,0.43820374208776003,0.9348346497872216,0.00015498118204850767
93,32,0.5,16,0.4684350020997747,0.9368700041995494,0.00014900342323793134
93,32,0.5,17,0.4989731233208456,0.9392435262510035,0.00014226479315365215
93,32,0.5,18,0.5298406130953943,0.9419388677251457,0.00013570061151185078
93,32,0.5,19,0.5609635270814,0.9447806771897261,0.0001282618176034025
93,32,0.5,20,0.592546784157983,0.948074854652773,0.00012036418694420475
93,32,0.5,21,0.6243265323636948,0.9513547159827731,0.00011263203595306255
93,32,0.5,22,0.6566426829383272,0.9551166297284761,0.00010349385169008672
93,32,0.5,23,0.6891538965875029,0.9588228126434825,9.534325256513628e-05
93,32,0.5,24,0.7222598479905741,0.9630131306540989,8.526782748466385e-05
93,32,0.5,25,0.7554223296934889,0.966940582007666,7.679869725836128e-05
93,32,0.5,26,0.7895393260789267,0.9717407090202176,6.58100451340328e-05
93,32,0.5,27,0.8234205210456811,0.9759058027208074,5.600594235867898e-05
93,32,0.5,28,0.8588209312383328,0.9815096357009518,4.628894573108074e-05
93,32,0.5,29,0.8933028352326793,0.9857134733601979,3.4234330507911185e-05
93,32,0.5,30,0.9295359241247769,0.9915049857330955,2.404117357730415e-05
93,32,0.5,31,0.9687394593681592,0.9999891193477771,8.406508018303684e-06
93,32,1.0,1,0.03125000000000001,1.0000000000000002,0.0
93,32,1.0,2,0.062228400298736254,0.9956544047797801,5.250040811937038e-05
93,32,1.0,3,0.09290715070233059,0.9910096074915264,7.342237422518196e-05
93,32,1.0,4,0.12338003576588377,0.9870402861270702,8.638505211858563e-05
93,32,1.0,5,0.1537290454410301,0.9838658908225928,9.466622306843561e-05
93,32,1.0,6,0.18400515599717276,0.9813608319849215,9.996213234514757e-05
93,32,1.0,7,0.21425384308742457,0.9794461398282265,0.00010295781139378218
93,32,1.0,8,0.24450517001814764,0.9780206800725906,0.00010436733518071848
93,32,1.0,9,0.27479022170774253,0.9770318994053069,0.00010463479258391201
93,32,1.0,10,0.30513696377809135,0.9764382840898924,0.00010389570004254365
93,32,1.0,11,0.3355459465360517,0.9761336626503323,0.00010227509419684083
93,32,1.0,12,0.3660352238336325,0.9760939302230202,0.00010034306700424911
93,32,1.0,13,0.3966104495231951,0.9762718757494032,9.77447710745878e-05
93,32,1.0,14,0.4272589191945674,0.9765918153018682,9.474448848477193e-05
93,32,1.0,15,0.4580269335001824,0.9771241248003892,9.129105094837241e-05
93,32,1.0,16,0.4889012351747521,0.9778024703495042,8.740124989566816e-05
93,32,1.0,17,0.5198921054822022,0.9786204338488512,8.30344934844701e-05
93,32,1.0,18,0.5510078624052003,0.9795695331648006,7.884692967342652e-05
93,32,1.0,19,0.5822080831039148,0.9805609820697513,7.439451558268034e-05
93,32,1.0,20,0.6135556067754514,0.9816889708407223,6.935530684803985e-05
93,32,1.0,21,0.645059499754253,0.982947809149338,6.44768599828975e-05
93,32,1.0,22,0.6766083821799974,0.9841576468072689,5.9386809873479054e-05
93,32,1.0,23,0.7084086365551594,0.9856120160767434,5.373060252550813e-05
93,32,1.0,24,0.7402942948933916,0.9870590598578556,4.847660836808135e-05
93,32,1.0,25,0.7724482330923417,0.9887337383581973,4.2725186263105344e-05
93,32,1.0,26,0.8045390249910903,0.9902018769121109,3.7156720325617196e-05
93,32,1.0,27,0.8368679482026579,0.9918434941661131,3.090794333048476e-05
93,32,1.0,28,0.8695387870769855,0.9937586138022692,2.544341301414893e-05
93,32,1.0,29,0.9025459996097424,0.9959128271555777,1.9032097802027876e-05
93,32,1.0,30,0.935762953005849,0.9981471498729056,1.23737184888654e-05
93,32,1.0,31,0.9687448173614323,0.9999946501795429,5.167570005448073e-06
93,64,0.01,1,0.015625000000000003,1.0000000000000002,4.609301825953603e-19
93,64,0.01,2,0.02386504632839122,0.763681482508519,0.0003531049513737274
93,64,0.01,3,0.029716936880037438,0.6339613201074652,0.00040250678845232433
93,64,0.01,4,0.03452922920070675,0.5524676672113079,0.00041772638320643993
93,64,0.01,5,0.0387983900325272,0.4966193924163481,0.00042165107205895325
93,64,0.01,6,0.04273220198547715,0.45581015451175616,0.0004232234724077098
93,64,0.01,7,0.046484226408478796,0.424998641448949,0.00042309869551194416
93,64,0.01,8,0.050101817842154436,0.4008145427372354,0.0004221599618447004
93,64,0.01,9,0.053666436760226886,0.3816279947393912,0.00042120392732405325
93,64,0.01,10,0.057195827920093714,0.3660532986885997,0.00042050004152408054
93,64,0.01,11,0.06071233650853388,0.353235412413288,0.00041988132551079035
93,64,0.01,12,0.06423356294952423,0.3425790023974625,0.0004196623729657842
93,64,0.01,13,0.06778030116886095,0.3336876365236231,0.00041986363260685267
93,64,0.01,14,0.0713868951980743,0.3263400923340539,0.00042042991007518616
93,64,0.01,15,0.07503828521408748,0.3201633502467732,0.0004210536688645862
93,64,0.01,16,0.07876479545685221,0.3150591818274088,0.000421949588650244
93,64,0.01,17,0.08257308344250947,0.3108633729600356,0.00042313374102772477
93,64,0.01,18,0.08646584731447639,0.3074341237848049,0.0004248667969006046
93,64,0.01,19,0.09045366893888505,0.30468604274150757,0.0004267972918774569
93,64,0.01,20,0.09457210956219586,0.3026307505990267,0.0004290381495783955
93,64,0.01,21,0.09879025251904269,0.3010750552961301,0.0004316633236449782
93,64,0.01,22,0.10313751890545922,0.30003641863406316,0.0004342039954519784
93,64,0.01,23,0.10763153512847223,0.29949644557487926,0.00043723670505544087
93,64,0.01,24,0.11223667316714658,0.29929779511239085,0.0004403947866134675
93,64,0.01,25,0.11703481001533801,0.2996091136392653,0.000443777664187479
93,64,0.01,26,0.12196723988613359,0.3002270520274057,0.0004473714629193924
93,64,0.01,27,0.12707691916721775,0.30121936395192356,0.0004510888300782095
93,64,0.01,28,0.13242188348775857,0.30267859082916243,0.0004552358090625372
93,64,0.01,29,0.1379522429837628,0.30444632934347654,0.00045972047104146023
93,64,0.01,30,0.14371522550063415,0.3065924810680195,0.0004644612318767986
93,64,0.01,31,0.14972692692496722,0.3091136555870291,0.0004691781751140837
93,64,0.01,32,0.15600829492160131,0.31201658984320263,0.0004741243557987507
93,64,0.01,33,0.16258461074648353,0.3153156087204529,0.00047946458350662754
93,64,0.01,34,0.16946894329262113,0.31900036384493385,0.0004850827459265683
93,64,0.01,35,0.1766838554846136,0.3230790500290077,0.000490773231122574
93,64,0.01,36,0.1842660008986467,0.3275840015975941,0.0004968806565772169
93,64,0.01,37,0.19222398111129096,0.33249553489520595,0.0005029803413102365
93,64,0.01,38,0.20061228564138947,0.33787332318549806,0.0005090895031182322
93,64,0.01,39,0.2094535109491128,0.34371858207033895,0.0005156941449564676
93,64,0.01,40,0.2188183457085142,0.3501093531336226,0.0005225864661930418
93,64,0.01,41,0.22871501173310668,0.3570185549004592,0.0005294637787071185
93,64,0.01,42,0.23923851803720877,0.36455393224717525,0.0005366068945011943
93,64,0.01,43,0.2504197495760438,0.3727177668108559,0.0005438761637048973
93,64,0.01,44,0.2623372006375084,0.38158138274546677,0.000551192889153304
93,64,0.01,45,0.2750771559148475,0.3912208439677831,0.0005582929430535862
93,64,0.01,46,0.28871358437288613,0.4016884652144503,0.0005653493620041517
93,64,0.01,47,0.30334487192024867,0.4130653575084237,0.0005723868814606365
93,64,0.01,48,0.3190893858938826,0.42545251452517663,0.0005793524367428515
93,64,0.01,49,0.33608293118290816,0.43896546113685964,0.0005857436205192096
93,64,0.01,50,0.35451436828484933,0.4537783914046071,0.0005914963683973001
93,64,0.01,51,0.37452849691104845,0.4699965451432765,0.0005965088690840551
93,64,0.01,52,0.3963500678166378,0.4878154680820157,0.0006002666595815708
93,64,0.01,53,0.42028221190605786,0.507510595509202,0.0006025011152050296
93,64,0.01,54,0.44663133054089493,0.5293408361966162,0.0006024872878011632
93,64,0.01,55,0.4757664349173498,0.5536191242674615,0.0005996647654912294
93,64,0.01,56,0.508214441026568,0.5808165040303633,0.000593041457302304
93,64,0.01,57,0.5445533213821334,0.611428290674676,0.0005807106365128285
93,64,0.01,58,0.5854835096952545,0.6460507693189015,0.0005604754767941888
93,64,0.01,59,0.632160693116865,0.6857336332115146,0.0005324192373983272
93,64,0.01,60,0.6864190591939202,0.7321803298068481,0.0004885031193568193
93,64,0.01,61,0.7484026836490216,0.7852093730088096,0.000409403961942413
93,64,0.01,62,0.820978041648746,0.8474612042825764,0.0003452578134530802
93,64,0.01,63,0.9843728760266136,0.9999978423127502,3.5877496442279974e-05
93,64,0.02,1,0.015624999999999998,0.9999999999999999,9.399360586258331e-19
93,64,0.02,2,0.02485666615092941,0.7954133168297411,0.00033122908263893123
93,64,0.02,3,0.03180856875363625,0.6785828000775734,0.0003859978924822781
93,64,0.02,4,0.03771733497331331,0.603477359573013,0.00040424538858521247
93,64,0.02,5,0.0430847311147012,0.5514845582681753,0.00041196835516691944
93,64,0.02,6,0.04811692330269361,0.5132471818953984,0.00041573208460102837
93,64,0.02,7,0.052950807783603206,0.4841216711643722,0.0004172968583911457
93,64,0.02,8,0.05766454756951945,0.4613163805561556,0.0004181164487952025
93,64,0.02,9,0.06232050697862613,0.4431680496257858,0.00041840265127496723
93,64,0.02,10,0.06695976205713491,0.42854247716566346,0.0004187015013569258
93,64,0.02,11,0.07159443428848512,0.41654943586027704,0.0004191272414703076
93,64,0.02,12,0.07623856889453473,0.4066057007708519,0.00041965668829893615
93,64,0.02,13,0.0809199613578378,0.3983751943770476,0.00042032943226007094
93,64,0.02,14,0.0856811163510975,0.3916851033193029,0.0004209921798459246
93,64,0.02,15,0.09049872020258325,0.3861278728643552,0.000421744800634803
93,64,0.02,16,0.09541783959929737,0.38167135839718946,0.00042294472469122356
93,64,0.02,17,0.10044821460318762,0.378157984388471,0.00042441268471959866
93,64,0.02,18,0.10557358749095795,0.37537275552340604,0.000426327759657523
93,64,0.02,19,0.11082232890955283,0.373296265800599,0.0004281289346903493
93,64,0.02,20,0.116205466547229,0.3718574929511328,0.0004301941693699581
93,64,0.02,21,0.12172915257613609,0.3709840840415576,0.00043224564147174133
93,64,0.02,22,0.12740213083430416,0.37062438060888486,0.0004344419537372982
93,64,0.02,23,0.1332552683901608,0.3707972685639257,0.0004368614281730218
93,64,0.02,24,0.13924379943933768,0.37131679850490046,0.0004393985964597261
93,64,0.02,25,0.14545149618472214,0.3723558302328886,0.00044210106447465194
93,64,0.02,26,0.15184458511499618,0.3737712864369137,0.0004448249060928058
93,64,0.02,27,0.15843922982125785,0.3755596558726112,0.0004476229493500774
93,64,0.02,28,0.16528188613401007,0.37778716830630876,0.0004505453290298304
93,64,0.02,29,0.1723548007238232,0.3803692153905064,0.00045379303447334613
93,64,0.02,30,0.17971254379880933,0.38338676010412653,0.00045736741876307914
93,64,0.02,31,0.18734792398171995,0.38678281080097027,0.00046069417396258565
93,64,0.02,32,0.19528487240563586,0.3905697448112717,0.000464112155217318
93,64,0.02,33,0.20355306415300262,0.394769578963399,0.00046759840158490493
93,64,0.02,34,0.21216155622278293,0.3993629293605325,0.0004713085117397927
93,64,0.02,35,0.22114936653937795,0.4043874131005768,0.00047491890244786466
93,64,0.02,36,0.2305314732017674,0.40983373013647534,0.0004786456073566267
93,64,0.02,37,0.24033919087639974,0.4157218436780968,0.00048210113032728333
93,64,0.02,38,0.25061090602777514,0.422081525941516,0.0004855247884980755
93,64,0.02,39,0.26137358931391763,0.42892076195104434,0.0004891239768255849
93,64,0.02,40,0.2726747735535776,0.43627963768572414,0.0004926354239702366
93,64,0.02,41,0.28454534771906015,0.4441683476590207,0.0004960028611031843
93,64,0.02,42,0.29705140067904084,0.45264975341568126,0.0004991963386823292
93,64,0.02,43,0.3102695569950648,0.46179654994614294,0.0005022552115006611
93,64,0.02,44,0.32423253990884837,0.47161096714014306,0.0005049645767892752
93,64,0.02,45,0.339020065109782,0.48216187037835667,0.0005073454238474429
93,64,0.02,46,0.3547085492573514,0.4935075467928367,0.0005092451754368393
93,64,0.02,47,0.37137096764999333,0.5056966367999909,0.0005105915168611337
93,64,0.02,48,0.3890971982571931,0.5187962643429241,0.0005113526235980753
93,64,0.02,49,0.4080113943245099,0.5329128415667067,0.0005110608303965028
93,64,0.02,50,0.4282405832688754,0.5481479465841604,0.000509846358208171
93,64,0.02,51,0.4499376391119983,0.5646276255523116,0.0005073614463122995
93,64,0.02,52,0.4732392430483006,0.58244829913637,0.0005032039281885327
93,64,0.02,53,0.49839750658859894,0.6018384985220817,0.0004968815109378354
93,64,0.02,54,0.5255947844017985,0.622927151883613,0.00048818653758513466
93,64,0.02,55,0.5551126816509196,0.6459493022847065,0.0004765227511968284
93,64,0.02,56,0.5873013221567138,0.6712015110362444,0.00046134478695231216
93,64,0.02,57,0.622511072398963,0.6989598005883093,0.00044058500688674027
93,64,0.02,58,0.6610580818386621,0.7294434006495581,0.0004136763561030852
93,64,0.02,59,0.7038736107570355,0.7635239167533944,0.00038357388333003836
93,64,0.02,60,0.7524118816158685,0.8025726737235931,0.0003364719806030699
93,64,0.02,61,0.803910036049349,0.8434465951993168,0.0002710083474101714
93,64,0.02,62,0.8652891087271253,0.8932016606215487,0.00022582081076880686
93,64,0.02,63,0.9843645848905455,0.9999894195713477,2.5253011521332276e-05
93,64,0.03,1,0.015625000000000003,1.0000000000000002,0.0
93,64,0.03,2,0.025563390700363176,0.8180285024116216,0.00031617309427447803
93,64,0.03,3,0.033330666670768935,0.7110542223097374,0.00037148825609495097
93,64,0.03,4,0.040064494004787184,0.6410319040765949,0.0003934760794146308
93,64,0.03,5,0.04626617879603681,0.5922070885892712,0.00040414094041147074
93,64,0.03,6,0.052132894614498784,0.5560842092213203,0.0004096616932743108
93,64,0.03,7,0.05780604436578352,0.5285124056300208,0.0004123668850882554
93,64,0.03,8,0.0633546212893748,0.5068369703149984,0.00041411591951416197
93,64,0.03,9,0.06886694985170541,0.489720532278794,0.0004157478193707792
93,64,0.03,10,0.07435002299614756,0.4758401471753444,0.0004165103914301164
93,64,0.03,11,0.07985200892956185,0.4645935064992689,0.0004173451859407359
93,64,0.03,12,0.08537113326549438,0.45531271074930335,0.00041832069653795537
93,64,0.03,13,0.0909405039761509,0.44770709649797363,0.00041924784178348507
93,64,0.03,14,0.09658747775709321,0.4415427554609975,0.00042042568853032324
93,64,0.03,15,0.10231291549553868,0.4365351061142984,0.00042116489375274035
93,64,0.03,16,0.10815198622267891,0.43260794489071563,0.00042234309159014513
93,64,0.03,17,0.11411182868024737,0.4295974726785783,0.0004237384902232252
93,64,0.03,18,0.12018255346779952,0.42731574566328717,0.00042531890732062835
93,64,0.03,19,0.12639171405323144,0.4257405104950954,0.0004267663172394753
93,64,0.03,20,0.13272355201386124,0.42471536644435604,0.0004284803259466615
93,64,0.03,21,0.13923815549988644,0.42434485485679685,0.0004301332232941101
93,64,0.03,22,0.14592222977801617,0.42450103208150153,0.00043194937205478276
93,64,0.03,23,0.15280233727968867,0.425189112430438,0.0004339187842363268
93,64,0.03,24,0.15982824760880454,0.4262086602901455,0.0004358839214081646
93,64,0.03,25,0.16708665263253059,0.42774183073927835,0.0004378901861689029
93,64,0.03,26,0.17454768897424622,0.42965584978276,0.00043983302378718185
93,64,0.03,27,0.18223299810040586,0.431959699200962,0.0004418901429375057
93,64,0.03,28,0.19016440788178263,0.4346615037297888,0.0004439317032876882
93,64,0.03,29,0.19835826386786987,0.43775616853598864,0.0004461809983151342
93,64,0.03,30,0.20685417629550687,0.44128890943041466,0.00044846177678789734
93,64,0.03,31,0.21563888471841902,0.44518995554770374,0.0004506115648447454
93,64,0.03,32,0.2247432183883548,0.4494864367767096,0.00045263057143176826
93,64,0.03,33,0.23418296796093094,0.4541730287727145,0.0004546638868655946
93,64,0.03,34,0.24398319699531099,0.4592624884617618,0.00045670439129391214
93,64,0.03,35,0.2541816156857929,0.4647892401111641,0.00045860220242190103
93,64,0.03,36,0.2647862687022793,0.4707311443596076,0.0004605952167530098
93,64,0.03,37,0.2758111474825341,0.47707874159141034,0.00046218933624220574
93,64,0.03,38,0.2873165065686214,0.48390148474715183,0.00046356290896573004
93,64,0.03,39,0.2993053820552252,0.49116780644960034,0.00046505061035211537
93,64,0.03,40,0.31184549681490314,0.49895279490384503,0.000466265834729365
93,64,0.03,41,0.32495327839505467,0.5072441418849635,0.00046716519513762613
93,64,0.03,42,0.3386835713236856,0.5160892515408543,0.00046782201875344564
93,64,0.03,43,0.3531010289507306,0.5255457175080641,0.0004681253125791246
93,64,0.03,44,0.3682402266745625,0.5356221478902727,0.0004678613548028099
93,64,0.03,45,0.3841498952271471,0.546346517656387,0.00046711693294417553
93,64,0.03,46,0.40092374228750577,0.5578069457913123,0.00046587899217607803
93,64,0.03,47,0.4186048994687991,0.5700151822553859,0.00046390190866935527
93,64,0.03,48,0.43727724560019776,0.5830363274669303,0.0004610954960888381
93,64,0.03,49,0.4570275169194409,0.5969338996498819,0.0004572009331073448
93,64,0.03,50,0.47796911780611573,0.6118004707918282,0.00045222273087810127
93,64,0.03,51,0.5002399790824451,0.6277521306132645,0.0004457665229009807
93,64,0.03,52,0.5239213343053473,0.6448262576065813,0.0004378772609613569
93,64,0.03,53,0.5491871298723975,0.6631693643742159,0.00042767101678943564
93,64,0.03,54,0.5761846055795639,0.6828854584646683,0.00041526966584409114
93,64,0.03,55,0.6051180145940752,0.7041373260731056,0.00040041017755512877
93,64,0.03,56,0.636282330762141,0.727179806585304,0.0003825275280101596
93,64,0.03,57,0.6698482805369373,0.7521103500765614,0.0003591473714033708
93,64,0.03,58,0.7059000671962646,0.7789242120786368,0.0003322520537849013
93,64,0.03,59,0.7456598757869884,0.8088513906841909,0.00030428493721345007
93,64,0.03,60,0.7895456446871245,0.8421820209995995,0.00025675959423151985
93,64,0.03,61,0.8340925241743208,0.8751134679861726,0.0002072571268968529
93,64,0.03,62,0.8892630137517609,0.9179489174211724,0.00016679264329467596
93,64,0.03,63,0.9843921405342946,1.0000174126062675,2.0474664729718275e-05
93,64,0.04,1,0.015625000000000007,1.0000000000000004,1.464131168244086e-18
93,64,0.04,2,0.026106844882589467,0.835419036242863,0.000302251191347654
93,64,0.04,3,0.03450763494880198,0.7361628789077757,0.00035905401598623494
93,64,0.04,4,0.041898058927706566,0.6703689428433051,0.00038229545043661075
93,64,0.04,5,0.04877039945141469,0.624261112978108,0.0003952787757574721
93,64,0.04,6,0.05532066960574684,0.5900871424612997,0.00040236101470285526
93,64,0.04,7,0.06168065934998691,0.563937456914166,0.00040606408600557786
93,64,0.04,8,0.06791987828720986,0.5433590262976788,0.0004087160716928377
93,64,0.04,9,0.07412295697120773,0.5270965829063661,0.00041079985917369367
93,64,0.04,10,0.08030454996078756,0.5139491197490405,0.0004119398178476685
93,64,0.04,11,0.0865100364111797,0.5033311209377728,0.0004131425650803464
93,64,0.04,12,0.09275082257130837,0.4946710537136447,0.000414468482364923
93,64,0.04,13,0.09904300783491127,0.4875963462641786,0.00041555217250422496
93,64,0.04,14,0.10542935779166458,0.48196277847618085,0.0004166550998153464
93,64,0.04,15,0.11189527024289919,0.47741981970303654,0.00041755986386830677
93,64,0.04,16,0.11848849543007164,0.4739539817202866,0.00041889987913712847
93,64,0.04,17,0.12519276788551,0.471313949686626,0.0004202153304469413
93,64,0.04,18,0.13202604820527877,0.46942594917432456,0.0004214924984214285
93,64,0.04,19,0.13899742946051843,0.46820186765648314,0.00042258826977451826
93,64,0.04,20,0.14610357730352452,0.46753144737127855,0.0004238379172290593
93,64,0.04,21,0.15340785030333048,0.46752868663872144,0.00042494078732317785
93,64,0.04,22,0.1608812662586757,0.4680182291161474,0.0004261284019773283
93,64,0.04,23,0.16857024225240758,0.46906502191974286,0.00042735020962985867
93,64,0.04,24,0.17639767991224298,0.4703938130993146,0.00042859463929577964
93,64,0.04,25,0.1844764216416547,0.4722596394026361,0.0004299506889841885
93,64,0.04,26,0.1927656584040538,0.4745000822253632,0.00043124567710260594
93,64,0.04,27,0.20129267982002527,0.4771382040178378,0.00043251028030198674
93,64,0.04,28,0.21007024616935002,0.48016056267280005,0.0004336872324300885
93,64,0.04,29,0.21912175405014256,0.4835790434210043,0.00043497263475551583
93,64,0.04,30,0.22847552029215926,0.4874144432899397,0.0004362762008821092
93,64,0.04,31,0.2381099007010523,0.4915817304795919,0.0004373052878487724
93,64,0.04,32,0.24807763781553907,0.49615527563107814,0.0004382203830258105
93,64,0.04,33,0.25838841523813155,0.5011169265224369,0.00043914233319526473
93,64,0.04,34,0.26905834746704677,0.5064627717026763,0.000439966525135157
93,64,0.04,35,0.2801282591905555,0.5122345310913016,0.00044060326633739254
93,64,0.04,36,0.2916042925740395,0.5184076312427369,0.00044122116553584805
93,64,0.04,37,0.3034964389373945,0.5249668132971148,0.0004414905339754014
93,64,0.04,38,0.31585488384277605,0.5319661201562544,0.0004413935555726246
93,64,0.04,39,0.3286966349742121,0.5393996061115275,0.0004411305512239415
93,64,0.04,40,0.34206911489759007,0.5473105838361442,0.00044059966743503895
93,64,0.04,41,0.3559871379915394,0.5556872397916712,0.0004397679137236575
93,64,0.04,42,0.3705119343738513,0.5645896142839639,0.0004386531725371248
93,64,0.04,43,0.3856880254525996,0.5740472936968924,0.00043713506610895523
93,64,0.04,44,0.40155115577676365,0.5840744084025652,0.00043496157221051745
93,64,0.04,45,0.4181436268573066,0.5946931581970583,0.0004322464998833483
93,64,0.04,46,0.4355329388257659,0.6059588714097613,0.00042896529041308107
93,64,0.04,47,0.4537597773402232,0.6178856542505168,0.00042484611984377866
93,64,0.04,48,0.4728976850562673,0.6305302467416898,0.0004198823545371012
93,64,0.04,49,0.4930234901521664,0.6439490483620133,0.0004138413512421731
93,64,0.04,50,0.5142314154459849,0.6582162117708608,0.0004067629297414137
93,64,0.04,51,0.5366147513089924,0.6733989036034415,0.00039821180485872577
93,64,0.04,52,0.5602502307400858,0.6895387455262596,0.00038826128005619497
93,64,0.04,53,0.5852823363561885,0.706756028807473,0.00037630173054112
93,64,0.04,54,0.6117921769884133,0.7250870245788603,0.00036223015148793326
93,64,0.04,55,0.6399344905504047,0.7446510435495621,0.0003464378452203043
93,64,0.04,56,0.6700358844354446,0.765755296497651,0.00032776045825547536
93,64,0.04,57,0.7020140951957596,0.788226352500502,0.00030384545010452555
93,64,0.04,58,0.7359629750430791,0.8120970759096046,0.0002792051357272224
93,64,0.04,59,0.7733986519988835,0.8389409106428566,0.0002527166796935584
93,64,0.04,60,0.8134255950850444,0.8676539680907139,0.00020738528401771067
93,64,0.04,61,0.8535394851587628,0.8955168368878824,0.00016979521529443862
93,64,0.04,62,0.9042160784638714,0.9333843390594802,0.00013121477134816936
93,64,0.04,63,0.9843880837678125,1.0000132914466666,1.7648790622073992e-05
93,64,0.05,1,0.015624999999999997,0.9999999999999998,7.953305111449355e-19
93,64,0.05,2,0.026558022437484185,0.8498567179994939,0.0002906266182604624
93,64,0.05,3,0.035491906128877204,0.7571606640827138,0.00034835121990981253
93,64,0.05,4,0.04345506687073059,0.6952810699316895,0.00037310339816917787
93,64,0.05,5,0.05090483198840745,0.6515818494516153,0.0003868877562497302
93,64,0.05,6,0.05803770329132504,0.6190688351074671,0.0003949691047930435
93,64,0.05,7,0.0649866397907353,0.5941635638010084,0.0003999831362621056
93,64,0.05,8,0.07181611264340212,0.574528901147217,0.00040298065247293283
93,64,0.05,9,0.07861144859315897,0.5590147455513526,0.0004054056989329872
93,64,0.05,10,0.08539484851240742,0.5465270304794074,0.00040695674968682806
93,64,0.05,11,0.09220696167241726,0.5364768679122458,0.0004083250666887179
93,64,0.05,12,0.09906088169219522,0.5283247023583745,0.0004098256240513199
93,64,0.05,13,0.10597385004434541,0.5217174156029313,0.00041076848519971964
93,64,0.05,14,0.1129803720077842,0.5164817006070135,0.00041168634868454334
93,64,0.05,15,0.12007121472231244,0.5123038494818664,0.0004125233291917919
93,64,0.05,16,0.12729853969588192,0.5091941587835277,0.00041359300128245713
93,64,0.05,17,0.13464777402287834,0.5069092669096595,0.0004145566583933238
93,64,0.05,18,0.14211699505887343,0.5053048713204389,0.00041543035356285906
93,64,0.05,19,0.14973509922653921,0.5043708605525532,0.0004161257225340208
93,64,0.05,20,0.1574999725894033,0.5039999122860905,0.0004170506421847888
93,64,0.05,21,0.16546385959526974,0.5042708101951078,0.00041766679349885123
93,64,0.05,22,0.1736060249126993,0.5050357088369434,0.00041843081988573923
93,64,0.05,23,0.1819570016084329,0.5063151349104219,0.00041919859304299353
93,64,0.05,24,0.19046645958917152,0.5079105589044574,0.0004200119594842018
93,64,0.05,25,0.1992273200007283,0.5100219392018644,0.00042090520659758784
93,64,0.05,26,0.20819421437778815,0.5124780661607092,0.0004215213155029448
93,64,0.05,27,0.2174035375220182,0.515326903755895,0.00042233501693583894
93,64,0.05,28,0.2268693638440098,0.5185585459291653,0.0004228063579739069
93,64,0.05,29,0.23660751388556675,0.5221683065060784,0.0004233764283918227
93,64,0.05,30,0.24665166295759508,0.5261902143095362,0.00042390716885704505
93,64,0.05,31,0.2569834293817995,0.5305464348527474,0.00042413566385612455
93,64,0.05,32,0.2676323410373465,0.535264682074693,0.00042420727862105533
93,64,0.05,33,0.2786201379553886,0.5403542069437839,0.00042412202128172885
93,64,0.05,34,0.2899763430197984,0.5458378221549147,0.0004239028241683986
93,64,0.05,35,0.30170690129419603,0.5516926195093871,0.00042349327660694735
93,64,0.05,36,0.3138413171350107,0.5579401193511301,0.00042305854268098357
93,64,0.05,37,0.3263910861076151,0.5645683651591179,0.00042223343883128885
93,64,0.05,38,0.33939084110290896,0.5716056271206889,0.00042099162504339834
93,64,0.05,39,0.35286155114880574,0.5790548531672709,0.0004196904530865606
93,64,0.05,40,0.36683456431307593,0.5869353029009216,0.00041798004030995826
93,64,0.05,41,0.3813326087883425,0.5952509015232663,0.00041588841510051933
93,64,0.05,42,0.39639727797976354,0.6040339473977349,0.00041339519166638464
93,64,0.05,43,0.4120894396996286,0.613342421878517,0.0004104476665492001
93,64,0.05,44,0.4284316268378645,0.6231732754005301,0.00040686545172040047
93,64,0.05,45,0.4454476889452952,0.633525602055531,0.0004027568497953923
93,64,0.05,46,0.46320184813918563,0.6444547452371279,0.00039803367505040214
93,64,0.05,47,0.481747639695036,0.6559967859677086,0.0003925007555677247
93,64,0.05,48,0.5011195799627659,0.6681594399503545,0.00038617199325528654
93,64,0.05,49,0.5213901965228543,0.680999440356381,0.0003787083965534372
93,64,0.05,50,0.5426310318134918,0.6945677207212695,0.00037028090211433735
93,64,0.05,51,0.5649307899405931,0.7089327560038814,0.0003605895110468223
93,64,0.05,52,0.5883441724973261,0.7241159046120937,0.00034962764199738145
93,64,0.05,53,0.6130011772653575,0.7402278366977902,0.0003367011441127934
93,64,0.05,54,0.638913876398621,0.7572312609168842,0.0003220314536774023
93,64,0.05,55,0.6662887251704522,0.7753177892892535,0.00030616866981365723
93,64,0.05,56,0.6953485860314519,0.7946840983216593,0.00028728713105293966
93,64,0.05,57,0.7258741197305291,0.8150165554869099,0.000263857005678049
93,64,0.05,58,0.758114989435344,0.8365406779976211,0.00024189005666464764
93,64,0.05,59,0.7936375261141106,0.8608949435814081,0.00021604925051472423
93,64,0.05,60,0.8304692847211144,0.885833903702522,0.0001741233357355104
93,64,0.05,61,0.8675430359709985,0.9102090869203918,0.00014446311049029197
93,64,0.05,62,0.9145546251064629,0.9440563872066713,0.00010758570110997392
93,64,0.05,63,0.9843844339417244,1.000009583686831,1.5702364683564715e-05
93,64,0.06,1,0.015625000000000003,1.0000000000000002,0.0
93,64,0.06,2,0.02693373364425609,0.8618794766161949,0.0002808795813173102
93,64,0.06,3,0.03632943824495485,0.7750280158923701,0.00033916259870263337
93,64,0.06,4,0.0447821566662906,0.7165145066606496,0.000364713295617545
93,64,0.06,5,0.0527311580969429,0.6749588236408691,0.000378851852912284
93,64,0.06,6,0.06037209654728622,0.6439690298377199,0.0003882260738786951
93,64,0.06,7,0.06783614304441246,0.6202161649774854,0.00039371935145971946
93,64,0.06,8,0.07518308199426184,0.6014646559540947,0.000397423195442079
93,64,0.06,9,0.08249786590469485,0.58665149087783,0.0004001269667169932
93,64,0.06,10,0.08980222696194119,0.5747342525564237,0.00040181608305512223
93,64,0.06,11,0.09714590005659611,0.5652125094201956,0.0004034926471308407
93,64,0.06,12,0.10453855676004467,0.5575389693869051,0.0004050208228141958
93,64,0.06,13,0.11198532062905935,0.5513123477122922,0.0004058774073352073
93,64,0.06,14,0.11953307183577172,0.5464368998206708,0.0004066359885743772
93,64,0.06,15,0.12716873906435328,0.5425866200079075,0.000407466583339778
93,64,0.06,16,0.13494734801504019,0.5397893920601607,0.0004083297299419539
93,64,0.06,17,0.14285168343597146,0.5377945729354219,0.0004090898206091865
93,64,0.06,18,0.150871651238069,0.5364325377353564,0.00040963744572458373
93,64,0.06,19,0.1590471505063778,0.5357377701267463,0.00041013389226715054
93,64,0.06,20,0.16737779987647125,0.5356089596047081,0.0004105970550307863
93,64,0.06,21,0.17590037221716012,0.5360773248522975,0.00041090165927333035
93,64,0.06,22,0.18460632805609914,0.5370365907086521,0.0004112475946585413
93,64,0.06,23,0.19351929401925716,0.5384884703144548,0.0004116152992148071
93,64,0.06,24,0.2026062009746361,0.5402832025990297,0.00041202371108800794
93,64,0.06,25,0.21192920151523065,0.5425387558789905,0.0004122469436582732
93,64,0.06,26,0.2214697307149874,0.5451562602215075,0.000412326844043915
93,64,0.06,27,0.231244875675135,0.54813600160032,0.0004123950544116396
93,64,0.06,28,0.24128697398166138,0.5515130833866547,0.00041231492793459716
93,64,0.06,29,0.2515955972055284,0.5552454559018557,0.0004122234359572588
93,64,0.06,30,0.2622001211235031,0.5593602583968067,0.00041212234408379754
93,64,0.06,31,0.27309891248951257,0.5638171096557678,0.0004116768488273878
93,64,0.06,32,0.28430299674260584,0.5686059934852117,0.00041103020772860043
93,64,0.06,33,0.2958446587912974,0.5737593382619102,0.0004102528045906496
93,64,0.06,34,0.30774168588760686,0.5792784675531423,0.00040926687350148705
93,64,0.06,35,0.32000496392708083,0.5851519340380907,0.00040796621129701635
93,64,0.06,36,0.33265479038131224,0.5913862940112217,0.0004066209243031689
93,64,0.06,37,0.34571066578358445,0.5979860164905244,0.00040494418342929803
93,64,0.06,38,0.3591918194063262,0.6049546432106547,0.00040277407385396147
93,64,0.06,39,0.3731400154693909,0.6123323330779747,0.00040060159350125167
93,64,0.06,40,0.38756664864792895,0.6201066378366864,0.0003978915152729889
93,64,0.06,41,0.40248284093554104,0.6282658980457226,0.0003947985386686836
93,64,0.06,42,0.41794313052299337,0.6368657227017043,0.00039134584132524285
93,64,0.06,43,0.4339981172790811,0.6459506861828184,0.0003873941843532461
93,64,0.06,44,0.450662600506973,0.6555092371010517,0.00038282152128798135
93,64,0.06,45,0.4679517267084475,0.6655313446520142,0.00037769049476909014
93,64,0.06,46,0.48592710452823146,0.6760724932566698,0.0003719917655066616
93,64,0.06,47,0.5046321675925942,0.6871586962962986,0.00036549257411862734
93,64,0.06,48,0.5240923327829954,0.6987897770439938,0.00035825296608617063
93,64,0.06,49,0.5443871961328245,0.7110363378061382,0.0003499658077735876
93,64,0.06,50,0.5655532622215196,0.723908175643545,0.00034068653086293855
93,64,0.06,51,0.5876802328200674,0.7374810764800847,0.000330385214011461
93,64,0.06,52,0.6108095837190433,0.751765641500361,0.0003188816845688567
93,64,0.06,53,0.6350363977231255,0.7668364047977364,0.00030548499152065927
93,64,0.06,54,0.6603679954847872,0.7826583650190071,0.0002907362881835056
93,64,0.06,55,0.6870032729892974,0.799421990387546,0.0002752199602027835
93,64,0.06,56,0.7151172517392786,0.8172768591306042,0.00025627068791288883
93,64,0.06,57,0.7443546710402705,0.835766648185567,0.00023392809523346307
93,64,0.06,58,0.7752086863087478,0.8554026883406872,0.00021428481980044603
93,64,0.06,59,0.8090774871119334,0.8776433758502328,0.00018862555289465542
93,64,0.06,60,0.8432731105531389,0.8994913179233482,0.00015094561050061145
93,64,0.06,61,0.8781903168817298,0.9213800045972247,0.00012602013130734566
93,64,0.06,62,0.9221199111669922,0.9518657147530242,9.118498147890404e-05
93,64,0.06,63,0.9843782690064646,1.0000033208954562,1.4309944494953559e-05
93,64,0.07,1,0.015624999999999998,0.9999999999999999,5.887511576007966e-19
93,64,0.07,2,0.027262611965711215,0.8724035829027589,0.0002709904976264813
93,64,0.07,3,0.03706114700469319,0.7906378027667881,0.00032981910809591294
93,64,0.07,4,0.045945507408433235,0.7351281185349318,0.0003565898559789704
93,64,0.07,5,0.054334734661170815,0.6954846036629865,0.000370877711623051
93,64,0.07,6,0.06243053203682783,0.6659256750594968,0.0003808543549659035
93,64,0.07,7,0.07035912541189579,0.643283432337333,0.00038677762683325077
93,64,0.07,8,0.07816832987036203,0.6253466389628962,0.00039086901894417404
93,64,0.07,9,0.08594455937662193,0.6111613111226448,0.0003938945236647947
93,64,0.07,10,0.0937161418252301,0.5997833076814727,0.00039601221787815893
93,64,0.07,11,0.10152915923138152,0.5907151082553107,0.0003977138188264689
93,64,0.07,12,0.1093963550385956,0.5834472268725099,0.0003993578127310199
93,64,0.07,13,0.11732357991887307,0.5775930088313752,0.0004002318543338815
93,64,0.07,14,0.12534922984017235,0.5730250506979309,0.00040096277454130413
93,64,0.07,15,0.13346665169113403,0.5694577138821719,0.00040179200625214007
93,64,0.07,16,0.1417292522306396,0.5669170089225584,0.00040246868215346654
93,64,0.07,17,0.15010696063759896,0.5651085576944902,0.00040293586537872115
93,64,0.07,18,0.15861029564387794,0.5639477178448994,0.00040320382670879396
93,64,0.07,19,0.16727131587980013,0.5634402219109057,0.0004033876667332589
93,64,0.07,20,0.17609286598523774,0.5634971711527609,0.00040365146880553496
93,64,0.07,21,0.1851023643617524,0.5641214913881978,0.00040348460982183297
93,64,0.07,22,0.19429625757425717,0.5652254765796573,0.0004033303102493005
93,64,0.07,23,0.20369286563880537,0.5667975391688497,0.00040337603549029494
93,64,0.07,24,0.21326911657782874,0.5687176442075434,0.0004033387818544718
93,64,0.07,25,0.22307808087462522,0.5710798870390406,0.0004030422409844519
93,64,0.07,26,0.23310729314022888,0.5738025677297942,0.00040269829197210215
93,64,0.07,27,0.24337078885348076,0.5768789069119544,0.0004023025625326596
93,64,0.07,28,0.2538946466428576,0.5803306208979604,0.00040180823037029134
93,64,0.07,29,0.2646805245091345,0.5841225368477452,0.0004011636435868983
93,64,0.07,30,0.27575738189132154,0.5882824147014859,0.0004005037974705565
93,64,0.07,31,0.28711886559287464,0.5927615289659347,0.00039951182468703586
93,64,0.07,32,0.2987831158157643,0.5975662316315286,0.00039821972910284353
93,64,0.07,33,0.31077170574992924,0.6027087626665295,0.00039686147203528703
93,64,0.07,34,0.3231117947102438,0.6082104371016355,0.00039524228309884013
93,64,0.07,35,0.335813244400202,0.6140585040460835,0.00039325926954784604
93,64,0.07,36,0.34887644569236426,0.620224792341981,0.000391236377112298
93,64,0.07,37,0.3623341882577004,0.6267402175268333,0.0003888545391327754
93,64,0.07,38,0.37620768915630254,0.6336129501579832,0.0003860104301953437
93,64,0.07,39,0.3905231216660988,0.6408584560674443,0.00038311180361147673
93,64,0.07,40,0.40529223759331034,0.6484675801492965,0.0003796878300021805
93,64,0.07,41,0.4205288595336227,0.6564352929305329,0.0003759205079572506
93,64,0.07,42,0.436284398454272,0.6648143214541289,0.0003717130052670423
93,64,0.07,43,0.4525952594059454,0.6736301535344306,0.00036709732532144896
93,64,0.07,44,0.46947538267757877,0.6828732838946601,0.00036183116603750884
93,64,0.07,45,0.48693797079071166,0.6925340029023455,0.0003559919041983224
93,64,0.07,46,0.505048200933419,0.702675757820409,0.0003495985320828846
93,64,0.07,47,0.5238233566064224,0.7132913792087455,0.0003424438639523923
93,64,0.07,48,0.5433042004614526,0.7244056006152703,0.00033455964605145713
93,64,0.07,49,0.5635433535221306,0.7360566250084972,0.0003257661802423081
93,64,0.07,50,0.5845697302150227,0.7482492546752291,0.00031598228726324593
93,64,0.07,51,0.6064685567007977,0.7610585809578637,0.00030538189788901295
93,64,0.07,52,0.6292900169685068,0.7745107901150854,0.0002936658231261989
93,64,0.07,53,0.6530808471318661,0.7886259286120648,0.0002801033487635025
93,64,0.07,54,0.677849241352146,0.8033768786395805,0.0002656056659236682
93,64,0.07,55,0.7038186522947535,0.8189889772157131,0.0002505295656116734
93,64,0.07,56,0.7310675028661773,0.8355057175613456,0.0002316527704374558
93,64,0.07,57,0.7591705948763054,0.8524020714400625,0.0002106682192738172
93,64,0.07,58,0.7888872816760707,0.8704963108149747,0.00019277693130718754
93,64,0.07,59,0.8213337653607446,0.8909383217472485,0.0001673571332656432
93,64,0.07,60,0.8533703254556113,0.9102616804859853,0.00013362751741464828
93,64,0.07,61,0.8865912404035301,0.9301940882922284,0.00011180449412363051
93,64,0.07,62,0.9279170113077752,0.9578498181241549,7.920272647124276e-05
93,64,0.07,63,0.9843735856572453,0.9999985632073602,1.322555956356256e-05
93,64,0.08,1,0.015625000000000003,1.0000000000000002,1.0483902192365057e-18
93,64,0.08,2,0.027553102482077086,0.8816992794264668,0.00026252694582621413
93,64,0.08,3,0.03771657894454693,0.804620350817001,0.00032166143809723747
93,64,0.08,4,0.04698597221653098,0.7517755554644957,0.00034902694643432035
93,64,0.08,5,0.055779609124764616,0.713978996796987,0.0003638907607498594
93,64,0.08,6,0.06428562031971344,0.6857132834102767,0.00037410934557312835
93,64,0.08,7,0.0726301437646355,0.6640470287052389,0.0003804984558933787
93,64,0.08,8,0.08086076267324802,0.6468861013859841,0.00038512288737394137
93,64,0.08,9,0.08905798362711972,0.6333012169039625,0.00038828818634127003
93,64,0.08,10,0.09725419817004084,0.6224268682882613,0.0003903174679084176
93,64,0.08,11,0.1054946227789219,0.6137868961682729,0.00039196185550085
93,64,0.08,12,0.11379365836698276,0.6068995112905746,0.0003936314221298754
93,64,0.08,13,0.1221447811731454,0.6013281534677927,0.00039443112164134765
93,64,0.08,14,0.13060528771980337,0.5970527438619582,0.0003951058730806803
93,64,0.08,15,0.13915319375002255,0.5937202933334296,0.00039584779595412575
93,64,0.08,16,0.1478454881750398,0.5913819527001593,0.0003962005211023027
93,64,0.08,17,0.15666129853599842,0.5897837121355234,0.0003965631593858524
93,64,0.08,18,0.16560285950155906,0.5888101671166543,0.00039672556423011603
93,64,0.08,19,0.17469433668269815,0.5884440814575096,0.00039653772978832187
93,64,0.08,20,0.18395346895157663,0.5886511006450452,0.0003964637317773027
93,64,0.08,21,0.19339290096229003,0.5893878886469791,0.00039596167258896365
93,64,0.08,22,0.20302240735119295,0.5906106395671067,0.0003955655955580238
93,64,0.08,23,0.2128485902341497,0.5922743380428512,0.00039519494150917626
93,64,0.08,24,0.22284984299854982,0.5942662479961328,0.0003947687220961122
93,64,0.08,25,0.23308749439560622,0.596703985652752,0.00039419709648269005
93,64,0.08,26,0.243541167980261,0.5994859519514115,0.0003934445981665139
93,64,0.08,27,0.2542246949143257,0.6026066842413645,0.0003925824201931172
93,64,0.08,28,0.2651638218810886,0.6060887357282025,0.00039167713778473246
93,64,0.08,29,0.27635524221674734,0.6098874310990287,0.00039055061329350824
93,64,0.08,30,0.2878419675082281,0.6140628640175534,0.0003893653259510094
93,64,0.08,31,0.2996026621166775,0.6185345282408826,0.0003878435563896737
93,64,0.08,32,0.31165436642182553,0.6233087328436511,0.0003860162637694598
93,64,0.08,33,0.3240195744832025,0.6284015989977261,0.00038411889561352326
93,64,0.08,34,0.33672363795875243,0.6338327302752986,0.00038195309044889363
93,64,0.08,35,0.3497869025388171,0.6396103360709798,0.0003794092266082416
93,64,0.08,36,0.36319402338765044,0.6456782638002674,0.00037677908471431357
93,64,0.08,37,0.3769755340050738,0.6520657885493167,0.0003738295145843871
93,64,0.08,38,0.39116357992340106,0.6588018188183596,0.00037051500814645717
93,64,0.08,39,0.40576283391216783,0.6658672146250959,0.00036697387150830165
93,64,0.08,40,0.4208000427219243,0.6732800683550788,0.0003629646951635219
93,64,0.08,41,0.4362860483142692,0.6810318802954445,0.0003586198532378991
93,64,0.08,42,0.45225427911134136,0.6891493776934725,0.0003537873561376656
93,64,0.08,43,0.46875270671557046,0.69767844720457,0.0003485980732578819
93,64,0.08,44,0.48577878321195594,0.7065873210355722,0.00034283793752405093
93,64,0.08,45,0.5033506896963291,0.7158765364570014,0.00033648533231235057
93,64,0.08,46,0.5215293386337325,0.7256060363599754,0.00032960788160640923
93,64,0.08,47,0.540320829004421,0.7357560224741052,0.00032199055046591333
93,64,0.08,48,0.559758957728858,0.7463452769718105,0.0003137442847622188
93,64,0.08,49,0.5799072631399994,0.7574298947134687,0.00030466158913114194
93,64,0.08,50,0.6007678476602292,0.7689828450050933,0.00029465299858748057
93,64,0.08,51,0.6224187624777967,0.781074525462333,0.0002839379223508774
93,64,0.08,52,0.6449178325081327,0.793745024625394,0.000272140009812753
93,64,0.08,53,0.6682858417931653,0.8069866768823127,0.00025858492756996107
93,64,0.08,54,0.6925125645469133,0.820755632055601,0.00024451298698196697
93,64,0.08,55,0.7178657914155478,0.8353347391017283,0.0002298454590088028
93,64,0.08,56,0.7443187770869653,0.8506500309565317,0.000211227858444642
93,64,0.08,57,0.7714333013570995,0.8661707243307784,0.00019178283769813125
93,64,0.08,58,0.8001862387618774,0.8829641255303475,0.00017510481637342633
93,64,0.08,59,0.83129101805449,0.9017394094150402,0.00015004333608539995
93,64,0.08,60,0.8615736356659792,0.9190118780437112,0.00012032735404914756
93,64,0.08,61,0.8934517695944085,0.9373920205580679,0.00010034283991482055
93,64,0.08,62,0.9325499035160576,0.9626321584681884,6.986517719640322e-05
93,64,0.08,63,0.9843756013730437,1.0000006109186477,1.2336914733109166e-05
93,64,0.09,1,0.015624999999999998,0.9999999999999999,9.479697001525494e-19
93,64,0.09,2,0.02780743145939662,0.8898378067006918,0.0002541200449863898
93,64,0.09,3,0.03829292337338641,0.8169156986322433,0.00031303597650331633
93,64,0.09,4,0.04791395036523333,0.7666232058437333,0.0003416655145907947
93,64,0.09,5,0.05707552598527857,0.7305667326115657,0.00035713147138652384
93,64,0.09,6,0.06595528684478458,0.703523059677702,0.0003674330396465052
93,64,0.09,7,0.07467076627463631,0.6827041487966748,0.0003738301012090961
93,64,0.09,8,0.08327828410310609,0.6662262728248487,0.0003787136167001204
93,64,0.09,9,0.09185466447093843,0.6531887251266734,0.0003818796802294513
93,64,0.09,10,0.10043543289741591,0.6427867705434619,0.00038406915810842285
93,64,0.09,11,0.10906209900035728,0.6345431214566242,0.00038572551112842074
93,64,0.09,12,0.11774550854779321,0.6279760455882304,0.00038723800634080715
93,64,0.09,13,0.12648851626111002,0.6227126954393108,0.0003879431612597049
93,64,0.09,14,0.13533849626159924,0.6186902686244536,0.0003884773802556062
93,64,0.09,15,0.14427852033186392,0.6155883534159529,0.00038922664069812216
93,64,0.09,16,0.15335761572164472,0.6134304628865789,0.00038952450281682044
93,64,0.09,17,0.1625650642642573,0.6120096537007333,0.00038968344374780504
93,64,0.09,18,0.1718958996088722,0.6111854208315456,0.0003896685041077055
93,64,0.09,19,0.18137857713191063,0.6109594177074885,0.00038933659992540113
93,64,0.09,20,0.19102484572488618,0.6112795063196358,0.00038904194567892944
93,64,0.09,21,0.20085154896915863,0.6121190063821978,0.0003882185622786606
93,64,0.09,22,0.2108631510374368,0.6134200757452707,0.00038756906961387493
93,64,0.09,23,0.2210710972109356,0.6151543574565165,0.00038688436850727904
93,64,0.09,24,0.2314519087339975,0.6172050899573267,0.0003861140263729122
93,64,0.09,25,0.2420603088980286,0.6196743907789534,0.0003852039134953571
93,64,0.09,26,0.25287907606295956,0.6224715718472851,0.0003840893812297545
93,64,0.09,27,0.2639388415147112,0.6256328095163525,0.0003828253390472726
93,64,0.09,28,0.2752458881050575,0.6291334585258458,0.0003814592271833891
93,64,0.09,29,0.28679289759861637,0.6329222567693603,0.0003798748127787186
93,64,0.09,30,0.298628563560747,0.6370742689295937,0.00037821265897439144
93,64,0.09,31,0.31072957961060405,0.6415062288735051,0.00037623287379625155
93,64,0.09,32,0.3231152082043973,0.6462304164087946,0.0003740428375498539
93,64,0.09,33,0.33580261936865324,0.6512535648361761,0.00037170903945161533
93,64,0.09,34,0.34881540123293125,0.6565936964384589,0.00036906244800045723
93,64,0.09,35,0.3621735469678438,0.6622602001697716,0.0003661513809726397
93,64,0.09,36,0.37586698761124093,0.6682079779755395,0.00036312091772619363
93,64,0.09,37,0.3899154645543893,0.6744483711211059,0.0003597295596708624
93,64,0.09,38,0.4043493283606766,0.6810093951337711,0.00035589057874441007
93,64,0.09,39,0.4191760331581744,0.6878786185159785,0.00035185370960954014
93,64,0.09,40,0.4344212735332657,0.6950740376532252,0.0003474404308235005
93,64,0.09,41,0.4500927923965685,0.7025838710580582,0.00034271353694701774
93,64,0.09,42,0.46621700314951636,0.7104259095611679,0.00033748179904989796
93,64,0.09,43,0.48284262058147714,0.7186494817956871,0.00033185668932353234
93,64,0.09,44,0.49996520301711384,0.7272221134794383,0.0003257117175473876
93,64,0.09,45,0.5176002541416628,0.7361425836681427,0.00031900613849369886
93,64,0.09,46,0.5357964211648162,0.745455890316266,0.0003118125410384084
93,64,0.09,47,0.5545663482391068,0.7551541763255921,0.0003039282389133683
93,64,0.09,48,0.5739362060351108,0.765248274713481,0.0002955110544465002
93,64,0.09,49,0.593962194102945,0.7757873555630304,0.00028621511307849094
93,64,0.09,50,0.6146414192339958,0.7867410166195148,0.000276085043751348
93,64,0.09,51,0.6360508908666037,0.7981815101071106,0.00026539524680676445
93,64,0.09,52,0.6582363680824346,0.8101370684091503,0.00025359030193692136
93,64,0.09,53,0.6811869347091088,0.8225653551204333,0.00024016038363482633
93,64,0.09,54,0.7049254668842018,0.8354672200109059,0.00022664255509282906
93,64,0.09,55,0.7297389447626348,0.8491507720874297,0.0002124101681776543
93,64,0.09,56,0.7554646697927702,0.8633881940488803,0.00019410264387497242
93,64,0.09,57,0.7817188168438294,0.8777193732983349,0.0001761075937853006
93,64,0.09,58,0.8096313441463351,0.8933863107821629,0.00016035045761503966
93,64,0.09,59,0.839546089510918,0.9106940631982843,0.0001359770044933844
93,64,0.09,60,0.8683975349724826,0.9262907039706484,0.00010955273748191634
93,64,0.09,61,0.8991243956992934,0.9433436282746684,9.093046388499013e-05
93,64,0.09,62,0.9363060067454434,0.9665094263178771,6.236114674458326e-05
93,64,0.09,63,0.9843762909364752,1.0000013114275306,1.1584520271777535e-05
93,64,0.1,1,0.015625,1.0,0.0
93,64,0.1,2,0.028036191275780286,0.8971581208249692,0.00024650441809710136
93,64,0.1,3,0.03881720082295857,0.8281002842231163,0.0003056980024430806
93,64,0.1,4,0.04875321040236382,0.7800513664378211,0.00033426891562970794
93,64,0.1,5,0.05824505016365409,0.7455366420947726,0.00035054456693080075
93,64,0.1,6,0.0674644341355048,0.719620630778718,0.00036122383677064033
93,64,0.1,7,0.07652301747183789,0.699639016885375,0.00036778314573913105
93,64,0.1,8,0.08547426728415757,0.6837941382732605,0.0003728687347405791
93,64,0.1,9,0.09439856274190431,0.6712786683868751,0.00037613951917747293
93,64,0.1,10,0.10332799869693421,0.6612991916603792,0.0003783097222627528
93,64,0.1,11,0.11230722716691338,0.6534238671529506,0.00037984005876438436
93,64,0.1,12,0.12134407417618873,0.64716839560634,0.00038128797436339624
93,64,0.1,13,0.13044137212566972,0.642172908926374,0.00038186867945688404
93,64,0.1,14,0.13963898554504495,0.6383496482059197,0.00038224507260865723
93,64,0.1,15,0.14893515518825975,0.6354566621365749,0.00038285892511274804
93,64,0.1,16,0.15836677367415988,0.6334670946966395,0.0003829902765104728
93,64,0.1,17,0.16791925314223038,0.6321666000648674,0.0003830360392295754
93,64,0.1,18,0.17760391159401562,0.6314805745565001,0.0003828006327211778
93,64,0.1,19,0.18743520514202014,0.6313606910046994,0.0003822360471553069
93,64,0.1,20,0.19743104617540083,0.6317793477612828,0.0003816248799557537
93,64,0.1,21,0.20759778110798704,0.632678951948151,0.0003806172742779779
93,64,0.1,22,0.21794618683640263,0.6340252707968076,0.00037967506420417957
93,64,0.1,23,0.22848766788985614,0.6357917715195998,0.0003786687678068263
93,64,0.1,24,0.23920278916179202,0.6378741044314455,0.00037762371020233363
93,64,0.1,25,0.25014789810192656,0.6403786191409321,0.0003764153261483866
93,64,0.1,26,0.26128900758659934,0.6431729417516292,0.0003750466118210866
93,64,0.1,27,0.2726753283954335,0.6463415191595462,0.00037349512602583696
93,64,0.1,28,0.28429587198919504,0.6498191359753028,0.00037176276911828906
93,64,0.1,29,0.2961585130550173,0.6535912012248658,0.00036983506763700786
93,64,0.1,30,0.30829699156665347,0.6577002486755273,0.0003678507361203138
93,64,0.1,31,0.3206880621600212,0.6620656767174632,0.0003655047298137025
93,64,0.1,32,0.3333614778668987,0.6667229557337974,0.00036306339693174675
93,64,0.1,33,0.34632523879846483,0.6716610691849014,0.0003603565312022199
93,64,0.1,34,0.3595935595966396,0.676881994534851,0.0003573342116641353
93,64,0.1,35,0.37320380873327946,0.6824298216837111,0.00035402708126056835
93,64,0.1,36,0.3871345184489313,0.6882391439092114,0.00035064670876213723
93,64,0.1,37,0.401412468553721,0.6943350807415716,0.00034687702993734795
93,64,0.1,38,0.41604996636282543,0.7007157328216008,0.0003427145643694597
93,64,0.1,39,0.43105962562319644,0.707379898458579,0.00033829310571637774
93,64,0.1,40,0.44647394705548543,0.7143583152887769,0.0003335264015345125
93,64,0.1,41,0.46229685393261305,0.7216341134557864,0.00032841851430981075
93,64,0.1,42,0.4785475501337499,0.7292153144895236,0.0003228679071223565
93,64,0.1,43,0.49526092549188716,0.7371325402669948,0.00031689700136282084
93,64,0.1,44,0.5124494840834994,0.7453810677578174,0.0003105161448921199
93,64,0.1,45,0.5301131798127443,0.7539387446225699,0.0003035716398986334
93,64,0.1,46,0.5483018904942112,0.762854804165859,0.0002961097365598988
93,64,0.1,47,0.5670281811709185,0.7721234807433784,0.0002880780892665998
93,64,0.1,48,0.586311805724887,0.7817490742998493,0.0002794930875300718
93,64,0.1,49,0.6062020989737561,0.7917741700881713,0.0002700662433901877
93,64,0.1,50,0.6266905293398739,0.8021638775550387,0.0002599142414683925
93,64,0.1,51,0.6478577538091859,0.8129979655644686,0.00024933165246502677
93,64,0.1,52,0.6697465213425904,0.8243034108831881,0.00023755697681775137
93,64,0.1,53,0.6923123028770795,0.8359997619647753,0.00022434063061530757
93,64,0.1,54,0.715597816164732,0.848115930269312,0.00021138946676378166
93,64,0.1,55,0.7398993810526353,0.8609738252248849,0.00019748677562184347
93,64,0.1,56,0.7649544817234614,0.8742336933982415,0.00017972956945799625
93,64,0.1,57,0.7904766108270522,0.8875526858409006,0.00016307907921931937
93,64,0.1,58,0.8176569639251818,0.902242167089856,0.00014804534009636863
93,64,0.1,59,0.8465380651786842,0.9182785791768778,0.00012434177680395128
93,64,0.1,60,0.8741799084841203,0.9324585690497283,0.00010068034563109944
93,64,0.1,61,0.9038988426225903,0.9483528840630456,8.309763870783686e-05
93,64,0.1,62,0.93940780875565,0.9697112864574453,5.623745675010778e-05
93,64,0.1,63,0.984375974443198,1.0000009899105506,1.0964519641564938e-05
93,64,0.11,1,0.015625000000000007,1.0000000000000004,0.0
93,64,0.11,2,0.028237613564644274,0.9036036340686168,0.00023920332466020454
93,64,0.11,3,0.039283566305968055,0.8380494145273184,0.00029807701175371123
93,64,0.11,4,0.049509232207004025,0.7921477153120644,0.00032707087120799013
93,64,0.11,5,0.059307900165060864,0.7591411221127791,0.0003436759073230928
93,64,0.11,6,0.0688383071037716,0.7342752757735638,0.0003545492725365114
93,64,0.11,7,0.07821304295409234,0.7150906784374157,0.0003615803219163738
93,64,0.11,8,0.08748317967755517,0.6998654374204414,0.0003668205625299489
93,64,0.11,9,0.09672246733049439,0.6878042121279601,0.0003701978536919677
93,64,0.11,10,0.10597485220703944,0.6782390541250525,0.00037233435031106134
93,64,0.11,11,0.11527430055685696,0.6706868396035315,0.0003739134208256481
93,64,0.11,12,0.12463518971927187,0.6647210118361165,0.0003751924186490839
93,64,0.11,13,0.13405613261923227,0.659968652894682,0.00037577211657003533
93,64,0.11,14,0.1435736245690861,0.6563365694586792,0.00037589734213433083
93,64,0.11,15,0.15318684508308109,0.6535972056878125,0.0003764113825353314
93,64,0.11,16,0.1629350241830561,0.6517400967322244,0.0003763990921771125
93,64,0.11,17,0.17280423553691507,0.6505571220213273,0.0003762610859255117
93,64,0.11,18,0.1828027339333579,0.6499652762074948,0.0003758854931105515
93,64,0.11,19,0.19295423562849207,0.649951109485447,0.00037512218600149137
93,64,0.11,20,0.20326624873786275,0.6504519959611609,0.00037431611277365996
93,64,0.11,21,0.21374330711785766,0.651408174073471,0.00037308046011448425
93,64,0.11,22,0.22440330010154083,0.6528096002953915,0.00037203506654273584
93,64,0.11,23,0.235249454890751,0.6546071788264375,0.00037088207968024987
93,64,0.11,24,0.24626668421407436,0.6567111579041982,0.0003695502495674405
93,64,0.11,25,0.2575003668473819,0.6592009391292977,0.0003680465195722036
93,64,0.11,26,0.268936489887035,0.6619975135680861,0.0003664774195711779
93,64,0.11,27,0.28060474021068466,0.6651371619808821,0.00036467454620395506
93,64,0.11,28,0.29250775493730014,0.6685891541424003,0.00036262311538075374
93,64,0.11,29,0.30464729923836953,0.6723250741812293,0.0003603981081475348
93,64,0.11,30,0.31705005427463273,0.6763734491192165,0.0003580704338536337
93,64,0.11,31,0.3297022255995312,0.6806755625280644,0.00035537922488807557
93,64,0.11,32,0.3426291325290911,0.6852582650581822,0.00035261224262914467
93,64,0.11,33,0.35583006455530625,0.6900946706527151,0.000349630508246968
93,64,0.11,34,0.36933111115757794,0.6952115033554409,0.0003463049904769689
93,64,0.11,35,0.3831508090031992,0.7006186221772785,0.0003427327241956055
93,64,0.11,36,0.3972806024810745,0.7062766266330214,0.0003390087116757646
93,64,0.11,37,0.41174683945844825,0.7122107493335321,0.0003349539176321249
93,64,0.11,38,0.42655352622077,0.718405938898139,0.0003304802212761444
93,64,0.11,39,0.4417179131943001,0.7248704216521847,0.0003257641234288467
93,64,0.11,40,0.4572606031443696,0.7316169650309914,0.0003207255684879781
93,64,0.11,41,0.47319419470355895,0.7386445966104335,0.0003153419426491882
93,64,0.11,42,0.4895307036729586,0.7459515484540322,0.00030957333547312085
93,64,0.11,43,0.506313204447148,0.7535824438283132,0.00030341346279948823
93,64,0.11,44,0.5235282784892282,0.7614956778025138,0.0002967925760664979
93,64,0.11,45,0.5412009972394988,0.7697080849628427,0.00028961778769503245
93,64,0.11,46,0.5593677540053411,0.7782507881813442,0.00028199302004903315
93,64,0.11,47,0.5780323053756454,0.7871078200859853,0.0002738698268669269
93,64,0.11,48,0.5972205568566822,0.7962940758089095,0.00026525596011111495
93,64,0.11,49,0.6169692655007191,0.8058374080009392,0.00025579658251202774
93,64,0.11,50,0.6372694839794297,0.81570493949367,0.0002457256302612247
93,64,0.11,51,0.6582043446180246,0.8259819226579133,0.0002352888760469097
93,64,0.11,52,0.6798021129966378,0.8366795236881696,0.00022363212795484792
93,64,0.11,53,0.7020030378640825,0.8477017815717222,0.00021070198104438935
93,64,0.11,54,0.7248835165124171,0.8591212047554573,0.00019832278943610643
93,64,0.11,55,0.7487355216419912,0.8712558797288624,0.00018469282491958956
93,64,0.11,56,0.7731848040463376,0.8836397760529573,0.000167443654825183
93,64,0.11,57,0.7980523387437523,0.8960587663087743,0.00015197843497483424
93,64,0.11,58,0.8245697660037307,0.9098700866248062,0.00013753130618889922
93,64,0.11,59,0.8525059354491713,0.9247522011652027,0.00011458422725809384
93,64,0.11,60,0.8791391196601238,0.9377483943041321,9.331694007530949e-05
93,64,0.11,61,0.9079704731856895,0.9526247587521988,7.645245475218544e-05
93,64,0.11,62,0.9420026592911986,0.9723898418489793,5.115389553667168e-05
93,64,0.11,63,0.984376192133873,1.0000012110566328,1.043211360702803e-05
93,64,0.12,1,0.015625,1.0,1.4942573239692731e-18
93,64,0.12,2,0.0284209345093301,0.9094699042985632,0.0002323864950622136
93,64,0.12,3,0.039708587761218446,0.8471165389059935,0.000290680562481715
93,64,0.12,4,0.05020168701383136,0.8032269922213018,0.0003203796049648762
93,64,0.12,5,0.06027987105381166,0.7715823494887891,0.000337306149476557
93,64,0.12,6,0.07009715967988296,0.7477030365854183,0.00034817982572419724
93,64,0.12,7,0.07975972418030015,0.7292317639341729,0.00035529752021222846
93,64,0.12,8,0.0893215686520175,0.71457254921614,0.00036075078620099495
93,64,0.12,9,0.09885274128077028,0.7029528268854776,0.0003642189527573196
93,64,0.12,10,0.1083988675704145,0.6937527524506528,0.00036651504245706134
93,64,0.12,11,0.11798682527787914,0.6864688016167514,0.00036807288195989666
93,64,0.12,12,0.12764697376848214,0.6807838600985713,0.0003692372912589927
93,64,0.12,13,0.13735851483969594,0.6762265345954259,0.0003696930010887671
93,64,0.12,14,0.1471736012715556,0.6727936058128255,0.00036991857845021845
93,64,0.12,15,0.1570767092026672,0.6701939592647134,0.0003703270336000772
93,64,0.12,16,0.16711613974273878,0.6684645589709551,0.00037019179025762
93,64,0.12,17,0.1772778143308394,0.6673988304219836,0.00036996825384033827
93,64,0.12,18,0.1875643153430206,0.666895343441851,0.00036943628131227665
93,64,0.12,19,0.1980012006096232,0.6669514125797834,0.00036844951215915154
93,64,0.12,20,0.20859988173665714,0.6675196215573028,0.0003674577411403997
93,64,0.12,21,0.21935339154445815,0.6685055742307295,0.000366131876871557
93,64,0.12,22,0.2302916862548465,0.6699394509231898,0.00036486651755845956
93,64,0.12,23,0.24141109681607995,0.6717526172273528,0.00036350056019346204
93,64,0.12,24,0.2526997971699493,0.6738661257865313,0.00036180867421863934
93,64,0.12,25,0.26419774868425505,0.6763462366316928,0.0003600376266933499
93,64,0.12,26,0.27589719704974924,0.6791315619686135,0.0003582461290848517
93,64,0.12,27,0.2878161703061067,0.6822309222070676,0.0003562325725851542
93,64,0.12,28,0.2999709931832991,0.6856479844189693,0.0003539790509949396
93,64,0.12,29,0.31235436908025416,0.6893337800391814,0.00035151945318034845
93,64,0.12,30,0.3249871848049841,0.6933059942506329,0.00034888899097192344
93,64,0.12,31,0.33786623776084007,0.6975302973127021,0.0003459711455464145
93,64,0.12,32,0.35101344836327364,0.7020268967265473,0.00034290207318972426
93,64,0.12,33,0.3644175295649619,0.7067491482471987,0.0003396853863898929
93,64,0.12,34,0.378116249571777,0.7117482344880508,0.0003361007024312852
93,64,0.12,35,0.3921202494680331,0.7170198847415461,0.00033228014640398476
93,64,0.12,36,0.40642206493289573,0.722528115436259,0.00032828682682043667
93,64,0.12,37,0.4210456656761706,0.7282952054939167,0.00032397411194698276
93,64,0.12,38,0.43598878174035216,0.7342968955626983,0.00031928002914665814
93,64,0.12,39,0.4512767600053536,0.7405567343677598,0.0003143330215638696
93,64,0.12,40,0.46692606239529993,0.7470816998324799,0.0003091100006386809
93,64,0.12,41,0.4829459454256987,0.753866841640115,0.0003035512521590497
93,64,0.12,42,0.49934862663429036,0.7609121929665377,0.0002975745271379526
93,64,0.12,43,0.5161746186948833,0.7682598975923846,0.00029123637985381697
93,64,0.12,44,0.5334081480274679,0.7758663971308624,0.00028447029222772736
93,64,0.12,45,0.5510757433253467,0.7837521682849375,0.00027717620500550223
93,64,0.12,46,0.5692067156921007,0.791939778354227,0.0002694644235824164
93,64,0.12,47,0.5878010089967383,0.800409884591303,0.0002612710324887579
93,64,0.12,48,0.606889509936154,0.8091860132482053,0.00025266482509159085
93,64,0.12,49,0.6265018759530032,0.8182881645100449,0.0002432140256998195
93,64,0.12,50,0.6466193235526779,0.8276727341474276,0.00023320194754699504
93,64,0.12,51,0.6673302208633566,0.8374340026520554,0.00022294241303429745
93,64,0.12,52,0.6886634490211858,0.8475857834106901,0.0002114310162619604
93,64,0.12,53,0.710522559555737,0.8579895058786258,0.0001987822502065211
93,64,0.12,54,0.7330218794581963,0.8687666719504548,0.0001869275024614748
93,64,0.12,55,0.7564501003540234,0.880232844048318,0.00017352645595305194
93,64,0.12,56,0.7803462240917449,0.8918242561048513,0.00015689198006296572
93,64,0.12,57,0.8046445903537632,0.9034605926779095,0.00014244286156272473
93,64,0.12,58,0.8305549204220324,0.9164743949484495,0.0001283908677884945
93,64,0.12,59,0.8576135187691278,0.9302926305292234,0.00010639099240357759
93,64,0.12,60,0.8834330833878069,0.9423286222803274,8.704780367995288e-05
93,64,0.12,61,0.9114633753640162,0.9562894430048694,7.076009509615878e-05
93,64,0.12,62,0.9441892816704307,0.9746470004339929,4.689006579489503e-05
93,64,0.12,63,0.9843741181214266,0.999999104123354,9.955994109041185e-06
93,64,0.13,1,0.015625,1.0,0.0
93,64,0.13,2,0.02858840955842186,0.9148291058694995,0.00022619020057881815
93,64,0.13,3,0.0401022480468161,0.8555146249987435,0.00028394256245448346
93,64,0.13,4,0.05084365673608106,0.8134985077772969,0.0003136345949247244
93,64,0.13,5,0.061176486014458985,0.783059020985075,0.0003306737315528507
93,64,0.13,6,0.07125857624343299,0.760091479929952,0.00034171861913546823
93,64,0.13,7,0.0811908942148384,0.742316747107094,0.00034888668716397814
93,64,0.13,8,0.09102168972498635,0.7281735177998908,0.0003546369914282514
93,64,0.13,9,0.10082560031790248,0.7169820467050843,0.0003582229127202765
93,64,0.13,10,0.11064914094236247,0.7081545020311198,0.0003608840220345684
93,64,0.13,11,0.12050792571506012,0.701137022342168,0.00036244042097839473
93,64,0.13,12,0.1304429626099993,0.695695800586663,0.00036359510805854684
93,64,0.13,13,0.14042389126107224,0.6913176185160481,0.00036394628744529703
93,64,0.13,14,0.15051030440342475,0.6880471058442276,0.00036418274430159893
93,64,0.13,15,0.16068678629072108,0.68559695484041,0.00036440786918950425
93,64,0.13,16,0.17100128487323057,0.6840051394929223,0.0003641810880611194
93,64,0.13,17,0.18143392744683035,0.6830453739174789,0.0003639355177638281
93,64,0.13,18,0.19199018251117056,0.6826317600397176,0.00036330801353245815
93,64,0.13,19,0.20268514204065177,0.6827288995053534,0.00036214484379945686
93,64,0.13,20,0.21354651167605343,0.683348837363371,0.0003609414978229969
93,64,0.13,21,0.22455404734581436,0.6843551919110533,0.0003594589769451502
93,64,0.13,22,0.23574642316178365,0.6858077764706434,0.00035803715519577454
93,64,0.13,23,0.24711761737014903,0.6876316309430234,0.00035642483015442734
93,64,0.13,24,0.25864988042266696,0.6897330144604452,0.00035446825701782985
93,64,0.13,25,0.2703900397299083,0.6921985017085653,0.00035255759682290325
93,64,0.13,26,0.28232411745958885,0.6949516737466803,0.00035055934930881155
93,64,0.13,27,0.2944729685943933,0.6980099996311545,0.0003482760636922854
93,64,0.13,28,0.3068512525740949,0.7013742915979313,0.0003458093665067162
93,64,0.13,29,0.3194425617201264,0.7049766879340721,0.00034311854377724736
93,64,0.13,30,0.3322852920617532,0.7088752897317403,0.00034031656141613294
93,64,0.13,31,0.34536214622756045,0.7130057212439957,0.0003371508993826139
93,64,0.13,32,0.358702683192548,0.717405366385096,0.0003338870122647735
93,64,0.13,33,0.3722897189003593,0.72201642453403,0.0003304550580015942
93,64,0.13,34,0.38616054628335933,0.7268904400627939,0.00032668247405661646
93,64,0.13,35,0.40032386871928793,0.7320207885152693,0.00032261601529625457
93,64,0.13,36,0.41476956283525634,0.7373681117071224,0.00031838089876099146
93,64,0.13,37,0.4295233452057972,0.7429592998154332,0.00031380541841838773
93,64,0.13,38,0.4445879372109192,0.7487796837236534,0.0003089172123313932
93,64,0.13,39,0.4599840582453148,0.7548456340435935,0.00030379280789773834
93,64,0.13,40,0.47572338344117177,0.7611574135058748,0.00029838550965468144
93,64,0.13,41,0.4918135831733354,0.7677090078803284,0.0002926182509569751
93,64,0.13,42,0.5082636579142827,0.7744970025360498,0.0002865045150766063
93,64,0.13,43,0.5251176570358883,0.7815704662859732,0.00028003296063637957
93,64,0.13,44,0.5423546105901561,0.7888794335856817,0.0002731559476049411
93,64,0.13,45,0.5600051055108743,0.7964517056154659,0.00026578766017810703
93,64,0.13,46,0.5780834031441694,0.8042899522005835,0.0002580109889443808
93,64,0.13,47,0.5966026949356797,0.8123951590613512,0.0002498094602086754
93,64,0.13,48,0.615587468303487,0.8207832910713161,0.0002412382170940822
93,64,0.13,49,0.6350595760544812,0.8294655687242204,0.00023181941238129228
93,64,0.13,50,0.654992940549514,0.8383909639033779,0.00022194462575661757
93,64,0.13,51,0.6754891674110048,0.8476726806726335,0.00021189213687753408
93,64,0.13,52,0.6965605578195623,0.8573053019317689,0.0002005240763329576
93,64,0.13,53,0.7181052148533729,0.8671459198229409,0.00018824207295153246
93,64,0.13,54,0.7402654482714117,0.8773516423957471,0.00017683985891889652
93,64,0.13,55,0.7632904647155823,0.8881925407599502,0.00016366644471930102
93,64,0.13,56,0.7866857533001088,0.8990694323429818,0.00014770424256374513
93,64,0.13,57,0.8104818000135934,0.9100146526468417,0.00013409554109595402
93,64,0.13,58,0.8358371062728989,0.9223030138183711,0.00012042673886680978
93,64,0.13,59,0.862128807984124,0.935190571372609,9.933637719238041e-05
93,64,0.13,60,0.8872215550567493,0.9463696587271992,8.157649382658277e-05
93,64,0.13,61,0.9145137215778749,0.9594898062456393,6.587192848176931e-05
93,64,0.13,62,0.9460715650714147,0.9765900026543636,4.330710563523896e-05
93,64,0.13,63,0.984375969459916,1.0000009848481686,9.53293861986037e-06
93,64,0.14,1,0.015624999999999984,0.999999999999999,1.3221078626824902e-18
93,64,0.14,2,0.028740195617050098,0.9196862597456031,0.00021979180292769324
93,64,0.14,3,0.04045933780084052,0.8631325397512642,0.000277011764111334
93,64,0.14,4,0.051430254539068,0.822884072625088,0.0003067810756022119
93,64,0.14,5,0.06200181531012668,0.7936232359696216,0.00032385966785790593
93,64,0.14,6,0.07233096552421231,0.7715302989249312,0.00033503614924926213
93,64,0.14,7,0.08251538370061869,0.7544263652627994,0.0003424742703691007
93,64,0.14,8,0.0925993562554358,0.7407948500434864,0.00034829927729712465
93,64,0.14,9,0.10265848314569573,0.7300158801471696,0.00035174903209514983
93,64,0.14,10,0.11273775074642445,0.7215216047771165,0.0003544181391952777
93,64,0.14,11,0.12285276543728176,0.7147797261805484,0.0003558549375453025
93,64,0.14,12,0.1330422739290979,0.709558794288522,0.00035705474684197773
93,64,0.14,13,0.14328203819885188,0.7053884957481938,0.0003573010917574266
93,64,0.14,14,0.15362171473238825,0.7022706959194891,0.00035747413539639065
93,64,0.14,15,0.16405209607674856,0.6999556099274605,0.00035763928956225084
93,64,0.14,16,0.1746206469246813,0.6984825876987252,0.0003572649555161292
93,64,0.14,17,0.18529829515917154,0.6975935817757046,0.0003569081300944465
93,64,0.14,18,0.19610188840026171,0.697251158756486,0.0003561569167872435
93,64,0.14,19,0.2070399867322974,0.6973978500456334,0.00035492991285844127
93,64,0.14,20,0.21814308315318792,0.6980578660902014,0.000353686597656429
93,64,0.14,21,0.22938506239269837,0.6990782853872713,0.00035203635463621527
93,64,0.14,22,0.24080863662082005,0.7005342156242038,0.00035047237866268725
93,64,0.14,23,0.2524063728708124,0.7023481679883475,0.00034861896817353904
93,64,0.14,24,0.2641610897295679,0.7044295726121811,0.0003465065960359847
93,64,0.14,25,0.2761178879663999,0.7068617931939838,0.0003444467731016624
93,64,0.14,26,0.288266774107767,0.7095797516498881,0.00034218729801145024
93,64,0.14,27,0.3006228902197013,0.7125875916318846,0.00033964883649801404
93,64,0.14,28,0.3132015651814745,0.7158892918433704,0.0003369963240137095
93,64,0.14,29,0.3259904998021318,0.719427309908153,0.0003341443441992302
93,64,0.14,30,0.33901907116592095,0.7232406851539647,0.0003311824424144231
93,64,0.14,31,0.3522726407679533,0.7272725486822261,0.0003278459312244388
93,64,0.14,32,0.3657837898182244,0.7315675796364488,0.00032445999163110024
93,64,0.14,33,0.3795298999200577,0.7360579877237483,0.00032084201108361536
93,64,0.14,34,0.3935522605803144,0.7408042552100037,0.0003169568507212873
93,64,0.14,35,0.40785416913142775,0.745790480697468,0.0003127149538667574
93,64,0.14,36,0.42242874600413055,0.7509844373406764,0.0003083194599278351
93,64,0.14,37,0.4372944022446962,0.7564011282070421,0.0003035619149134289
93,64,0.14,38,0.45245756003390925,0.7620337853202682,0.0002985087559637554
93,64,0.14,39,0.46794150621204944,0.7679040101941325,0.0002932448964871589
93,64,0.14,40,0.4837512084273992,0.7740019334838388,0.0002877513098674284
93,64,0.14,41,0.4998906875051313,0.7803171707397172,0.00028188208382054833
93,64,0.14,42,0.5163744781123465,0.7868563475997662,0.0002756827112567411
93,64,0.14,43,0.5332430030978009,0.7936640046106804,0.00026910865506846535
93,64,0.14,44,0.5504730713527564,0.8006881037858274,0.00026215642355842037
93,64,0.14,45,0.5680967055137647,0.8079597589529098,0.00025478051030780407
93,64,0.14,46,0.5861235193604081,0.8154762008492634,0.00024698503692722557
93,64,0.14,47,0.6045598339387711,0.8232304121719436,0.00023880548608952364
93,64,0.14,48,0.6234388943661053,0.831251859154807,0.0002303270623711922
93,64,0.14,49,0.6427732045485715,0.8395405120634403,0.00022097805430951927
93,64,0.14,50,0.6625327163419222,0.8480418769176605,0.00021128583782681015
93,64,0.14,51,0.6828269121577772,0.856880830943093,0.00020146866914595466
93,64,0.14,52,0.7036571964848148,0.8660396264428492,0.0001902924039449488
93,64,0.14,53,0.7249058482535501,0.8753580054382492,0.00017842628344679745
93,64,0.14,54,0.7467519398247814,0.8850393360886298,0.00016745635659705718
93,64,0.14,55,0.7694112172659985,0.8953148710004346,0.00015456945593642215
93,64,0.14,56,0.7923445252173377,0.9055366002483858,0.00013925985713769887
93,64,0.14,57,0.8156856500665334,0.9158575720045287,0.00012640598185776995
93,64,0.14,58,0.8405327219730337,0.9274843828667959,0.00011316251917445073
93,64,0.14,59,0.866143984878202,0.9395460174949988,9.296389298104346e-05
93,64,0.14,60,0.8905866324395365,0.9499590746021722,7.662720232744281e-05
93,64,0.14,61,0.9171985939023273,0.9623067214712943,6.152746968924683e-05
93,64,0.14,62,0.9477082129167839,0.9782794455915188,4.0190091252765814e-05
93,64,0.14,63,0.9843792385808843,1.0000043058599462,9.13839253692831e-06
93,64,0.15,1,0.015625,1.0,0.0
93,64,0.15,2,0.02887945654330695,0.9241426093858224,0.00021408602145187638
93,64,0.15,3,0.04078683351890514,0.8701191150699763,0.00027051186248959507
93,64,0.15,4,0.05197131664206758,0.8315410662730813,0.0003006710796703637
93,64,0.15,5,0.06275989818916552,0.8033266968213187,0.00031798759821045355
93,64,0.15,6,0.07331318136784079,0.782007267923635,0.00032940111540869085
93,64,0.15,7,0.08372974378327146,0.7655290860184819,0.00033691199703111247
93,64,0.15,8,0.09404775946218247,0.7523820756974597,0.0003425630635436958
93,64,0.15,9,0.10433901443554101,0.7419663248749584,0.0003460523362203104
93,64,0.15,10,0.11465002665894168,0.7337601706172269,0.0003487603307260338
93,64,0.15,11,0.12500139819060016,0.7272808621998554,0.0003501722448877453
93,64,0.15,12,0.13542531953308526,0.7222683708431213,0.00035123163327135807
93,64,0.15,13,0.1458962580357518,0.7182585010990857,0.0003513823829491963
93,64,0.15,14,0.1564662828600705,0.7152744359317509,0.0003516010548654906
93,64,0.15,15,0.1671265341352069,0.713073212310216,0.0003516101364491315
93,64,0.15,16,0.17792012248745814,0.7116804899498326,0.0003511397319042936
93,64,0.15,17,0.18882777195357883,0.7108810238252379,0.0003506250685558417
93,64,0.15,18,0.1998581546506773,0.7106067720912971,0.00034984071774939055
93,64,0.15,19,0.211016552993494,0.7107925995570324,0.00034856078404505196
93,64,0.15,20,0.22233602924168516,0.7114752935733926,0.00034714774611158627
93,64,0.15,21,0.23379057203756073,0.7125046004954231,0.0003453525773394932
93,64,0.15,22,0.2454254925390271,0.7139650692044424,0.00034364227704679367
93,64,0.15,23,0.2572286527412418,0.7157666858886728,0.00034156415768177875
93,64,0.15,24,0.2691871809776248,0.7178324826069995,0.000339360863172432
93,64,0.15,25,0.2813428047085576,0.7202375800539075,0.0003371596434808578
93,64,0.15,26,0.2936853370000355,0.722917752615472,0.00033470160164530185
93,64,0.15,27,0.3062325314322493,0.7258845189505168,0.0003320929599118629
93,64,0.15,28,0.31899183060423797,0.7291241842382582,0.0003292594467560802
93,64,0.15,29,0.33195175929117876,0.7325831929184634,0.00032624839690096593
93,64,0.15,30,0.3451448497404851,0.7363090127797015,0.0003231590787270329
93,64,0.15,31,0.3585525924482039,0.7402376102156468,0.0003196635682061131
93,64,0.15,32,0.37221372210222275,0.7444274442044455,0.0003161245283575824
93,64,0.15,33,0.386101025424955,0.748801988702943,0.00031235564412979486
93,64,0.15,34,0.4002576976149909,0.7534262543341005,0.0003083508312710828
93,64,0.15,35,0.4146783687145888,0.7582690170781051,0.0003039505629553161
93,64,0.15,36,0.4293608535319217,0.7633081840567498,0.00029942962821737594
93,64,0.15,37,0.444322863256164,0.7685584661728243,0.00029458037164725384
93,64,0.15,38,0.45956818918841924,0.7740095817910218,0.00028940339833022474
93,64,0.15,39,0.4751237695032383,0.7796902884155705,0.0002839914853637389
93,64,0.15,40,0.4909881995847214,0.7855811193355543,0.00027839473452324003
93,64,0.15,41,0.5071682645783777,0.791677291049175,0.00027247764941317967
93,64,0.15,42,0.5236810309994061,0.7979901424752854,0.00026620694702269893
93,64,0.15,43,0.5405588132150856,0.8045526522271041,0.00025955362040250675
93,64,0.15,44,0.5577754407214248,0.811309731958436,0.00025259389790743944
93,64,0.15,45,0.5753641461692676,0.8182956745518473,0.0002452414139839163
93,64,0.15,46,0.5933312025927674,0.825504281868198,0.00023745273882630225
93,64,0.15,47,0.6116842711650397,0.8329317735013305,0.00022935108345171148
93,64,0.15,48,0.6304571856343582,0.8406095808458107,0.0002209638705110307
93,64,0.15,49,0.6496593536140138,0.8485346659448344,0.00021168984883590652
93,64,0.15,50,0.6692549596545018,0.8566463483577622,0.00020217218754290956
93,64,0.15,51,0.6893681907069853,0.8650894942205306,0.00019256968543086375
93,64,0.15,52,0.7099771492276753,0.8738180298186772,0.0001815140524403633
93,64,0.15,53,0.7309495957815636,0.882656115660756,0.00016998149240856112
93,64,0.15,54,0.7525033223736008,0.8918557894798232,0.00015940368906847317
93,64,0.15,55,0.7748280100573194,0.9016180480666989,0.00014677683455773164
93,64,0.15,56,0.7973494970606864,0.9112565680693558,0.00013207502172264427
93,64,0.15,57,0.8202808813619684,0.9210171299502803,0.00011983878644082707
93,64,0.15,58,0.8446548409160409,0.9320329279073555,0.00010691643098177218
93,64,0.15,59,0.869636201235046,0.9433341843905583,8.769943763318769e-05
93,64,0.15,60,0.8935514290225689,0.95312152429074,7.247917383871215e-05
93,64,0.15,61,0.9195488487924246,0.9647725626674619,5.789846525836467e-05
93,64,0.15,62,0.9491221146964598,0.979738957106023,3.762235078471256e-05
93,64,0.15,63,0.9843772330139132,1.0000022684585785,8.800253092377087e-06
93,64,0.16,1,0.015624999999999998,0.9999999999999999,1.1929957667174033e-18
93,64,0.16,2,0.029007861800955277,0.9282515776305689,0.00020835722233538613
93,64,0.16,3,0.041091542450024346,0.876619572267186,0.0002643243642689975
93,64,0.16,4,0.0524733723479538,0.8395739575672608,0.00029439123765172807
93,64,0.16,5,0.06346447021168343,0.812345218709548,0.0003115645170224614
93,64,0.16,6,0.07422741574021018,0.7917591012289086,0.00032323644336068315
93,64,0.16,7,0.0848593220638583,0.7758566588695615,0.0003308339782674411
93,64,0.16,8,0.09539392466778462,0.763151397342277,0.0003367121185032023
93,64,0.16,9,0.10589863803939072,0.753056981613445,0.00034033851488545207
93,64,0.16,10,0.11642697051790485,0.7451326113145911,0.00034308104721372714
93,64,0.16,11,0.12699513276682287,0.7388807724615148,0.0003445969278752375
93,64,0.16,12,0.13763706170944062,0.7340643291170167,0.0003455726196008913
93,64,0.16,13,0.14832449821811916,0.7302129143045866,0.00034564921275586713
93,64,0.16,14,0.15910813581245598,0.7273514779997987,0.00034587427323728173
93,64,0.16,15,0.16998432853219062,0.7252664684040133,0.00034578697207088906
93,64,0.16,16,0.18098580856774296,0.7239432342709718,0.00034521085693457846
93,64,0.16,17,0.19209747678327851,0.723190500831166,0.00034458734630450974
93,64,0.16,18,0.2033335166844037,0.7229636148778799,0.00034359108215097116
93,64,0.16,19,0.2146959307647561,0.7231862931023362,0.000342243809798007
93,64,0.16,20,0.22621210156506394,0.7238787250082047,0.00034065484225947654
93,64,0.16,21,0.23786255837337542,0.7249144636140965,0.0003387398078634864
93,64,0.16,22,0.24968979228145938,0.726370304818791,0.00033689192501027755
93,64,0.16,23,0.261681846395421,0.728158181274215,0.0003346922031073595
93,64,0.16,24,0.2738208187551732,0.7301888500137952,0.00033229524412254946
93,64,0.16,25,0.2861553314942474,0.7325576486252732,0.0003299913501578919
93,64,0.16,26,0.2986732986542612,0.7351958120720273,0.0003274283389814539
93,64,0.16,27,0.3113881829977981,0.7381053226614472,0.0003246252021728561
93,64,0.16,28,0.3243047478653379,0.7412679951207722,0.00032161690081846143
93,64,0.16,29,0.337421887054314,0.7446551990164171,0.0003185067761102737
93,64,0.16,30,0.35076220414024595,0.7482927021658581,0.0003152854104876478
93,64,0.16,31,0.3643109048974095,0.752125739143039,0.000311680739547628
93,64,0.16,32,0.378102666070218,0.756205332140436,0.0003080194601976312
93,64,0.16,33,0.39211549142802476,0.7604664076179873,0.0003041184449576015
93,64,0.16,34,0.4063862602326515,0.7649623722026381,0.0003000277756849072
93,64,0.16,35,0.42091321527514763,0.7696698793602699,0.000295536015292874
93,64,0.16,36,0.435691009335458,0.7745617943741475,0.00029090305131952953
93,64,0.16,37,0.4507374184188545,0.7796539129407212,0.0002859607577243656
93,64,0.16,38,0.46605754073562067,0.7849390159757821,0.0002807279913256529
93,64,0.16,39,0.48167139792242947,0.7904351145393714,0.00027524948496337917
93,64,0.16,40,0.4975743319250713,0.796118931080114,0.0002695909488627185
93,64,0.16,41,0.513786030502179,0.8020074622473038,0.00026363469687531354
93,64,0.16,42,0.5303161868100044,0.8081008560914351,0.00025731361080739024
93,64,0.16,43,0.5471881417281377,0.8144195597814143,0.000250653248376483
93,64,0.16,44,0.5643865231940167,0.8209258519185698,0.00024367770017788432
93,64,0.16,45,0.5819393714289688,0.8276471060323112,0.0002363799834599517
93,64,0.16,46,0.5998483491408968,0.8345716161960303,0.0002286480152650526
93,64,0.16,47,0.6181203350224297,0.8416957753496915,0.0002206049184533287
93,64,0.16,48,0.6367894492972945,0.8490525990630593,0.00021231582057348059
93,64,0.16,49,0.6558633338532248,0.8566378238082937,0.00020315567051675313
93,64,0.16,50,0.675305212443752,0.8643906719280025,0.0001938405367840054
93,64,0.16,51,0.6952411628579354,0.8724594984883894,0.00018441966185365997
93,64,0.16,52,0.7156368895105027,0.8807838640129263,0.0001735611106940767
93,64,0.16,53,0.7363608411813015,0.889190449728364,0.00016239571890192472
93,64,0.16,54,0.7576557145776471,0.8979623283883226,0.0001521560235119204
93,64,0.16,55,0.7796775754523766,0.90726117870822,0.00013978180706250627
93,64,0.16,56,0.801822964553393,0.9163691023467349,0.00012562115336036021
93,64,0.16,57,0.8243836163424805,0.9256237095775219,0.00011395221113705254
93,64,0.16,58,0.8483238859280434,0.9360815292999098,0.00010136285435710383
93,64,0.16,59,0.8727662019353702,0.9467294393875202,8.299314493179844e-05
93,64,0.16,60,0.8961988999572612,0.9559454932877453,6.877496868192588e-05
93,64,0.16,61,0.9216354163157593,0.9669617482657146,5.470665597796017e-05
93,64,0.16,62,0.9503654110805353,0.9810223598250686,3.5412834172327146e-05
93,64,0.16,63,0.9843739474574812,0.9999989307504571,8.493627051167544e-06
93,64,0.17,1,0.015625,1.0,1.1398319624964853e-18
93,64,0.17,2,0.029127753323012262,0.9320881063363924,0.00020323988563588152
93,64,0.17,3,0.041378607996725374,0.8827436372634747,0.0002585023566680886
93,64,0.17,4,0.052942663064740145,0.8470826090358423,0.0002884629565118027
93,64,0.17,5,0.0641313241820837,0.8208809495306715,0.00030557140119131653
93,64,0.17,6,0.07509424744176257,0.8010053060454676,0.00031722984449450073
93,64,0.17,7,0.08593040010258457,0.7856493723664875,0.0003249853246292876
93,64,0.17,8,0.0966679341955161,0.7733434735641288,0.0003308737383497077
93,64,0.17,9,0.10737693082417124,0.7635692858607733,0.0003345457149938837
93,64,0.17,10,0.1181139622021862,0.7559293580939916,0.00033720538264633165
93,64,0.17,11,0.12888730474298726,0.749889773050108,0.0003386713467485047
93,64,0.17,12,0.13973763594893382,0.7452673917276471,0.00033961047271269305
93,64,0.17,13,0.15062746610482733,0.7415506023622269,0.0003396594403964835
93,64,0.17,14,0.16161280491145222,0.7388013938809245,0.0003397488511554144
93,64,0.17,15,0.17268996386478813,0.7368105124897627,0.00033955413171893155
93,64,0.17,16,0.18388977470041318,0.7355590988016527,0.0003388620628888308
93,64,0.17,17,0.19519798787946294,0.7348630131932723,0.00033815459986021945
93,64,0.17,18,0.20662266097444118,0.7346583501313465,0.00033709184755774716
93,64,0.17,19,0.2181697499268937,0.7348875787011157,0.0003355394069018911
93,64,0.17,20,0.2298775073124689,0.7356080233999005,0.0003339058793712938
93,64,0.17,21,0.24171013225554971,0.7366404030645325,0.00033198929025525173
93,64,0.17,22,0.25371419078652413,0.738077645924434,0.0003300396890424585
93,64,0.17,23,0.2658816704964832,0.7398446483380403,0.00032766733321182485
93,64,0.17,24,0.27819235803138015,0.7418462880836805,0.00032518876725183364
93,64,0.17,25,0.29069707513465964,0.7441845123447287,0.00032279174699265583
93,64,0.17,26,0.3033725611195561,0.746763227371215,0.00032016843076610656
93,64,0.17,27,0.3162424372267784,0.7496117030560675,0.0003172747092279053
93,64,0.17,28,0.3293086674156175,0.7527055255214113,0.0003141901787270723
93,64,0.17,29,0.3425678643427277,0.7560118385494682,0.00031095913211727673
93,64,0.17,30,0.356045391200362,0.759563501227439,0.0003076378279359421
93,64,0.17,31,0.3697242216110277,0.7633016188098636,0.00030395937871370695
93,64,0.17,32,0.38363763221561814,0.7672752644312363,0.00030022157694758935
93,64,0.17,33,0.3977626317776044,0.7714184373868692,0.00029616738815523426
93,64,0.17,34,0.41214031690967295,0.7757935377123256,0.00029198628897692664
93,64,0.17,35,0.4267600287646566,0.7803611954553721,0.0002873972339111584
93,64,0.17,36,0.4416206496095561,0.7851033770836553,0.00028267545559110957
93,64,0.17,37,0.45674361944572833,0.7900430174196383,0.0002776779566961335
93,64,0.17,38,0.4721223352734167,0.7951534067762807,0.00027239189051282334
93,64,0.17,39,0.48778261935502226,0.8004637856082417,0.0002668725045201731
93,64,0.17,40,0.5037218486118444,0.8059549577789511,0.00026118505415154673
93,64,0.17,41,0.5199540475492834,0.8116355864183937,0.0002551809635314255
93,64,0.17,42,0.5364953293210581,0.8175166922987552,0.000248835290663742
93,64,0.17,43,0.5533630793748933,0.8236101646510041,0.00024219020842601965
93,64,0.17,44,0.5705373640527321,0.8298725295312469,0.00023526159409728472
93,64,0.17,45,0.588049710951527,0.8363373666866163,0.00022799553797319959
93,64,0.17,46,0.6058961710120927,0.842985977060303,0.00022033110321133478
93,64,0.17,47,0.6240868390405568,0.8498203765658647,0.00021240771495222802
93,64,0.17,48,0.6426614886864828,0.8568819849153105,0.00020423441427709242
93,64,0.17,49,0.6616116312786231,0.864145804119018,0.00019516779926609544
93,64,0.17,50,0.680903643892438,0.8715566641823206,0.0001860248696828486
93,64,0.17,51,0.7006702505088979,0.8792724712268521,0.0001768212680430316
93,64,0.17,52,0.7208622927147803,0.8872151294951143,0.00016618086218735776
93,64,0.17,53,0.7413515600003864,0.8952169781136741,0.00015535305774519863
93,64,0.17,54,0.7623940355704516,0.9035781162316464,0.00014541478903722077
93,64,0.17,55,0.7841215564641656,0.9124323566128473,0.00013329636337127118
93,64,0.17,56,0.8059196704779521,0.9210510519748023,0.00011972279592004035
93,64,0.17,57,0.8281425044852898,0.9298442155624309,0.00010854968516781018
93,64,0.17,58,0.8516743940870088,0.9397786417511823,9.630610653026108e-05
93,64,0.17,59,0.8756305584013272,0.9498365379268636,7.867526940940622e-05
93,64,0.17,60,0.8986205906211127,0.9585286299958534,6.537602650963953e-05
93,64,0.17,61,0.9235366198042331,0.9689564535650971,5.1822243270805253e-05
93,64,0.17,62,0.9514922580697497,0.9821855567171609,3.3460148644078974e-05
93,64,0.17,63,0.9843760089302876,1.0000010249450542,8.199994459732194e-06
93,64,0.18,1,0.015624999999999991,0.9999999999999994,1.0925752476334468e-18
93,64,0.18,2,0.029239231286610653,0.9356554011715409,0.00019833223877790572
93,64,0.18,3,0.041645192859567574,0.8884307810041082,0.000252969661987261
93,64,0.18,4,0.05338578753361238,0.8541726005377981,0.0002829611300174947
93,64,0.18,5,0.06476163858488031,0.828948973886468,0.00029993322913156713
93,64,0.18,6,0.07591386282683675,0.8097478701529253,0.0003117378488180701
93,64,0.18,7,0.08693869975755632,0.7948681120690865,0.00031957207010252097
93,64,0.18,8,0.0978716412515595,0.782973130012476,0.0003254911109355616
93,64,0.18,9,0.10877458508363037,0.773508160594705,0.00032910173110805576
93,64,0.18,10,0.11970465310147538,0.7661097798494425,0.00033165051795618853
93,64,0.18,11,0.13067392706089156,0.7602846665360963,0.0003329632149833821
93,64,0.18,12,0.1417228171120405,0.7558550245975493,0.00033378411301552657
93,64,0.18,13,0.15280493999623998,0.752270473827643,0.0003338721284012544
93,64,0.18,14,0.1639771183964203,0.7496096840979214,0.00033386406148964694
93,64,0.18,15,0.17524483140859573,0.7477112806766751,0.0003335956389976519
93,64,0.18,16,0.18662419281181705,0.7464967712472682,0.00033279283129970816
93,64,0.18,17,0.19811169767994757,0.7458322736186261,0.0003319870860821586
93,64,0.18,18,0.20972078416250745,0.7456738992444709,0.0003308518017544677
93,64,0.18,19,0.22144836928093029,0.745931349156818,0.0003293017777440613
93,64,0.18,20,0.23333299779471436,0.7466655929430861,0.0003275604762743172
93,64,0.18,21,0.24534010328462674,0.747703171915053,0.00032555511082054523
93,64,0.18,22,0.25751183183914456,0.7491253289866024,0.000323495569477869
93,64,0.18,23,0.2698452569885844,0.7508737585769305,0.0003210479287577124
93,64,0.18,24,0.28231443535489176,0.7528384942797113,0.00031857030984653835
93,64,0.18,25,0.2949787250100732,0.7551455360257876,0.00031607680489683244
93,64,0.18,26,0.3078028163405665,0.7576684709921637,0.00031323490021931073
93,64,0.18,27,0.32081283534215765,0.7604452393295589,0.0003102118466665046
93,64,0.18,28,0.3340171467725241,0.7634677640514838,0.0003070183369725784
93,64,0.18,29,0.34740684155027857,0.7666909606626837,0.00030366532991789763
93,64,0.18,30,0.3610095232547236,0.7701536496100769,0.00030025425956643856
93,64,0.18,31,0.374802445977869,0.7737856949220521,0.0002965124515798227
93,64,0.18,32,0.38882612008329986,0.7776522401665997,0.00029267983371489547
93,64,0.18,33,0.40304849446446916,0.7816698074462431,0.00028853279610874537
93,64,0.18,34,0.4175220307704408,0.7859238226267121,0.0002842986580550815
93,64,0.18,35,0.4322251702943701,0.7903545971097052,0.0002796696694132829
93,64,0.18,36,0.4471562194215289,0.7949443900827181,0.0002748650433709395
93,64,0.18,37,0.46233984655271854,0.7997229778209187,0.00026985592307251014
93,64,0.18,38,0.47777120504562376,0.8046672927084191,0.00026451323493363317
93,64,0.18,39,0.49347270653392145,0.8098013645684866,0.00025895773136022876
93,64,0.18,40,0.5094432306633077,0.8151091690612925,0.0002532505688904364
93,64,0.18,41,0.5256936617329779,0.8205949841685509,0.00024721333179538466
93,64,0.18,42,0.5422378327536753,0.8262671737198862,0.0002408654113768716
93,64,0.18,43,0.5590901247807799,0.8321341392086028,0.0002342577262257647
93,64,0.18,44,0.5762325932843415,0.8381564993226788,0.0002273653133258933
93,64,0.18,45,0.5936992255563134,0.8443722319023124,0.00022015061699475933
93,64,0.18,46,0.6114837671663331,0.8507600238835941,0.0002125449452919359
93,64,0.18,47,0.629594641234556,0.8573203625321615,0.00020473605064676007
93,64,0.18,48,0.6480729657855041,0.8640972877140053,0.00019667190190386056
93,64,0.18,49,0.6669005128046999,0.8710537310102202,0.00018774786792364129
93,64,0.18,50,0.6860520150403563,0.8781465792516562,0.000178813697251348
93,64,0.18,51,0.7056599745408976,0.8855340856983814,0.0001698097845682684
93,64,0.18,52,0.7256635237640291,0.8931243369403435,0.0001593676023533613
93,64,0.18,53,0.7459322865176741,0.9007484214553045,0.0001488614855622301
93,64,0.18,54,0.7667400075708249,0.9087288978617186,0.00013922305776894542
93,64,0.18,55,0.7881902570613367,0.9171668445804646,0.00012737169011960972
93,64,0.18,56,0.8096693853684478,0.9253364404210833,0.00011437070747467723
93,64,0.18,57,0.8315777516126146,0.9337013351439885,0.00010361779895791077
93,64,0.18,58,0.8547333144866395,0.9431540021921538,9.175611476661478e-05
93,64,0.18,59,0.8782456268278832,0.9526732223217715,7.474138440842922e-05
93,64,0.18,60,0.9008328419000952,0.9608883646934349,6.226562275034827e-05
93,64,0.18,61,0.9252673451948996,0.9707722965979275,4.9213004739396034e-05
93,64,0.18,62,0.9525138880067867,0.9832401424586185,3.173964581591289e-05
93,64,0.18,63,0.984378287234373,1.0000033394126966,7.936833858160963e-06
93,64,0.19,1,0.015625000000000007,1.0000000000000004,1.5754393857129344e-18
93,64,0.19,2,0.029340906055350502,0.9389089937712161,0.00019358463335333666
93,64,0.19,3,0.04189069471256405,0.893668153868033,0.0002476844061739965
93,64,0.19,4,0.05379221434418872,0.8606754295070195,0.00027761121056560655
93,64,0.19,5,0.06533928744115257,0.8363428792467529,0.00029470841938884654
93,64,0.19,6,0.0766673691930924,0.8177852713929856,0.0003066690345175046
93,64,0.19,7,0.08786866211764903,0.8033706250756484,0.0003146746567938473
93,64,0.19,8,0.09898272717480494,0.7918618173984395,0.00032054964715568104
93,64,0.19,9,0.11006805614794402,0.7827061770520465,0.00032413004454460824
93,64,0.19,10,0.1211778907016306,0.7755385004904359,0.00032667207355507904
93,64,0.19,11,0.13232783776071397,0.7699074196986995,0.00032805412606229964
93,64,0.19,12,0.14355792260695813,0.7656422539037766,0.0003288048432106041
93,64,0.19,13,0.15481821327452172,0.7621819730437992,0.0003288819605713601
93,64,0.19,14,0.1661663154675832,0.7596174421375234,0.00032877536234956085
93,64,0.19,15,0.17761122981647548,0.7578079138836287,0.0003284355458756374
93,64,0.19,16,0.1891641369372681,0.7566565477490724,0.0003275731307005455
93,64,0.19,17,0.20082105267210004,0.7560321982949649,0.0003266691851977736
93,64,0.19,18,0.21259818478846632,0.7559046570256581,0.0003254593913880882
93,64,0.19,19,0.22449256128057174,0.7561854695766628,0.0003238387266414969
93,64,0.19,20,0.23653735117384586,0.7569195237563068,0.00032200802689555185
93,64,0.19,21,0.2487046279612395,0.7579569614056824,0.00031990667807518455
93,64,0.19,22,0.2610358245709336,0.7593769442063524,0.00031774269364603767
93,64,0.19,23,0.2735213145672072,0.7611027883609243,0.0003152729706288817
93,64,0.19,24,0.2861342536636893,0.7630246764365047,0.00031268169578844626
93,64,0.19,25,0.298939748486015,0.7652857561241985,0.00031011707981533544
93,64,0.19,26,0.3119001555325141,0.7677542290031116,0.0003071746332224623
93,64,0.19,27,0.3250401754499804,0.7704656010666201,0.00030405137963405803
93,64,0.19,28,0.33836671240224436,0.7734096283479873,0.0003007758844373573
93,64,0.19,29,0.3518766474318098,0.7765553598495113,0.00029730336692010314
93,64,0.19,30,0.3655938384190257,0.7799335219605882,0.0002938231552254767
93,64,0.19,31,0.37949399334437767,0.783471470130328,0.00028998152677711615
93,64,0.19,32,0.3936168733050945,0.787233746610189,0.0002860795438246245
93,64,0.19,33,0.40793400334369356,0.7911447337574663,0.0002818592721311595
93,64,0.19,34,0.4224880993963153,0.7952717165107112,0.0002775106260910201
93,64,0.19,35,0.43726663306854013,0.7995732718967591,0.0002728381799333344
93,64,0.19,36,0.45226353866446317,0.8040240687368234,0.00026797793127938274
93,64,0.19,37,0.4675043182882256,0.808656118120174,0.0002629071551398044
93,64,0.19,38,0.48298219261116004,0.813443692818796,0.0002575502068962388
93,64,0.19,39,0.49871955811440205,0.8184115825467111,0.0002519747390533059
93,64,0.19,40,0.5147144645676359,0.8235431433082175,0.00024623478243579813
93,64,0.19,41,0.5309787997309786,0.8288449556776252,0.0002401848289746751
93,64,0.19,42,0.5475188912068196,0.8343145008865824,0.00023387227584015566
93,64,0.19,43,0.5643564381301042,0.8399723730308528,0.0002272665175860916
93,64,0.19,44,0.5814673579204948,0.8457707024298106,0.00022040828181112403
93,64,0.19,45,0.598889193733471,0.8517535199764922,0.0002132537150438202
93,64,0.19,46,0.6166125140417357,0.8578956717102408,0.0002057218930303624
93,64,0.19,47,0.63464316145283,0.8641949432549175,0.00019801457074727143
93,64,0.19,48,0.6530268205014125,0.8707024273352165,0.00019005146394532194
93,64,0.19,49,0.6717379480402771,0.8773720137668926,0.00018126297031470392
93,64,0.19,50,0.6907561443630379,0.8841678647846886,0.0001725219231682686
93,64,0.19,51,0.710215358947966,0.8912506465229378,0.00016370784741319175
93,64,0.19,52,0.7300437094225443,0.8985153346739007,0.00015341944356973397
93,64,0.19,53,0.7501051305931064,0.9057873275086569,0.00014320109099785416
93,64,0.19,54,0.7706906434662949,0.9134111329970902,0.00013380343602433715
93,64,0.19,55,0.7918740004639317,0.9214533823580299,0.0001222349697992286
93,64,0.19,56,0.8130705223384493,0.9292234541010851,0.00010974518256554451
93,64,0.19,57,0.8346964213366638,0.9372029993955523,9.931387282697891e-05
93,64,0.19,58,0.8575054828203292,0.9462129465603633,8.782951432979047e-05
93,64,0.19,59,0.880612358757682,0.9552405247540958,7.130624125305066e-05
93,64,0.19,60,0.9028388694915056,0.9630281274576059,5.953198728877659e-05
93,64,0.19,61,0.9268316032340852,0.9724134853603517,4.6941715341934325e-05
93,64,0.19,62,0.9534351872941432,0.9841911610778252,3.026657674604166e-05
93,64,0.19,63,0.984378577882458,1.0000036346742431,7.708862050527708e-06
93,64,0.2,1,0.015625,1.0,1.0122388323662814e-18
93,64,0.2,2,0.029434382140978075,0.9419002285112984,0.00018917286483486836
93,64,0.2,3,0.04211877799971717,0.8985339306606331,0.00024279125758979068
93,64,0.2,4,0.05417106434532519,0.866737029525203,0.00027253255965709223
93,64,0.2,5,0.06588063546600616,0.8432721339648788,0.0002894998125416328
93,64,0.2,6,0.07737337594118472,0.8253160100393038,0.0003017014784570371
93,64,0.2,7,0.08874016341565627,0.811338636943143,0.0003096954590729687
93,64,0.2,8,0.10002437076695098,0.8001949661356078,0.0003156074532985904
93,64,0.2,9,0.11128462368668493,0.7913573239942041,0.00031922354710479456
93,64,0.2,10,0.12256075570477737,0.7843888365105751,0.0003218515988186737
93,64,0.2,11,0.13387423464252465,0.7789046379201434,0.0003232188852579174
93,64,0.2,12,0.14526820180506028,0.7747637429603217,0.00032395076842485927
93,64,0.2,13,0.156695255511943,0.7714227963664886,0.0003238967602531837
93,64,0.2,14,0.16821074432150834,0.7689634026126095,0.00032378913940424276
93,64,0.2,15,0.1798182147973442,0.7672243831353353,0.00032334275887605304
93,64,0.2,16,0.19153162918887592,0.7661265167555037,0.0003223773333090716
93,64,0.2,17,0.20334760315047462,0.7655439177429633,0.0003214011879806248
93,64,0.2,18,0.2152797250127841,0.7654390222676769,0.00032021310817562234
93,64,0.2,19,0.22732905954842325,0.7657399900578468,0.0003185674048231205
93,64,0.2,20,0.23952160794712699,0.7664691454308062,0.0003166501544685266
93,64,0.2,21,0.251831952981918,0.7674878567067978,0.00031451336260042217
93,64,0.2,22,0.2643046057854716,0.768886125921372,0.00031229378109813886
93,64,0.2,23,0.2769265377250568,0.7705781919305928,0.0003096902316549908
93,64,0.2,24,0.28967760299267525,0.7724736079804675,0.00030701772273384795
93,64,0.2,25,0.30261405414879483,0.7746919786209149,0.0003043300135795383
93,64,0.2,26,0.3156970704977233,0.777100481225165,0.0003012907776882817
93,64,0.2,27,0.3289548458770432,0.779744819856695,0.0002980972888823109
93,64,0.2,28,0.3423947531622083,0.782616578656476,0.000294716371391477
93,64,0.2,29,0.3560119008623254,0.7856814363858217,0.00029122042081693053
93,64,0.2,30,0.36983392674515103,0.7889790437229889,0.0002876644770886759
93,64,0.2,31,0.38382477476556126,0.7924124382256748,0.00028374490022204095
93,64,0.2,32,0.3980390717711026,0.7960781435422052,0.0002797953209121689
93,64,0.2,33,0.41244146169627505,0.7998864711685335,0.0002755154897004759
93,64,0.2,34,0.42706758999458955,0.8038919341074626,0.0002711038019449019
93,64,0.2,35,0.44191438534268707,0.8080720189123419,0.0002663976060763734
93,64,0.2,36,0.45697048298895804,0.8123919697581476,0.00026151537542014054
93,64,0.2,37,0.47225728822664353,0.8168774715271673,0.0002564228468783501
93,64,0.2,38,0.48777823294436917,0.8215212344326218,0.0002510371355665496
93,64,0.2,39,0.5035416059684835,0.8263246867175115,0.00024543409263463043
93,64,0.2,40,0.5195555370711051,0.8312888593137682,0.00023972437374751064
93,64,0.2,41,0.5358247582769752,0.8364093787738148,0.00023369202642097942
93,64,0.2,42,0.5523595747697514,0.8416907806015259,0.00022743424206010703
93,64,0.2,43,0.5691782850654933,0.8471490754463158,0.00022084743464836185
93,64,0.2,44,0.5862567042697924,0.8527370243924252,0.00021403860202046982
93,64,0.2,45,0.6036324635234495,0.8584995036777947,0.0002069253677193599
93,64,0.2,46,0.6212966464362636,0.8644127254765406,0.00019947548121043203
93,64,0.2,47,0.639254903110189,0.8704747616819596,0.00019187069353294512
93,64,0.2,48,0.6575512106390783,0.8767349475187711,0.00018402137607425594
93,64,0.2,49,0.6761521989404607,0.8831375659630507,0.0001753373958857831
93,64,0.2,50,0.6950415113610221,0.8896531345421085,0.00016676789939403295
93,64,0.2,51,0.7143581039976911,0.8964493854088674,0.00015813078359522078
93,64,0.2,52,0.7340175171221184,0.9034061749195305,0.0001480263970467203
93,64,0.2,53,0.7538892478546122,0.9103568275980222,0.0001380928275724118
93,64,0.2,54,0.774271921357824,0.9176556104981618,0.00012892576381879636
93,64,0.2,55,0.7952207987147039,0.9253478385043827,0.00011764213370681727
93,64,0.2,56,0.8161558579291993,0.932749551919085,0.00010554571727923756
93,64,0.2,57,0.8375141836033138,0.9403668026423171,9.542444423672693e-05
93,64,0.2,58,0.8600034860755881,0.9489693639454765,8.4306736692601e-05
93,64,0.2,59,0.8827256448481762,0.9575329028861572,6.830013712403156e-05
93,64,0.2,60,0.9046452708448005,0.9649549555677872,5.704687791526414e-05
93,64,0.2,61,0.9282372580785268,0.9738882707709133,4.490218540110059e-05
93,64,0.2,62,0.9542623027994463,0.9850449577284608,2.8957105157905462e-05
93,64,0.2,63,0.9843759526285293,1.0000009677496169,7.502332586268368e-06
93,64,0.25,1,0.015625,1.0,0.0
93,64,0.25,2,0.029820017152340617,0.9542405488748997,0.00016864126819602783
93,64,0.25,3,0.04306187341614203,0.9186532995443635,0.0002192523177236779
93,64,0.25,4,0.055745538428904576,0.8919286148624732,0.0002481431396662265
93,64,0.25,5,0.06812562593233447,0.8720080119338812,0.00026477243812368927
93,64,0.25,6,0.08031033952682445,0.856643621619461,0.0002769387386376724
93,64,0.25,7,0.09237567993982244,0.8445776451640908,0.0002844714978249055
93,64,0.25,8,0.10437668717432919,0.8350134973946335,0.00029016445070368486
93,64,0.25,9,0.11635207512252548,0.8273925342046257,0.0002939038276786465
93,64,0.25,10,0.12834793717639179,0.8214267979289075,0.00029647407484677864
93,64,0.25,11,0.14037587683646033,0.8167323743212236,0.00029775667654772386
93,64,0.25,12,0.1524719260960458,0.8131836058455776,0.0002984664703607313
93,64,0.25,13,0.16459785374024238,0.8103278953365777,0.00029842115042343857
93,64,0.25,14,0.17680347016458123,0.8082444350380855,0.0002981361767818205
93,64,0.25,15,0.18908848664624892,0.8067775430239954,0.00029753859723775374
93,64,0.25,16,0.2014769085306597,0.8059076341226388,0.00029659771404682797
93,64,0.25,17,0.21394491476280605,0.8054396791070344,0.00029525316790174225
93,64,0.25,18,0.2265310637279677,0.8054437821438851,0.0002937914307240933
93,64,0.25,19,0.23921051505197047,0.8057617349119005,0.0002918161132287133
93,64,0.25,20,0.2520133108109329,0.8064425945949854,0.000289737174944154
93,64,0.25,21,0.264924647642922,0.8073894023403339,0.00028733168773212065
93,64,0.25,22,0.277981317237011,0.8086729228713048,0.00028482254366638665
93,64,0.25,23,0.29116852429043233,0.8102080675907682,0.0002820471200510205
93,64,0.25,24,0.30446164050917185,0.8118977080244584,0.0002791404924752164
93,64,0.25,25,0.31791823992470053,0.8138706942072333,0.00027619426213131433
93,64,0.25,26,0.3315020471495537,0.8160050391373629,0.00027299708803358804
93,64,0.25,27,0.34524202690394984,0.8183514711797328,0.0002696380886144283
93,64,0.25,28,0.3591347349480407,0.8208793941669502,0.00026606494546745654
93,64,0.25,29,0.3731769666576638,0.8235629608996717,0.00026235726155959794
93,64,0.25,30,0.38739236664311677,0.826437048838649,0.0002585599696072558
93,64,0.25,31,0.40175958659912575,0.8294391465272272,0.0002544947616318489
93,64,0.25,32,0.41631442180758904,0.8326288436151781,0.0002504182159011778
93,64,0.25,33,0.4310336694507008,0.8359440862074198,0.0002460827276943733
93,64,0.25,34,0.4459295071970283,0.8393967194297003,0.00024157795712434122
93,64,0.25,35,0.4610212432077897,0.8430102732942439,0.00023681272389049232
93,64,0.25,36,0.47629470309114036,0.8467461388286941,0.00023192059490886996
93,64,0.25,37,0.4917495837317464,0.8505938745630206,0.00022683279318059485
93,64,0.25,38,0.5074010131821746,0.8545701274647151,0.00022152690846398158
93,64,0.25,39,0.5232516255568899,0.8586693342472037,0.000216024551429797
93,64,0.25,40,0.5393096189600151,0.8628953903360242,0.00021042383780805153
93,64,0.25,41,0.5555761001891091,0.8672407417586094,0.00020462367642974555
93,64,0.25,42,0.5720575090689375,0.871706680486,0.00019855321455213877
93,64,0.25,43,0.5887667956595003,0.8763040679583258,0.00019224305863640385
93,64,0.25,44,0.6056843168423455,0.8809953699525025,0.000185814474970952
93,64,0.25,45,0.6228445252003999,0.8858233247294577,0.00017915588986631588
93,64,0.25,46,0.6402349553880881,0.8907616770616877,0.0001721343617956116
93,64,0.25,47,0.6578494129416826,0.8957949452822913,0.0001650963980182896
93,64,0.25,48,0.6757473969790287,0.9009965293053718,0.00015787714429454024
93,64,0.25,49,0.6938806076615788,0.9062930385783888,0.0001498894620555322
93,64,0.25,50,0.7122207887136599,0.9116426095534848,0.00014213031414702008
93,64,0.25,51,0.7309259570040414,0.9172404166325224,0.00013435364380182983
93,64,0.25,52,0.749888340136358,0.9229394955524404,0.00012527135560328823
93,64,0.25,53,0.7689871184312218,0.9285882184829848,0.0001165660463786284
93,64,0.25,54,0.7885186451981236,0.9345406165311094,0.00010841049726346817
93,64,0.25,55,0.8085118672993071,0.940813809221012,9.84367582347246e-05
93,64,0.25,56,0.828386110840998,0.9467269838182835,8.816612083458346e-05
93,64,0.25,57,0.8486413069924421,0.9528604148687069,7.931184224561711e-05
93,64,0.25,58,0.8698227186706554,0.9598043792227923,6.957409071459548e-05
93,64,0.25,59,0.8910012080596957,0.9665097850139072,5.669151177053456e-05
93,64,0.25,60,0.9117146449554544,0.972495621285818,4.680665582539218e-05
93,64,0.25,61,0.9337410700103957,0.9796627619781202,3.666580045536116e-05
93,64,0.25,62,0.957489933045353,0.9883767050790742,2.3494199386281566e-05
93,64,0.25,63,0.9843684791452779,0.9999933756396474,6.600251769264653e-06
93,64,0.5,1,0.015624999999999993,0.9999999999999996,5.784221899235896e-19
93,64,0.5,2,0.03070322064715556,0.982503060708978,0.00010525593843303004
93,64,0.5,3,0.04531383116567759,0.9666950648677888,0.0001431317508802436
93,64,0.5,4,0.05961658133209143,0.9538653013134629,0.0001660043124716095
93,64,0.5,5,0.07373362411440472,0.9437903886643807,0.00018066060921832536
93,64,0.5,6,0.0877225999439168,0.9357077327351127,0.0001912906909756411
93,64,0.5,7,0.1016427926177271,0.9293055325049338,0.00019840970660540928
93,64,0.5,8,0.11552045096659777,0.9241636077327822,0.00020363919187688984
93,64,0.5,9,0.12937080442188317,0.9199701647778361,0.0002072222101066226
93,64,0.5,10,0.1432354655194122,0.9167069793242382,0.00020962882368801383
93,64,0.5,11,0.15711080823515142,0.9140992479136083,0.00021107232081610285
93,64,0.5,12,0.17101186848695993,0.9120632985971199,0.00021181776773474865
93,64,0.5,13,0.1849367269404766,0.9104577326300387,0.0002119192785345425
93,64,0.5,14,0.19890520591170227,0.9092809413106391,0.0002117630497812499
93,64,0.5,15,0.21292016713882345,0.9084593797923136,0.00021093300353346392
93,64,0.5,16,0.22698994615461246,0.9079597846184498,0.00020987223261919737
93,64,0.5,17,0.24109982661456805,0.9076699354901386,0.00020855388416850376
93,64,0.5,18,0.25527902804424635,0.9076587663795428,0.00020695007429693177
93,64,0.5,19,0.2695083454677977,0.9078175847336346,0.00020509547700133928
93,64,0.5,20,0.2838063631353907,0.9081803620332504,0.00020295722763026016
93,64,0.5,21,0.2981642853442926,0.9086911553349872,0.00020065663745595305
93,64,0.5,22,0.31260198453693044,0.9093875913801615,0.00019822147461389267
93,64,0.5,23,0.32710681345723075,0.910210263533164,0.0001953761653122407
93,64,0.5,24,0.3416722477548428,0.9111259940129142,0.00019250144482740628
93,64,0.5,25,0.356325809948436,0.9121940734679962,0.00018964954426355196
93,64,0.5,26,0.37105167269992234,0.9133579635690396,0.00018668922006775322
93,64,0.5,27,0.38585455258556395,0.9146181987213369,0.00018352825789179868
93,64,0.5,28,0.40073704750250777,0.9159703942914464,0.00018020358594531414
93,64,0.5,29,0.4156925678052503,0.9173904944667594,0.00017682310976444257
93,64,0.5,30,0.430739581424924,0.918911107039838,0.00017334023158547727
93,64,0.5,31,0.4458686569681258,0.9205030337406467,0.0001696738595407704
93,64,0.5,32,0.4610847665655815,0.922169533131163,0.00016594436997360908
93,64,0.5,33,0.4763829675129848,0.9238942400251828,0.00016214820686783315
93,64,0.5,34,0.49176598866282756,0.9256771551300285,0.00015829418538172837
93,64,0.5,35,0.5072522882394386,0.9275470413521165,0.0001543220253507294
93,64,0.5,36,0.5228249922776274,0.9294666529380045,0.00015020770710665152
93,64,0.5,37,0.5384804096521123,0.9314255734523024,0.00014603506919054398
93,64,0.5,38,0.5542259792370148,0.9334332281886566,0.00014180452003806614
93,64,0.5,39,0.5700719675624575,0.9355027159999303,0.00013737946236104686
93,64,0.5,40,0.5860096721700493,0.9376154754720789,0.00013297030435494196
93,64,0.5,41,0.6020534214468112,0.9397907066486809,0.00012846128704338547
93,64,0.5,42,0.6181811701334033,0.9419903544889955,0.00012378294092446482
93,64,0.5,43,0.6344222955205346,0.9442564398445167,0.00011916363088682371
93,64,0.5,44,0.6507581371238964,0.9465572903620314,0.00011426844799431902
93,64,0.5,45,0.6671760362581574,0.9488725849004906,0.00010941546252533892
93,64,0.5,46,0.6837314830552448,0.9512785851203407,0.00010453349202136179
93,64,0.5,47,0.7003584009730116,0.9536795247292074,9.932223100548244e-05
93,64,0.5,48,0.717088780184153,0.9561183735788708,9.43396471071931e-05
93,64,0.5,49,0.7339751058056183,0.9586613626848892,8.912034375515718e-05
93,64,0.5,50,0.7509037013594628,0.9611567377401126,8.355876221598116e-05
93,64,0.5,51,0.7679601444696015,0.9637146910991078,7.844039727394421e-05
93,64,0.5,52,0.7851924416493732,0.9663906974146131,7.290444556514873e-05
93,64,0.5,53,0.8024555623617231,0.9690029432292507,6.705681720869766e-05
93,64,0.5,54,0.8198136487006383,0.9716309910526084,6.165814702277485e-05
93,64,0.5,55,0.8374628512341771,0.9745022268906789,5.597040087824447e-05
93,64,0.5,56,0.8550401694893605,0.9771887651306977,4.973713322207295e-05
93,64,0.5,57,0.872738713725858,0.9799171522535952,4.399471345186328e-05
93,64,0.5,58,0.8907055894488691,0.9828475469780624,3.831770568001605e-05
93,64,0.5,59,0.9089779639577096,0.9860099948015834,3.133081259377582e-05
93,64,0.5,60,0.9267628350083182,0.988547024008873,2.5659192582307766e-05
93,64,0.5,61,0.9452728191208652,0.9917616462907439,1.9214358081312712e-05
93,64,0.5,62,0.964171522570996,0.9952738297507056,1.2909589498691458e-05
93,64,0.5,63,0.9843698287471866,0.9999947466638088,4.338416649348557e-06
93,64,1.0,1,0.015625,1.0,0.0
93,64,1.0,2,0.031106051701955798,0.9953936544625855,5.42126952329979e-05
93,64,1.0,3,0.04642657627699787,0.9904336272426214,7.722988322042207e-05
93,64,1.0,4,0.061626429297065265,0.9860228687530442,9.2286694290246e-05
93,64,1.0,5,0.07674211245924621,0.9822990394783515,0.00010304172804839047
93,64,1.0,6,0.09179338961499707,0.9791294892266355,0.00011094009373160907
93,64,1.0,7,0.10680538664199102,0.9765063921553465,0.00011669413715188131
93,64,1.0,8,0.1217913724894634,0.9743309799157072,0.00012089744081547825
93,64,1.0,9,0.13676058583218456,0.9725197214733124,0.00012392941540253393
93,64,1.0,10,0.1517303901325323,0.9710744968482069,0.0001260269464616149
93,64,1.0,11,0.16669925328344723,0.9698865645582384,0.00012750517058024574
93,64,1.0,12,0.18167952033103782,0.9689574417655351,0.00012851445650259726
93,64,1.0,13,0.19666483333714938,0.968196102582889,0.00012906058547182834
93,64,1.0,14,0.2116569709662347,0.9675747244170728,0.00012916294833226365
93,64,1.0,15,0.22667179352625086,0.9671329857120037,0.0001288213085994553
93,64,1.0,16,0.24170656162298731,0.9668262464919493,0.0001282646006482871
93,64,1.0,17,0.25675777254498394,0.9666174966399397,0.0001272310414889183
93,64,1.0,18,0.27183230633682964,0.9665148669753943,0.00012626991885719
93,64,1.0,19,0.28692317995813016,0.9664780798589648,0.00012515075145285294
93,64,1.0,20,0.30203872102941215,0.966523907294119,0.00012361071725705067
93,64,1.0,21,0.3171852177662207,0.9666597112875298,0.0001220912699271848
93,64,1.0,22,0.3323574073453664,0.9668579122774295,0.0001204100704800888
93,64,1.0,23,0.34756535689166007,0.9671383843941844,0.0001185334494508735
93,64,1.0,24,0.36279212555496687,0.9674456681465785,0.00011660011701674674
93,64,1.0,25,0.37805215504751566,0.9678135169216401,0.00011462555627678975
93,64,1.0,26,0.39333625036667924,0.9682123085949025,0.00011263500260353651
93,64,1.0,27,0.4086570910450389,0.9686686602549069,0.0001105190851265456
93,64,1.0,28,0.4240088612368655,0.9691631113985496,0.00010828091829965225
93,64,1.0,29,0.43939236308140667,0.9696934909382767,0.00010595993670734825
93,64,1.0,30,0.4548081363760651,0.9702573576022722,0.00010356997737292373
93,64,1.0,31,0.470253840823242,0.9708466391189512,0.00010111915215145218
93,64,1.0,32,0.4857340376572998,0.9714680753145996,9.867549736606752e-05
93,64,1.0,33,0.501245017483826,0.9721115490595414,9.6180148916265e-05
93,64,1.0,34,0.5167904091152646,0.9727819465699099,9.360686193884003e-05
93,64,1.0,35,0.5323826176710251,0.9734996437413029,9.098651243710871e-05
93,64,1.0,36,0.5480057679090877,0.9742324762828226,8.829984056455866e-05
93,64,1.0,37,0.5636555557342376,0.9749717720808433,8.558266370178301e-05
93,64,1.0,38,0.5793355932824668,0.9757231044757334,8.277120477741426e-05
93,64,1.0,39,0.5950576894403706,0.9765049262611211,7.999225315271844e-05
93,64,1.0,40,0.6108141275578177,0.9773026040925085,7.716011727088754e-05
93,64,1.0,41,0.6266091033050607,0.9781215271103386,7.432333636333412e-05
93,64,1.0,42,0.6424387507784782,0.9789542869005384,7.138441707450234e-05
93,64,1.0,43,0.6583040973095428,0.9798014471583891,6.850894212146475e-05
93,64,1.0,44,0.6742054521627724,0.9806624758731234,6.54610020139697e-05
93,64,1.0,45,0.6901368390478826,0.9815279488680997,6.252368755128945e-05
93,64,1.0,46,0.70611342412459,0.9824186770429076,5.944783093281659e-05
93,64,1.0,47,0.7221158701022176,0.9833067167349346,5.6400775406607726e-05
93,64,1.0,48,0.7381715605083682,0.984228747344491,5.336709840254894e-05
93,64,1.0,49,0.7542536300371916,0.9851475984159238,5.012897581040657e-05
93,64,1.0,50,0.7703751727622032,0.9860802211356201,4.702120432537351e-05
93,64,1.0,51,0.7865607276947274,0.9870565994600499,4.379039568750839e-05
93,64,1.0,52,0.8027419223917844,0.98799005832835,4.067548425382943e-05
93,64,1.0,53,0.818993858134431,0.9889737154830864,3.735255209923275e-05
93,64,1.0,54,0.835296118773834,0.9899805852134328,3.405904504129783e-05
93,64,1.0,55,0.8515828148455998,0.9909327300021525,3.0776194417099795e-05
93,64,1.0,56,0.8679967506266385,0.9919962864304439,2.7539891651277656e-05
93,64,1.0,57,0.8843952714361832,0.9930052170511531,2.409619465395491e-05
93,64,1.0,58,0.9008479480377747,0.9940391150761652,2.0698867498620038e-05
93,64,1.0,59,0.9173612730166412,0.9951037537807632,1.7228868697144544e-05
93,64,1.0,60,0.9339292882356988,0.9961912407847454,1.395196704450557e-05
93,64,1.0,61,0.9506957675235157,0.9974512970738526,1.0570316453568233e-05
93,64,1.0,62,0.9676217575147911,0.9988353625959134,6.721791860326457e-06
93,64,1.0,63,0.9843729388390575,0.9999979061222172,2.709890554917528e-06
100,8,0.01,1,0.12499999999999997,0.9999999999999998,0.0
100,8,0.01,2,0.20233847753568324,0.809353910142733,0.0002985982823296916
100,8,0.01,3,0.2734074289656963,0.7290864772418568,0.00033563780396463224
100,8,0.01,4,0.3518107388469186,0.7036214776938372,0.00034354001432902455
100,8,0.01,5,0.44834590220043163,0.7173534435206906,0.0003352455998749096
100,8,0.01,6,0.5811806593919657,0.7749075458559544,0.00031590064001724995
100,8,0.01,7,0.8752975042824435,1.0003400048942213,0.00024224083916270678
100,8,0.02,1,0.12499999999999997,0.9999999999999998,0.0
100,8,0.02,2,0.20932692879371276,0.837307715174851,0.00027447677255742895
100,8,0.02,3,0.2876600320305905,0.7670934187482414,0.00030665999107268353
100,8,0.02,4,0.3729087491299242,0.7458174982598484,0.0003083143358533436
100,8,0.02,5,0.47541308763810664,0.7606609402209707,0.000289975910699375
100,8,0.02,6,0.6122624519712074,0.8163499359616101,0.0002579628111022927
100,8,0.02,7,0.8751311037712393,1.0001498328814165,0.0001705429993436829
100,8,0.03,1,0.125,0.9999999999999999,1.4079224563621594e-18
100,8,0.03,2,0.21418668361828108,0.8567467344731242,0.00025624706044771126
100,8,0.03,3,0.2974397679500071,0.7931727145333523,0.0002867714791437499
100,8,0.03,4,0.3873392020140214,0.7746784040280427,0.0002863273286917326
100,8,0.03,5,0.4934386787294669,0.789501885967147,0.00026207574218069983
100,8,0.03,6,0.6320771159028878,0.8427694878705171,0.0002238690404262551
100,8,0.03,7,0.875215505464806,1.000246291959778,0.00013853651598358965
100,8,0.04,1,0.12500000000000006,1.0000000000000004,0.0
100,8,0.04,2,0.21785948124277715,0.8714379249711086,0.00024170136546859919
100,8,0.04,3,0.3049355152459225,0.8131613739891267,0.00027110202562355114
100,8,0.04,4,0.3982965671388033,0.7965931342776066,0.0002686526722795148
100,8,0.04,5,0.5068532323268454,0.8109651717229528,0.00024117154822671992
100,8,0.04,6,0.6461730535107661,0.8615640713476882,0.0001994679301364018
100,8,0.04,7,0.875163304550083,1.0001866337715233,0.00011895036911268645
100,8,0.05,1,0.12499999999999997,0.9999999999999998,0.0
100,8,0.05,2,0.22086022967977298,0.8834409187190919,0.00022924141070977802
100,8,0.05,3,0.31104565716136806,0.8294550857636482,0.00025756251360762634
100,8,0.05,4,0.40716267560207814,0.8143253512041563,0.00025463142198679323
100,8,0.05,5,0.5175561951423541,0.8280899122277665,0.00022523968639626984
100,8,0.05,6,0.6570921569424091,0.876122875923212,0.00018147154217644022
100,8,0.05,7,0.87515335435417,1.0001752621190514,0.00010564539660097497
100,8,0.06,1,0.12500000000000003,1.0000000000000002,0.0
100,8,0.06,2,0.22339365777744735,0.8935746311097894,0.00021897098809680717
100,8,0.06,3,0.3161996228610181,0.8431989942960482,0.0002468547714099765
100,8,0.06,4,0.4146086842174118,0.8292173684348236,0.0002430714634876817
100,8,0.06,5,0.5264111248469788,0.8422577997551659,0.00021246864315463442
100,8,0.06,6,0.6660909533472047,0.8881212711296063,0.0001671430781174732
100,8,0.06,7,0.8751079140979852,1.0001233303976973,9.56763619788632e-05
100,8,0.07,1,0.12500000000000003,1.0000000000000002,0.0
100,8,0.07,2,0.2255629566312185,0.902251826524874,0.0002097332156906478
100,8,0.07,3,0.3206621402930755,0.8550990407815348,0.00023755509861939146
100,8,0.07,4,0.42102688704298696,0.8420537740859739,0.0002337287561467417
100,8,0.07,5,0.5340193276429508,0.8544309242287214,0.00020185728986642874
100,8,0.07,6,0.6733241540839988,0.897765538778665,0.00015610612783470757
100,8,0.07,7,0.8750922767558461,1.0001054591495384,8.824317419417166e-05
100,8,0.08,1,0.12499999999999996,0.9999999999999996,1.1555589972029042e-18
100,8,0.08,2,0.2274241292563296,0.9096965170253182,0.00020180169381736298
100,8,0.08,3,0.3245120969447358,0.8653655918526288,0.00022887446039882004
100,8,0.08,4,0.4265433527749715,0.8530867055499429,0.00022459493974593236
100,8,0.08,5,0.5404921568395884,0.8647874509433413,0.0001930080290301525
100,8,0.08,6,0.6796471431938855,0.9061961909251806,0.00014649088855231182
100,8,0.08,7,0.8750557198419975,1.0000636798194256,8.204136097029411e-05
100,8,0.09,1,0.12499999999999997,0.9999999999999998,1.3931643593353025e-18
100,8,0.09,2,0.22905900779730182,0.9162360311892073,0.00019448811292442468
100,8,0.09,3,0.32788961309392695,0.8743723015838053,0.00022068931006267924
100,8,0.09,4,0.43153356507281004,0.8630671301456201,0.00021635274870665972
100,8,0.09,5,0.5463121613872128,0.8740994582195406,0.00018445254628561504
100,8,0.09,6,0.6855856384783421,0.9141141846377895,0.00013786388962621425
100,8,0.09,7,0.8750677861299183,1.000077469862764,7.671456582378503e-05
100,8,0.1,1,0.12499999999999997,0.9999999999999998,6.375497915602232e-19
100,8,0.1,2,0.2305190385663994,0.9220761542655976,0.0001875850647987437
100,8,0.1,3,0.3309176825024827,0.882447153339954,0.00021375334064089365
100,8,0.1,4,0.43585051071142883,0.8717010214228577,0.00020881319531404
100,8,0.1,5,0.5514097734713133,0.8822556375541014,0.00017710756621396438
100,8,0.1,6,0.6901510372407442,0.9202013829876592,0.0001304650464093015
100,8,0.1,7,0.8750581277064587,1.0000664316645242,7.220071492171497e-05
100,8,0.11,1,0.12499999999999997,0.9999999999999998,1.178501129853746e-18
100,8,0.11,2,0.2318819830539563,0.9275279322158252,0.0001816136817884954
100,8,0.11,3,0.33368331963253456,0.8898221856867589,0.0002068889718128868
100,8,0.11,4,0.43983613709376107,0.8796722741875221,0.00020196432641394536
100,8,0.11,5,0.5560480173783894,0.889676827805423,0.00017076855580137057
100,8,0.11,6,0.6942028912751761,0.9256038550335679,0.00012435900865347515
100,8,0.11,7,0.8750848653978955,1.0000969890261664,6.841037696814076e-05
100,8,0.12,1,0.125,1.0,0.0
100,8,0.12,2,0.23307044498931082,0.9322817799572433,0.00017540976955237315
100,8,0.12,3,0.3361508988832749,0.8964023970220665,0.00020004726984265366
100,8,0.12,4,0.4434057338126923,0.8868114676253847,0.00019566683378639124
100,8,0.12,5,0.560226587456417,0.8963625399302672,0.000164592552221487
100,8,0.12,6,0.6979474967165182,0.930596662288691,0.00011895040866187743
100,8,0.12,7,0.875080181997713,1.0000916365688148,6.502619471677344e-05
100,8,0.13,1,0.12499999999999999,0.9999999999999999,1.0298881248280526e-18
100,8,0.13,2,0.23418398602801158,0.9367359441120463,0.00017027806624985266
100,8,0.13,3,0.3384535216406608,0.9025427243750955,0.0001946726083275175
100,8,0.13,4,0.44668011128770607,0.8933602225754121,0.00019003648867306676
100,8,0.13,5,0.5641185053059574,0.9025896084895321,0.00015898395698400074
100,8,0.13,6,0.7016138485246447,0.9354851313661929,0.00011436291871255246
100,8,0.13,7,0.875100486186074,1.0001148413555132,6.221035634862463e-05
100,8,0.14,1,0.12499999999999996,0.9999999999999997,0.0
100,8,0.14,2,0.23519253753228414,0.9407701501291366,0.00016513509751859442
100,8,0.14,3,0.3405196519949948,0.908052405319986,0.00018845431509288362
100,8,0.14,4,0.44961261483051346,0.8992252296610269,0.0001840856561862587
100,8,0.14,5,0.5674970460845873,0.9079952737353396,0.00015413797824051848
100,8,0.14,6,0.7050623338732124,0.9400831118309497,0.00010975863401047948
100,8,0.14,7,0.875079081060422,1.0000903783547679,5.968729309796468e-05
100,8,0.15,1,0.12500000000000003,1.0000000000000002,1.3813578817138166e-18
100,8,0.15,2,0.23606885691838045,0.9442754276735218,0.00016032433581926459
100,8,0.15,3,0.3423964239164441,0.913057130443851,0.0001835280890596905
100,8,0.15,4,0.45234070911888163,0.9046814182377633,0.00017913283011467644
100,8,0.15,5,0.5706088427583991,0.9129741484134384,0.00015025387165128271
100,8,0.15,6,0.7081627324316416,0.9442169765755223,0.00010567268301376996
100,8,0.15,7,0.8750900523426978,1.000102916963083,5.746204006544346e-05
100,8,0.16,1,0.12499999999999999,0.9999999999999999,0.0
100,8,0.16,2,0.2368999934465902,0.9475999737863608,0.00015595234929145863
100,8,0.16,3,0.34408729045437414,0.917566107878331,0.00017878012535555479
100,8,0.16,4,0.45476296262811755,0.9095259252562351,0.00017435878911213585
100,8,0.16,5,0.5734755860777182,0.9175609377243491,0.00014587007119850923
100,8,0.16,6,0.7109174958759021,0.947889994501203,0.00010168660711920558
100,8,0.16,7,0.8750692277277896,1.0000791174031882,5.5358509882241925e-05
100,8,0.17,1,0.12499999999999997,0.9999999999999998,0.0
100,8,0.17,2,0.2377050688432087,0.9508202753728348,0.00015168266988436433
100,8,0.17,3,0.34568531114623025,0.9218274963899473,0.00017384545923959085
100,8,0.17,4,0.4570350280574504,0.9140700561149008,0.0001694069554179297
100,8,0.17,5,0.5761672726307604,0.9218676362092165,0.0001413955567346995
100,8,0.17,6,0.7129790038114608,0.9506386717486144,9.809195789307422e-05
100,8,0.17,7,0.8750596178064675,1.0000681346359628,5.3414938422494416e-05
100,8,0.18,1,0.12499999999999997,0.9999999999999998,8.028404782610216e-19
100,8,0.18,2,0.23839828583452427,0.9535931433380971,0.0001477805125351678
100,8,0.18,3,0.34721493631980777,0.9259064968528208,0.00016895818823684715
100,8,0.18,4,0.45918610129052423,0.9183722025810485,0.0001646569319977394
100,8,0.18,5,0.5786796797479563,0.9258874875967303,0.00013705291426704944
100,8,0.18,6,0.714837069879437,0.9531160931725827,9.500844361109425e-05
100,8,0.18,7,0.8750563448123713,1.0000643940712814,5.161833418965733e-05
100,8,0.19,1,0.12499999999999997,0.9999999999999998,1.1576562004646156e-18
100,8,0.19,2,0.23902159416897756,0.9560863766759102,0.00014385623622660621
100,8,0.19,3,0.3485519584607776,0.9294718892287401,0.00016485663124789056
100,8,0.19,4,0.46118373413602787,0.9223674682720557,0.00016001675713643533
100,8,0.19,5,0.581022362053455,0.9296357792855281,0.00013289434239707585
100,8,0.19,6,0.7166674377034876,0.9555565836046501,9.218692842726332e-05
100,8,0.19,7,0.875060229518212,1.0000688337350996,4.995468377650534e-05
100,8,0.2,1,0.12499999999999992,0.9999999999999993,1.4876161803071876e-18
100,8,0.2,2,0.23964128685327585,0.9585651474131034,0.00014029143210593034
100,8,0.2,3,0.3498520184640977,0.9329387159042606,0.00016105303145745698
100,8,0.2,4,0.46302716753382533,0.9260543350676507,0.00015613766173274283
100,8,0.2,5,0.5831190199055175,0.932990431848828,0.00012991045621128704
100,8,0.2,6,0.7184908735921574,0.9579878314562099,8.975876239173801e-05
100,8,0.2,7,0.8750704687867099,1.0000805357562401,4.846627026922382e-05
100,8,0.25,1,0.12499999999999997,0.9999999999999998,6.375497915602234e-19
100,8,0.25,2,0.2421125859458034,0.9684503437832136,0.00012474171122516813
100,8,0.25,3,0.35517623943380533,0.9471366384901474,0.00014274575487435162
100,8,0.25,4,0.4705527993296821,0.9411055986593642,0.00013861483613862756
100,8,0.25,5,0.5918352827298915,0.9469364523678265,0.00011450805663655884
100,8,0.25,6,0.726814402859213,0.9690858704789505,7.854702419600027e-05
100,8,0.25,7,0.8750447945174527,1.0000511937342316,4.228497345715278e-05
100,8,0.5,1,0.12499999999999996,0.9999999999999997,0.0
100,8,0.5,2,0.247809011791556,0.991236047166224,7.890039439187008e-05
100,8,0.5,3,0.3681851937803591,0.981827183414291,8.866916080739687e-05
100,8,0.5,4,0.48860926860901827,0.9772185372180365,8.582006144938715e-05
100,8,0.5,5,0.6130420883428793,0.9808673413486071,7.209506646470628e-05
100,8,0.5,6,0.7450367025361179,0.9933822700481573,4.949884413053619e-05
100,8,0.5,7,0.8750319425739842,1.0000365057988392,2.6443915392660226e-05
100,8,1.0,1,0.12499999999999997,0.9999999999999998,6.375497915602234e-19
100,8,1.0,2,0.25002899820737523,1.000115992829501,4.1351027106553965e-05
100,8,1.0,3,0.3750137898263536,1.0000367728702764,4.884093966038327e-05
100,8,1.0,4,0.49906215270985815,0.9981243054197163,4.598827772578524e-05
100,8,1.0,5,0.6250187770773323,1.0000300433237317,3.913938707821025e-05
100,8,1.0,6,0.7500246476666239,1.0000328635554985,2.816310971499179e-05
100,8,1.0,7,0.8750155680656223,1.0000177920749969,1.49270148414921e-05
100,16,0.01,1,0.0625,1.0,0.0
100,16,0.01,2,0.09775168636041152,0.7820134908832922,0.000323500190721643
100,16,0.01,3,0.12578329869574204,0.6708442597106243,0.0003710684909781293
100,16,0.01,4,0.15188158802919963,0.6075263521167985,0.0003899138356258125
100,16,0.01,5,0.17819012204377144,0.5702083905400687,0.00040133241924753866
100,16,0.01,6,0.2059585516164732,0.5492228043105952,0.00040893998720119875
100,16,0.01,7,0.23628977416306715,0.5400909123727249,0.0004158338291926314
100,16,0.01,8,0.27029351018375625,0.5405870203675125,0.0004228638100698366
100,16,0.01,9,0.309069666021437,0.5494571840381102,0.0004277769698000042
100,16,0.01,10,0.3543145596296682,0.5669032954074691,0.000431123239843509
100,16,0.01,11,0.40831670913530616,0.593915213287718,0.00042944542212674
100,16,0.01,12,0.4746514373332181,0.6328685831109575,0.0004221388925917417
100,16,0.01,13,0.5574853347657586,0.6861357966347796,0.0004009138300139329
100,16,0.01,14,0.6705824448306283,0.7663799369492895,0.00031487586528142463
100,16,0.01,15,0.9376355922647253,1.0001446317490403,0.0001310045500967022
100,16,0.02,1,0.0625,1.0,0.0
100,16,0.02,2,0.10150204417298235,0.8120163533838588,0.00030194745048156714
100,16,0.02,3,0.13371982759926623,0.7131724138627532,0.0003498029728226067
100,16,0.02,4,0.16404605383402626,0.656184215336105,0.00036857450437561705
100,16,0.02,5,0.19469766534295382,0.6230325290974523,0.00037925019708968293
100,16,0.02,6,0.2269262915724824,0.6051367775266199,0.00038547717898701955
100,16,0.02,7,0.26184376567110734,0.598500035819674,0.00038916974462498296
100,16,0.02,8,0.3004663767261322,0.6009327534522644,0.0003918599562718667
100,16,0.02,9,0.34382708774421555,0.6112481559897165,0.00039130338004168775
100,16,0.02,10,0.3935263361826394,0.6296421378922231,0.0003882171050882102
100,16,0.02,11,0.45146729233859345,0.6566796979470451,0.0003779968359338228
100,16,0.02,12,0.520875343536838,0.6945004580491173,0.00036123545628128213
100,16,0.02,13,0.6039357617656131,0.7433055529422933,0.00033947221653529626
100,16,0.02,14,0.7104555446051013,0.8119491938344016,0.00024186068911075546
100,16,0.02,15,0.937571136876799,1.0000758793352527,9.242025550403878e-05
100,16,0.03,1,0.0625,0.9999999999999999,0.0
100,16,0.03,2,0.10417134041213942,0.8333707232971153,0.0002855751400014534
100,16,0.03,3,0.13932470110140008,0.7430650725408005,0.0003339404772693971
100,16,0.03,4,0.17277665309878742,0.6911066123951496,0.00035355425000281257
100,16,0.03,5,0.20660122488042218,0.6611239196173508,0.0003630427853177181
100,16,0.03,6,0.24205572399007969,0.6454819306402125,0.0003679339158665023
100,16,0.03,7,0.280177300575754,0.6404052584588662,0.00037000964344032676
100,16,0.03,8,0.3219492988001722,0.6438985976003443,0.0003696826865538022
100,16,0.03,9,0.3683787958359439,0.6548956370416781,0.00036590930769918886
100,16,0.03,10,0.42079116511654957,0.6732658641864793,0.00035918436221452245
100,16,0.03,11,0.48080842837389537,0.6993577139983932,0.00034397137132727475
100,16,0.03,12,0.5516722739431077,0.7355630319241436,0.00031966892236749434
100,16,0.03,13,0.6345486077261592,0.7809829018168112,0.0003011156805979862
100,16,0.03,14,0.7346330508140152,0.8395806295017315,0.00020540634954059112
100,16,0.03,15,0.9376287827088539,1.0001373682227774,7.524327278491159e-05
100,16,0.04,1,0.06250000000000003,1.0000000000000004,1.2350494208317458e-18
100,16,0.04,2,0.10619701160603613,0.849576092848289,0.0002720702628728494
100,16,0.04,3,0.14371636465285803,0.766487278148576,0.00032011200093665885
100,16,0.04,4,0.17961463688801238,0.7184585475520495,0.00033906174422221655
100,16,0.04,5,0.21590254284693347,0.6908881371101873,0.00034788492694080245
100,16,0.04,6,0.25381620938696225,0.6768432250318992,0.00035145388603375136
100,16,0.04,7,0.29436345924945023,0.6728307639987433,0.0003522172335032723
100,16,0.04,8,0.3384509534528815,0.676901906905763,0.0003496889403939781
100,16,0.04,9,0.387049984383122,0.6880888611255502,0.00034351990920950806
100,16,0.04,10,0.4413544308332241,0.7061670893331587,0.0003345070506923508
100,16,0.04,11,0.5026068616668046,0.7310645260608066,0.00031700022366545655
100,16,0.04,12,0.574042061715615,0.7653894156208199,0.00028693571475068907
100,16,0.04,13,0.656817066146733,0.8083902352575175,0.00027034717734706384
100,16,0.04,14,0.7516019663017596,0.8589736757734395,0.0001813894138902153
100,16,0.04,15,0.937602984831886,1.000109850487345,6.461109125903763e-05
100,16,0.05,1,0.0625,1.0,0.0
100,16,0.05,2,0.10787507844524984,0.8630006275619987,0.00026004638068907553
100,16,0.05,3,0.14735057156421316,0.7858697150091368,0.0003077142167088854
100,16,0.05,4,0.185263250725769,0.741053002903076,0.0003265476088313283
100,16,0.05,5,0.2236084949034368,0.7155471836909977,0.0003349170031232307
100,16,0.05,6,0.26356075658777284,0.7028286842340608,0.0003376991935233617
100,16,0.05,7,0.306064172764591,0.6995752520333509,0.0003373192068858362
100,16,0.05,8,0.3519972539834316,0.7039945079668632,0.00033317266759002283
100,16,0.05,9,0.40224279930672896,0.7150983098786292,0.0003248659876823271
100,16,0.05,10,0.457975623138465,0.732760997021544,0.00031404846259137464
100,16,0.05,11,0.5200353500659687,0.756415054641409,0.00029610707050777495
100,16,0.05,12,0.5915619478450951,0.7887492637934601,0.00026183320768491055
100,16,0.05,13,0.6742153064695581,0.8298034541163791,0.0002460971370249077
100,16,0.05,14,0.7646957070540875,0.8739379509189572,0.00016495137651891236
100,16,0.05,15,0.9375869173811472,1.0000927118732237,5.751854720457325e-05
100,16,0.06,1,0.0625,1.0,1.138481770643256e-18
100,16,0.06,2,0.10928492908320671,0.8742794326656537,0.0002500015402171794
100,16,0.06,3,0.15043453630546175,0.8023175269624626,0.0002972893187038942
100,16,0.06,4,0.19007483389727664,0.7602993355891066,0.0003156347447434085
100,16,0.06,5,0.23013416773404077,0.7364293367489305,0.0003234959461002062
100,16,0.06,6,0.27177168047544914,0.7247244812678644,0.0003252252759928412
100,16,0.06,7,0.31589356497817955,0.7220424342358389,0.00032357099974573235
100,16,0.06,8,0.3633325105756044,0.7266650211512088,0.00031785453548141334
100,16,0.06,9,0.414903558156612,0.7376063256117547,0.00030801187928567125
100,16,0.06,10,0.471750030318081,0.7548000485089296,0.0002958665601677127
100,16,0.06,11,0.5343476521954817,0.7772329486479734,0.0002778219409201491
100,16,0.06,12,0.6056800344663741,0.8075733792884987,0.00024106059280166103
100,16,0.06,13,0.6881273408035112,0.8469259579120137,0.00022491041189848221
100,16,0.06,14,0.7752078867608689,0.88595187058385,0.00015162656843397014
100,16,0.06,15,0.9375587796719619,1.0000626983167593,5.2088584374091983e-05
100,16,0.07,1,0.06250000000000001,1.0000000000000002,0.0
100,16,0.07,2,0.11050973239458677,0.8840778591566941,0.000240738360950851
100,16,0.07,3,0.15312893987005605,0.8166876793069656,0.0002879570874885386
100,16,0.07,4,0.1942736562250481,0.7770946249001924,0.000306138710214562
100,16,0.07,5,0.23581451922864474,0.7546064615316631,0.0003135274320362209
100,16,0.07,6,0.27893133162312167,0.7438168843283245,0.00031497411026316
100,16,0.07,7,0.3244613069932791,0.7416258445560665,0.00031258599320049536
100,16,0.07,8,0.37314147107734374,0.7462829421546875,0.0003058763099527428
100,16,0.07,9,0.4258269011598467,0.7570256020619497,0.0002943784970966962
100,16,0.07,10,0.48352787410455644,0.7736445985672903,0.00028112691901195435
100,16,0.07,11,0.546550049398422,0.7949818900340683,0.0002636768498573637
100,16,0.07,12,0.617525142929571,0.823366857239428,0.00022517352633975583
100,16,0.07,13,0.6997067339750471,0.8611775187385197,0.00020772891347064438
100,16,0.07,14,0.7840191790180298,0.8960219188777483,0.00014148381552414306
100,16,0.07,15,0.9375483401461039,1.0000515628225106,4.8057551637369895e-05
100,16,0.08,1,0.06250000000000003,1.0000000000000002,8.843563754103858e-19
100,16,0.08,2,0.11155489454404614,0.892439156352369,0.00023261972222180904
100,16,0.08,3,0.15545261055503473,0.8290805896268518,0.00027878681816466053
100,16,0.08,4,0.1979346017077526,0.7917384068310103,0.00029679472903836556
100,16,0.08,5,0.2408068617807318,0.7705819576983417,0.0003040464272381426
100,16,0.08,6,0.2851982158533582,0.7605285756089553,0.0003046323044596648
100,16,0.08,7,0.3319051037325721,0.758640237103022,0.00030172506472187643
100,16,0.08,8,0.3816625714038822,0.7633251428077642,0.00029435893462185375
100,16,0.08,9,0.4352499206889602,0.7737776367803737,0.0002819142608186299
100,16,0.08,10,0.4936585533736956,0.7898536853979129,0.0002676276255894015
100,16,0.08,11,0.5570070847688837,0.8101921233001944,0.00025097175020790324
100,16,0.08,12,0.6275850053871537,0.8367800071828715,0.0002115553830131397
100,16,0.08,13,0.7093121128080766,0.8729995234560942,0.00019278572890146732
100,16,0.08,14,0.791451820491998,0.9045163662765691,0.00013249813378309877
100,16,0.08,15,0.9375280215567836,1.0000298896605693,4.472372011078377e-05
100,16,0.09,1,0.06250000000000004,1.0000000000000007,7.99647910332763e-19
100,16,0.09,2,0.11249370174565809,0.8999496139652647,0.00022502832946871392
100,16,0.09,3,0.15753576399302155,0.840190741296115,0.00027033571236712104
100,16,0.09,4,0.20123588177880555,0.8049435271152222,0.0002877846463426479
100,16,0.09,5,0.24528329654766595,0.7849065489525311,0.0002945468060369166
100,16,0.09,6,0.2908246920446197,0.775532512118986,0.0002948615719312541
100,16,0.09,7,0.33858733435965227,0.7739139071077767,0.00029122666942440914
100,16,0.09,8,0.3892679751142194,0.7785359502284388,0.0002833381420669221
100,16,0.09,9,0.44361258264199666,0.7886445913635496,0.0002700086806379751
100,16,0.09,10,0.502651359762255,0.804242175619608,0.0002550157842458227
100,16,0.09,11,0.5662008382716712,0.8235648556678855,0.0002389817370780335
100,16,0.09,12,0.6363419471286953,0.8484559295049271,0.00019988357219869826
100,16,0.09,13,0.7176991617173176,0.8833220451905449,0.00017991346348371923
100,16,0.09,14,0.7979281561084374,0.9119178926953572,0.0001246240711713076
100,16,0.09,15,0.9375302125744147,1.0000322267460422,4.1929324293584267e-05
100,16,0.1,1,0.062499999999999986,0.9999999999999998,0.0
100,16,0.1,2,0.11332518421248476,0.9066014736998781,0.000217761920506265
100,16,0.1,3,0.15939055125894067,0.8500829400476836,0.0002626113453555574
100,16,0.1,4,0.20415722433294925,0.816628897331797,0.0002795852671174798
100,16,0.1,5,0.2492712319168595,0.7976679421339504,0.0002858744613398504
100,16,0.1,6,0.29581988974567675,0.7888530393218047,0.00028558572071854706
100,16,0.1,7,0.3445122430532424,0.7874565555502682,0.0002814588867860867
100,16,0.1,8,0.396011415045512,0.792022830091024,0.00027287170363313434
100,16,0.1,9,0.45099671917039835,0.8017719451918194,0.00025893246574246084
100,16,0.1,10,0.5105008740480402,0.8168013984768644,0.0002432262065733608
100,16,0.1,11,0.5742635287997099,0.8352924055268507,0.00022797786575025778
100,16,0.1,12,0.6439907877279082,0.858654383637211,0.00018939062089733813
100,16,0.1,13,0.7249444506064325,0.8922393238233016,0.000168497572089235
100,16,0.1,14,0.8035286016111719,0.9183184018413393,0.00011741090974551982
100,16,0.1,15,0.937523015993679,1.0000245503932577,3.9471931883735856e-05
100,16,0.11,1,0.06250000000000001,1.0000000000000002,0.0
100,16,0.11,2,0.11408868439186991,0.9127094751349593,0.0002114368934555542
100,16,0.11,3,0.16109828939831433,0.8591908767910098,0.0002557184167815682
100,16,0.11,4,0.20683356407438258,0.8273342562975303,0.0002723321391477411
100,16,0.11,5,0.2529322895798225,0.809383326655432,0.0002782417464096089
100,16,0.11,6,0.30039239220721786,0.8010463792192476,0.00027745031567677996
100,16,0.11,7,0.349937356428874,0.799856814694569,0.00027295595240915725
100,16,0.11,8,0.40216144635986617,0.8043228927197323,0.00026412394757536844
100,16,0.11,9,0.4577068116471,0.8137009984837332,0.00024961677131545815
100,16,0.11,10,0.5176748127043531,0.8282797003269651,0.00023322471507567475
100,16,0.11,11,0.5815558763863091,0.8458994565619041,0.00021875636697957202
100,16,0.11,12,0.6508664779439383,0.8678219705919177,0.00018055737737505148
100,16,0.11,13,0.7312802474672094,0.9000372276519499,0.000158812300164875
100,16,0.11,14,0.8085255436175867,0.9240291927058132,0.00011161701054252603
100,16,0.11,15,0.937530515586004,1.0000325499584042,3.7478059489211404e-05
100,16,0.12,1,0.06250000000000001,1.0000000000000002,6.302309801775165e-19
100,16,0.12,2,0.11477772929581037,0.918221834366483,0.00020474724478092185
100,16,0.12,3,0.16263306286684523,0.8673763352898414,0.0002482615504712683
100,16,0.12,4,0.20925985711835485,0.8370394284734194,0.00026488379735072445
100,16,0.12,5,0.256241800962359,0.8199737630795487,0.0002706146276944123
100,16,0.12,6,0.30449089055186535,0.8119757081383077,0.0002695548603358225
100,16,0.12,7,0.3548179142787845,0.8110123754943646,0.00026482757547510786
100,16,0.12,8,0.40765977393948605,0.8153195478789721,0.000255461438626233
100,16,0.12,9,0.4636808034406651,0.8243214283389602,0.0002405850636854596
100,16,0.12,10,0.5239323733473392,0.8382917973557429,0.0002237086643644518
100,16,0.12,11,0.5880078515146296,0.8552841476576433,0.00020963136292249156
100,16,0.12,12,0.6569483172445052,0.8759310896593403,0.00017248368305563204
100,16,0.12,13,0.7368422416228433,0.9068827589204226,0.0001499414239246932
100,16,0.12,14,0.8129696309645879,0.9291081496738147,0.00010624589976433739
100,16,0.12,15,0.937537887674104,1.0000404135190442,3.5632836176357654e-05
100,16,0.13,1,0.06250000000000001,1.0000000000000002,1.1822695310526112e-18
100,16,0.13,2,0.11540625663369837,0.923250053069587,0.00019909957669387538
100,16,0.13,3,0.1640584851895018,0.8749785876773429,0.00024202722756517354
100,16,0.13,4,0.21149806158146078,0.8459922463258431,0.0002584440024517364
100,16,0.13,5,0.25928199391898055,0.8297023805407377,0.0002640913684118699
100,16,0.13,6,0.3083095304145637,0.8221587477721699,0.0002630832409979836
100,16,0.13,7,0.3592801511772745,0.8212117741194848,0.000257770586626296
100,16,0.13,8,0.41270091824633026,0.8254018364926605,0.00024846748439054665
100,16,0.13,9,0.4691558976493614,0.8340549291544201,0.00023308754060290536
100,16,0.13,10,0.5297525826870475,0.8476041322992761,0.00021569867796077984
100,16,0.13,11,0.5938376493088211,0.8637638535401033,0.00020179653930685071
100,16,0.13,12,0.6624484783909766,0.8832646378546355,0.000165763949570816
100,16,0.13,13,0.7415621749000572,0.9126919075693012,0.00014239376403558606
100,16,0.13,14,0.8169739487983622,0.9336845129124139,0.00010166705436732107
100,16,0.13,15,0.9375427460761133,1.0000455958145207,3.413112828517889e-05
100,16,0.14,1,0.06249999999999999,0.9999999999999999,1.115247448793393e-18
100,16,0.14,2,0.11596403785019462,0.9277123028015569,0.00019344655417373666
100,16,0.14,3,0.16532145120203426,0.8817144064108494,0.00023579953074136925
100,16,0.14,4,0.21349884519631845,0.8539953807852738,0.00025203202821571694
100,16,0.14,5,0.2620051568393864,0.8384165018860366,0.0002576455070068091
100,16,0.14,6,0.31170345244641323,0.8312092065237686,0.00025625460169650813
100,16,0.14,7,0.363318999003511,0.8304434262937395,0.0002511837829202831
100,16,0.14,8,0.4172222787124428,0.8344445574248855,0.00024149926345268642
100,16,0.14,9,0.4740602443544459,0.8427737677412371,0.00022616715952619178
100,16,0.14,10,0.5349104446190438,0.85585671139047,0.0002084608295808041
100,16,0.14,11,0.5990814868068458,0.8713912535372302,0.00019497867693710278
100,16,0.14,12,0.6673662452700531,0.8898216603600707,0.000159559535173688
100,16,0.14,13,0.7459030975719801,0.9180345816270525,0.00013617847492849625
100,16,0.14,14,0.8205438846103453,0.9377644395546803,9.739989017090089e-05
100,16,0.14,15,0.9375282434073889,1.000030126301215,3.28284776256028e-05
100,16,0.15,1,0.06250000000000001,1.0000000000000002,1.0571616441687373e-18
100,16,0.15,2,0.11648877880124331,0.9319102304099465,0.00018813948233007972
100,16,0.15,3,0.1665110571469566,0.8880589714504353,0.00023020099839103753
100,16,0.15,4,0.21538323298747705,0.8615329319499082,0.00024675077386495395
100,16,0.15,5,0.264567151241965,0.846614883974288,0.00025219264603663265
100,16,0.15,6,0.3149025857748655,0.8397402287329748,0.0002506590877062524
100,16,0.15,7,0.36706497126296134,0.8390056486010545,0.00024515466196697167
100,16,0.15,8,0.4214682762707672,0.8429365525415344,0.00023560740672773923
100,16,0.15,9,0.4786449020111017,0.8509242702419585,0.00021990341849580412
100,16,0.15,10,0.5396857882830477,0.8634972612528764,0.0002020089134879488
100,16,0.15,11,0.60402319519718,0.8785791930140799,0.00018913056706681717
100,16,0.15,12,0.6719301046097289,0.8959068061463054,0.00015385162861250188
100,16,0.15,13,0.7500185222537853,0.9230997196969666,0.00013063736333896754
100,16,0.15,14,0.8238324517616648,0.9415228020133312,9.325953833661888e-05
100,16,0.15,15,0.9375396300246921,1.0000422720263382,3.162042714112367e-05
100,16,0.16,1,0.0625,1.0,0.0
100,16,0.16,2,0.11695808419861771,0.9356646735889417,0.0001831998817059305
100,16,0.16,3,0.1675752767530352,0.8937348093495211,0.00022490424923997507
100,16,0.16,4,0.2170706078631814,0.8682824314527255,0.00024085826217151368
100,16,0.16,5,0.26688212838476755,0.8540228108312563,0.0002462283463981784
100,16,0.16,6,0.3177966731859466,0.8474577951625244,0.00024467621481119264
100,16,0.16,7,0.37047098563055686,0.8467908242984157,0.00023907260154881966
100,16,0.16,8,0.4252853050879028,0.8505706101758056,0.00022921774995033784
100,16,0.16,9,0.48276849461926585,0.8582551015453616,0.00021344492234184876
100,16,0.16,10,0.5439929850428558,0.8703887760685692,0.00019555187948594726
100,16,0.16,11,0.608307558113155,0.8848109936191345,0.00018226102997858618
100,16,0.16,12,0.6759643124575552,0.9012857499434069,0.000148629610863283
100,16,0.16,13,0.7537538625212914,0.9276970615646665,0.00012535998495373103
100,16,0.16,14,0.8267303643050108,0.9448347020628696,8.917090172053563e-05
100,16,0.16,15,0.9375229211359902,1.000024449211723,3.0511049820798183e-05
100,16,0.17,1,0.062499999999999965,0.9999999999999994,4.807454535699463e-19
100,16,0.17,2,0.1173847598462095,0.939078078769676,0.0001783504550015733
100,16,0.17,3,0.16855240549903355,0.8989461626615121,0.00021944923314192786
100,16,0.17,4,0.2186526815883448,0.8746107263533792,0.0002351965287873557
100,16,0.17,5,0.2690350263138905,0.8609120842044494,0.0002406014015372817
100,16,0.17,6,0.32049277371378254,0.8546473965700867,0.00023878316921001761
100,16,0.17,7,0.3736436631989387,0.8540426587404313,0.00023317646199759386
100,16,0.17,8,0.4288265926001217,0.8576531852002434,0.00022319525673797241
100,16,0.17,9,0.4865921970934179,0.8650527948327429,0.0002075675401910243
100,16,0.17,10,0.5480436646009152,0.8768698633614643,0.00018950745309450164
100,16,0.17,11,0.6122712056673292,0.890576299152479,0.00017610885300340168
100,16,0.17,12,0.6797164251117509,0.9062885668156678,0.00014385371881591127
100,16,0.17,13,0.7570803475482426,0.9317911969824525,0.00012047213010606922
100,16,0.17,14,0.829386451036581,0.9478702297560926,8.540651588231918e-05
100,16,0.17,15,0.9375205779538488,1.0000219498174387,2.9519130382134275e-05
100,16,0.18,1,0.06249999999999999,0.9999999999999999,1.3824421500668097e-18
100,16,0.18,2,0.1178031164826069,0.9424249318608552,0.00017404600028846713
100,16,0.18,3,0.16949062132662127,0.9039499804086468,0.00021429731954370967
100,16,0.18,4,0.2201333333046938,0.8805333332187752,0.00022976374115140535
100,16,0.18,5,0.2710573697508399,0.8673835832026877,0.00023510398443011323
100,16,0.18,6,0.3230156169668875,0.8613749785783669,0.00023317822157673413
100,16,0.18,7,0.3765802666318297,0.8607548951584679,0.00022751182664253476
100,16,0.18,8,0.43213997747943933,0.8642799549588787,0.00021776516210241168
100,16,0.18,9,0.4901680648625059,0.8714098930888996,0.00020194469617671213
100,16,0.18,10,0.5517437941504912,0.8827900706407862,0.00018401760554854078
100,16,0.18,11,0.6159755290342714,0.8959644058680313,0.0001708414519085648
100,16,0.18,12,0.6831976983733994,0.9109302644978661,0.00013930771411920173
100,16,0.18,13,0.7602389922290822,0.935678759666563,0.00011602591884390027
100,16,0.18,14,0.8318000285162378,0.9506286040185576,8.19459888232405e-05
100,16,0.18,15,0.9375214409553947,1.0000228703524212,2.8584973259656264e-05
100,16,0.19,1,0.0625,1.0,1.32894206685989e-18
100,16,0.19,2,0.1181684862975508,0.9453478903804065,0.00016956326598908987
100,16,0.19,3,0.17035343308357923,0.9085516431124224,0.00020936948270482443
100,16,0.19,4,0.22152921286456323,0.8861168514582529,0.0002246707274275287
100,16,0.19,5,0.27293503859012025,0.8733921234883848,0.00022983196264210226
100,16,0.19,6,0.3253431646763071,0.8675817724701522,0.0002277550108234699
100,16,0.19,7,0.3793336499473241,0.8670483427367408,0.000222161478549813
100,16,0.19,8,0.4352295082243403,0.8704590164486806,0.00021233198032398007
100,16,0.19,9,0.4934880258362219,0.8773120459310613,0.0001962696649000413
100,16,0.19,10,0.555172430489572,0.8882758887833153,0.00017862892932584678
100,16,0.19,11,0.6194360284941077,0.9009978596277931,0.00016578287005671063
100,16,0.19,12,0.6864316902595587,0.9152422536794116,0.00013469621057122478
100,16,0.19,13,0.7629566528530413,0.9390235727422047,0.000111507991071203
100,16,0.19,14,0.8339951904458732,0.9531373605095694,7.864474143621052e-05
100,16,0.19,15,0.9375224378076428,1.000023933661486,2.7670486623526354e-05
100,16,0.2,1,0.06249999999999998,0.9999999999999997,8.538613279824416e-19
100,16,0.2,2,0.11852701527444708,0.9482161221955766,0.00016545212816500786
100,16,0.2,3,0.1711748640085734,0.912932608045725,0.0002049831722826722
100,16,0.2,4,0.2228291795105986,0.8913167180423944,0.0002198236908287915
100,16,0.2,5,0.27474950675313425,0.8791984216100296,0.00022529990921997577
100,16,0.2,6,0.3275990217825449,0.8735973914201197,0.00022316073255418254
100,16,0.2,7,0.3819609695517278,0.8730536446896636,0.00021752020721453608
100,16,0.2,8,0.4381013425928245,0.876202685185649,0.00020717726673414458
100,16,0.2,9,0.4965738292840095,0.8827979187271281,0.00019138120820753944
100,16,0.2,10,0.5583723159557218,0.893395705529155,0.00017387688939204992
100,16,0.2,11,0.6226112101186944,0.9056163056271919,0.00016094091937813313
100,16,0.2,12,0.6894453155187545,0.9192604206916728,0.00013066645713123113
100,16,0.2,13,0.7653431180901334,0.9419607607263181,0.00010745840848356738
100,16,0.2,14,0.8360249616877683,0.9554570990717353,7.583205167149225e-05
100,16,0.2,15,0.93752847434117,1.0000303726305813,2.6852929138795924e-05
100,16,0.25,1,0.0625,1.0,0.0
100,16,0.25,2,0.11992831269602706,0.9594265015682165,0.00014758501280382545
100,16,0.25,3,0.1744999225071523,0.9306662533714788,0.0001847906204529205
100,16,0.25,4,0.22813453674643944,0.9125381469857577,0.00019827915644922826
100,16,0.25,5,0.28194347417439475,0.9022191173580634,0.0002032297215261764
100,16,0.25,6,0.33656463580697676,0.8975056954852714,0.00020097097198848053
100,16,0.25,7,0.3924509698623439,0.8970307882567861,0.0001955279651671576
100,16,0.25,8,0.4498134828183732,0.8996269656367464,0.00018531738966118957
100,16,0.25,9,0.5091603907460666,0.9051740279930073,0.00016984526718901466
100,16,0.25,10,0.5714159592887996,0.9142655348620794,0.00015306285082891633
100,16,0.25,11,0.6353453466624639,0.924138686054493,0.0001408792336434039
100,16,0.25,12,0.701520792955479,0.9353610572739719,0.0001137622968754777
100,16,0.25,13,0.7748736644674289,0.9536906639599126,9.257441964821754e-05
100,16,0.25,14,0.8441292382898968,0.9647191294741677,6.52711322882641e-05
100,16,0.25,15,0.93751460961544,1.0000155835898026,2.3546560645359593e-05
100,16,0.5,1,0.06250000000000001,1.0000000000000002,1.463762276541328e-18
100,16,0.5,2,0.12309638258837466,0.9847710607069973,9.247565933863156e-05
100,16,0.5,3,0.1822634019922378,0.9720714772919351,0.0001190909291417153
100,16,0.5,4,0.24094208103043807,0.9637683241217523,0.00013057217573972558
100,16,0.5,5,0.29944112331553774,0.9582115946097207,0.0001331487060955138
100,16,0.5,6,0.3582906440061783,0.955441717349809,0.00013217411663109293
100,16,0.5,7,0.41777230250260167,0.9549081200059468,0.00012742205711676813
100,16,0.5,8,0.47803956663515706,0.9560791332703141,0.0001190831578146588
100,16,0.5,9,0.5393821283124346,0.9589015614443281,0.00010901152637881936
100,16,0.5,10,0.6017934164953956,0.9628694663926332,9.96285614140994e-05
100,16,0.5,11,0.6648269556650476,0.9670210264218875,8.778100486342915e-05
100,16,0.5,12,0.7297446734995088,0.9729928979993452,7.046092923275152e-05
100,16,0.5,13,0.7970706685843845,0.9810100536423194,5.6542028611070946e-05
100,16,0.5,14,0.8630851108948598,0.9863829838798399,3.97985200924209e-05
100,16,0.5,15,0.9375159151197762,1.000016976127761,1.5143328028002719e-05
100,16,1.0,1,0.0625,1.0,0.0
100,16,1.0,2,0.12460022680744703,0.9968018144595763,4.662559857759135e-05
100,16,1.0,3,0.18608295141061235,0.992442407523266,6.383237806565771e-05
100,16,1.0,4,0.2473249854218008,0.9892999416872033,7.150378071301359e-05
100,16,1.0,5,0.30858531953260215,0.9874730225043269,7.528313578681838e-05
100,16,1.0,6,0.36979926119621426,0.9861313631899047,7.476655513110678e-05
100,16,1.0,7,0.4313348799964904,0.9859082971348352,7.308056126679262e-05
100,16,1.0,8,0.49317416598152075,0.9863483319630415,6.851293583865865e-05
100,16,1.0,9,0.5551674244502188,0.9869643101337222,6.204000604682421e-05
100,16,1.0,10,0.6173631756641206,0.9877810810625929,5.4952707201412765e-05
100,16,1.0,11,0.6802788184071993,0.9894964631377444,4.725264384159877e-05
100,16,1.0,12,0.7443342686196507,0.9924456914928675,3.910899760661811e-05
100,16,1.0,13,0.8084159588415879,0.9949734878050314,3.0504047152632952e-05
100,16,1.0,14,0.8730183068674067,0.9977352078484647,1.9993152397655987e-05
100,16,1.0,15,0.9375122828041684,1.0000131016577796,9.022846258317038e-06
100,32,0.01,1,0.031249999999999993,0.9999999999999998,0.0
100,32,0.01,2,0.048104012223223726,0.7696641955715796,0.00033496954528272567
100,32,0.01,3,0.06055007440298348,0.6458674602984905,0.00038327381415266645
100,32,0.01,4,0.07121810659396036,0.5697448527516829,0.0003998421294193995
100,32,0.01,5,0.08108133491355043,0.5189205434467228,0.0004078622921291266
100,32,0.01,6,0.0905916552677664,0.48315549476142083,0.00041152717851943217
100,32,0.01,7,0.10004933426132327,0.4573683851946206,0.00041452769382021665
100,32,0.01,8,0.10965355271058701,0.43861421084234803,0.0004182329593652578
100,32,0.01,9,0.11946252597288308,0.4247556479035842,0.00042091272420330785
100,32,0.01,10,0.1296297483017066,0.4148151945654611,0.00042448685035172525
100,32,0.01,11,0.14025945659179662,0.40802751008522653,0.00042799024613978965
100,32,0.01,12,0.15146840786748814,0.4039157543133017,0.0004324794546250579
100,32,0.01,13,0.16331863921516887,0.40201511191426176,0.00043777326956798254
100,32,0.01,14,0.1759976658762136,0.40228037914563103,0.00044283755887075573
100,32,0.01,15,0.18955037505856775,0.40437413345827783,0.00044848514883195505
100,32,0.01,16,0.2041896986110965,0.408379397222193,0.00045514421969498236
100,32,0.01,17,0.22000141163239356,0.41412030424921137,0.00046187092633713994
100,32,0.01,18,0.23722553845380032,0.4217342905845339,0.0004688154883493383
100,32,0.01,19,0.25610554181613093,0.43133564937453633,0.0004759925086053561
100,32,0.01,20,0.27692682706170596,0.44308292329872956,0.0004832975582135358
100,32,0.01,21,0.2999763267781416,0.4571067836619302,0.0004901147953710373
100,32,0.01,22,0.32577655603175487,0.4738568087734616,0.0004965639739643441
100,32,0.01,23,0.35480761017159756,0.493645370673527,0.0005020306746220601
100,32,0.01,24,0.38771491187232954,0.5169532158297728,0.000505547590452753
100,32,0.01,25,0.4254003505299908,0.5445124486783883,0.0005061092509107139
100,32,0.01,26,0.4690964528259072,0.5773494804011164,0.0005018642121101416
100,32,0.01,27,0.5204982951062778,0.6168868682741069,0.0004896477009620731
100,32,0.01,28,0.5815074611780087,0.6645799556320098,0.0004657902528771268
100,32,0.01,29,0.6576975046819286,0.7257351775800591,0.00042639368626177154
100,32,0.01,30,0.7466731971887031,0.7964514103346165,0.0003312572529033623
100,32,0.01,31,0.9688384112579502,1.000091263234013,6.772657027780513e-05
100,32,0.02,1,0.03125,1.0,1.2699154250576954e-18
100,32,0.02,2,0.050052221120417316,0.800835537926677,0.0003146916546589838
100,32,0.02,3,0.06467392945347634,0.6898552475037478,0.00036535270516011335
100,32,0.02,4,0.07750101741086649,0.6200081392869319,0.00038427404247828525
100,32,0.02,5,0.08956486132074727,0.5732151124527827,0.0003944241153604473
100,32,0.02,6,0.10130691943477901,0.5403035703188215,0.00039997358673213827
100,32,0.02,7,0.1130448154215629,0.5167762990700019,0.00040359524899881053
100,32,0.02,8,0.12496106764653903,0.4998442705861561,0.00040748650267506627
100,32,0.02,9,0.1371260463883443,0.4875592760474465,0.0004101477252560987
100,32,0.02,10,0.1497328394452243,0.4791450862247178,0.0004134154925910591
100,32,0.02,11,0.16287795826257642,0.47382678767294967,0.0004165178670507617
100,32,0.02,12,0.17665401066291836,0.4710773617677823,0.00041997747112328414
100,32,0.02,13,0.19117316803837872,0.47058010594062455,0.00042349028578709494
100,32,0.02,14,0.20659242385609913,0.4722112545282267,0.00042675117734371475
100,32,0.02,15,0.22295696377842286,0.4756415227273022,0.0004299571496889001
100,32,0.02,16,0.24046660291085434,0.4809332058217087,0.0004337920574464393
100,32,0.02,17,0.2592702508805634,0.48803811930458985,0.00043750345860410836
100,32,0.02,18,0.2795491072321497,0.4969761906349328,0.000440665733471513
100,32,0.02,19,0.3014909923633285,0.5077743029277111,0.00044350864024141247
100,32,0.02,20,0.32540048613439193,0.5206407778150272,0.00044567487105016084
100,32,0.02,21,0.3515612009999456,0.5357123062856314,0.00044665937447571386
100,32,0.02,22,0.3803660726101732,0.5532597419784338,0.00044638095008478484
100,32,0.02,23,0.41225134560955806,0.5735670895437329,0.0004444735558433105
100,32,0.02,24,0.447753246606893,0.5970043288091907,0.00043958096302758266
100,32,0.02,25,0.48755950439010803,0.6240761656193383,0.00043089391287703054
100,32,0.02,26,0.5326049052740747,0.6555137295680918,0.000417841029095969
100,32,0.02,27,0.5842084552990643,0.6923952062803727,0.0003948918983036086
100,32,0.02,28,0.643175785429202,0.7350580404905166,0.0003666519838389031
100,32,0.02,29,0.7153324584045538,0.7893323678946802,0.0003144656465186543
100,32,0.02,30,0.7918308298684371,0.8446195518596665,0.00024715000906152027
100,32,0.02,31,0.968794653101187,1.0000460935238058,4.786755348213085e-05
100,32,0.03,1,0.031249999999999997,0.9999999999999997,1.1505216671462884e-18
100,32,0.03,2,0.051439472957444214,0.8230315673191072,0.00029867828769852465
100,32,0.03,3,0.06760407222143087,0.7211101036952626,0.000351204779363685
100,32,0.03,4,0.08208224074038642,0.6566579259230911,0.000372772702668103
100,32,0.03,5,0.09580749291769873,0.6131679546732718,0.00038366351343535366
100,32,0.03,6,0.10924434495646426,0.5826365064344761,0.00039021531658809197
100,32,0.03,7,0.122691929468185,0.56087739185456,0.00039486650850982036
100,32,0.03,8,0.13634401200953897,0.5453760480381558,0.00039873558043943284
100,32,0.03,9,0.15029657254198034,0.5343878134825967,0.0004014789090949807
100,32,0.03,10,0.16469171414542166,0.5270134852653493,0.00040433696427561567
100,32,0.03,11,0.17967462896776987,0.5226898297244215,0.00040656468451174735
100,32,0.03,12,0.19532033602724266,0.5208542294059804,0.00040879755384088675
100,32,0.03,13,0.21173482757571394,0.5211934217248342,0.0004108799170984545
100,32,0.03,14,0.2290910042427741,0.5236365811263407,0.0004128071823932719
100,32,0.03,15,0.24739810999410325,0.5277826346540868,0.00041442762316042884
100,32,0.03,16,0.26688525689424064,0.5337705137884812,0.00041602596142241194
100,32,0.03,17,0.28770116925120337,0.5415551421199122,0.00041742954472447026
100,32,0.03,18,0.30997516863919045,0.5510669664696719,0.0004177099434483405
100,32,0.03,19,0.33388824493945773,0.5623380967401392,0.0004176125517666581
100,32,0.03,20,0.35970889761905445,0.575534236190487,0.00041630665460288293
100,32,0.03,21,0.3876895370739932,0.5907650088746562,0.0004134794605724235
100,32,0.03,22,0.41817216698961795,0.6082504247121715,0.00040906289636150913
100,32,0.03,23,0.45151043751388786,0.628188434801931,0.0004027215738993086
100,32,0.03,24,0.4881616893037801,0.6508822524050402,0.0003934904996972569
100,32,0.03,25,0.5286492801995115,0.6766710786553746,0.0003799048056006037
100,32,0.03,26,0.5738102190289961,0.7062279618818413,0.00036338479755463547
100,32,0.03,27,0.6244854834497368,0.740130943347836,0.0003348673660284645
100,32,0.03,28,0.6812972192288097,0.7786253934043539,0.00030921553897551087
100,32,0.03,29,0.7492043010886722,0.8267081943047416,0.00024949696351302667
100,32,0.03,30,0.8186216235051909,0.8731963984055369,0.00020279689701032755
100,32,0.03,31,0.9688274617632904,1.000079960529848,3.89544267669748e-05
100,32,0.04,1,0.03125,1.0,8.791722173476356e-19
100,32,0.04,2,0.05250322569990334,0.8400516111984534,0.00028508256751279997
100,32,0.04,3,0.06992084557240502,0.7458223527723202,0.0003383396006673397
100,32,0.04,4,0.08570525774299838,0.685642061943987,0.0003606159457214786
100,32,0.04,5,0.1007558459530807,0.6448374140997164,0.00037233754297010923
100,32,0.04,6,0.11553833031507521,0.6162044283470678,0.0003791966763351069
100,32,0.04,7,0.13035051669055356,0.5958880762996733,0.00038435201790224877
100,32,0.04,8,0.1453779516880773,0.5815118067523092,0.00038805779832205427
100,32,0.04,9,0.1607286259761305,0.5714795590262417,0.00039079241463741397
100,32,0.04,10,0.17654279619989355,0.5649369478396594,0.0003930203224838848
100,32,0.04,11,0.19296916625700272,0.5613648472930989,0.00039450945270144846
100,32,0.04,12,0.21006655991768375,0.5601774931138234,0.00039571138682930793
100,32,0.04,13,0.2279562467955218,0.5611230690351305,0.00039656761042518177
100,32,0.04,14,0.24677010295044705,0.5640459496010218,0.00039702258048861586
100,32,0.04,15,0.2665461752225304,0.5686318404747315,0.0003973157986486582
100,32,0.04,16,0.2875088601903708,0.5750177203807416,0.00039740640223928495
100,32,0.04,17,0.30976574006593743,0.5830884518888233,0.00039687230800867867
100,32,0.04,18,0.33346141662417533,0.5928202962207562,0.0003952830880536885
100,32,0.04,19,0.3587577531065397,0.6042235841794352,0.0003930730098327565
100,32,0.04,20,0.3858772718138988,0.6174036349022382,0.0003894290225699007
100,32,0.04,21,0.41504271075404703,0.6324460354347382,0.0003841098276329266
100,32,0.04,22,0.44654089502663946,0.6495140291296575,0.0003771570714007808
100,32,0.04,23,0.48068065867659754,0.6687730903326574,0.00036811332715200063
100,32,0.04,24,0.5178859235153507,0.6905145646871341,0.00035636141634407605
100,32,0.04,25,0.5584955364286776,0.7148742866287073,0.0003402020090457873
100,32,0.04,26,0.6033888210689321,0.7426323951617625,0.00032233294347670886
100,32,0.04,27,0.6528092919319826,0.7736999015490162,0.00029142296161806133
100,32,0.04,28,0.7079590319769042,0.8090960365450334,0.0002688944653951429
100,32,0.04,29,0.7717357494868079,0.8515704821923396,0.00020710301288284785
100,32,0.04,30,0.8369089706861637,0.8927029020652413,0.0001719185842408259
100,32,0.04,31,0.9688138759515513,1.0000659364661175,3.348929369541403e-05
100,32,0.05,1,0.031249999999999983,0.9999999999999994,1.4327250949368874e-18
100,32,0.05,2,0.0533804622081495,0.854087395330392,0.00027308962653777193
100,32,0.05,3,0.07184662447374952,0.7663639943866616,0.00032662097595975226
100,32,0.05,4,0.08872224409906504,0.7097779527925203,0.0003498184165787949
100,32,0.05,5,0.10490390512584573,0.6713849928054125,0.0003622390576606938
100,32,0.05,6,0.120835990960931,0.6444586184582987,0.0003695997494820996
100,32,0.05,7,0.13679741721193722,0.6253596215402845,0.0003749608397897353
100,32,0.05,8,0.15298778559513165,0.6119511423805266,0.00037860628749496357
100,32,0.05,9,0.1695063575008953,0.6026892711142944,0.00038096204454243077
100,32,0.05,10,0.1865062752205651,0.5968200807058082,0.0003823806057450168
100,32,0.05,11,0.20412149592180728,0.5938079881361666,0.0003834806241727583
100,32,0.05,12,0.2224088547866082,0.5930902794309552,0.0003841082676493056
100,32,0.05,13,0.2414761857004081,0.5944029186471584,0.00038431102796280533
100,32,0.05,14,0.2614644173265629,0.5976329538892866,0.00038401939890275684
100,32,0.05,15,0.28241782650392705,0.6024913632083777,0.0003831089719262579
100,32,0.05,16,0.30454260926765864,0.6090852185353173,0.00038186181592865927
100,32,0.05,17,0.32791304635862584,0.6172480872632957,0.00037980538469253676
100,32,0.05,18,0.3526701906390126,0.626969227802689,0.0003767726765429825
100,32,0.05,19,0.3789940281359674,0.6383057315974188,0.00037296767459505173
100,32,0.05,20,0.40704740639902903,0.6512758502384464,0.00036764902863586034
100,32,0.05,21,0.4370380435838088,0.6659627330800896,0.0003605963805861662
100,32,0.05,22,0.4692236223746968,0.682507087090468,0.00035183669690749136
100,32,0.05,23,0.5038443320320025,0.7010008097836558,0.00034125958804963704
100,32,0.05,24,0.5413188772516039,0.7217585030021385,0.00032780177724697936
100,32,0.05,25,0.5818038403438359,0.7447089156401099,0.00031058304410004644
100,32,0.05,26,0.6263030940519425,0.7708345772946985,0.00029166403219912804
100,32,0.05,27,0.6743692076881824,0.799252394297105,0.00026034245543174163
100,32,0.05,28,0.7282303896039001,0.8322633024044571,0.00023946224832868047
100,32,0.05,29,0.7882347317021878,0.8697762556713797,0.00017882532551049575
100,32,0.05,30,0.8504998528968071,0.9071998430899275,0.00014980481324656318
100,32,0.05,31,0.9688117297047998,1.0000637209855998,2.9837870013436987e-05
100,32,0.06,1,0.03125000000000001,1.0000000000000002,0.0
100,32,0.06,2,0.0541241714210954,0.8659867427375264,0.00026292341139434695
100,32,0.06,3,0.07348787018769376,0.7838706153354,0.0003167975110302563
100,32,0.06,4,0.09130744554568532,0.7304595643654825,0.00034023388265735655
100,32,0.06,5,0.10845122431949823,0.6940878356447886,0.0003530575069362198
100,32,0.06,6,0.12535972717119764,0.6685852115797208,0.0003602880865798661
100,32,0.06,7,0.14231136657920218,0.6505662472192099,0.0003653278164110999
100,32,0.06,8,0.15950045941358007,0.6380018376543203,0.00036842738854540446
100,32,0.06,9,0.1770245265222017,0.6294205387456059,0.0003706457092612126
100,32,0.06,10,0.19503672536602126,0.624117521171268,0.00037148054373810797
100,32,0.06,11,0.21364841235120433,0.6215226541125944,0.00037177211250709037
100,32,0.06,12,0.23292618850682478,0.6211365026848661,0.0003718515596133025
100,32,0.06,13,0.2529875009454118,0.622738463865629,0.00037120674600056987
100,32,0.06,14,0.27395514837234736,0.6261831962796511,0.00037010069763873606
100,32,0.06,15,0.2958694447937242,0.6311881488932781,0.00036822596774625636
100,32,0.06,16,0.31892820540589184,0.6378564108117837,0.0003659448919667597
100,32,0.06,17,0.3432005454005766,0.6460245560481442,0.00036274455523553487
100,32,0.06,18,0.36879566451254203,0.6556367369111858,0.0003585549820234973
100,32,0.06,19,0.39589985247765697,0.6667786989097381,0.00035354830824897433
100,32,0.06,20,0.4246446909278364,0.6794315054845382,0.0003469384708849719
100,32,0.06,21,0.45523190186123025,0.6936867075980652,0.00033890532928498613
100,32,0.06,22,0.48787437409669143,0.7096354532315513,0.00032890808212144126
100,32,0.06,23,0.5227730316411691,0.7273363918485831,0.00031744791274218576
100,32,0.06,24,0.5603180857405369,0.7470907809873824,0.0003027534261034589
100,32,0.06,25,0.6005316997658157,0.7686805757002441,0.000285377632192313
100,32,0.06,26,0.6445892771807702,0.793340648837871,0.00026553239251858954
100,32,0.06,27,0.691360662928727,0.8193904153229357,0.00023535363271738296
100,32,0.06,28,0.7440978136419601,0.8503975013050973,0.00021486542241624685
100,32,0.06,29,0.8008491383353745,0.8836956009217924,0.00015789140822939103
100,32,0.06,30,0.8609406588553963,0.9183367027790893,0.0001321236628681623
100,32,0.06,31,0.9687954530971989,1.0000469193261408,2.7048474284737968e-05
100,32,0.07,1,0.03125,1.0,5.302943533207961e-19
100,32,0.07,2,0.054766936425324986,0.8762709828051998,0.00025360961301868244
100,32,0.07,3,0.07492555840361606,0.799205956305238,0.0003077750636414564
100,32,0.07,4,0.09357898034815101,0.7486318427852081,0.00033178977701660766
100,32,0.07,5,0.11156472749994026,0.7140142559996175,0.00034484654925609563
100,32,0.07,6,0.1293488104390616,0.6898603223416621,0.00035262541940967335
100,32,0.07,7,0.14718572820799597,0.672849043236553,0.0003578056267375667
100,32,0.07,8,0.16524781710825606,0.6609912684330242,0.00036066450092240345
100,32,0.07,9,0.1836572208017413,0.6530034517395246,0.0003623694213727289
100,32,0.07,10,0.20253950736013268,0.6481264235524246,0.00036279403724585445
100,32,0.07,11,0.2220279632297854,0.6458995293957395,0.00036267648446894574
100,32,0.07,12,0.2421684647839516,0.6457825727572043,0.00036202456259048225
100,32,0.07,13,0.2630848545994743,0.6475934882448598,0.00036080663554390746
100,32,0.07,14,0.28488723254034515,0.6511708172350745,0.0003588841679218678
100,32,0.07,15,0.30761474289375035,0.6562447848400007,0.0003562159222636985
100,32,0.07,16,0.33146035328183754,0.6629207065636751,0.00035305829731885785
100,32,0.07,17,0.35646499017719574,0.6709929226864861,0.0003489671070938584
100,32,0.07,18,0.3827348198867653,0.6804174575764717,0.00034376488952767985
100,32,0.07,19,0.41045137004557936,0.691286517971502,0.00033783108432417554
100,32,0.07,20,0.4397382974294696,0.7035812758871514,0.00033029278312422594
100,32,0.07,21,0.47076538659771977,0.7173567795774777,0.00032141100151712233
100,32,0.07,22,0.5037255757357288,0.7326917465246966,0.00031050960071117524
100,32,0.07,23,0.5387742722732307,0.7495989875105818,0.0002983932093934565
100,32,0.07,24,0.5763021744680346,0.7684028992907128,0.0002826837795918988
100,32,0.07,25,0.6161948553939072,0.7887294149042011,0.0002655671047312044
100,32,0.07,26,0.6597636553491244,0.8120168065835378,0.00024469813596103947
100,32,0.07,27,0.705364214590446,0.8359872172923803,0.00021624163601541928
100,32,0.07,28,0.7571207860414885,0.8652808983331296,0.0001955436586624045
100,32,0.07,29,0.8110783879526919,0.8949830487753843,0.00014236900599174745
100,32,0.07,30,0.8693370084146881,0.9272928089756672,0.00011828056632752333
100,32,0.07,31,0.9687863118212723,1.0000374831703456,2.4960311862244706e-05
100,32,0.08,1,0.031249999999999993,0.9999999999999997,0.0
100,32,0.08,2,0.0553186709512676,0.8850987352202815,0.0002453038073139832
100,32,0.08,3,0.07616836017851922,0.8124625085708715,0.0002988603536086724
100,32,0.08,4,0.09556796281381873,0.7645437025105497,0.00032321798950866516
100,32,0.08,5,0.1143220549547864,0.731661151710633,0.00033671407703769236
100,32,0.08,6,0.1328783958765129,0.7086847780080687,0.0003442255600348141
100,32,0.08,7,0.15148075963699942,0.692483472626283,0.0003494425028307976
100,32,0.08,8,0.17032263141594348,0.6812905256637738,0.000352334197187046
100,32,0.08,9,0.18951448912653573,0.6738292946721272,0.0003538908694566896
100,32,0.08,10,0.20915973595575918,0.6693111550584294,0.00035394932617021946
100,32,0.08,11,0.22940237823590381,0.667352373049902,0.0003534309472413678
100,32,0.08,12,0.25028494687360103,0.6674265249962693,0.0003521784713527796
100,32,0.08,13,0.27193683725506906,0.6693829840124776,0.00035028306873163454
100,32,0.08,14,0.2944527250356547,0.6730348000814965,0.0003477334549529418
100,32,0.08,15,0.31787747696271884,0.6781386175204668,0.00034428255085150586
100,32,0.08,16,0.34237441055853995,0.6847488211170798,0.00034036471077465404
100,32,0.08,17,0.36797403448667404,0.6926570060925629,0.0003356847395729831
100,32,0.08,18,0.3948000119791625,0.7018666879629555,0.0003297562122044138
100,32,0.08,19,0.42302557176103334,0.7124641208606877,0.00032313170758836837
100,32,0.08,20,0.4527313054749366,0.7243700887598985,0.00031489148798292553
100,32,0.08,21,0.48408773739472716,0.7376575046014888,0.00030542848692796074
100,32,0.08,22,0.5172470296826515,0.7523593159020385,0.00029385332467369554
100,32,0.08,23,0.5523601831630282,0.7685011244007348,0.0002814950734312655
100,32,0.08,24,0.5898024232019052,0.7864032309358735,0.0002649834927392064
100,32,0.08,25,0.6293570222735407,0.805576988510132,0.00024844837401305936
100,32,0.08,26,0.6724256723423613,0.8276008274982907,0.00022676752285113238
100,32,0.08,27,0.7170053918998684,0.8497841681776218,0.0002004238449500636
100,32,0.08,28,0.7677875270905202,0.877471459532023,0.0001789406543838802
100,32,0.08,29,0.8194197724452305,0.9041873351119785,0.00013045386237338458
100,32,0.08,30,0.8761369357983236,0.9345460648515452,0.00010676152844931652
100,32,0.08,31,0.9687738476158283,1.0000246168937583,2.3255215256034304e-05
100,32,0.09,1,0.03125000000000001,1.0000000000000002,0.0
100,32,0.09,2,0.055813530024118624,0.893016480385898,0.00023754228154924698
100,32,0.09,3,0.07728885346565202,0.8244144369669552,0.0002905353242016249
100,32,0.09,4,0.09736961710910834,0.7789569368728667,0.00031471753939129503
100,32,0.09,5,0.11680942105453902,0.7475802947490499,0.00032824713021384897
100,32,0.09,6,0.136071512197568,0.7257147317203627,0.00033592772866239607
100,32,0.09,7,0.15537696535427334,0.7102946987623925,0.00034085400308646123
100,32,0.09,8,0.1749163709270514,0.6996654837082056,0.000343627231645608
100,32,0.09,9,0.19480702712544795,0.6926472075571484,0.000344938997572553
100,32,0.09,10,0.2151450557749057,0.6884641784796983,0.00034488046258674733
100,32,0.09,11,0.23606821693167498,0.6867439038012363,0.00034410884691875104
100,32,0.09,12,0.257612322765494,0.6869661940413174,0.00034250813157484444
100,32,0.09,13,0.27991682991286776,0.6890260428624437,0.0003401926838659854
100,32,0.09,14,0.30306651186381905,0.6927234556887294,0.00033732142024444224
100,32,0.09,15,0.32708917115007524,0.6977902317868272,0.0003331825516340008
100,32,0.09,16,0.35213882475177705,0.7042776495035541,0.0003287190165058023
100,32,0.09,17,0.3782600403270482,0.7120188994391496,0.00032351805193539475
100,32,0.09,18,0.40556268891814196,0.7210003358544746,0.00031703578912985637
100,32,0.09,19,0.4341931863624304,0.7312727349261987,0.0003098175034109986
100,32,0.09,20,0.4642388411760061,0.7427821458816098,0.00030101750823719495
100,32,0.09,21,0.4958586672673071,0.7555941596454203,0.0002911486118693065
100,32,0.09,22,0.5291547289245283,0.7696796057084048,0.00027899850785713897
100,32,0.09,23,0.5642791079688536,0.7850839763044919,0.00026652933513659376
100,32,0.09,24,0.6015603901755311,0.8020805202340416,0.00024953983297639946
100,32,0.09,25,0.6408084313757865,0.8202347921610068,0.00023374459395417277
100,32,0.09,26,0.6833853512643366,0.8410896630945681,0.00021127519283005932
100,32,0.09,27,0.7270414242244182,0.8616787250067179,0.0001869741463965243
100,32,0.09,28,0.7769177327774741,0.8879059803171133,0.00016504648667367076
100,32,0.09,29,0.8265707520661039,0.912078071245356,0.00012053583509472775
100,32,0.09,30,0.8818234559692419,0.9406116863671914,9.718760005900267e-05
100,32,0.09,31,0.9687736128917136,1.0000243745978978,2.1837183059183136e-05
100,32,0.1,1,0.03125000000000001,1.0000000000000002,7.814864154201203e-19
100,32,0.1,2,0.05625260674081818,0.9000417078530909,0.00023012583779326765
100,32,0.1,3,0.07828508659138869,0.8350409236414794,0.0002828365111287079
100,32,0.1,4,0.09896983176576053,0.7917586541260843,0.00030688673024077906
100,32,0.1,5,0.11904111597556975,0.7618631422436465,0.00032031646050734495
100,32,0.1,6,0.13893212660296697,0.7409713418824906,0.0003277735526369178
100,32,0.1,7,0.15887460228332062,0.7262838961523228,0.00033259500783988546
100,32,0.1,8,0.17904985634672507,0.7161994253869003,0.00033488035228861643
100,32,0.1,9,0.19956455290423863,0.7095628547706264,0.0003360325527209495
100,32,0.1,10,0.2205128539406555,0.7056411326100976,0.0003356064576418793
100,32,0.1,11,0.24203955023336782,0.7041150552243427,0.0003345986944116729
100,32,0.1,12,0.2641785460735638,0.7044761228628369,0.0003327617128895019
100,32,0.1,13,0.2870487300573688,0.7065814893719848,0.0003299560023977934
100,32,0.1,14,0.3107452116586747,0.7102747695055421,0.0003265667909695743
100,32,0.1,15,0.33529565144023094,0.7152973897391594,0.00032198721352665196
100,32,0.1,16,0.36083854221371103,0.7216770844274221,0.0003170955994095504
100,32,0.1,17,0.3874081803965265,0.7292389278052265,0.0003113916155523458
100,32,0.1,18,0.415115677114721,0.7379834259817264,0.000304457951285271
100,32,0.1,19,0.44408874403377296,0.7479389373200387,0.0002968597011720352
100,32,0.1,20,0.47440211645417957,0.7590433863266872,0.00028769188705034585
100,32,0.1,21,0.5062141882531778,0.7713740011476995,0.00027760015242598397
100,32,0.1,22,0.5396050630357464,0.7848800916883584,0.0002651041754533696
100,32,0.1,23,0.5747222783119463,0.7996136046079252,0.00025273511657802585
100,32,0.1,24,0.6118339190109837,0.8157785586813117,0.0002353575179829054
100,32,0.1,25,0.6507687731963341,0.8329840296913077,0.00022027909784776056
100,32,0.1,26,0.692809327409625,0.8526884029656924,0.00019748125107678418
100,32,0.1,27,0.7357047138489824,0.8719463275247199,0.00017506019054260906
100,32,0.1,28,0.7847554504574188,0.8968633719513357,0.0001528791297030119
100,32,0.1,29,0.8327110749929402,0.91885359999221,0.00011196466452519094
100,32,0.1,30,0.8866023129281975,0.9457091337900771,8.907697367516724e-05
100,32,0.1,31,0.9687712848693071,1.0000219714779945,2.059002126963309e-05
100,32,0.11,1,0.03125000000000002,1.0000000000000007,7.222828991004145e-19
100,32,0.11,2,0.05665643922379963,0.906503027580794,0.00022358787328784598
100,32,0.11,3,0.07920509764945896,0.8448543749275622,0.00027599025003267923
100,32,0.11,4,0.10044363988498477,0.8035491190798781,0.00029993821410129266
100,32,0.11,5,0.121098707563058,0.7750317284035712,0.0003132615116331818
100,32,0.11,6,0.1415711803851797,0.755046295387625,0.00032062843831736075
100,32,0.11,7,0.16210286307377098,0.74104165976581,0.00032532671963599405
100,32,0.11,8,0.18285543026160841,0.7314217210464337,0.0003276113406815071
100,32,0.11,9,0.20393298384202826,0.7250950536605449,0.0003286170650520242
100,32,0.11,10,0.2254406454095068,0.7214100653104218,0.0003279307096496157
100,32,0.11,11,0.2475233791865648,0.7200680121790975,0.0003267095387473366
100,32,0.11,12,0.270199306414765,0.7205314837727066,0.0003245478408335569
100,32,0.11,13,0.2935832906264962,0.7226665615421445,0.0003214085973953235
100,32,0.11,14,0.317768269698245,0.7263274735959886,0.00031769150268309084
100,32,0.11,15,0.3427815769374468,0.7312673641332199,0.00031269358148460885
100,32,0.11,16,0.36875731525708155,0.7375146305141631,0.00030735076454529916
100,32,0.11,17,0.39571523111910895,0.7448757291653816,0.00030123671886906695
100,32,0.11,18,0.42377184276309765,0.7533721649121736,0.0002939840178051894
100,32,0.11,19,0.4530191087782375,0.7629795516265052,0.0002859772444088145
100,32,0.11,20,0.4835605712630884,0.7736969140209415,0.0002765360072815585
100,32,0.11,21,0.5155076342965837,0.7855354427376514,0.0002661543145994635
100,32,0.11,22,0.5489431268568145,0.7984627299735482,0.00025347036905797314
100,32,0.11,23,0.5840311475787063,0.8125650748921132,0.00024113057099897146
100,32,0.11,24,0.6209610449713376,0.8279480599617834,0.00022351674171573955
100,32,0.11,25,0.6596127947357686,0.8443043772617839,0.0002090690941832286
100,32,0.11,26,0.7011531164183162,0.8629576817456199,0.00018602898139095223
100,32,0.11,27,0.7433430123044739,0.8809991256941913,0.00016521967837870952
100,32,0.11,28,0.7915386226657091,0.9046155687608104,0.00014269507935105443
100,32,0.11,29,0.8380698894918979,0.9247667746117494,0.00010511575308076731
100,32,0.11,30,0.8907146362166455,0.9500956119644219,8.265819974774556e-05
100,32,0.11,31,0.968774473220872,1.0000252626796096,1.9575797884529475e-05
100,32,0.12,1,0.03125,1.0,1.3458932710013184e-18
100,32,0.12,2,0.057020189792421114,0.9123230366787378,0.0002167230959881824
100,32,0.12,3,0.080034743130041,0.8537039267204375,0.0002684466024607097
100,32,0.12,4,0.10178262652383274,0.8142610121906619,0.000292667810483939
100,32,0.12,5,0.12296478838964553,0.7869746456937314,0.0003059938162387375
100,32,0.12,6,0.14395025584852125,0.7677346978587801,0.0003133525423326999
100,32,0.12,7,0.16501708807935525,0.7543638312199097,0.000317927023875897
100,32,0.12,8,0.18630039203709012,0.7452015681483605,0.00031994885338893506
100,32,0.12,9,0.20789732724608417,0.7391904968749659,0.0003206755569839127
100,32,0.12,10,0.22991821867671766,0.7357382997654965,0.00031967716082575753
100,32,0.12,11,0.25250353018213567,0.734555724166213,0.000318381432999009
100,32,0.12,12,0.2756724971135768,0.735126658969538,0.0003158899699733668
100,32,0.12,13,0.29951824170638525,0.7372756718926406,0.00031251645022106154
100,32,0.12,14,0.3241364905049983,0.7408834068685676,0.0003085605137121913
100,32,0.12,15,0.34957029567865533,0.7457499641144647,0.00030323753431409024
100,32,0.12,16,0.37592416841289583,0.7518483368257917,0.000297553489981426
100,32,0.12,17,0.40322792600543145,0.7590172724808122,0.0002912127141044052
100,32,0.12,18,0.4315739490715069,0.7672425761271234,0.000283652784146919
100,32,0.12,19,0.4610699899203369,0.7765389303921463,0.0002754746898583152
100,32,0.12,20,0.4917899640809076,0.7868639425294522,0.00026574371286841066
100,32,0.12,21,0.5238531448629657,0.7982524112197572,0.0002552926414318692
100,32,0.12,22,0.5573124030819449,0.8106362226646471,0.00024239907039593633
100,32,0.12,23,0.5923423660825184,0.8241285093321996,0.00023016320893817015
100,32,0.12,24,0.6290728648688197,0.8387638198250931,0.00021245066914234704
100,32,0.12,25,0.6674453858501482,0.8543300938881897,0.00019855679818948447
100,32,0.12,26,0.7084899490588347,0.8719876296108735,0.0001755151842195359
100,32,0.12,27,0.7500769615120125,0.8889801025327556,0.00015610584932905562
100,32,0.12,28,0.7974500408582466,0.9113714752665674,0.00013350905399793554
100,32,0.12,29,0.842776450549912,0.9299602212964548,9.88722874816837e-05
100,32,0.12,30,0.8942842879684432,0.9539032404996728,7.702596999899251e-05
100,32,0.12,31,0.9687782594518581,1.0000291710470797,1.8638177401513845e-05
100,32,0.13,1,0.03124999999999999,0.9999999999999997,0.0
100,32,0.13,2,0.05735361946000627,0.9176579113601003,0.00021092204530758892
100,32,0.13,3,0.08080478128099648,0.8619176669972959,0.0002621459460948596
100,32,0.13,4,0.10302323766952177,0.8241859013561742,0.00028650893398507997
100,32,0.13,5,0.12469475779765003,0.7980464499049602,0.0002999922420584266
100,32,0.13,6,0.14617077241772844,0.7795774528945518,0.00030743262768498337
100,32,0.13,7,0.1677260876604256,0.7667478293048029,0.00031181892353641374
100,32,0.13,8,0.18948221770972556,0.7579288708389023,0.00031377368445505133
100,32,0.13,9,0.21156172012737956,0.7522194493417939,0.00031429338847489537
100,32,0.13,10,0.23405121828833872,0.748963898522684,0.00031305426620039625
100,32,0.13,11,0.25708872381447334,0.7478944692784678,0.00031152456654180087
100,32,0.13,12,0.28069538156285284,0.748521017500941,0.0003088221390180439
100,32,0.13,13,0.30494981955340983,0.7506457096699318,0.0003052124643169075
100,32,0.13,14,0.32996562076376657,0.7542071331743235,0.00030090466779668926
100,32,0.13,15,0.35576055113048655,0.7589558424117046,0.0002953614547696158
100,32,0.13,16,0.38244404359439416,0.7648880871887883,0.0002893846268592404
100,32,0.13,17,0.41004137608229635,0.7718425902725579,0.00028276953303383543
100,32,0.13,18,0.4386511884514065,0.7798243350247226,0.00027495733247595913
100,32,0.13,19,0.4683485465591695,0.788797552099654,0.00026656782108488893
100,32,0.13,20,0.49920900622195535,0.7987344099551286,0.0002566488835697896
100,32,0.13,21,0.531349252748188,0.8096750518067627,0.00024612413156254923
100,32,0.13,22,0.5648045961996392,0.821533958108566,0.00023312924668314252
100,32,0.13,23,0.5997839625874627,0.834482034904296,0.00022094270807637595
100,32,0.13,24,0.6363059830090941,0.848407977345459,0.00020326246340580194
100,32,0.13,25,0.6744281873993448,0.8632680798711615,0.00018973916890225993
100,32,0.13,26,0.7150075621224736,0.8800093072276599,0.0001667647502546508
100,32,0.13,27,0.7560510894009949,0.896060550401179,0.0001484348237530879
100,32,0.13,28,0.802688167003933,0.9173579051473522,0.0001259365140642621
100,32,0.13,29,0.8469435113863114,0.9345583573917919,9.359907698590434e-05
100,32,0.13,30,0.897413787934753,0.9572413737970699,7.236082733830399e-05
100,32,0.13,31,0.9687802529625985,1.0000312288646178,1.786178970318561e-05
100,32,0.14,1,0.03124999999999998,0.9999999999999993,1.190836442544945e-18
100,32,0.14,2,0.057649640570292836,0.9223942491246854,0.0002050774457603619
100,32,0.14,3,0.08149229758947464,0.8692511742877294,0.00025576883425713616
100,32,0.14,4,0.10413450841520855,0.8330760673216684,0.00028020176839346127
100,32,0.14,5,0.12624998073128682,0.8079998766802358,0.00029377633015107655
100,32,0.14,6,0.14817492562642032,0.790266270007575,0.000301148502402422
100,32,0.14,7,0.17017684036685923,0.7779512702484993,0.0003057048953315367
100,32,0.14,8,0.19237232733498996,0.7694893093399598,0.0003076233085847348
100,32,0.14,9,0.2148848673548474,0.7640350839283462,0.00030809296024847903
100,32,0.14,10,0.23780429979658113,0.7609737593490596,0.00030671757774789865
100,32,0.14,11,0.2612521846706295,0.7600063554054675,0.0003050321889727932
100,32,0.14,12,0.28524366380937083,0.7606497701583222,0.0003021048944641494
100,32,0.14,13,0.3098737379872868,0.7627661242763983,0.0002984006603239319
100,32,0.14,14,0.3352407545700605,0.7662645818744239,0.00029384024006789137
100,32,0.14,15,0.36136104723177165,0.7709035674277795,0.0002881399188366687
100,32,0.14,16,0.3883380929626512,0.7766761859253024,0.00028191933349034975
100,32,0.14,17,0.4161922976469688,0.7834207955707648,0.00027507763291064195
100,32,0.14,18,0.4450233889127565,0.791152691400456,0.0002671035051056637
100,32,0.14,19,0.47490005279484787,0.7998316678650069,0.00025850411449268823
100,32,0.14,20,0.5058766199721211,0.8094025919553938,0.0002484115295462349
100,32,0.14,21,0.5380922676499372,0.8199501221332376,0.00023783443407960584
100,32,0.14,22,0.5715324436420468,0.8313199180247953,0.00022474638319931858
100,32,0.14,23,0.6064409660582442,0.8437439527766875,0.00021264352347963184
100,32,0.14,24,0.6427450765654874,0.8569934354206498,0.00019503612416354787
100,32,0.14,25,0.6806181419589711,0.8711912217074831,0.00018180025872258332
100,32,0.14,26,0.7207526245411813,0.887080153281454,0.00015918426854871307
100,32,0.14,27,0.7613314906535797,0.9023188037375761,0.00014168535172034042
100,32,0.14,28,0.8071986653368369,0.9225127603849564,0.00011924688935691552
100,32,0.14,29,0.85060822805192,0.9386021826779807,8.907142772144867e-05
100,32,0.14,30,0.9001507516157617,0.9601608017234792,6.828328210101522e-05
100,32,0.14,31,0.9687714736039887,1.0000221663008917,1.719009240795121e-05
100,32,0.15,1,0.031249999999999983,0.9999999999999994,1.1288137111623962e-18
100,32,0.15,2,0.0579266594861742,0.9268265517787873,0.0001995734905582759
100,32,0.15,3,0.08214022305788679,0.8761623792841258,0.00025011348479474227
100,32,0.15,4,0.10518396026542436,0.8414716821233948,0.00027481951820757823
100,32,0.15,5,0.12771282281363167,0.8173620660072426,0.00028844779892879074
100,32,0.15,6,0.1500554591215404,0.8002957819815489,0.00029585969838281457
100,32,0.15,7,0.17248294039391696,0.7884934418007632,0.0003002748685414676
100,32,0.15,8,0.19509833485437753,0.7803933394175101,0.0003020725698173834
100,32,0.15,9,0.21802004722173662,0.7751823901217302,0.0003025147017627085
100,32,0.15,10,0.24133696359339749,0.7722782834988718,0.0003008951879942643
100,32,0.15,11,0.26516421637044846,0.7713868112594864,0.0002990278472662779
100,32,0.15,12,0.2895214328436636,0.7720571542497697,0.0002958875673258521
100,32,0.15,13,0.3145055334575224,0.7741674669723629,0.00029193825702039525
100,32,0.15,14,0.34019951212931215,0.7775988848669991,0.0002871488586518817
100,32,0.15,15,0.3666158721341224,0.7821138605527945,0.0002812325070408378
100,32,0.15,16,0.39386204844747436,0.7877240968949487,0.0002748114520518634
100,32,0.15,17,0.4219503347020222,0.7942594535567478,0.00026780672946363185
100,32,0.15,18,0.4509842251874946,0.8017497336666569,0.0002595726302933488
100,32,0.15,19,0.48101559323357956,0.8101315254460287,0.00025089571405304873
100,32,0.15,20,0.5120859634938649,0.8193375415901839,0.00024065657257602303
100,32,0.15,21,0.544351215215076,0.8294875660420207,0.0002300310282969575
100,32,0.15,22,0.5777516476935699,0.8403660330088288,0.00021696670536898959
100,32,0.15,23,0.6126038338510256,0.8523183775318616,0.00020498367704050582
100,32,0.15,24,0.6487057088418934,0.8649409451225247,0.00018743288784341212
100,32,0.15,25,0.6863456525502004,0.8785224352642566,0.00017456437886663096
100,32,0.15,26,0.7260791872586694,0.8936359227799009,0.00015215732807120772
100,32,0.15,27,0.7661855642744895,0.9080717798808764,0.00013548906302903816
100,32,0.15,28,0.8113648039488495,0.9272740616558279,0.00011337456561185092
100,32,0.15,29,0.8539734170443286,0.9423154946696038,8.501362918462189e-05
100,32,0.15,30,0.9026403096493261,0.9628163302926146,6.460268983245304e-05
100,32,0.15,31,0.9687768829530451,1.0000277501450787,1.6561637461119954e-05
100,32,0.16,1,0.03124999999999998,0.9999999999999993,1.0745438212026656e-18
100,32,0.16,2,0.05817450368978624,0.9307920590365798,0.00019441563009333564
100,32,0.16,3,0.08271593378917742,0.8823032937512258,0.00024464033059280857
100,32,0.16,4,0.1061282829936038,0.8490262639488304,0.0002689848723043882
100,32,0.16,5,0.12903937706710994,0.8258520132295036,0.0002825876100039979
100,32,0.16,6,0.15177396600452464,0.8094611520241315,0.00029009202700642475
100,32,0.16,7,0.17458103725803747,0.7980847417510284,0.00029427569662017407
100,32,0.16,8,0.1975703422948847,0.7902813691795388,0.00029597203151809014
100,32,0.16,9,0.22086173542721987,0.785286170407893,0.0002963241288945801
100,32,0.16,10,0.24453640245480837,0.7825164878553869,0.00029454772308384176
100,32,0.16,11,0.26871589382988714,0.7817189638687626,0.0002923765854437231
100,32,0.16,12,0.293398792077534,0.7823967788734241,0.0002892178735461538
100,32,0.16,13,0.31869068500369646,0.7844693784706375,0.000285146105738637
100,32,0.16,14,0.34466983882029023,0.7878167744463775,0.0002802466675446926
100,32,0.16,15,0.37135122587911823,0.7922159485421189,0.00027426043787685627
100,32,0.16,16,0.39883585007703765,0.7976717001540753,0.00026769440427117325
100,32,0.16,17,0.4271267434891808,0.8040032818619874,0.0002605080005923852
100,32,0.16,18,0.4563382636105727,0.8112680241965737,0.0002522257171285533
100,32,0.16,19,0.4865004859358758,0.8193692394709489,0.00024344747977596802
100,32,0.16,20,0.5176541533151029,0.8282466453041646,0.00023307578701505755
100,32,0.16,21,0.549960989920952,0.8380357941652602,0.00022253239044247574
100,32,0.16,22,0.5833273096031405,0.8484760866954771,0.00020943621270403211
100,32,0.16,23,0.618082455360868,0.8599408074585991,0.00019758893807770238
100,32,0.16,24,0.6539976625441905,0.871996883392254,0.00018029485155072732
100,32,0.16,25,0.691446069431547,0.8850509688723801,0.00016780557451993023
100,32,0.16,26,0.7308160067180238,0.8994658544221831,0.0001454840297764354
100,32,0.16,27,0.770479546392304,0.9131609438723604,0.00012967119899325632
100,32,0.16,28,0.8150339586179465,0.9314673812776532,0.00010800357360712572
100,32,0.16,29,0.8569524448804612,0.9456026977991295,8.126840949104168e-05
100,32,0.16,30,0.9048212610734384,0.9651426784783342,6.123391263346995e-05
100,32,0.16,31,0.9687680564697738,1.0000186389365406,1.5982815877680588e-05
100,32,0.17,1,0.03125,1.0,1.0266586241793742e-18
100,32,0.17,2,0.05840244908871892,0.9344391854195028,0.00018937588148548832
100,32,0.17,3,0.0832494051332288,0.8879936547544404,0.00023892157583632438
100,32,0.17,4,0.10701052579251306,0.8560842063401045,0.00026320663945375214
100,32,0.17,5,0.13028336539743016,0.833813538543553,0.00027682639333873597
100,32,0.17,6,0.15337948000216453,0.8180238933448775,0.0002841128645419499
100,32,0.17,7,0.17654598156841197,0.8070673443127404,0.000288494433399488
100,32,0.17,8,0.1998874215106262,0.7995496860425048,0.0002901700005325304
100,32,0.17,9,0.2235350680028152,0.7947913528988985,0.0002903343439727395
100,32,0.17,10,0.24754302524707716,0.7921376807906468,0.0002886101153127198
100,32,0.17,11,0.27204601879033863,0.7914066001173489,0.00028632938095510453
100,32,0.17,12,0.29703526595073143,0.7920940425352838,0.00028306808220691205
100,32,0.17,13,0.32261895102818405,0.7941389563770684,0.0002789177139537385
100,32,0.17,14,0.3488688483352924,0.7974145104806685,0.00027396729098329417
100,32,0.17,15,0.375800045221049,0.8017067631382379,0.00026783603190319203
100,32,0.17,16,0.40349585558941903,0.8069917111788381,0.0002611769873833263
100,32,0.17,17,0.43197761215166214,0.81313432875607,0.0002539817851261165
100,32,0.17,18,0.46134154047915715,0.8201627386296128,0.0002455461561441845
100,32,0.17,19,0.49161887890223593,0.8279896907827133,0.00023671885162733017
100,32,0.17,20,0.5228381021305792,0.8365409634089267,0.0002263583817636257
100,32,0.17,21,0.5551810356785745,0.8459901496054467,0.0002158068822019462
100,32,0.17,22,0.5885020533976664,0.8560029867602422,0.0002027995345832838
100,32,0.17,23,0.6231639871952327,0.8670107647933673,0.00019103736811674655
100,32,0.17,24,0.6588981087225629,0.8785308116300837,0.0001740451302910761
100,32,0.17,25,0.6961236693252042,0.8910382967362613,0.0001616241854894718
100,32,0.17,26,0.7350929622684946,0.9047297997150704,0.00013991888088922178
100,32,0.17,27,0.7744247870900065,0.917836784699267,0.00012452762397165894
100,32,0.17,28,0.8184376675005464,0.9353573342863386,0.00010337370326835969
100,32,0.17,29,0.8596971994776422,0.9486313925270535,7.800301134206489e-05
100,32,0.17,30,0.9068116185550464,0.9672657264587161,5.831905002386495e-05
100,32,0.17,31,0.9687654481857148,1.0000159465142862,1.547932056104094e-05
100,32,0.18,1,0.03125,1.0,4.920470023015572e-19
100,32,0.18,2,0.058621026566404145,0.9379364250624663,0.00018486269958348063
100,32,0.18,3,0.08376076898043816,0.8934482024580072,0.00023360943577213015
100,32,0.18,4,0.10784564696262963,0.8627651757010371,0.0002577136354557216
100,32,0.18,5,0.13144809298412138,0.841267795098377,0.00027127901385676565
100,32,0.18,6,0.15488352068283368,0.8260454436417798,0.00027848212718665073
100,32,0.18,7,0.17838418786214325,0.8154705730840835,0.0002828755226396678
100,32,0.18,8,0.2020596686738255,0.808238674695302,0.00028458974167641784
100,32,0.18,9,0.22603564763635361,0.8036823027070352,0.00028469210922190655
100,32,0.18,10,0.2503553292428905,0.8011370535772497,0.00028296610879454385
100,32,0.18,11,0.27515252669439794,0.8004437140200669,0.00028058961170473426
100,32,0.18,12,0.30042804862863887,0.8011414630097038,0.0002771779559918598
100,32,0.18,13,0.32628494949613995,0.8031629526058831,0.00027293099649872783
100,32,0.18,14,0.352782118328284,0.8063591276075065,0.00026787658755131463
100,32,0.18,15,0.37994214562471373,0.8105432439993894,0.0002616942706328367
100,32,0.18,16,0.4078414040907065,0.815682808181413,0.00025486537208003747
100,32,0.18,17,0.4364865484110911,0.8216217381855833,0.0002475219271920951
100,32,0.18,18,0.4659856605056452,0.828418952010036,0.0002390263760735254
100,32,0.18,19,0.4963722933766281,0.8359954414764263,0.00023020330700713722
100,32,0.18,20,0.527651923090722,0.8442430769451552,0.00021976255167708734
100,32,0.18,21,0.5600047346775999,0.8533405480801524,0.00020926036982241736
100,32,0.18,22,0.5932876086681066,0.862963794426337,0.00019638179042124308
100,32,0.18,23,0.6278925187581009,0.8735895913156186,0.00018480872509388485
100,32,0.18,24,0.6634507027159171,0.8846009369545563,0.00016789109788745117
100,32,0.18,25,0.7004449074147359,0.8965694814908619,0.00015574968418114352
100,32,0.18,26,0.7390634124884828,0.909616507678133,0.00013463994779752404
100,32,0.18,27,0.7780565025080143,0.9221410400094986,0.00011966859764095417
100,32,0.18,28,0.8215788498894132,0.9389472570164723,9.901047417149303e-05
100,32,0.18,29,0.8622258597378913,0.9514216383314663,7.4915087312872e-05
100,32,0.18,30,0.9086324503470109,0.9692079470368119,5.566207586187978e-05
100,32,0.18,31,0.9687662948186142,1.0000168204579245,1.4996359667068123e-05
100,32,0.19,1,0.031249999999999976,0.9999999999999992,1.4190148069470607e-18
100,32,0.19,2,0.05881884053389229,0.9411014485422766,0.00018014898838964014
100,32,0.19,3,0.08423153871965074,0.8984697463429412,0.00022837966950885226
100,32,0.19,4,0.10862509051589851,0.8690007241271881,0.0002523832313787479
100,32,0.19,5,0.13254238202450805,0.8482712449568515,0.0002658830052493114
100,32,0.19,6,0.15629370742802753,0.8335664396161468,0.0002729412182050591
100,32,0.19,7,0.18011223936609558,0.8233702371021512,0.00027736383186786776
100,32,0.19,8,0.20409559308562972,0.8163823723425189,0.00027884916890700336
100,32,0.19,9,0.22837102663451733,0.8119858724782839,0.000278875638530179
100,32,0.19,10,0.25298663354300177,0.8095572273376057,0.0002770091114019852
100,32,0.19,11,0.2780647877567887,0.8089157462015673,0.00027452740402935294
100,32,0.19,12,0.3036020388480056,0.8096054369280148,0.0002709457996169101
100,32,0.19,13,0.32970173625048266,0.8115735046165727,0.0002665834575738706
100,32,0.19,14,0.35642265797057965,0.8146803610756105,0.0002614297226007222
100,32,0.19,15,0.3837905569556713,0.8187531881720991,0.0002551849255950225
100,32,0.19,16,0.41186509208774524,0.8237301841754905,0.00024833982959894416
100,32,0.19,17,0.44066430806801243,0.8294857563633177,0.00024099114836022788
100,32,0.19,18,0.4702898420271655,0.8360708302705165,0.00023242774435561903
100,32,0.19,19,0.5007651006746335,0.8433938537678038,0.00022359441944124297
100,32,0.19,20,0.5320899567819172,0.8513439308510674,0.00021314685837586013
100,32,0.19,21,0.5644547651630629,0.8601215469151435,0.0002027874387684313
100,32,0.19,22,0.5976916842013523,0.8693697224746944,0.00019003176832067288
100,32,0.19,23,0.6322119039694302,0.8795991707400768,0.0001785733831699982
100,32,0.19,24,0.6676060216893291,0.8901413622524389,0.0001619899757997471
100,32,0.19,25,0.7043987311250972,0.9016303758401245,0.0001500641657250468
100,32,0.19,26,0.7427186734136647,0.9141152903552797,0.00012946461327667145
100,32,0.19,27,0.7813717515556847,0.9260702240659968,0.00011495168487495429
100,32,0.19,28,0.8244947797320704,0.9422797482652233,9.482601205611497e-05
100,32,0.19,29,0.8645370961358242,0.9539719681498752,7.189075273271639e-05
100,32,0.19,30,0.9102879112769319,0.9709737720287276,5.315285161755434e-05
100,32,0.19,31,0.9687673510022938,1.0000179107120453,1.452602514122196e-05
100,32,0.2,1,0.03125,1.0,9.117341513234738e-19
100,32,0.2,2,0.05900607830430019,0.9440972528688031,0.00017579892010443198
100,32,0.2,3,0.08467901820150986,0.9032428608161053,0.00022380383030508067
100,32,0.2,4,0.1093592236440053,0.8748737891520424,0.00024749711181708007
100,32,0.2,5,0.13357938283236767,0.8549080501271533,0.00026097636918576773
100,32,0.2,6,0.15763378309072965,0.8407135098172249,0.00026809033995236565
100,32,0.2,7,0.18174276446247944,0.8308240661141919,0.00027244025087436283
100,32,0.2,8,0.2060148133230302,0.8240592532921208,0.00027385491788913256
100,32,0.2,9,0.23057020520896257,0.8198051740763114,0.00027368379746048875
100,32,0.2,10,0.25545695879714103,0.8174622681508513,0.00027174904765517126
100,32,0.2,11,0.280801515481934,0.8168771359474444,0.0002691571083144674
100,32,0.2,12,0.30659025194556055,0.8175740051881616,0.0002654769565259241
100,32,0.2,13,0.3329217873150707,0.8194997841601742,0.0002609713294261691
100,32,0.2,14,0.3598449320909911,0.8225027019222655,0.0002556592459235487
100,32,0.2,15,0.3874063933155934,0.8264669724065993,0.0002493806551685503
100,32,0.2,16,0.41563983578341984,0.8312796715668397,0.0002425377569572025
100,32,0.2,17,0.4445828109738423,0.8368617618331149,0.00023519413613757312
100,32,0.2,18,0.47432547114276236,0.8432452820315776,0.0002265323202276011
100,32,0.2,19,0.5048696852542541,0.8503068383229544,0.00021773763138051682
100,32,0.2,20,0.5362342656873784,0.8579748250998056,0.00020735347422281268
100,32,0.2,21,0.5686058251018973,0.8664469715838437,0.00019708425646028642
100,32,0.2,22,0.6017981813103214,0.8753428091786494,0.0001844203476444442
100,32,0.2,23,0.6362254957888153,0.8851832984887864,0.00017308918695562754
100,32,0.2,24,0.6714626393169565,0.8952835190892755,0.00015686212114794456
100,32,0.2,25,0.7080623623700151,0.9063198238336194,0.00014502062391260394
100,32,0.2,26,0.7460873467263374,0.9182613498170307,0.00012498593822475246
100,32,0.2,27,0.7844371294294359,0.9297032645089612,0.00011077014612976184
100,32,0.2,28,0.8270588505938917,0.9452101149644477,9.095292469419594e-05
100,32,0.2,29,0.866673389444025,0.9563292573175448,6.917235899033932e-05
100,32,0.2,30,0.9118147746234769,0.9726024262650422,5.092168871261233e-05
100,32,0.2,31,0.9687699676632313,1.0000206117814,1.4108480368892428e-05
100,32,0.25,1,0.031250000000000014,1.0000000000000004,7.814864154201206e-19
100,32,0.25,2,0.05975365664689795,0.9560585063503672,0.00015684766607574352
100,32,0.25,3,0.08649473900042311,0.9226105493378465,0.00020215368903404166
100,32,0.25,4,0.11234905300285496,0.8987924240228397,0.00022504326324039784
100,32,0.25,5,0.13780825149689382,0.8819728095801206,0.000237939087728114
100,32,0.25,6,0.16310132575207453,0.8698737373443974,0.0002448284144434495
100,32,0.25,7,0.18844791130826097,0.8614761659806215,0.00024933585026643446
100,32,0.25,8,0.21392822407761553,0.8557128963104621,0.00025043304720632364
100,32,0.25,9,0.23964400547909467,0.8520675750367811,0.00024989965136460346
100,32,0.25,10,0.265658072116769,0.8501058307736609,0.0002477253419080047
100,32,0.25,11,0.2920737898247331,0.8496692067628598,0.00024468846130238254
100,32,0.25,12,0.31885875762335436,0.850290020328945,0.00024090858723128605
100,32,0.25,13,0.34611723884000684,0.8519808956061707,0.00023615371588663547
100,32,0.25,14,0.37388888432897377,0.8546031641805114,0.00023070464942028974
100,32,0.25,15,0.4022020357672111,0.858031009636717,0.0002242228849139155
100,32,0.25,16,0.43109772562960913,0.8621954512592183,0.00021745217060179775
100,32,0.25,17,0.4605648018825522,0.8669455094259806,0.00021005785371649153
100,32,0.25,18,0.4907217712034748,0.8723942599172887,0.00020138216996647002
100,32,0.25,19,0.521541145587682,0.87838508730557,0.00019288756845840246
100,32,0.25,20,0.5530182246915829,0.8848291595065326,0.0001826556159108823
100,32,0.25,21,0.5853589230764527,0.891975501830785,0.0001729667340930246
100,32,0.25,22,0.6183261856648129,0.8993835427851824,0.00016083680836236918
100,32,0.25,23,0.6523412214249978,0.9076051776347795,0.00015031005173385645
100,32,0.25,24,0.6869503796120352,0.9159338394827135,0.0001353650854370446
100,32,0.25,25,0.7226826275065461,0.9250337632083792,0.0001245720427307112
100,32,0.25,26,0.7595239037102268,0.9347986507202792,0.00010645588114146038
100,32,0.25,27,0.7965360368237661,0.9440427103096488,9.38394940443856e-05
100,32,0.25,28,0.8369288989493221,0.9564901702277966,7.625813070915182e-05
100,32,0.25,29,0.8750593242290241,0.9655827025975441,5.783274867802377e-05
100,32,0.25,30,0.9177363542346996,0.9789187778503462,4.1488735823980977e-05
100,32,0.25,31,0.968762867126741,1.0000132821953456,1.2403736833724577e-05
100,32,0.5,1,0.03125000000000001,1.0000000000000002,1.5629728308402408e-18
100,32,0.5,2,0.06146404204587361,0.9834246727339777,9.825167181837275e-05
100,32,0.5,3,0.09080013322512735,0.9685347544013586,0.00013217599245428572
100,32,0.5,4,0.11963452122355622,0.9570761697884498,0.00015021274435171724
100,32,0.5,5,0.1482216557727089,0.9486185969453371,0.00016124979814192058
100,32,0.5,6,0.1766847314612154,0.9423185677931489,0.00016782485570117256
100,32,0.5,7,0.205152433846088,0.9378396975821167,0.0001715448319994493
100,32,0.5,8,0.23366968347424308,0.9346787338969723,0.00017242147695683974
100,32,0.5,9,0.2623046477100976,0.9326387474136804,0.00017210521818935496
100,32,0.5,10,0.291081659817649,0.9314613114164768,0.00017017390916438597
100,32,0.5,11,0.32007058452606685,0.9311144277121945,0.00016731213083749869
100,32,0.5,12,0.34926157022031695,0.9313641872541786,0.00016366811400063595
100,32,0.5,13,0.37868031167991706,0.9321361518274881,0.00015932122352089556
100,32,0.5,14,0.4083719891713661,0.9334216895345511,0.00015445244940135038
100,32,0.5,15,0.4383249081777601,0.9350931374458882,0.00014922681828295065
100,32,0.5,16,0.4685572245680117,0.9371144491360234,0.00014345253424338236
100,32,0.5,17,0.4991019554332507,0.9394860337567074,0.00013691478950263525
100,32,0.5,18,0.5299741289348918,0.9421762292175853,0.00013053771102143646
100,32,0.5,19,0.561103874871468,0.9450170524151039,0.00012338413811033267
100,32,0.5,20,0.5926901266747434,0.9483042026795895,0.00011576638441377498
100,32,0.5,21,0.6244685958310042,0.9515711936472444,0.00010834206859759234
100,32,0.5,22,0.6567771380259531,0.9553122007650228,9.955521200867053e-05
100,32,0.5,23,0.6892777314195978,0.9589951045837882,9.1816036938526e-05
100,32,0.5,24,0.7223850796428929,0.963180106190524,8.210262163236082e-05
100,32,0.5,25,0.7555225570957406,0.967068873082548,7.392754733478543e-05
100,32,0.5,26,0.7896358298515429,0.9718594828942066,6.333815853459894e-05
100,32,0.5,27,0.8235045916642241,0.9760054419724137,5.389036743757358e-05
100,32,0.5,28,0.8588974995161447,0.9815971423041655,4.458874751095668e-05
100,32,0.5,29,0.8933658307542526,0.9857829856598648,3.296977153033733e-05
100,32,0.5,30,0.9295780111664428,0.9915498785775388,2.3171117803319365e-05
100,32,0.5,31,0.9687604713786955,1.000010809165105,8.090745063251235e-06
100,32,1.0,1,0.031250000000000014,1.0000000000000004,7.814864154201206e-19
100,32,1.0,2,0.06224042847599724,0.9958468556159559,5.0529816678439946e-05
100,32,1.0,3,0.09291719788850883,0.9911167774774274,7.089713878139235e-05
100,32,1.0,4,0.12339251607111089,0.9871401285688871,8.353452270104045e-05
100,32,1.0,5,0.15374219337437656,0.98395003759601,9.14769248769731e-05
100,32,1.0,6,0.18403352733329556,0.9815121457775764,9.631936393211112e-05
100,32,1.0,7,0.2142894342769204,0.979608842408779,9.92628494150072e-05
100,32,1.0,8,0.2445534615935067,0.9782138463740268,0.00010044557138745221
100,32,1.0,9,0.27484720669773605,0.9772345127030616,0.00010080859824824553
100,32,1.0,10,0.30518452481438996,0.9765904794060479,0.0001000081550398552
100,32,1.0,11,0.3355978664466396,0.9762847023902242,9.81903122949837e-05
100,32,1.0,12,0.3660849592342544,0.9762265579580116,9.62791986578291e-05
100,32,1.0,13,0.3966506108349406,0.9763707343629305,9.369146117230706e-05
100,32,1.0,14,0.4273206940763067,0.9767330150315581,9.070254545888008e-05
100,32,1.0,15,0.45809337373507847,0.9772658639681675,8.740505837693929e-05
100,32,1.0,16,0.48897421030223104,0.9779484206044621,8.357154777441455e-05
100,32,1.0,17,0.519961323798749,0.9787507271505865,7.947187929434205e-05
100,32,1.0,18,0.5510856953635401,0.9797079028685158,7.543642139291117e-05
100,32,1.0,19,0.5822941017167034,0.9807058555228688,7.112020147464129e-05
100,32,1.0,20,0.6136487878041739,0.9818380604866782,6.638303903437693e-05
100,32,1.0,21,0.645156303363267,0.9830953194106925,6.17270627351521e-05
100,32,1.0,22,0.6766956434331299,0.9842845722663708,5.689700045350559e-05
100,32,1.0,23,0.7084832059307082,0.9857157647731593,5.152392311560057e-05
100,32,1.0,24,0.7403658525965878,0.9871544701287837,4.647687792047216e-05
100,32,1.0,25,0.7725094202529055,0.988812057923719,4.096096536413916e-05
100,32,1.0,26,0.804599834763123,0.9902767197084592,3.5590902996184205e-05
100,32,1.0,27,0.8369152809030758,0.9918995921814232,2.9586894864350634e-05
100,32,1.0,28,0.8695809543682496,0.9938068049922852,2.4361701758527715e-05
100,32,1.0,29,0.902580593983977,0.9959510002581818,1.8235844045891187e-05
100,32,1.0,30,0.9357887362524584,0.9981746520026222,1.1855450758310066e-05
100,32,1.0,31,0.9687570818250927,1.0000073102710638,4.947077395216228e-06
100,64,0.01,1,0.015624999999999997,0.9999999999999998,8.573301396273704e-19
100,64,0.01,2,0.02386616270647086,0.7637172066070675,0.0003406806920625077
100,64,0.01,3,0.029727356766585375,0.6341836110204881,0.0003884796417824064
100,64,0.01,4,0.03454355603266143,0.5526968965225829,0.00040307714667136484
100,64,0.01,5,0.038805784874025424,0.4967140463875254,0.00040826237964146356
100,64,0.01,6,0.04273896770472646,0.455882322183749,0.00040864020212303043
100,64,0.01,7,0.04648333660755395,0.42499050612620753,0.00040804430312543994
100,64,0.01,8,0.050124018283220245,0.40099214626576196,0.0004078723359902336
100,64,0.01,9,0.05367413545897891,0.3816827410416278,0.0004064426365238386
100,64,0.01,10,0.05718936237855136,0.36601191922272874,0.0004056688098311947
100,64,0.01,11,0.06069611289928626,0.35314102050493823,0.00040464003817889223
100,64,0.01,12,0.0642211571119549,0.3425128379304262,0.0004043859142677695
100,64,0.01,13,0.067760978763473,0.33359251083555935,0.0004047049932439387
100,64,0.01,14,0.07136604370858515,0.3262447712392464,0.00040469876648267886
100,64,0.01,15,0.07501033166003492,0.32004408174948235,0.0004050619574336652
100,64,0.01,16,0.07873746519800974,0.31494986079203896,0.00040628223722551473
100,64,0.01,17,0.0825229186480328,0.3106745172631823,0.00040747077663611165
100,64,0.01,18,0.08639640465726249,0.30718721655915554,0.00040885944893365254
100,64,0.01,19,0.09037168108020067,0.30440987311225487,0.0004105802540362193
100,64,0.01,20,0.09446226718113983,0.3022792549796474,0.00041269773320698076
100,64,0.01,21,0.098652146537867,0.30065416087730895,0.00041484049455011953
100,64,0.01,22,0.10299293344948743,0.2996158063985089,0.00041746589954328654
100,64,0.01,23,0.10747396607722555,0.2990579925627146,0.0004204139628743826
100,64,0.01,24,0.11209243147602416,0.29891315060273116,0.0004235111766511712
100,64,0.01,25,0.11686026820896875,0.29916228661495997,0.0004268221824703923
100,64,0.01,26,0.12181033338153543,0.2998408206314718,0.00043017419086442335
100,64,0.01,27,0.1269506298651026,0.3009200115320951,0.000433907188147154
100,64,0.01,28,0.13227833325792354,0.30235047601811094,0.00043778628389703805
100,64,0.01,29,0.13781505465890923,0.30414356890242034,0.0004419702979380903
100,64,0.01,30,0.14357306917169643,0.30628921423295236,0.00044652538797802994
100,64,0.01,31,0.1495731627884014,0.30879620704702226,0.00045105951958063163
100,64,0.01,32,0.15585043149519345,0.3117008629903869,0.00045604007965654634
100,64,0.01,33,0.1624018192773962,0.31496110405313205,0.00046101623873658174
100,64,0.01,34,0.16925785678543134,0.3186030245372825,0.00046638020585242914
100,64,0.01,35,0.17644727267957896,0.32264644147123006,0.00047172913827729407
100,64,0.01,36,0.18399491140700439,0.32710206472356335,0.0004774683447338228
100,64,0.01,37,0.19193700883290518,0.3319991504136739,0.00048338058647493
100,64,0.01,38,0.2003214921412766,0.3373835657116237,0.0004892941400649957
100,64,0.01,39,0.20916404373231018,0.3432435589453295,0.0004955906530036699
100,64,0.01,40,0.21849740886906227,0.34959585419049966,0.0005018979311898007
100,64,0.01,41,0.22840184146007453,0.3565297037425553,0.000508529846873089
100,64,0.01,42,0.238908786389126,0.3640514840215253,0.000515331257574487
100,64,0.01,43,0.250061381718384,0.37218438209247845,0.0005222316486454417
100,64,0.01,44,0.2619297524919248,0.3809887308973452,0.0005292337796260774
100,64,0.01,45,0.2746410482170327,0.3906006019086687,0.0005362128520969687
100,64,0.01,46,0.2882473813751165,0.4010398349566839,0.0005431258728960983
100,64,0.01,47,0.3028319106005235,0.4123668569879469,0.0005498672011147947
100,64,0.01,48,0.31856215155765405,0.42474953541020544,0.0005566372400246919
100,64,0.01,49,0.33553829954545583,0.4382541055287587,0.0005627534020172667
100,64,0.01,50,0.35391168041275795,0.4530069509283302,0.000568370740085484
100,64,0.01,51,0.37390146032404453,0.4692096757007618,0.0005733512450304757
100,64,0.01,52,0.3957184646985478,0.48703811039821265,0.0005771191705674011
100,64,0.01,53,0.41962983526115594,0.5067228199379997,0.0005792350282756921
100,64,0.01,54,0.4459414419647491,0.5285231904767396,0.0005793742558666428
100,64,0.01,55,0.47507190753799833,0.5528109469533072,0.0005765961050108528
100,64,0.01,56,0.5074888448107486,0.5799872512122841,0.0005701518276637263
100,64,0.01,57,0.5438328511159447,0.6106193416038677,0.000558440436743727
100,64,0.01,58,0.5848329746718709,0.645332937568961,0.0005389184759214061
100,64,0.01,59,0.6314368713758809,0.6849484706450233,0.0005118842094382194
100,64,0.01,60,0.6857833134558613,0.7315022010195854,0.0004708951673952987
100,64,0.01,61,0.7479671296908491,0.7847523983641694,0.0003937002476040831
100,64,0.01,62,0.820211715512185,0.8466701579480619,0.00033178084143578937
100,64,0.01,63,0.9844095906156797,1.0000351396730713,3.4451204450132435e-05
100,64,0.02,1,0.015625,1.0,1.3112108017830369e-18
100,64,0.02,2,0.024858236725455923,0.7954635752145895,0.0003208156613034466
100,64,0.02,3,0.031819145779877656,0.6788084433040568,0.00037207104190004243
100,64,0.02,4,0.037722262334747944,0.6035561973559671,0.0003902354917189551
100,64,0.02,5,0.04307322989978802,0.5513373427172867,0.0003987157450120966
100,64,0.02,6,0.04809249086129895,0.5129865691871889,0.00040220589046666415
100,64,0.02,7,0.05292888379958801,0.483921223310519,0.0004035294806310603
100,64,0.02,8,0.05765866823948875,0.46126934591591,0.0004049373167471386
100,64,0.02,9,0.06229819946096944,0.4430094183891161,0.00040495983000936927
100,64,0.02,10,0.0669217989448681,0.4282995132471559,0.00040550878796410684
100,64,0.02,11,0.07155123765287218,0.4162981099803472,0.00040584007847701295
100,64,0.02,12,0.07620203467019955,0.40641085157439766,0.0004064924361695786
100,64,0.02,13,0.08089416251314457,0.3982481846800964,0.00040721001248153916
100,64,0.02,14,0.0856638394744686,0.39160612331185646,0.00040779488670586217
100,64,0.02,15,0.09048454428614414,0.38606738895421505,0.0004084224943431731
100,64,0.02,16,0.09539777841454504,0.38159111365818016,0.00040985991638980697
100,64,0.02,17,0.10041037364942365,0.37801552432724195,0.000411472228455193
100,64,0.02,18,0.10552996232225675,0.3752176438124685,0.00041298133444834514
100,64,0.02,19,0.11075515217214027,0.3730699862640514,0.0004147205987800118
100,64,0.02,20,0.1161211427377051,0.37158765676065636,0.00041663055835839254
100,64,0.02,21,0.12162591742035499,0.37066946261441525,0.00041847966739856727
100,64,0.02,22,0.12729563242760258,0.37031456706211663,0.0004205997235389473
100,64,0.02,23,0.13313379346325055,0.3704592513760015,0.0004231449528628093
100,64,0.02,24,0.1391403001612435,0.3710408004299828,0.00042548821295017487
100,64,0.02,25,0.1453275987587145,0.37203865282230913,0.00042813647400670327
100,64,0.02,26,0.15172294770938202,0.3734718712846327,0.0004308055163787637
100,64,0.02,27,0.15834830993598642,0.37534414207048633,0.0004336611488885146
100,64,0.02,28,0.16520117920841168,0.3776026953335125,0.0004365833769656516
100,64,0.02,29,0.17229136403295053,0.38022921717616676,0.0004396286468839908
100,64,0.02,30,0.17963649620687885,0.3832245252413416,0.0004427880110908731
100,64,0.02,31,0.18725344593386695,0.38658775934733824,0.0004459968369459849
100,64,0.02,32,0.1951925846810771,0.3903851693621542,0.0004493817012585237
100,64,0.02,33,0.20345092951298882,0.39457149966155414,0.0004526532711971575
100,64,0.02,34,0.21203785830755179,0.39913008622597984,0.00045614106828317666
100,64,0.02,35,0.2210302557610887,0.40416961053456213,0.0004595028488080282
100,64,0.02,36,0.2304042401031455,0.4096075379611476,0.00046312599069536347
100,64,0.02,37,0.2402051013331921,0.4154899050087647,0.00046669300215104487
100,64,0.02,38,0.2504867211245011,0.4218723724202124,0.00046995635204888055
100,64,0.02,39,0.26124201661509927,0.4287048477786245,0.00047337086818212236
100,64,0.02,40,0.2725564677629716,0.4360903484207546,0.00047672849209030345
100,64,0.02,41,0.28444296933877744,0.4440085375044332,0.00047999265485617216
100,64,0.02,42,0.2969731790206779,0.4525305585076997,0.00048316121016002243
100,64,0.02,43,0.3101866645499543,0.4616731751441181,0.0004861900022543902
100,64,0.02,44,0.32413442778060614,0.4714682585899726,0.0004887695154690046
100,64,0.02,45,0.33891775121161316,0.4820163572787387,0.0004910490404662309
100,64,0.02,46,0.3545878878421083,0.4933396700411942,0.0004929245616743158
100,64,0.02,47,0.3712279777141875,0.5055019271001702,0.0004941485996419113
100,64,0.02,48,0.38895169629541027,0.5186022617272138,0.0004948568968016841
100,64,0.02,49,0.4078568048357428,0.5327109287650519,0.0004946112986970201
100,64,0.02,50,0.4280806067874491,0.5479431766879348,0.0004933936682676536
100,64,0.02,51,0.4497724958990508,0.5644203870105735,0.0004909130570356663
100,64,0.02,52,0.47307003041028944,0.5822400374280485,0.0004868683994806016
100,64,0.02,53,0.4982104347442547,0.6016126004458925,0.00048076953717830415
100,64,0.02,54,0.5253822480499417,0.6226752569480791,0.0004723255848794804
100,64,0.02,55,0.5548817920759066,0.6456806307792368,0.00046096160328968825
100,64,0.02,56,0.5870396548839479,0.6709024627245119,0.00044634043574863925
100,64,0.02,57,0.622249733235676,0.6986663671418116,0.0004263913406502108
100,64,0.02,58,0.660838380259161,0.7292009713204537,0.0003999802906285916
100,64,0.02,59,0.7036102815275576,0.76323827148752,0.0003711765786804735
100,64,0.02,60,0.7522694986368186,0.80242079854594,0.0003259923938112978
100,64,0.02,61,0.8037726713343476,0.8433024748425941,0.0002615286998740285
100,64,0.02,62,0.8649950882687557,0.8928981556322639,0.00021872238185933546
100,64,0.02,63,0.9843922628292118,1.0000175368423738,2.433710741890895e-05
100,64,0.03,1,0.015625,0.9999999999999999,0.0
100,64,0.03,2,0.025565247112687876,0.8180879076060118,0.00030488277679032236
100,64,0.03,3,0.033317621667494406,0.7107759289065472,0.0003587288255067994
100,64,0.03,4,0.04005328918514187,0.64085262696227,0.0003803762417873393
100,64,0.03,5,0.046239199366453106,0.5918617518905996,0.000390617006965415
100,64,0.03,6,0.052102084354356676,0.5557555664464712,0.0003960847389313042
100,64,0.03,7,0.05778020810503907,0.5282761883889286,0.0003994210925876694
100,64,0.03,8,0.06335489719124208,0.5068391775299366,0.0004018612305437461
100,64,0.03,9,0.06885536223898148,0.48963813147720153,0.0004030980004122363
100,64,0.03,10,0.07433080514176786,0.4757171529073142,0.0004044408945647116
100,64,0.03,11,0.07982800487168483,0.4644538465261663,0.00040521852884685606
100,64,0.03,12,0.08535441165670603,0.45522352883576545,0.0004060858078397651
100,64,0.03,13,0.09092816361109383,0.4476463439315388,0.0004069426790017154
100,64,0.03,14,0.0965959795541151,0.4415816208188118,0.00040791362041825137
100,64,0.03,15,0.10231614523572645,0.43654888633909955,0.0004088257353076505
100,64,0.03,16,0.10814836834716217,0.4325934733886486,0.00041011294939673106
100,64,0.03,17,0.11410488283598026,0.429571323617808,0.00041175113005402047
100,64,0.03,18,0.12017520823548153,0.42728962928171205,0.00041289034516272236
100,64,0.03,19,0.12636522120909474,0.42565127144116127,0.0004144924824632398
100,64,0.03,20,0.13270434882103618,0.4246539162273158,0.00041594560605051617
100,64,0.03,21,0.13919871578329027,0.4242246576252656,0.0004172752496888107
100,64,0.03,22,0.14586854566272806,0.42434486010975436,0.00041874321329667325
100,64,0.03,23,0.15272009618624502,0.4249602676486818,0.0004206567534673882
100,64,0.03,24,0.1597513064864558,0.42600348396388216,0.00042234333733085633
100,64,0.03,25,0.1669818719166739,0.4274735921066851,0.00042417785307503284
100,64,0.03,26,0.1744445206163815,0.4294018969018621,0.0004260197404410257
100,64,0.03,27,0.18214987549736916,0.4317626678456158,0.00042785894778744264
100,64,0.03,28,0.19009016378570404,0.43449180293875206,0.0004297941942710314
100,64,0.03,29,0.19829808489534842,0.43762335976904476,0.00043197119795412744
100,64,0.03,30,0.20678045137051748,0.4411316295904373,0.0004341043672771917
100,64,0.03,31,0.21555337693402182,0.4450134233476579,0.00043609281628294256
100,64,0.03,32,0.22465356924130653,0.449307138482613,0.00043823804742809945
100,64,0.03,33,0.23409005191938217,0.45399282796486234,0.0004401619792043746
100,64,0.03,34,0.2438695312814863,0.459048529471033,0.00044214681684935544
100,64,0.03,35,0.25406168279627556,0.46456993425604665,0.00044393311598299993
100,64,0.03,36,0.264644592859393,0.4704792761944765,0.00044589655950525407
100,64,0.03,37,0.2756626935243284,0.47682195636640584,0.0004475995446938996
100,64,0.03,38,0.28716693597903387,0.48364957638574124,0.0004489460330438756
100,64,0.03,39,0.2991541834294379,0.4909196856277955,0.0004502664003602021
100,64,0.03,40,0.3117009604841506,0.4987215367746409,0.0004514599242573312
100,64,0.03,41,0.3248047013644094,0.5070122167639561,0.00045239745262163006
100,64,0.03,42,0.33855004919901077,0.5158857892556354,0.0004530371370858329
100,64,0.03,43,0.3529602288495868,0.5253361545668268,0.000453477708070112
100,64,0.03,44,0.36808117573076876,0.5353908010629364,0.00045329660949687447
100,64,0.03,45,0.38399078959990424,0.5461202340976417,0.0004526715806643999
100,64,0.03,46,0.40074178352464707,0.557553785773422,0.0004515719650278766
100,64,0.03,47,0.4184107865031566,0.5697508582170643,0.0004495873069101029
100,64,0.03,48,0.4370876414119298,0.582783521882573,0.00044688662956089714
100,64,0.03,49,0.45683888142747503,0.596687518599151,0.00044302997843210005
100,64,0.03,50,0.47777404803805357,0.6115507814887085,0.0004380398157362574
100,64,0.03,51,0.5000123798365909,0.627466515873369,0.00043188291092207765
100,64,0.03,52,0.5236961239166209,0.6445490755896871,0.00042404337685276653
100,64,0.03,53,0.5489600934465534,0.6628952071807437,0.00041433895332577904
100,64,0.03,54,0.5759706869620007,0.6826319252882971,0.0004023189134702738
100,64,0.03,55,0.6048899521551058,0.7038719443259412,0.0003878106144115509
100,64,0.03,56,0.6360401841400267,0.7269030675886019,0.00037058078246294466
100,64,0.03,57,0.6696353797602176,0.7518713035904196,0.0003479646051698693
100,64,0.03,58,0.7056842468977617,0.7786860655423575,0.00032164813280542465
100,64,0.03,59,0.7454230150241115,0.8085944569753073,0.0002949660602209198
100,64,0.03,60,0.7894641252867076,0.8420950669724881,0.0002489044403700725
100,64,0.03,61,0.8339370123941872,0.8749503080857044,0.00020045705649450295
100,64,0.03,62,0.889075568880993,0.9177554259416703,0.00016187492117536814
100,64,0.03,63,0.9844104832354833,1.0000360464614433,1.981947729363122e-05
100,64,0.04,1,0.015625000000000007,1.0000000000000004,9.077613243113333e-19
100,64,0.04,2,0.026108581909076667,0.8354746210904533,0.0002914499968531523
100,64,0.04,3,0.034501740546280954,0.7360371316539936,0.00034664774062921427
100,64,0.04,4,0.041904533435011715,0.6704725349601874,0.00036953710139780576
100,64,0.04,5,0.048765243658482976,0.6241951188285821,0.0003812478186081305
100,64,0.04,6,0.055308520814573534,0.589957555355451,0.0003877583023644141
100,64,0.04,7,0.061671961319178875,0.5638579320610639,0.0003924014979857183
100,64,0.04,8,0.0679334356408428,0.5434674851267424,0.000395521267016482
100,64,0.04,9,0.07412807521133641,0.5271329792806144,0.0003976466139891079
100,64,0.04,10,0.08030505051176556,0.5139523232752997,0.00039931865938268595
100,64,0.04,11,0.08651419593683217,0.5033553218142963,0.0004003859013484094
100,64,0.04,12,0.09275598934266033,0.49469860982752173,0.00040133375871075126
100,64,0.04,13,0.09905793509563522,0.4876698343169734,0.00040216922272594984
100,64,0.04,14,0.1054491574079846,0.4820532910079296,0.0004029321787340932
100,64,0.04,15,0.11190600618634419,0.4774656263950685,0.0004039254519461195
100,64,0.04,16,0.11848900543725682,0.4739560217490273,0.0004052132587115392
100,64,0.04,17,0.12519693121200218,0.47132962338636114,0.0004065356617854992
100,64,0.04,18,0.1320340549615139,0.4694544176409383,0.0004075530622742062
100,64,0.04,19,0.1390046010943123,0.46822602473873626,0.0004089003585344451
100,64,0.04,20,0.1461299473424563,0.46761583149586017,0.00040999760623410155
100,64,0.04,21,0.1534139678559182,0.46754733060851267,0.00041082008667942227
100,64,0.04,22,0.1608747498701684,0.4679992723495807,0.00041187238283811367
100,64,0.04,23,0.16852129597455193,0.46892882358136184,0.00041307606410858683
100,64,0.04,24,0.1763684265987179,0.47031580426324776,0.0004142258070163596
100,64,0.04,25,0.18441908019906603,0.47211284530960906,0.00041533172131500746
100,64,0.04,26,0.19271403637766438,0.474373012621943,0.0004165125905587025
100,64,0.04,27,0.20126854893027898,0.4770810048717724,0.00041775829848104723
100,64,0.04,28,0.21005144755158592,0.48011759440362495,0.00041886473382356964
100,64,0.04,29,0.21911362898283956,0.48356111223799064,0.0004201005035030885
100,64,0.04,30,0.2284611119899449,0.4873837055785491,0.0004212442560862485
100,64,0.04,31,0.23810728828478103,0.491576337104064,0.0004223167707384157
100,64,0.04,32,0.24807666156256267,0.49615332312512533,0.0004232929317615433
100,64,0.04,33,0.2583837378719616,0.5011078552668347,0.0004241503698802071
100,64,0.04,34,0.2690446162011732,0.506436924613973,0.0004248605478960684
100,64,0.04,35,0.2801237554410988,0.5122262956637236,0.0004255018912836754
100,64,0.04,36,0.29157741627440625,0.5183598511545,0.0004261287240969953
100,64,0.04,37,0.3034597879040633,0.5249034169151365,0.0004264014250705982
100,64,0.04,38,0.3158233346574774,0.5319129846862778,0.0004263218070214927
100,64,0.04,39,0.3286655033941019,0.539348518390321,0.00042613012951706893
100,64,0.04,40,0.3420480865203169,0.547276938432507,0.00042567947571824983
100,64,0.04,41,0.3559619568063826,0.5556479325758167,0.00042491511276688984
100,64,0.04,42,0.37048992671015774,0.5645560787964309,0.00042381220798650874
100,64,0.04,43,0.38565804072149507,0.5740026652598995,0.0004222989819243999
100,64,0.04,44,0.40149422630891746,0.5839916019038799,0.0004202301132195705
100,64,0.04,45,0.41809015434552005,0.5946171084025174,0.0004176299733791901
100,64,0.04,46,0.4354612633799793,0.605859149050406,0.00041444689673498825
100,64,0.04,47,0.4536895735808934,0.6177900576420675,0.00041046126203325505
100,64,0.04,48,0.47284860937623746,0.63046481250165,0.0004056134070896096
100,64,0.04,49,0.4929774862365451,0.6438889616150792,0.0003996842852505291
100,64,0.04,50,0.5141794974807093,0.658149756775308,0.0003926177274521973
100,64,0.04,51,0.5365371678925892,0.6733015440220728,0.00038439247538418357
100,64,0.04,52,0.5601740772291375,0.689445018128169,0.0003747032192470244
100,64,0.04,53,0.5851918577572084,0.7066467716313459,0.0003632776391508408
100,64,0.04,54,0.6116985619278047,0.7249760733959166,0.0003497471234714998
100,64,0.04,55,0.6398490669225562,0.7445516415098836,0.00033444983521634586
100,64,0.04,56,0.6699199336398682,0.7656227813027066,0.00031658743416923524
100,64,0.04,57,0.7019268715697929,0.7881284172011709,0.000293347695833125
100,64,0.04,58,0.7358442300629578,0.8119660469660223,0.0002694846494216721
100,64,0.04,59,0.7732761949077955,0.8388080758321849,0.0002444577529309519
100,64,0.04,60,0.8134359732349603,0.8676650381172909,0.00020012932797747562
100,64,0.04,61,0.8534193345771025,0.8953907772612222,0.0001638855294276613
100,64,0.04,62,0.9041219291772872,0.9332871526991351,0.0001268941615562611
100,64,0.04,63,0.98440507752788,1.0000305549489574,1.7034647442550083e-05
100,64,0.05,1,0.015624999999999988,0.9999999999999992,1.4793147507295798e-18
100,64,0.05,2,0.026557833981994173,0.8498506874238135,0.0002794837097665332
100,64,0.05,3,0.03548832715475069,0.7570843126346815,0.00033525556689730174
100,64,0.05,4,0.043453065403705735,0.6952490464592918,0.00035967657630623935
100,64,0.05,5,0.05089424344376185,0.6514463160801517,0.0003726907065428008
100,64,0.05,6,0.05802582550386848,0.6189421387079305,0.0003803217540997001
100,64,0.05,7,0.06497608985652423,0.59406710725965,0.0003858285052884351
100,64,0.05,8,0.07183029522975562,0.574642361838045,0.0003895807650131315
100,64,0.05,9,0.07861956430461838,0.5590724572772863,0.00039205547639437467
100,64,0.05,10,0.08540085844351929,0.5465654940385234,0.0003936909431950188
100,64,0.05,11,0.09221748241330271,0.5365380794955794,0.00039519795984649375
100,64,0.05,12,0.09907052817112698,0.5283761502460106,0.00039645647773128845
100,64,0.05,13,0.10598308682018925,0.5217628889609318,0.0003975821959360733
100,64,0.05,14,0.11299150876404294,0.5165326114927676,0.0003986023579681626
100,64,0.05,15,0.12007771272156759,0.5123315742786884,0.000399451865326507
100,64,0.05,16,0.12729930645472792,0.5091972258189117,0.0004005535619079669
100,64,0.05,17,0.13464182752466577,0.5068868800928594,0.0004015452160758109
100,64,0.05,18,0.14211503377719778,0.505297897874481,0.0004023776893314711
100,64,0.05,19,0.14974210823606546,0.5043944698477995,0.0004034353925800527
100,64,0.05,20,0.1575223382354886,0.5040714823535635,0.00040422824484024174
100,64,0.05,21,0.16546802551132875,0.50428350632024,0.0004046272718273669
100,64,0.05,22,0.17360166111369357,0.5050230141489267,0.0004052721110116538
100,64,0.05,23,0.18191892844273422,0.5062091921884778,0.00040608410135686764
100,64,0.05,24,0.19045143245877652,0.5078704865567374,0.0004067738796306898
100,64,0.05,25,0.19919031509864765,0.5099272066525379,0.00040758050901576167
100,64,0.05,26,0.20817393881681748,0.5124281570875507,0.00040814636404196613
100,64,0.05,27,0.2174147237326485,0.5153534192181297,0.00040873088712863346
100,64,0.05,28,0.22688152386050828,0.5185863402525903,0.0004092458667610652
100,64,0.05,29,0.23663697218822163,0.5222333179326271,0.00040968657402423654
100,64,0.05,30,0.2466713265434044,0.526232163292596,0.00041013531548599833
100,64,0.05,31,0.2570128151216321,0.5306071021865953,0.0004103487455756639
100,64,0.05,32,0.26767043293486326,0.5353408658697265,0.00041046813016825333
100,64,0.05,33,0.2786620403362705,0.5404354721673125,0.0004103879812874454
100,64,0.05,34,0.2900041027365685,0.5458900757394232,0.0004101314552878804
100,64,0.05,35,0.3017615577544085,0.5517925627509184,0.00040981190270920626
100,64,0.05,36,0.3138821414157153,0.5580126958501604,0.0004094158952847645
100,64,0.05,37,0.32641900523565154,0.5646166577049109,0.00040863916310530165
100,64,0.05,38,0.33943132624197203,0.571673812618058,0.00040753855041613887
100,64,0.05,39,0.3528942726308947,0.5791085499583913,0.0004061659679871645
100,64,0.05,40,0.3668902940732285,0.5870244705171656,0.0004045594126761088
100,64,0.05,41,0.38139097503136077,0.5953420098050509,0.00040258485072675396
100,64,0.05,42,0.3964763774050592,0.6041544798553283,0.0004001813971601633
100,64,0.05,43,0.41216430707994745,0.6134538523980614,0.00039735044472221086
100,64,0.05,44,0.4284805227328834,0.6232443967023757,0.0003939579484202497
100,64,0.05,45,0.4454945750513713,0.6335922845175058,0.0003899551917675024
100,64,0.05,46,0.4632495573864936,0.6445211233203388,0.00038544164694113796
100,64,0.05,47,0.481778356775945,0.6560386134821379,0.00038005125876528975
100,64,0.05,48,0.5011685089439666,0.6682246785919554,0.00037382038766922937
100,64,0.05,49,0.5214343120672157,0.6810570606592204,0.00036661998619230425
100,64,0.05,50,0.5426825739881251,0.6946336947048001,0.0003583135719477445
100,64,0.05,51,0.5649614283987702,0.7089712042651233,0.00034894116106591117
100,64,0.05,52,0.588380101336724,0.724160124722122,0.00033826298462734177
100,64,0.05,53,0.6130132150806142,0.7402423729275341,0.0003259314552440035
100,64,0.05,54,0.6389247479482709,0.7572441457164693,0.00031166291953643564
100,64,0.05,55,0.6662899277026605,0.7753191885994594,0.000296347774981155
100,64,0.05,56,0.6953480850160523,0.794683525732631,0.00027818724815149366
100,64,0.05,57,0.7258771581343494,0.8150199670280415,0.00025527546652443774
100,64,0.05,58,0.7580722661448224,0.8364935350563557,0.00023408065709925333
100,64,0.05,59,0.7936369114201457,0.8608942767947343,0.00020948506741506675
100,64,0.05,60,0.8305218105453145,0.8858899312483355,0.00016834599786407867
100,64,0.05,61,0.8675016594947993,0.9101656755355272,0.00013979850710203168
100,64,0.05,62,0.9145354876381026,0.944036632400622,0.00010421212527551428
100,64,0.05,63,0.9844046973664301,1.0000301687531987,1.5184828221748856e-05
100,64,0.06,1,0.015625,1.0,0.0
100,64,0.06,2,0.02693811017865296,0.8620195257168948,0.0002692647090945054
100,64,0.06,3,0.03633098515100283,0.775061016554727,0.0003257943766599395
100,64,0.06,4,0.044784118767250004,0.7165459002760001,0.0003508338905434051
100,64,0.06,5,0.0527227538283136,0.674851249002414,0.00036472935475032
100,64,0.06,6,0.06035989860779124,0.6438389184831065,0.00037273073637255846
100,64,0.06,7,0.06782301900289875,0.6200961737407886,0.0003784583730041469
100,64,0.06,8,0.07519525613984483,0.6015620491187587,0.0003822217176672083
100,64,0.06,9,0.0825073974880082,0.586719271025836,0.00038516793652482
100,64,0.06,10,0.08981804809446366,0.5748355078045674,0.0003868589542227822
100,64,0.06,11,0.09715998450863439,0.5652944553229637,0.00038821885798098857
100,64,0.06,12,0.1045401056796334,0.5575472302913781,0.0003896344350866451
100,64,0.06,13,0.11198967082338296,0.5513337640535777,0.0003906572879978125
100,64,0.06,14,0.11953820642076872,0.5464603722092284,0.00039165083089282325
100,64,0.06,15,0.12716833298574906,0.5425848874058626,0.00039234974920230876
100,64,0.06,16,0.13493729686520223,0.5397491874608089,0.00039328526790818793
100,64,0.06,17,0.1428338183897808,0.5377273162909394,0.0003939982494137098
100,64,0.06,18,0.15085893491529312,0.5363873241432644,0.00039459327769177327
100,64,0.06,19,0.15904106574633572,0.5357172740929204,0.00039533725680665965
100,64,0.06,20,0.16737999788761512,0.5356159932403683,0.0003957741144030299
100,64,0.06,21,0.17589164676846192,0.5360507330086458,0.0003960159692843842
100,64,0.06,22,0.18459350191870572,0.5369992783089621,0.00039630775257213323
100,64,0.06,23,0.1934777293102487,0.5383728119937355,0.00039677442845244737
100,64,0.06,24,0.20257447915050716,0.540198611068019,0.0003969928182521798
100,64,0.06,25,0.21188294055443538,0.5424203278193546,0.00039731226020851335
100,64,0.06,26,0.2214293508388831,0.5450568636034047,0.0003973582455124812
100,64,0.06,27,0.2312408100711862,0.5481263646131821,0.00039747741565947275
100,64,0.06,28,0.24127516912900862,0.5514861008663055,0.0003973498174143018
100,64,0.06,29,0.2515989989207654,0.5552529631354822,0.0003971592405759779
100,64,0.06,30,0.26219232052228286,0.5593436171142034,0.0003969831911829567
100,64,0.06,31,0.27308961326576775,0.5637979112583592,0.0003965104433525461
100,64,0.06,32,0.2842870046022266,0.5685740092044532,0.0003959547345399058
100,64,0.06,33,0.2958297343379405,0.5737303938675211,0.0003951947534641708
100,64,0.06,34,0.3077118594457007,0.5792223236624954,0.0003942825777704141
100,64,0.06,35,0.3199932678004078,0.5851305468350315,0.0003931569178345006
100,64,0.06,36,0.33262461026687795,0.5913326404744496,0.00039184829735487687
100,64,0.06,37,0.34566714834410295,0.5979107430816916,0.0003902718868362433
100,64,0.06,38,0.3591622553383245,0.6049048510961256,0.00038820048592188845
100,64,0.06,39,0.3730987190397814,0.6122645645781027,0.0003859385220472405
100,64,0.06,40,0.3875383141754329,0.6200613026806926,0.000383450902853627
100,64,0.06,41,0.4024625950287153,0.6282342946789702,0.00038050904246831506
100,64,0.06,42,0.41792880495590773,0.6368438932661451,0.00037715833343571854
100,64,0.06,43,0.4339697205588285,0.645908421296861,0.00037333997440296
100,64,0.06,44,0.45060609022074694,0.6554270403210866,0.00036899469610753667
100,64,0.06,45,0.4678893807878162,0.6654426748982274,0.00036408773183390486
100,64,0.06,46,0.48586982301072673,0.6759927972323154,0.000358632917880206
100,64,0.06,47,0.504569935771365,0.6870739550929226,0.00035237565106937505
100,64,0.06,48,0.5240544835940639,0.6987393114587519,0.00034533536957409615
100,64,0.06,49,0.5443396790827393,0.7109742747203126,0.00033736118026868344
100,64,0.06,50,0.5655124616863874,0.7238559509585758,0.0003283935893593434
100,64,0.06,51,0.5876277323958644,0.7374151935948101,0.00031848637042247333
100,64,0.06,52,0.6107582227633569,0.7517024280164393,0.000307384824763115
100,64,0.06,53,0.6349718623478869,0.7667584752880144,0.00029462940258698304
100,64,0.06,54,0.6602946701755612,0.7825714609488132,0.00028027967192346156
100,64,0.06,55,0.6869201386009176,0.7993252521901586,0.0002654596898226782
100,64,0.06,56,0.7150522054959165,0.8172025205667617,0.00024719967810248186
100,64,0.06,57,0.7442856366806432,0.8356891359221257,0.0002254369065670855
100,64,0.06,58,0.7751021420127252,0.8552851222209382,0.00020661692454355282
100,64,0.06,59,0.8090389344627629,0.8776015560274039,0.00018217927456990848
100,64,0.06,60,0.8432639095068312,0.8994815034739533,0.00014531262661648375
100,64,0.06,61,0.8781163080950593,0.9213023560341603,0.00012150578820307313
100,64,0.06,62,0.9220787011492096,0.9518231753798294,8.796470454099821e-05
100,64,0.06,63,0.9843963880807107,1.0000217275740553,1.376695987356282e-05
100,64,0.07,1,0.015625000000000003,1.0000000000000002,1.0950771531374816e-18
100,64,0.07,2,0.027267283663572967,0.872553077234335,0.00025984487108164753
100,64,0.07,3,0.037071508742731116,0.7908588531782639,0.0003170600780847876
100,64,0.07,4,0.04595670799609304,0.7353073279374887,0.00034301592076471524
100,64,0.07,5,0.054334002316830374,0.6954752296554287,0.0003575333400031664
100,64,0.07,6,0.06242828395203523,0.6659016954883759,0.00036653884725594056
100,64,0.07,7,0.07035542953759627,0.6432496414865945,0.00037287819124422905
100,64,0.07,8,0.07818758039546439,0.6255006431637151,0.0003768922852894007
100,64,0.07,9,0.0859692002670407,0.6113365352322895,0.0003798403410841392
100,64,0.07,10,0.09374502178671887,0.5999681394350006,0.0003816487840306734
100,64,0.07,11,0.1015609602615773,0.5909001324309952,0.0003831634944341794
100,64,0.07,12,0.10941561124068723,0.5835499266169986,0.0003844248752307134
100,64,0.07,13,0.11734418655405392,0.5776944568814962,0.00038550910161002646
100,64,0.07,14,0.12537393185389822,0.573137974189249,0.0003863241480931323
100,64,0.07,15,0.1334878526117045,0.5695481711432726,0.0003868796378099677
100,64,0.07,16,0.14174705240800792,0.5669882096320317,0.0003876323477203802
100,64,0.07,17,0.15012716591955474,0.5651846246383238,0.00038814321489131863
100,64,0.07,18,0.15863305639412398,0.5640286449568852,0.0003884033287867631
100,64,0.07,19,0.16730181570323532,0.5635429581582663,0.00038892779003444873
100,64,0.07,20,0.17613291751382357,0.5636253360442354,0.00038907685991856217
100,64,0.07,21,0.18514019555554664,0.5642367864549993,0.0003890747258557598
100,64,0.07,22,0.19433519605252356,0.5653387521527957,0.0003890640516027306
100,64,0.07,23,0.20371460179441936,0.5668580223844712,0.00038906668062768196
100,64,0.07,24,0.21330801783946313,0.568821380905235,0.00038888191566183096
100,64,0.07,25,0.22310461151239505,0.5711478054717314,0.0003887305965305561
100,64,0.07,26,0.23313589167303203,0.5738729641182326,0.0003883580183860359
100,64,0.07,27,0.24343246655622539,0.5770251059110527,0.00038791021552464505
100,64,0.07,28,0.25394978791832384,0.5804566580990259,0.0003872507536493343
100,64,0.07,29,0.26475086637971174,0.5842777740793638,0.0003864261213169077
100,64,0.07,30,0.275822549292482,0.5884214384906282,0.00038560701321210827
100,64,0.07,31,0.28718275947229027,0.5928934389105347,0.0003845303174140609
100,64,0.07,32,0.29884698166336593,0.5976939633267319,0.0003834115869750695
100,64,0.07,33,0.31084091102265343,0.6028429789530249,0.0003820873041794241
100,64,0.07,34,0.3231649548436292,0.6083105032350667,0.00038056508771974854
100,64,0.07,35,0.33588079431028733,0.6141820238816682,0.0003788588854692096
100,64,0.07,36,0.34892578707778454,0.6203125103605058,0.00037689903758588366
100,64,0.07,37,0.36237296653296286,0.6268072934624223,0.00037462664719629994
100,64,0.07,38,0.37625207917369563,0.63368771229254,0.00037187006409078417
100,64,0.07,39,0.3905493684129547,0.6409015276520281,0.00036890450250372415
100,64,0.07,40,0.4053350060052374,0.6485360096083798,0.00036573901480077087
100,64,0.07,41,0.4205750393959201,0.6565073785692411,0.00036208135125422177
100,64,0.07,42,0.43632840435083037,0.6648813780584082,0.000357998823962406
100,64,0.07,43,0.45262697113170414,0.6736773523820714,0.00035348153312894653
100,64,0.07,44,0.4694780919551019,0.6828772246619664,0.0003484264315113001
100,64,0.07,45,0.48694297890592,0.6925411255550862,0.0003429012680327714
100,64,0.07,46,0.5050521856058497,0.7026813017124866,0.0003367856356226392
100,64,0.07,47,0.5238311307088537,0.7133019652205668,0.00032991747533776117
100,64,0.07,48,0.5433269056776673,0.7244358742368897,0.00032234052931475615
100,64,0.07,49,0.5635561146549146,0.7360732926105006,0.0003138486783543457
100,64,0.07,50,0.5846016052145382,0.7482900546746089,0.0003044228821243795
100,64,0.07,51,0.6064858165396023,0.7610802403634225,0.0002941832072658384
100,64,0.07,52,0.6293008157163676,0.7745240808816832,0.0002828766537152757
100,64,0.07,53,0.6530836168379351,0.7886292731627896,0.0002698758478654447
100,64,0.07,54,0.6778316662978862,0.8033560489456428,0.0002558132975973623
100,64,0.07,55,0.7037954076800139,0.8189619289367434,0.00024145994933833445
100,64,0.07,56,0.7310685020582626,0.8355068594951572,0.00022320786196046926
100,64,0.07,57,0.7591561957583165,0.8523859040093379,0.00020281218913528038
100,64,0.07,58,0.7888400414581921,0.870444183678005,0.00018576039634897476
100,64,0.07,59,0.8213553943963958,0.8909617837520225,0.00016140638634464945
100,64,0.07,60,0.8533844930760218,0.9102767926144232,0.0001284865244530043
100,64,0.07,61,0.8865567320650717,0.9301578828223702,0.00010772007603413138
100,64,0.07,62,0.9279038462314649,0.9578362283679638,7.633084682858411e-05
100,64,0.07,63,0.9843920298999136,1.0000173002157853,1.2710670811821855e-05
100,64,0.08,1,0.015624999999999997,0.9999999999999997,4.875014519449752e-19
100,64,0.08,2,0.027550089228108355,0.8816028552994671,0.0002515271575194439
100,64,0.08,3,0.037713333939780685,0.8045511240486546,0.00030823456066366773
100,64,0.08,4,0.04698627181415627,0.7517803490265003,0.0003348975682840269
100,64,0.08,5,0.05576574972534613,0.7138015964844304,0.00035021292773225563
100,64,0.08,6,0.06426678563565745,0.6855123801136794,0.00035931680304311273
100,64,0.08,7,0.07259959742762843,0.6637677479097457,0.00036608944728600516
100,64,0.08,8,0.08084793288909074,0.6467834631127258,0.00037055629962964756
100,64,0.08,9,0.08905120170491694,0.6332529899016315,0.0003738032653324144
100,64,0.08,10,0.09724317154961959,0.6223562979175653,0.00037569182498404423
100,64,0.08,11,0.1054774276576156,0.6136868518261271,0.00037726908299717674
100,64,0.08,12,0.11375133378269904,0.6066737801743948,0.00037841081770389616
100,64,0.08,13,0.1221059431931202,0.6011369511045916,0.0003792892343667429
100,64,0.08,14,0.13056241964928775,0.5968567755396011,0.0003799944949424319
100,64,0.08,15,0.1391092396656126,0.5935327559066137,0.0003802723707394205
100,64,0.08,16,0.14779633316342883,0.5911853326537152,0.0003807835276115395
100,64,0.08,17,0.15659725729748483,0.5895426157081781,0.00038123581055669295
100,64,0.08,18,0.16553159597552117,0.5885567856907419,0.0003812520532134372
100,64,0.08,19,0.17463686171465492,0.5882504815651534,0.0003815653511361274
100,64,0.08,20,0.18389522855834214,0.5884647313866949,0.00038149326943976645
100,64,0.08,21,0.1933364921354887,0.5892159760319654,0.00038126163057874653
100,64,0.08,22,0.20295491251590742,0.590414290955367,0.00038096795506319434
100,64,0.08,23,0.21275545319138064,0.5920151740977548,0.0003806342410300144
100,64,0.08,24,0.22277634962746012,0.594070265673227,0.00038003721761508346
100,64,0.08,25,0.23299480364526973,0.5964666973318904,0.0003795978094770068
100,64,0.08,26,0.24345570563019026,0.5992755830896991,0.0003788375212989928
100,64,0.08,27,0.2541681449841499,0.6024726399624294,0.00037802393171548776
100,64,0.08,28,0.2651017045438234,0.6059467532430249,0.0003769245274239205
100,64,0.08,29,0.27631252669292944,0.6097931623568098,0.0003756499282403222
100,64,0.08,30,0.2877823741188486,0.6139357314535436,0.00037433073168025314
100,64,0.08,31,0.29953680061880594,0.6183985561162445,0.0003728558088764828
100,64,0.08,32,0.3115889209856867,0.6231778419713733,0.00037126143516434337
100,64,0.08,33,0.3239596655138066,0.6282854119055644,0.0003693492707358813
100,64,0.08,34,0.33664401830024837,0.6336828579769381,0.000367321474777678
100,64,0.08,35,0.34970914766979666,0.6394681557390567,0.00036502345631045184
100,64,0.08,36,0.36309700449562604,0.6455057857700018,0.00036254368332452067
100,64,0.08,37,0.3768708722987598,0.6518847520843414,0.0003597011970058925
100,64,0.08,38,0.39105452022253834,0.6586181393221697,0.0003564210503706764
100,64,0.08,39,0.4056348229271165,0.6656571453162937,0.00035291749106086434
100,64,0.08,40,0.4206836236040393,0.6730937977664628,0.00034921678430586983
100,64,0.08,41,0.4361653585296718,0.6808434864853413,0.0003450802056138815
100,64,0.08,42,0.4521339313301898,0.6889659905983844,0.0003404968965833111
100,64,0.08,43,0.4686062924210458,0.6974605282545797,0.00033544674298617355
100,64,0.08,44,0.4856039012809706,0.7063329473177754,0.0003298755830798632
100,64,0.08,45,0.503175672176068,0.7156276226504077,0.00032385986576124326
100,64,0.08,46,0.5213518950084939,0.7253591582726872,0.00031729641711266326
100,64,0.08,47,0.5401444361990501,0.7355158280157278,0.0003100530996286179
100,64,0.08,48,0.5596007132173032,0.7461342842897376,0.0003021299301498889
100,64,0.08,49,0.5797301618224361,0.7571985787068551,0.0002933678921321035
100,64,0.08,50,0.6006142100826161,0.7687861889057485,0.0002837029128068628
100,64,0.08,51,0.6222596213625281,0.7808748189647411,0.00027335146367948084
100,64,0.08,52,0.6447562051092519,0.7935460985960022,0.0002619797443151739
100,64,0.08,53,0.6681197364102054,0.8067860967972291,0.0002489661338003836
100,64,0.08,54,0.6923325142497615,0.8205422391108284,0.0002354041631728461
100,64,0.08,55,0.7176997823508767,0.8351415649173838,0.00022147182544912504
100,64,0.08,56,0.7441874000634533,0.8504998857868037,0.000203414986123074
100,64,0.08,57,0.7712877157072,0.8660072597414175,0.00018458163499669955
100,64,0.08,58,0.8000247208843647,0.8827858989068851,0.0001687128027121598
100,64,0.08,59,0.8312161518447254,0.9016581986112275,0.0001446191100026045
100,64,0.08,60,0.8614920907319078,0.9189248967807017,0.00011569297332896402
100,64,0.08,61,0.8933498025538379,0.9372850387450103,9.666522013404833e-05
100,64,0.08,62,0.9324903630713248,0.9625706973639483,6.732901571699878e-05
100,64,0.08,63,0.9843846633719229,1.0000098167587788,1.1844026391832173e-05
100,64,0.09,1,0.015624999999999998,0.9999999999999999,1.3224177317128064e-18
100,64,0.09,2,0.027803886588422966,0.8897243708295349,0.0002436990231884969
100,64,0.09,3,0.03829114520902914,0.8168777644592884,0.00030005714774625046
100,64,0.09,4,0.04792097486835994,0.766735597893759,0.00032675425636608907
100,64,0.09,5,0.057061499625071635,0.730387195200917,0.0003423920589900044
100,64,0.09,6,0.0659367186535934,0.703324998971663,0.0003519894485356218
100,64,0.09,7,0.07464569428461722,0.6824749191736431,0.00035881274570326126
100,64,0.09,8,0.08327091247106067,0.6661672997684853,0.00036351683293035195
100,64,0.09,9,0.09185643705754992,0.6532013301870216,0.000366890202341726
100,64,0.09,10,0.10043282731403172,0.6427700948098031,0.000369049201501485
100,64,0.09,11,0.10905188495605891,0.6344836942897973,0.00037078139212396
100,64,0.09,12,0.11770982433083306,0.6277857297644431,0.00037198734799630495
100,64,0.09,13,0.12645428190726204,0.6225441570819056,0.00037287227748819974
100,64,0.09,14,0.1353023340930321,0.618524955853861,0.00037367406468556794
100,64,0.09,15,0.14423663786127733,0.6154096548747833,0.000373682734783535
100,64,0.09,16,0.153306765947379,0.613227063789516,0.00037405365322363854
100,64,0.09,17,0.1624967117786514,0.6117523266960995,0.00037439624119554757
100,64,0.09,18,0.17182000146695892,0.6109155607714095,0.0003742470750357174
100,64,0.09,19,0.1813104262409062,0.6107298568114735,0.00037430417339110583
100,64,0.09,20,0.1909594349042643,0.6110701916936458,0.00037401445620120955
100,64,0.09,21,0.20079233207511618,0.6119385358479732,0.00037353908687435785
100,64,0.09,22,0.21079195856746943,0.613212970378093,0.00037295787568451035
100,64,0.09,23,0.2209710892109658,0.6148760743261658,0.00037234526906037
100,64,0.09,24,0.23136638319931713,0.6169770218648458,0.0003714476930318126
100,64,0.09,25,0.24196036289541825,0.6194185290122708,0.00037067494526558226
100,64,0.09,26,0.2527915456322897,0.6222561123256363,0.0003695828203896957
100,64,0.09,27,0.26387178359431096,0.6254738574087372,0.00036843794986778935
100,64,0.09,28,0.2751682704301213,0.6289560466974203,0.000366944787970335
100,64,0.09,29,0.2867331197012815,0.6327903331338627,0.000365327923629677
100,64,0.09,30,0.2985520442272948,0.6369110276848955,0.0003637332867679751
100,64,0.09,31,0.3106513187675918,0.6413446581008346,0.00036181587494017357
100,64,0.09,32,0.3230388535826505,0.646077707165301,0.0003598073033611148
100,64,0.09,33,0.3357287824074765,0.6511103658811666,0.0003574545400822891
100,64,0.09,34,0.34872539365127614,0.6564242704024023,0.0003550537773250926
100,64,0.09,35,0.3620835477321337,0.6620956301387588,0.00035227902144028026
100,64,0.09,36,0.37576168953722044,0.668020781399503,0.0003493908044824207
100,64,0.09,37,0.38980315917377834,0.6742541131654545,0.0003460981801586266
100,64,0.09,38,0.40423140921218886,0.6808107944626339,0.00034243440964093215
100,64,0.09,39,0.4190431159451786,0.6876604979613188,0.000338487513789507
100,64,0.09,40,0.4343011652339841,0.6948818643743746,0.00033433012261509265
100,64,0.09,41,0.44997304016286227,0.7023969407420291,0.0003297239324545539
100,64,0.09,42,0.4661007096702451,0.7102487004498973,0.0003247138629214909
100,64,0.09,43,0.48271074984248735,0.7184532090678881,0.0003193151309406921
100,64,0.09,44,0.499807018380371,0.7269920267350851,0.00031341643846346157
100,64,0.09,45,0.5174394470262881,0.7359138802151654,0.0003070486905950956
100,64,0.09,46,0.535636232319763,0.7452330188796703,0.00030016132617699407
100,64,0.09,47,0.5544085347669637,0.7549392813848017,0.0002926059454982614
100,64,0.09,48,0.5737922915084454,0.7650563886779272,0.000284461990373199
100,64,0.09,49,0.5938061119581676,0.7755834931698515,0.00027550682688193485
100,64,0.09,50,0.6145027756303786,0.7865635528068847,0.00026569759850404706
100,64,0.09,51,0.6359074648465121,0.7980015245132701,0.00025533652663747104
100,64,0.09,52,0.6580941806663576,0.8099620685124401,0.00024398035625167102
100,64,0.09,53,0.6810456908378272,0.8223947964834138,0.00023107002699944616
100,64,0.09,54,0.7047706258316775,0.8352837046893956,0.0002180804245187423
100,64,0.09,55,0.7296041105152584,0.8489938740541189,0.0002045588249041891
100,64,0.09,56,0.7553625671560212,0.8632715053211671,0.00018677490630630242
100,64,0.09,57,0.7815950347967936,0.8775803899472772,0.00016942945455987793
100,64,0.09,58,0.8094951309624699,0.8932360065792772,0.00015443469132192717
100,64,0.09,59,0.8394948424346542,0.9106384731494555,0.00013092449627243068
100,64,0.09,60,0.8683225423895068,0.9262107118821405,0.00010532615665086692
100,64,0.09,61,0.8990396993622558,0.9432547665440062,8.758812604875169e-05
100,64,0.09,62,0.9362618934545431,0.9664638900175928,6.007603941206525e-05
100,64,0.09,63,0.9843842853800523,1.0000094327670375,1.112669012631304e-05
100,64,0.1,1,0.015625000000000007,1.0000000000000004,0.0
100,64,0.1,2,0.02802934707775771,0.8969391064882467,0.0002361894815428493
100,64,0.1,3,0.03880602162071207,0.8278617945751909,0.00029242217728143684
100,64,0.1,4,0.04875241687822771,0.7800386700516434,0.00031920483116288983
100,64,0.1,5,0.05822712142777753,0.7453071542755524,0.0003349923021948461
100,64,0.1,6,0.06743831895850276,0.7193420688906963,0.0003446313588802837
100,64,0.1,7,0.07649075079046229,0.6993440072270838,0.0003516223958931008
100,64,0.1,8,0.0854634235141755,0.683707388113404,0.00035613636263723795
100,64,0.1,9,0.09439467821432751,0.6712510450796624,0.0003596607221981021
100,64,0.1,10,0.10331557705458436,0.6612196931493399,0.00036176641234766114
100,64,0.1,11,0.11228329482584827,0.6532846244412991,0.0003635857030490577
100,64,0.1,12,0.12129319208348104,0.6468970244452322,0.00036490501446015953
100,64,0.1,13,0.1303845973587413,0.6418934023814957,0.0003656210839505518
100,64,0.1,14,0.13958246734132285,0.6380912792746186,0.0003662355853205288
100,64,0.1,15,0.14887175170971967,0.6351861406281372,0.0003661211409098248
100,64,0.1,16,0.15829647984393763,0.6331859193757505,0.0003663807662019528
100,64,0.1,17,0.1678376938389915,0.6318595532762032,0.00036649737215521867
100,64,0.1,18,0.17751513287947168,0.6311649169047883,0.00036617362440555083
100,64,0.1,19,0.1873545346831091,0.631088958932578,0.00036607112425087943
100,64,0.1,20,0.1973491175067032,0.6315171760214503,0.00036560129237930876
100,64,0.1,21,0.2075234737807829,0.6324524915223859,0.00036493440086385494
100,64,0.1,22,0.21787019345148298,0.6338041991315869,0.0003641990481459433
100,64,0.1,23,0.2283925204232479,0.6355270133516463,0.00036339841122908395
100,64,0.1,24,0.23912686957425694,0.6376716521980186,0.0003622017154797183
100,64,0.1,25,0.25005368735563355,0.6401374396304218,0.00036119722876848886
100,64,0.1,26,0.26121389926044225,0.6429880597180118,0.00035979718864050244
100,64,0.1,27,0.2726185014579872,0.6462068182707846,0.00035831589255202735
100,64,0.1,28,0.28423335377743464,0.6496762372055649,0.00035653368704039644
100,64,0.1,29,0.2961099470274177,0.6534840210260254,0.00035463604391752513
100,64,0.1,30,0.30823178511599963,0.6575611415807991,0.00035275913782700666
100,64,0.1,31,0.3206278228524224,0.6619413116953239,0.0003505768234527476
100,64,0.1,32,0.3333012500920406,0.6666025001840812,0.000348146541000179
100,64,0.1,33,0.34626548470900226,0.6715451824659439,0.00034550819246951544
100,64,0.1,34,0.3595320130153031,0.6767661421464527,0.0003428039605260393
100,64,0.1,35,0.3731405913630404,0.6823142242067024,0.0003396223962114096
100,64,0.1,36,0.38705951085423324,0.6881057970741925,0.0003363757025248903
100,64,0.1,37,0.4013240643996072,0.6941821654479693,0.00033273000211063653
100,64,0.1,38,0.4159558184206924,0.7005571678664293,0.0003287420095213527
100,64,0.1,39,0.43095674821477103,0.7072110739934704,0.00032443162594685747
100,64,0.1,40,0.4463775543078213,0.714204086892514,0.00031992699451267913
100,64,0.1,41,0.46219657457309554,0.7214775798214175,0.000315012062745291
100,64,0.1,42,0.47844437052010835,0.7290580884115937,0.00030971707952702206
100,64,0.1,43,0.495147643888645,0.7369639350900762,0.0003040332519372293
100,64,0.1,44,0.5123048833277061,0.7451707393857543,0.00029790465000366763
100,64,0.1,45,0.5299710999635505,0.7537366755037163,0.0002913522889202365
100,64,0.1,46,0.5481621877013438,0.7626604350627393,0.0002842402893191299
100,64,0.1,47,0.5668890450680097,0.7719340188160133,0.00027648250188399637
100,64,0.1,48,0.5861876206090774,0.7815834941454365,0.00026825088671318263
100,64,0.1,49,0.6060701706858351,0.7916018555896622,0.0002592443442573192
100,64,0.1,50,0.6265745986065592,0.8020154862163958,0.00024943239831918526
100,64,0.1,51,0.6477404589231914,0.8128507719820443,0.0002392251414692184
100,64,0.1,52,0.6696345632414236,0.8241656162971367,0.00022799746061190194
100,64,0.1,53,0.6921993811477554,0.8358634036501198,0.00021525061369415046
100,64,0.1,54,0.7154691766406869,0.8479634686111845,0.00020286879621154316
100,64,0.1,55,0.7397994491556812,0.8608575408357018,0.00018965721628858893
100,64,0.1,56,0.7648765823531127,0.8741446655464145,0.00017241013738831612
100,64,0.1,57,0.790374210063855,0.887437709545381,0.00015645848490441057
100,64,0.1,58,0.8175504009439801,0.9021245803519783,0.0001421584265453377
100,64,0.1,59,0.8465120467453694,0.9182503557915871,0.00011932764868045903
100,64,0.1,60,0.8741154129177809,0.9323897737789663,9.654308760505372e-05
100,64,0.1,61,0.9038336394145722,0.948284474139879,7.98034791643973e-05
100,64,0.1,62,0.9393770102991701,0.9696794945023693,5.3994571665549376e-05
100,64,0.1,63,0.984383585975543,1.0000087222608691,1.0490901360024518e-05
100,64,0.11,1,0.015625000000000003,1.0000000000000002,7.457702462355735e-19
100,64,0.11,2,0.02823642583356834,0.9035656266741868,0.00022959743617110008
100,64,0.11,3,0.03928188640863063,0.8380135767174535,0.0002856241703337389
100,64,0.11,4,0.04951940522201477,0.7923104835522363,0.0003124937974114335
100,64,0.11,5,0.059304127936880786,0.7590928375920741,0.00032840231472101356
100,64,0.11,6,0.06882796960952865,0.7341650091683056,0.000338187713351267
100,64,0.11,7,0.07820047914195301,0.7149758092978561,0.00034531824728735954
100,64,0.11,8,0.0874925773342154,0.6999406186737231,0.0003500997822915506
100,64,0.11,9,0.09673947315275679,0.6879251424196038,0.0003537467245480218
100,64,0.11,10,0.10598126005425854,0.6782800643472546,0.00035587145169124014
100,64,0.11,11,0.115275560389648,0.6706941695397701,0.00035778717258835494
100,64,0.11,12,0.12461050309648021,0.6645893498478944,0.00035906852107074724
100,64,0.11,13,0.1340246105080885,0.6598134671167435,0.0003597416727511237
100,64,0.11,14,0.14354417766802194,0.6562019550538145,0.00036031759275538414
100,64,0.11,15,0.15315630656932153,0.6534669080291051,0.0003600389484138167
100,64,0.11,16,0.16290562169028927,0.6516224867611571,0.0003601080281798802
100,64,0.11,17,0.17276726460698102,0.6504179373439285,0.0003600541085783287
100,64,0.11,18,0.18276604517245867,0.649834827279853,0.0003596560325892556
100,64,0.11,19,0.19291853522139193,0.6498308554825833,0.000359301283949924
100,64,0.11,20,0.20323271520969646,0.6503446886710287,0.0003587447284354588
100,64,0.11,21,0.21371440857041946,0.6513201023098498,0.0003577871120329532
100,64,0.11,22,0.22436999386071002,0.6527127094129745,0.0003568903422680534
100,64,0.11,23,0.23519658079578587,0.6544600509100128,0.00035582384888883483
100,64,0.11,24,0.24623899283662334,0.6566373142309955,0.00035441249670591264
100,64,0.11,25,0.25746619105380303,0.6591134490977357,0.00035320244107374166
100,64,0.11,26,0.2689192742385756,0.661955136587263,0.00035165555817333853
100,64,0.11,27,0.2806094372664229,0.665148295742632,0.0003499575770245841
100,64,0.11,28,0.29250335097211155,0.6685790879362549,0.00034791926218102193
100,64,0.11,29,0.3046524695575162,0.6723364845407255,0.00034575101149767005
100,64,0.11,30,0.3170427331746036,0.6763578307724877,0.0003435846422006984
100,64,0.11,31,0.32969706117831654,0.6806649004971697,0.0003410891791186877
100,64,0.11,32,0.3426199557097426,0.6852399114194851,0.00033838029324586595
100,64,0.11,33,0.3558250507595499,0.6900849469276118,0.0003354336523604294
100,64,0.11,34,0.36931936631539947,0.6951893954172226,0.00033240088798750216
100,64,0.11,35,0.3831373354702325,0.7005939848598538,0.0003289317388959051
100,64,0.11,36,0.39725640635719395,0.706233611301678,0.0003253944910749831
100,64,0.11,37,0.41170270627571764,0.7121344108552954,0.0003214583025995247
100,64,0.11,38,0.42650036601491886,0.7183164059198635,0.00031714308425483145
100,64,0.11,39,0.44165855821942424,0.7247730186164909,0.00031255360362945054
100,64,0.11,40,0.45721252031636733,0.7315400325061878,0.0003077698494459585
100,64,0.11,41,0.4731467035881786,0.7385704641376447,0.00030263336823577343
100,64,0.11,42,0.4894808882226,0.7458756391963428,0.00029708458369866517
100,64,0.11,43,0.5062477762010393,0.7534850622527097,0.0002911700592831381
100,64,0.11,44,0.5234493731454603,0.7613809063933967,0.00028483464282531596
100,64,0.11,45,0.5411264290158766,0.7696020323781356,0.00027813197913041795
100,64,0.11,46,0.5592893658858528,0.7781417264498821,0.0002708607492681676
100,64,0.11,47,0.5779554024640214,0.7870031012276038,0.0002630197587622035
100,64,0.11,48,0.5971485635385593,0.7961980847180791,0.0002547338154604964
100,64,0.11,49,0.6168974476723936,0.8057436051231263,0.00024568718060314823
100,64,0.11,50,0.637211163748536,0.8156302895981261,0.0002359692462485183
100,64,0.11,51,0.6581421075383954,0.825903821224653,0.00022592269147842395
100,64,0.11,52,0.6797512479968852,0.8366169206115511,0.00021472602000670594
100,64,0.11,53,0.7019457276213434,0.8476325767503015,0.00020224367128643446
100,64,0.11,54,0.7248123176967658,0.8590368209739446,0.00019040091891647708
100,64,0.11,55,0.7486897967988511,0.8712026726386629,0.00017741164571195026
100,64,0.11,56,0.7731562322521993,0.883607122573942,0.00016063577259358287
100,64,0.11,57,0.7979949378307756,0.8959943161608709,0.00014585053574949066
100,64,0.11,58,0.8245104091232718,0.9098045893774033,0.00013210033285603558
100,64,0.11,59,0.8525132678497729,0.9247601549556858,0.00010992698338957285
100,64,0.11,60,0.8791053907768036,0.9377124168285906,8.951721265794158e-05
100,64,0.11,61,0.9079347791890696,0.9525873093131222,7.343837811030225e-05
100,64,0.11,62,0.9419914876033875,0.972378309784142,4.910531661643556e-05
100,64,0.11,63,0.9843849954107808,1.000010154068095,9.980143341064029e-06
100,64,0.12,1,0.015624999999999997,0.9999999999999998,1.3896593112914238e-18
100,64,0.12,2,0.02842344604673647,0.909550273495567,0.00022260714472558922
100,64,0.12,3,0.03971125160469756,0.8471733675668813,0.000278080214329479
100,64,0.12,4,0.05021760171428347,0.8034816274285356,0.0003053780644417214
100,64,0.12,5,0.06028351322328191,0.7716289692580085,0.00032147444894457057
100,64,0.12,6,0.07008462470709921,0.7475693302090584,0.000331460503245108
100,64,0.12,7,0.07975067905483549,0.7291490656442102,0.0003386949097718912
100,64,0.12,8,0.08933692730737902,0.7146954184590322,0.00034341552096079167
100,64,0.12,9,0.09887975996215262,0.703144959730863,0.0003470294541007715
100,64,0.12,10,0.10841909947030967,0.6938822366099819,0.000349058864234709
100,64,0.12,11,0.11801193423026157,0.6866148900669764,0.00035115677461272947
100,64,0.12,12,0.12765018622800675,0.680800993216036,0.0003523305156730092
100,64,0.12,13,0.137361669531749,0.6762420653870721,0.00035300642575500623
100,64,0.12,14,0.14717591043590067,0.6728041619926887,0.00035357712735196246
100,64,0.12,15,0.1570890581188785,0.6702466479738817,0.0003531793717757815
100,64,0.12,16,0.1671321282405673,0.6685285129622692,0.0003530975884226452
100,64,0.12,17,0.17728927014990142,0.6674419582113937,0.0003530038817847465
100,64,0.12,18,0.18757822612024452,0.6669448039830915,0.0003524502194806801
100,64,0.12,19,0.19801978801845377,0.6670140227990021,0.00035199491116483055
100,64,0.12,20,0.20862215966979525,0.6675909109433449,0.00035127091121975903
100,64,0.12,21,0.21938642791727345,0.6686062565097857,0.0003501587685005836
100,64,0.12,22,0.2303254045042446,0.6700375403759843,0.00034906932718827146
100,64,0.12,23,0.24142033333252727,0.6717783188383367,0.0003477233219585322
100,64,0.12,24,0.25273860307338575,0.6739696081956954,0.00034608379858190445
100,64,0.12,25,0.2642309247359141,0.6764311673239402,0.0003446424463656766
100,64,0.12,26,0.27594781744111274,0.6792561660088929,0.0003428906752804575
100,64,0.12,27,0.28789803522947377,0.6824249723957897,0.0003409746658524568
100,64,0.12,28,0.3000417168302568,0.6858096384691584,0.0003387110013237496
100,64,0.12,29,0.3124304967931155,0.6895017860261862,0.0003363614038201325
100,64,0.12,30,0.3250591459021467,0.6934595112579128,0.0003339656251326474
100,64,0.12,31,0.33794038543452015,0.697683376380945,0.0003312261282269082
100,64,0.12,32,0.35108219573092214,0.7021643914618443,0.0003282546384558706
100,64,0.12,33,0.3644953531361379,0.7069000788094796,0.0003250516642606386
100,64,0.12,34,0.37818471152132943,0.7118771040401496,0.0003217878801926909
100,64,0.12,35,0.39219039977010517,0.717148159579621,0.00031809251776069474
100,64,0.12,36,0.40648018647717266,0.7226314426260847,0.00031430841799090514
100,64,0.12,37,0.4210815699028551,0.7283573101022358,0.000310151856546991
100,64,0.12,38,0.43601916676373614,0.7343480703389241,0.0003056447239406868
100,64,0.12,39,0.45130340886304116,0.7406004658265292,0.0003008625170519099
100,64,0.12,40,0.4669692304649702,0.7471507687439524,0.00029583824185181183
100,64,0.12,41,0.4829882504808206,0.7539328787993298,0.0002904784740942493
100,64,0.12,42,0.49938922934573227,0.7609740637649254,0.0002847439700556918
100,64,0.12,43,0.5162018247868483,0.7683003903804254,0.0002787015057578355
100,64,0.12,44,0.5334242898365303,0.7758898761258622,0.00027222987013983776
100,64,0.12,45,0.5510882888055258,0.7837700107456369,0.0002654603045574561
100,64,0.12,46,0.5692116756846581,0.7919466792134373,0.00025809637098729007
100,64,0.12,47,0.5878081518763651,0.8004196110656887,0.0002502207971638568
100,64,0.12,48,0.6068993765515222,0.809199168735363,0.00024198606782103603
100,64,0.12,49,0.6265045433176218,0.818291648414853,0.00023294699036058292
100,64,0.12,50,0.646628983192295,0.8276850984861377,0.0002233183326842666
100,64,0.12,51,0.6673368564078624,0.8374423296098665,0.00021350825363463652
100,64,0.12,52,0.6886802670273238,0.8476064824951678,0.0002024236709429875
100,64,0.12,53,0.7105285435805279,0.857996731870826,0.00019026025969652932
100,64,0.12,54,0.7330175968420612,0.8687615962572578,0.0001789566196054841
100,64,0.12,55,0.756470681211934,0.8802567926829777,0.0001662159084920609
100,64,0.12,56,0.7803738405932469,0.8918558178208537,0.00015009031087042418
100,64,0.12,57,0.8046410624850135,0.9034566315621204,0.0001363522643603132
100,64,0.12,58,0.8305532197150528,0.9164725183062653,0.00012300833903001237
100,64,0.12,59,0.8576626053158871,0.9303458769528266,0.00010177219682384058
100,64,0.12,60,0.8834333138932546,0.9423288681528049,8.328827707676696e-05
100,64,0.12,61,0.9114616462382358,0.9562876288401162,6.776715703060273e-05
100,64,0.12,62,0.944200659826198,0.9746587456270434,4.48764986608253e-05
100,64,0.12,63,0.9843871503144301,1.0000123431765642,9.501887240816106e-06
100,64,0.13,1,0.015625000000000003,1.0000000000000002,0.0
100,64,0.13,2,0.02859466363488024,0.9150292363161677,0.00021673316442741435
100,64,0.13,3,0.04011031531183017,0.8556867266523771,0.0002717785315920803
100,64,0.13,4,0.05086524005671911,0.8138438409075057,0.00029936983917950807
100,64,0.13,5,0.06119323680167445,0.783273431061433,0.00031580522677866237
100,64,0.13,6,0.07126056210042926,0.760112662404579,0.0003260555196178892
100,64,0.13,7,0.08119613861558078,0.7423646959138815,0.00033329817482725217
100,64,0.13,8,0.09104864479561177,0.7283891583648942,0.0003381729062784653
100,64,0.13,9,0.10086736762069565,0.7172790586360579,0.00034177997330800424
100,64,0.13,10,0.11068236553251572,0.7083671394081007,0.00034377815632216424
100,64,0.13,11,0.12054997990188995,0.7013817012473598,0.00034583881684758865
100,64,0.13,12,0.13046232560144091,0.6957990698743516,0.00034703716500679
100,64,0.13,13,0.14044329252255708,0.6914131324187427,0.0003476762538723286
100,64,0.13,14,0.15053181438950913,0.6881454372091848,0.00034808031153484644
100,64,0.13,15,0.16071425896768016,0.6857141715954354,0.00034763941413265743
100,64,0.13,16,0.1710239415673014,0.6840957662692057,0.00034743393960878706
100,64,0.13,17,0.18144561006064247,0.6830893555224188,0.0003471974118778047
100,64,0.13,18,0.1920068396360049,0.6826909853724619,0.00034654512317406223
100,64,0.13,19,0.20270985050344495,0.6828121280116041,0.0003459197019287756
100,64,0.13,20,0.2135704388264808,0.6834254042447385,0.0003450804395084164
100,64,0.13,21,0.22458568865717563,0.6844516225742496,0.00034380882658127725
100,64,0.13,22,0.2357767376893137,0.6858959641870944,0.0003425808988414964
100,64,0.13,23,0.24713029236297193,0.6876669004882697,0.0003410479327661868
100,64,0.13,24,0.2586929522579666,0.689847872687911,0.00033918024170433235
100,64,0.13,25,0.2704254914214242,0.692289258038846,0.00033750894032237593
100,64,0.13,26,0.28237992945752666,0.6950890571262194,0.00033552358899611816
100,64,0.13,27,0.29455782801416625,0.698211147885431,0.00033334085251321194
100,64,0.13,28,0.3069246009870376,0.701541945113229,0.00033091879979813715
100,64,0.13,29,0.31952659334527533,0.7051621370378489,0.0003284026074426515
100,64,0.13,30,0.3323658263213395,0.7090470961521909,0.0003258139849068977
100,64,0.13,31,0.34544928280315135,0.7131856161097317,0.00032280288507590115
100,64,0.13,32,0.3587857942630064,0.7175715885260128,0.0003196150615874272
100,64,0.13,33,0.37237975026188286,0.7221910308109244,0.0003162078890573469
100,64,0.13,34,0.3862401560109128,0.7270402936676007,0.00031274130515353363
100,64,0.13,35,0.40040893634945907,0.7321763407532966,0.00030885170211821796
100,64,0.13,36,0.4148491283846289,0.7375095615726736,0.00030486108423687775
100,64,0.13,37,0.4295843529861577,0.7430648267868674,0.000300510521584999
100,64,0.13,38,0.44464357099462715,0.7488733827277931,0.0002958484246861239
100,64,0.13,39,0.46002903874841533,0.7549194482025279,0.00029088795143328105
100,64,0.13,40,0.4757785570234006,0.761245691237441,0.00028568173103459335
100,64,0.13,41,0.49186203677583523,0.7677846427720354,0.00028016411276772014
100,64,0.13,42,0.5083119877020917,0.774570647926997,0.0002742619728212065
100,64,0.13,43,0.5251525102468089,0.7816223408324597,0.00026809086311364676
100,64,0.13,44,0.5423820406057033,0.7889193317901139,0.00026154473502920634
100,64,0.13,45,0.5600234866167944,0.7964778476327743,0.00025470818044665916
100,64,0.13,46,0.5781031795793476,0.8043174672408315,0.0002472700917013336
100,64,0.13,47,0.5966211634182252,0.8124203076333281,0.00023938615674627033
100,64,0.13,48,0.6156061699256858,0.8208082265675811,0.0002311811508900072
100,64,0.13,49,0.635069720998564,0.8294788192634304,0.00022218243932964926
100,64,0.13,50,0.655006681415522,0.8384085522118682,0.00021270506689607016
100,64,0.13,51,0.6755017260047944,0.8476884404766047,0.0002030881542548627
100,64,0.13,52,0.6965850707631409,0.8573354717084811,0.00019214170821705198
100,64,0.13,53,0.7181169297147021,0.8671600660705836,0.00018033111462226138
100,64,0.13,54,0.7402694459592633,0.8773563803961638,0.00016944012970796304
100,64,0.13,55,0.7633236612585722,0.8882311694645205,0.0001568860596022909
100,64,0.13,56,0.7867172328229092,0.8991054089404678,0.00014140480899572184
100,64,0.13,57,0.8104874951812986,0.9100210472211071,0.00012847896341994122
100,64,0.13,58,0.8358479278617782,0.9223149548819621,0.00011546456079495139
100,64,0.13,59,0.862181004571007,0.9352471913990584,9.50906813433822e-05
100,64,0.13,60,0.887227489578483,0.9463759888837151,7.812316048545894e-05
100,64,0.13,61,0.9145181789625052,0.9594944828459072,6.31139822759089e-05
100,64,0.13,62,0.946085839831476,0.9766047378905558,4.147103680871712e-05
100,64,0.13,63,0.9843882993822072,1.000013510483512,9.10709275549486e-06
100,64,0.14,1,0.015624999999999998,0.9999999999999999,1.2295603122947157e-18
100,64,0.14,2,0.028746828623844957,0.9198985159630386,0.000210817378830204
100,64,0.14,3,0.040466932414834844,0.8632945581831434,0.0002653696906259111
100,64,0.14,4,0.05144628687355428,0.8231405899768685,0.0002931501388935235
100,64,0.14,5,0.062012561472029853,0.7937607868419821,0.0003098203563075043
100,64,0.14,6,0.0723248933496192,0.7714655290626047,0.00032017281044882136
100,64,0.14,7,0.0825080091715271,0.7543589409968192,0.0003277602922125495
100,64,0.14,8,0.09260922162208694,0.7408737729766955,0.0003327798319721938
100,64,0.14,9,0.10267866707131837,0.7301594102849306,0.00033651404714081143
100,64,0.14,10,0.11274866007927582,0.7215914245073654,0.0003385679040098828
100,64,0.14,11,0.12286821676338106,0.7148696248051262,0.00034065722585478915
100,64,0.14,12,0.13302775783458654,0.7094813751177949,0.000341806643148376
100,64,0.14,13,0.14325933032417593,0.7052767031344046,0.00034252908736126487
100,64,0.14,14,0.15359683958945602,0.7021569809803704,0.00034282203722498905
100,64,0.14,15,0.16402624455276452,0.6998453100917953,0.00034241086618821135
100,64,0.14,16,0.17458224867064343,0.6983289946825737,0.0003420900859662869
100,64,0.14,17,0.1852484235580258,0.6974058298655089,0.00034172753107632084
100,64,0.14,18,0.19605368026396372,0.6970797520496488,0.0003409998184573616
100,64,0.14,19,0.20699622993990585,0.697250458744946,0.0003401686912121049
100,64,0.14,20,0.21808882588112202,0.6978842428195905,0.0003391689279091966
100,64,0.14,21,0.22933716522361894,0.6989323130624577,0.00033773864311421024
100,64,0.14,22,0.24075950745133617,0.700391294403887,0.0003364060878864671
100,64,0.14,23,0.25233824334292515,0.7021585901716179,0.00033467302089641113
100,64,0.14,24,0.2641085015426847,0.7042893374471593,0.0003325855161182875
100,64,0.14,25,0.27605498053745253,0.7067007501758785,0.00033073187968746346
100,64,0.14,26,0.2882219098342862,0.7094693165151661,0.0003286505154666523
100,64,0.14,27,0.3006051483550922,0.7125455368417001,0.0003262881807719772
100,64,0.14,28,0.31317326741540563,0.7158246112352128,0.00032370997135413524
100,64,0.14,29,0.3259649009117626,0.7193708158052692,0.00032093830276718865
100,64,0.14,30,0.33898896772117765,0.7231764644718457,0.00031818165668820377
100,64,0.14,31,0.35225075959550434,0.7272273746487831,0.0003149607503245974
100,64,0.14,32,0.3657507205581647,0.7315014411163294,0.00031159303985767693
100,64,0.14,33,0.3795040674117276,0.7360078883136535,0.0003080017995930394
100,64,0.14,34,0.39351270821011863,0.7407298036896351,0.00030429798080736976
100,64,0.14,35,0.4078205276438501,0.7457289648344687,0.00030023989180459225
100,64,0.14,36,0.42238686666534286,0.7509099851828318,0.0002960686651546281
100,64,0.14,37,0.4372324618741588,0.7562939881066532,0.0002915968113237538
100,64,0.14,38,0.4523938656613203,0.7619265105874868,0.00028678943676501675
100,64,0.14,39,0.4678675489337126,0.7677826444040412,0.00028170290954037205
100,64,0.14,40,0.4836851210369977,0.7738961936591963,0.00027638846889632533
100,64,0.14,41,0.49981850107757075,0.7802044894869399,0.0002708100116763729
100,64,0.14,42,0.5163046579596803,0.7867499549861795,0.00026484240622890544
100,64,0.14,43,0.5331631074676669,0.7935450901844345,0.0002585770008491753
100,64,0.14,44,0.5503911039883359,0.8005688785284887,0.0002519537623332942
100,64,0.14,45,0.5680047923263117,0.8078290379751989,0.0002450543912363671
100,64,0.14,46,0.5860316532331754,0.8153483871070267,0.00023756848809130415
100,64,0.14,47,0.6044703119804865,0.8231085099308753,0.00022970984780935615
100,64,0.14,48,0.6233514736829867,0.8311352982439822,0.00022156617053479454
100,64,0.14,49,0.6426800185834005,0.8394187997824006,0.0002126067801663789
100,64,0.14,50,0.662439420707548,0.8479224585056615,0.0002032669384626631
100,64,0.14,51,0.6827361990479635,0.8567669948837189,0.0001938586165636414
100,64,0.14,52,0.7035804579113653,0.8659451789678342,0.00018305438033131414
100,64,0.14,53,0.7248184969826817,0.8752525246583327,0.0001715925002692635
100,64,0.14,54,0.7466609100939401,0.8849314490002254,0.00016108009264735596
100,64,0.14,55,0.7693543231734286,0.8952486669654441,0.0001487191840241927
100,64,0.14,56,0.7922907773772057,0.9054751741453778,0.0001338479116192375
100,64,0.14,57,0.8156179755152677,0.9157815865434586,0.00012160048689510473
100,64,0.14,58,0.8404763004971847,0.9274221246865486,0.00010893779705546555
100,64,0.14,59,0.8661330928000492,0.9395342023593755,8.93538090504569e-05
100,64,0.14,60,0.8905431735015996,0.9499127184017062,7.369450113299895e-05
100,64,0.14,61,0.917163731236726,0.9622701442483683,5.918385505465943e-05
100,64,0.14,62,0.9476943404999053,0.9782651256773216,3.8643958027665997e-05
100,64,0.14,63,0.9843843671320621,1.000009515816698,8.767029717028742e-06
100,64,0.15,1,0.015624999999999995,0.9999999999999997,1.165520712696033e-18
100,64,0.15,2,0.028889285742155244,0.9244571437489678,0.00020520179005632946
100,64,0.15,3,0.04080323895930856,0.8704690977985827,0.00025967592187633217
100,64,0.15,4,0.05199570819905988,0.8319313311849581,0.0002878558529222142
100,64,0.15,5,0.062784854598088,0.8036461388555263,0.0003047257443780284
100,64,0.15,6,0.07332570637081907,0.7821408679554035,0.0003152671533068334
100,64,0.15,7,0.083746334728669,0.7656807746621167,0.00032286179144721655
100,64,0.15,8,0.09408650225406338,0.7526920180325071,0.00032791855857611387
100,64,0.15,9,0.10439484744112945,0.742363359581365,0.0003318168668885859
100,64,0.15,10,0.11470370243593657,0.734103695589994,0.00033377804159821366
100,64,0.15,11,0.12505962945519877,0.7276196622847929,0.0003358462318348709
100,64,0.15,12,0.13545604500459257,0.7224322400244938,0.00033692419923638954
100,64,0.15,13,0.14592802566114937,0.7184148955625815,0.00033754786337551886
100,64,0.15,14,0.15650179081424273,0.7154367580079667,0.00033775430788480457
100,64,0.15,15,0.16716473734501358,0.713236212672058,0.0003372324797965915
100,64,0.15,16,0.17795302329418086,0.7118120931767234,0.00033680589868626356
100,64,0.15,17,0.18884578476879238,0.7109488367766303,0.00033632456624977915
100,64,0.15,18,0.19988090652002416,0.7106876676267525,0.00033544172788870966
100,64,0.15,19,0.2110489486060221,0.7109017216202849,0.0003345438670718853
100,64,0.15,20,0.22236219028828505,0.7115590089225121,0.0003334028039930218
100,64,0.15,21,0.23383147105500107,0.7126292451200034,0.0003318416570734961
100,64,0.15,22,0.24546044081376225,0.7140667369127629,0.0003303000757626747
100,64,0.15,23,0.2572473671754759,0.7158187608361068,0.00032843856404841606
100,64,0.15,24,0.26922204982536496,0.7179254662009733,0.0003262058913616478
100,64,0.15,25,0.2813722973119895,0.7203130811186932,0.0003241786981316259
100,64,0.15,26,0.29373453538821026,0.7230388563402099,0.000321979993580061
100,64,0.15,27,0.30630412129111295,0.7260542134307862,0.0003194587754543633
100,64,0.15,28,0.3190556749961144,0.729270114276833,0.00031671253651610815
100,64,0.15,29,0.33202120828284665,0.7327364596586959,0.0003138554167675439
100,64,0.15,30,0.3452085823026006,0.7364449755788813,0.0003109100964912477
100,64,0.15,31,0.3586289467325597,0.74039524486722,0.00030749428702650603
100,64,0.15,32,0.3722794716725262,0.7445589433450523,0.0003039802372954604
100,64,0.15,33,0.3861702489445602,0.7489362403773289,0.00030020274249192456
100,64,0.15,34,0.4003147234722056,0.7535335971241518,0.00029636579053593157
100,64,0.15,35,0.414742638391874,0.7583865387737124,0.0002921758458241982
100,64,0.15,36,0.4294198774925267,0.7634131155422696,0.00028788721198146755
100,64,0.15,37,0.44436394826333936,0.7686295321311816,0.00028327162728844415
100,64,0.15,38,0.459609603749218,0.7740793326302619,0.0002783577436844752
100,64,0.15,39,0.4751530726701379,0.7797383756638161,0.00027314010942192454
100,64,0.15,40,0.4910281389929026,0.785645022388644,0.0002677073117554128
100,64,0.15,41,0.5072021041592879,0.7917301138096201,0.0002620234336938941
100,64,0.15,42,0.5237114430822004,0.7980364846966865,0.00025598771219552516
100,64,0.15,43,0.5405710882066979,0.804570921982062,0.00024964400731378156
100,64,0.15,44,0.5577839996486481,0.8113221813071244,0.00024300879749681258
100,64,0.15,45,0.5753620355581479,0.8182926727938102,0.00023609530125692535
100,64,0.15,46,0.5933287736392534,0.8255009024546135,0.00022860209106845804
100,64,0.15,47,0.6116840601366209,0.8329314861434839,0.00022080024191092676
100,64,0.15,48,0.6304639454122335,0.8406185938829782,0.00021272848043336518
100,64,0.15,49,0.6496586541951238,0.8485337524181209,0.00020384015049261745
100,64,0.15,50,0.6692512710621076,0.8566416269594977,0.00019466191623383161
100,64,0.15,51,0.6893626148106224,0.8650824970172517,0.0001854719005391506
100,64,0.15,52,0.7099776712075959,0.8738186722555027,0.00017479320822263693
100,64,0.15,53,0.7309378024633858,0.8826418746727678,0.00016363701537878882
100,64,0.15,54,0.7524860679061011,0.8918353397405643,0.0001534896744136422
100,64,0.15,55,0.77483748863769,0.9016290776874937,0.00014136056060699555
100,64,0.15,56,0.7973535668551579,0.9112612192630375,0.00012706615568850626
100,64,0.15,57,0.8202725524546892,0.9210077781947386,0.00011540094550048974
100,64,0.15,58,0.8446525821966563,0.9320304355273448,0.00010301014107000857
100,64,0.15,59,0.8696617236473658,0.9433618697191765,8.436492399893716e-05
100,64,0.15,60,0.8935437209057593,0.9531133022994766,6.977835040830077e-05
100,64,0.15,61,0.9195437326276105,0.9647671948879848,5.574635707578479e-05
100,64,0.15,62,0.9491268038737101,0.9797437975470557,3.620497217414504e-05
100,64,0.15,63,0.9843866064892576,1.0000117907192456,8.450944868980536e-06
100,64,0.16,1,0.015624999999999995,0.9999999999999997,0.0
100,64,0.16,2,0.029016597498852947,0.9285311199632943,0.0001999737746658905
100,64,0.16,3,0.041101972763266006,0.8768420856163416,0.00025418376442806306
100,64,0.16,4,0.052490601935444324,0.8398496309671092,0.0002820528003440932
100,64,0.16,5,0.06348647793786237,0.8126269176046383,0.00029900039796937046
100,64,0.16,6,0.0742424634908404,0.7919196105689644,0.0003097547379588319
100,64,0.16,7,0.08487573462462544,0.776006716568004,0.00031724260484142464
100,64,0.16,8,0.09543061442089797,0.7634449153671837,0.00032233151888753133
100,64,0.16,9,0.1059563588058124,0.7534674403968883,0.00032624876427257736
100,64,0.16,10,0.1164818848069922,0.7454840627647501,0.0003281836929605141
100,64,0.16,11,0.12705930856772182,0.7392541589394724,0.00033006846203707774
100,64,0.16,12,0.13767031967150484,0.7342417049146925,0.0003312354037214521
100,64,0.16,13,0.14835530942442043,0.7303646002433006,0.0003318618857197903
100,64,0.16,14,0.15914191699647132,0.7275059062695831,0.0003320755531456144
100,64,0.16,15,0.1700165861374132,0.7254041008529629,0.00033154787981078853
100,64,0.16,16,0.18101433280963422,0.7240573312385369,0.0003310565263824903
100,64,0.16,17,0.19211460840244124,0.7232549963386025,0.0003304490646304923
100,64,0.16,18,0.20336095507377216,0.7230611735956344,0.0003295300200226341
100,64,0.16,19,0.21473168711449414,0.7233067355435593,0.00032847194769633844
100,64,0.16,20,0.2262426995135901,0.7239766384434884,0.00032714682247898867
100,64,0.16,21,0.23790644226350216,0.7250482049935304,0.00032550435366927627
100,64,0.16,22,0.24973061809583294,0.7264890708242413,0.00032384766804888747
100,64,0.16,23,0.261702837934895,0.7282165925144906,0.000321886828686882
100,64,0.16,24,0.27386003258052105,0.7302934202147229,0.0003194457079780518
100,64,0.16,25,0.2861929951704595,0.7326540676363763,0.00031726506354690673
100,64,0.16,26,0.29872799045409043,0.735330438040838,0.0003149240822075177
100,64,0.16,27,0.31146362439755043,0.7382841467201197,0.0003123038085262603
100,64,0.16,28,0.3243786112339832,0.7414368256776759,0.00030939699121523227
100,64,0.16,29,0.33749721290790724,0.7448214353829676,0.0003064108487457883
100,64,0.16,30,0.35083330098057547,0.7484443754252276,0.0003032824039485222
100,64,0.16,31,0.36439765835658733,0.752304843058761,0.0002997675008121116
100,64,0.16,32,0.3781866333176546,0.7563732666353092,0.0002961560790871399
100,64,0.16,33,0.39220478186118685,0.7606395769429078,0.00029226933007047307
100,64,0.16,34,0.40646961340387333,0.7651192722896439,0.00028834055739344633
100,64,0.16,35,0.42100024353773685,0.7698290167547188,0.00028406716493259936
100,64,0.16,36,0.4357750319180343,0.7747111678542833,0.00027967686952370024
100,64,0.16,37,0.4508017049709311,0.77976511130107,0.0002749381453789376
100,64,0.16,38,0.4661176204985684,0.7850402029449574,0.0002699424711345159
100,64,0.16,39,0.4817201719370017,0.7905151539479002,0.00026465917934628716
100,64,0.16,40,0.49764142860674615,0.7962262857707939,0.0002591730116462111
100,64,0.16,41,0.5138486698961173,0.8021052408134516,0.0002534346340176698
100,64,0.16,42,0.5303732533340023,0.8081878146041939,0.0002473900153400845
100,64,0.16,43,0.547229669865693,0.8144813691024269,0.00024100393106233123
100,64,0.16,44,0.5644262512924045,0.8209836382434976,0.00023436879986773616
100,64,0.16,45,0.5819668798758442,0.8276862291567563,0.00022749212456229219
100,64,0.16,46,0.599874181013137,0.8346075561921907,0.00022002917806761992
100,64,0.16,47,0.6181479925990958,0.8417334367306838,0.00021230263303989987
100,64,0.16,48,0.6368273005336832,0.8491030673782444,0.00020432850304384918
100,64,0.16,49,0.6558922076598821,0.8566755365353562,0.0001955687186229502
100,64,0.16,50,0.6753295335751837,0.8644218029762349,0.00018658167325939
100,64,0.16,51,0.6952641238759353,0.8724883123148993,0.00017757631575266675
100,64,0.16,52,0.7156648722331336,0.8808183042869336,0.00016708477412364538
100,64,0.16,53,0.736376170199672,0.8892089602411133,0.00015628886625995575
100,64,0.16,54,0.7576636092484778,0.8979716850352331,0.0001464825653557433
100,64,0.16,55,0.7797074901308179,0.9072959885158609,0.0001345843902505406
100,64,0.16,56,0.8018438799049522,0.9163930056056596,0.00012083753644316675
100,64,0.16,57,0.8243927442699005,0.9256339584784848,0.00010971852937862485
100,64,0.16,58,0.8483363963235038,0.9360953338742111,9.764068842729218e-05
100,64,0.16,59,0.8727999459205475,0.9467660430324584,7.982252706292456e-05
100,64,0.16,60,0.8961986305702925,0.9559452059416453,6.621089346285916e-05
100,64,0.16,61,0.92163605350004,0.9669624167869272,5.2669952698641934e-05
100,64,0.16,62,0.9503717759399815,0.9810289300025615,3.4073411632316764e-05
100,64,0.16,63,0.9843830099752342,1.0000081371176985,8.15856643351635e-06
100,64,0.17,1,0.015625000000000003,1.0000000000000002,0.0
100,64,0.17,2,0.029134094166436454,0.9322910133259665,0.0001948103385634218
100,64,0.17,3,0.041379639501787614,0.8827656427048024,0.00024838020431937585
100,64,0.17,4,0.05295353331840487,0.8472565330944779,0.00027627324843321893
100,64,0.17,5,0.0641448475673165,0.8210540488616512,0.00029332795543348007
100,64,0.17,6,0.0751003945383088,0.8010708750752938,0.0003039537155541851
100,64,0.17,7,0.08593678964178436,0.7857077910105998,0.0003117733948633325
100,64,0.17,8,0.09669464131368094,0.7735571305094475,0.0003169589945619353
100,64,0.17,9,0.10743080684968835,0.7639524042644507,0.00032079896735785166
100,64,0.17,10,0.11816153258484802,0.7562338085430271,0.00032290884305643657
100,64,0.17,11,0.12894429149446918,0.7502213323314572,0.0003247962632412277
100,64,0.17,12,0.13975858257199616,0.7453791070506461,0.00032598210687939666
100,64,0.17,13,0.15064963031950482,0.7416597184960237,0.0003266486097977089
100,64,0.17,14,0.16163834383280168,0.7389181432356647,0.0003268630538643377
100,64,0.17,15,0.17271652383711134,0.7369238350383417,0.0003263175413729503
100,64,0.17,16,0.18391070513973595,0.7356428205589438,0.00032577946405804356
100,64,0.17,17,0.19520650820068328,0.73489508969669,0.0003251305965522309
100,64,0.17,18,0.2066445244195467,0.734736086825055,0.00032414443904414203
100,64,0.17,19,0.21820819430254845,0.7350170755454265,0.0003229682481826136
100,64,0.17,20,0.22990581037287078,0.7356985931931864,0.00032159216835603364
100,64,0.17,21,0.2417570187550194,0.7367832952533924,0.000319844639511577
100,64,0.17,22,0.25375894766627194,0.7382078477564277,0.0003181423939106743
100,64,0.17,23,0.26590145040106516,0.7398996880725291,0.00031605443357346383
100,64,0.17,24,0.2782266744202831,0.7419377984540882,0.0003135198758037858
100,64,0.17,25,0.29072145494192414,0.7442469246513257,0.0003111669406922682
100,64,0.17,26,0.3034143235440582,0.746866027185374,0.00030866116384692464
100,64,0.17,27,0.31630403178048067,0.7497577049611394,0.00030590829544008974
100,64,0.17,28,0.3293689168953543,0.7528432386179527,0.0003029247071654102
100,64,0.17,29,0.3426336455829963,0.756157010941785,0.00029981221454992036
100,64,0.17,30,0.35610206081965007,0.7596843964152534,0.0002965165752674035
100,64,0.17,31,0.3697951192959653,0.7634479882239283,0.0002928942532443543
100,64,0.17,32,0.38370568475077427,0.7674113695015485,0.00028915900688492935
100,64,0.17,33,0.3978317396808456,0.7715524648355794,0.00028518369560935364
100,64,0.17,34,0.4122019651301129,0.775909581421389,0.00028115574396185116
100,64,0.17,35,0.4268296383408495,0.7804884815375535,0.00027681956323378945
100,64,0.17,36,0.4416911507276191,0.7852287124046562,0.00027233143329826907
100,64,0.17,37,0.45678947487591587,0.7901223349205032,0.000267518807071831
100,64,0.17,38,0.47217097786716633,0.7952353311447011,0.0002624706313534618
100,64,0.17,39,0.48782650376924447,0.8005358010572217,0.00025712140337576434
100,64,0.17,40,0.5037838241736624,0.8060541186778598,0.0002515735051383964
100,64,0.17,41,0.5200166079081474,0.811733241612718,0.00024580851367997126
100,64,0.17,42,0.5365505548281112,0.81760084545236,0.0002397222137744073
100,64,0.17,43,0.553396399247062,0.823659757018883,0.00023330656088258657
100,64,0.17,44,0.570568808213051,0.8299182664917106,0.0002266558291557808
100,64,0.17,45,0.5880710003208959,0.8363676449008298,0.00021981184280653895
100,64,0.17,46,0.6059170789091926,0.8430150663084417,0.00021237595434775411
100,64,0.17,47,0.6241139920022993,0.8498573508116415,0.00020475496764011338
100,64,0.17,48,0.6426962034972314,0.8569282713296419,0.0001968905020280428
100,64,0.17,49,0.661637488152008,0.8641795763618062,0.00018819901727451857
100,64,0.17,50,0.6809204812072636,0.8715782159452974,0.0001793644741650452
100,64,0.17,51,0.7006820721425255,0.8792873062180713,0.00017055051387171815
100,64,0.17,52,0.7208794416800927,0.8872362359139602,0.00016023812502636314
100,64,0.17,53,0.7413536563489781,0.895219509553483,0.00014977333664278683
100,64,0.17,54,0.7623957928731011,0.9035801989607124,0.00014024941268951332
100,64,0.17,55,0.7841437038691195,0.9124581281386119,0.00012857126485508184
100,64,0.17,56,0.8059302029818987,0.9210630891221697,0.00011539467826021297
100,64,0.17,57,0.8281460828271944,0.9298482333498325,0.00010471490122760376
100,64,0.17,58,0.8516812511086261,0.9397862081198632,9.294363612193405e-05
100,64,0.17,59,0.875654346907397,0.9498623424080238,7.582856527173919e-05
100,64,0.17,60,0.898617248029133,0.9585250645644086,6.307443374157908e-05
100,64,0.17,61,0.9235337486381215,0.9689534411940949,4.9995069230528325e-05
100,64,0.17,62,0.9514941004342293,0.9821874585127528,3.2265497411002595e-05
100,64,0.17,63,0.9843819717262632,1.0000070823885847,7.905561659811416e-06
100,64,0.18,1,0.015625000000000003,1.0000000000000002,1.5241424704486583e-18
100,64,0.18,2,0.02924643283425013,0.9358858506960042,0.00019022914486606452
100,64,0.18,3,0.04164561918920343,0.8884398760363401,0.0002429842183801256
100,64,0.18,4,0.05339210190956484,0.8542736305530374,0.0002707523330260403
100,64,0.18,5,0.06476245342671483,0.8289594038619499,0.0002878276840190375
100,64,0.18,6,0.07590618316338085,0.8096659537427291,0.0002984780267055037
100,64,0.18,7,0.08693107575913543,0.794798406940667,0.000306395612760455
100,64,0.18,8,0.09788287319508414,0.7830629855606731,0.0003117290892319694
100,64,0.18,9,0.10881454886624599,0.7737923474933048,0.00031562569528830673
100,64,0.18,10,0.11973829669642568,0.7663250988571245,0.0003178447457953348
100,64,0.18,11,0.13071077063610695,0.7604990291555316,0.00031972039101920633
100,64,0.18,12,0.14171805257756495,0.7558296137470131,0.0003208344235728917
100,64,0.18,13,0.152802941849084,0.7522606367954906,0.0003214818841952844
100,64,0.18,14,0.16398141973572894,0.7496293473633324,0.00032168941132164943
100,64,0.18,15,0.17524973450305353,0.7477322005463619,0.0003211076190438542
100,64,0.18,16,0.1866295772774102,0.7465183091096408,0.0003204405129760884
100,64,0.18,17,0.19810849914823164,0.7458202320874604,0.00031968969087732866
100,64,0.18,18,0.20972934723425352,0.7457043457217903,0.0003185883666121384
100,64,0.18,19,0.22147074056437685,0.7460067050589537,0.00031729958103481726
100,64,0.18,20,0.23334498110825422,0.7467039395464137,0.0003158495817202236
100,64,0.18,21,0.24536562614325022,0.7477809558651436,0.00031399432604658405
100,64,0.18,22,0.25753748485955286,0.7491999559550631,0.0003121806812667351
100,64,0.18,23,0.269843371781158,0.7508685127823528,0.00031001522517037867
100,64,0.18,24,0.28233000232074246,0.7528800061886467,0.00030735525616844034
100,64,0.18,25,0.2949737384596931,0.7551327704568144,0.00030491455956436976
100,64,0.18,26,0.3078144492876961,0.7576971059389445,0.00030232744914865893
100,64,0.18,27,0.3208466888405587,0.7605254846591023,0.0002995014566516239
100,64,0.18,28,0.334046925202183,0.7635358290335613,0.0002963541203982484
100,64,0.18,29,0.347444385294666,0.7667738158227111,0.00029319804737165894
100,64,0.18,30,0.36103624722216454,0.770210660740618,0.00028983090850692256
100,64,0.18,31,0.3748478857818362,0.7738795061302426,0.000286149891447876
100,64,0.18,32,0.3888691099358722,0.7777382198717444,0.00028233794869771085
100,64,0.18,33,0.4030969887010976,0.7817638568748562,0.00027827370920746066
100,64,0.18,34,0.4175596484589101,0.7859946323932426,0.00027413676340815014
100,64,0.18,35,0.432272733295867,0.7904415694552998,0.000269723489175028
100,64,0.18,36,0.4472048416041957,0.7950308295185703,0.0002651841836033949
100,64,0.18,37,0.462367774233292,0.7997712851602891,0.0002603076175341204
100,64,0.18,38,0.4778049318409528,0.8047240957321311,0.00025520198262854135
100,64,0.18,39,0.4935024182448422,0.8098501222479462,0.0002498305676140016
100,64,0.18,40,0.5094852716085806,0.8151764345737291,0.00024424798355204136
100,64,0.18,41,0.5257351907341216,0.8206598099264337,0.0002384655301686871
100,64,0.18,42,0.5422735839279449,0.8263216516997256,0.0002323688546459336
100,64,0.18,43,0.559106340805441,0.8321582746871681,0.00022594937900348395
100,64,0.18,44,0.5762515609319169,0.8381840886282429,0.00021930861481856556
100,64,0.18,45,0.5937100256378731,0.8443875920183085,0.00021250437258233445
100,64,0.18,46,0.6114943040474755,0.8507746838921397,0.00020511008107974873
100,64,0.18,47,0.6296107657987463,0.857342319385527,0.0001975912102877335
100,64,0.18,48,0.6480948787766145,0.8641265050354862,0.00018982020068402237
100,64,0.18,49,0.6669150616007025,0.8710727335192849,0.0001812362913909542
100,64,0.18,50,0.6860538232210183,0.8781488937229034,0.00017260546160189944
100,64,0.18,51,0.7056587318851086,0.8855325262871953,0.00016396728774895503
100,64,0.18,52,0.7256659414247068,0.8931273125227162,0.00015383331772829176
100,64,0.18,53,0.7459188304112471,0.900732172572072,0.00014369360630073864
100,64,0.18,54,0.766728692001945,0.9087154868171202,0.00013443763525688757
100,64,0.18,55,0.7881966099244653,0.9171742370030144,0.00012300416419472042
100,64,0.18,56,0.8096649567591281,0.9253313791532894,0.00011036558209932479
100,64,0.18,57,0.8315736246855432,0.9336967014013118,0.0001000697843189971
100,64,0.18,58,0.8547308976004641,0.9431513352832707,8.864953752428604e-05
100,64,0.18,59,0.8782601220413337,0.9526889459431417,7.211331775953644e-05
100,64,0.18,60,0.9008251408814858,0.9608801502735849,6.0141582301202976e-05
100,64,0.18,61,0.9252606217091466,0.9707652424489408,4.752462337160182e-05
100,64,0.18,62,0.9525118314348294,0.9832380195456307,3.0641108360633204e-05
100,64,0.18,63,0.9843825735992511,1.0000076938151121,7.658147973635815e-06
100,64,0.19,1,0.015624999999999995,0.9999999999999997,1.4651586287130287e-18
100,64,0.19,2,0.029348285402858082,0.9391451328914586,0.00018542616690925701
100,64,0.19,3,0.04189056784127599,0.8936654472805543,0.00023767610471321377
100,64,0.19,4,0.0538019488916172,0.8608311822658752,0.0002653894622978072
100,64,0.19,5,0.06534360166040562,0.8363981012531919,0.0002824685218270063
100,64,0.19,6,0.07666262521405012,0.817734668949868,0.00029304465157427046
100,64,0.19,7,0.08786767475664496,0.8033615977750396,0.0003010869549491897
100,64,0.19,8,0.09899959292093886,0.7919967433675109,0.0003062583953576385
100,64,0.19,9,0.1101114242357843,0.783014572343355,0.00031014196963405816
100,64,0.19,10,0.12121909702368418,0.7758022209515788,0.0003122946673097988
100,64,0.19,11,0.13237334898822126,0.7701722122951057,0.0003141455515574965
100,64,0.19,12,0.14355998821383306,0.7656532704737762,0.00031513809988178244
100,64,0.19,13,0.15482208832821287,0.7622010502312018,0.0003156991542422808
100,64,0.19,14,0.16617482943098058,0.7596563631130541,0.0003158122633764834
100,64,0.19,15,0.1776194816187948,0.7578431215735245,0.00031524863455851876
100,64,0.19,16,0.18917114090796958,0.7566845636318783,0.00031456933908245976
100,64,0.19,17,0.20082135370062174,0.7560333315788114,0.0003137346691219738
100,64,0.19,18,0.21261093693782415,0.7559499980011526,0.00031256016311867555
100,64,0.19,19,0.22451583111706044,0.7562638521837826,0.00031115853069517966
100,64,0.19,20,0.23655113061583605,0.7569636179706755,0.00030963602361162667
100,64,0.19,21,0.24872830289972478,0.7580291135991613,0.00030773237513679545
100,64,0.19,22,0.26105787501150585,0.7594410909425625,0.0003058500284988453
100,64,0.19,23,0.27351258834471953,0.76107850669835,0.00030357019784433924
100,64,0.19,24,0.28614551127763643,0.7630546967403637,0.00030087036257416596
100,64,0.19,25,0.2989302526569933,0.7652614468019029,0.000298348571988502
100,64,0.19,26,0.31190614436051667,0.7677689707335796,0.0002957079130375454
100,64,0.19,27,0.3250695625594959,0.7705352594002866,0.0002927690274252578
100,64,0.19,28,0.33839199861974933,0.7734674254165699,0.00028956145643790356
100,64,0.19,29,0.3519118109293706,0.7766329620510249,0.00028632199371246244
100,64,0.19,30,0.36561561138924165,0.7799799709637156,0.00028287815117195833
100,64,0.19,31,0.37953256189752993,0.7835510955303844,0.0002791510664536481
100,64,0.19,32,0.3936496713264349,0.7872993426528698,0.0002752695289016617
100,64,0.19,33,0.407970834270707,0.7912161634340985,0.00027115256000622535
100,64,0.19,34,0.42251542433899386,0.7953231516969297,0.00026696898610840063
100,64,0.19,35,0.4373038287523213,0.7996412868613876,0.0002625002488099535
100,64,0.19,36,0.45230157188285164,0.8040916833472918,0.00025787598400158537
100,64,0.19,37,0.46752151263535424,0.8086858596935858,0.0002529835325818357
100,64,0.19,38,0.4830041155387681,0.813480615644241,0.00024786049399002594
100,64,0.19,39,0.49873806683751165,0.8184419558359167,0.00024251349141528019
100,64,0.19,40,0.514743196072671,0.8235891137162736,0.00023692896687422114
100,64,0.19,41,0.5310042425106045,0.8288846712360656,0.00023115024488581338
100,64,0.19,42,0.54754131025511,0.834348663245882,0.00022507399688231875
100,64,0.19,43,0.5643585441297995,0.8399755075420273,0.00021867433049392934
100,64,0.19,44,0.5814732636640312,0.8457792926022272,0.00021209029509786635
100,64,0.19,45,0.5988924369167186,0.8517581325037775,0.0002053542553105591
100,64,0.19,46,0.6166175071063117,0.8579026185826945,0.00019803016638186458
100,64,0.19,47,0.6346531405141319,0.8642085317639243,0.00019059801591525034
100,64,0.19,48,0.6530416265733681,0.8707221687644907,0.0001829623071176056
100,64,0.19,49,0.671745654768062,0.8773820796970606,0.00017453731770017647
100,64,0.19,50,0.6907552174062825,0.8841666782800417,0.00016611285796788575
100,64,0.19,51,0.7102158463857021,0.8912512582095086,0.00015767802001450618
100,64,0.19,52,0.7300441768861009,0.8985159100136627,0.00014771878159816138
100,64,0.19,53,0.7500896392107921,0.9057686209337866,0.00013786205344235643
100,64,0.19,54,0.7706779797131909,0.9133961241045226,0.00012886270785013494
100,64,0.19,55,0.7918787368840112,0.9214588938286677,0.00011774241712370417
100,64,0.19,56,0.8130639358569643,0.9292159266936735,0.00010562928001266736
100,64,0.19,57,0.8346891166387579,0.9371947976294828,9.566006820993958e-05
100,64,0.19,58,0.8574994276049427,0.9462062649433851,8.464744308108712e-05
100,64,0.19,59,0.880622084895876,0.9552510751412892,6.861678130040284e-05
100,64,0.19,60,0.9028282920208514,0.9630168448222415,5.736001636707938e-05
100,64,0.19,61,0.9268224492952474,0.9724038812278006,4.5211491160819635e-05
100,64,0.19,62,0.9534319558106702,0.9841878253529498,2.9150403654342763e-05
100,64,0.19,63,0.9843834987682837,1.0000086336693677,7.420250750240977e-06
100,64,0.2,1,0.015625,1.0,9.413821141006418e-19
100,64,0.2,2,0.029444646189978635,0.9422286780793163,0.00018098861756910058
100,64,0.2,3,0.04212357562882389,0.8986362800815765,0.000233022925956497
100,64,0.2,4,0.05418822855191492,0.8670116568306387,0.0002604717264597219
100,64,0.2,5,0.06589505036951428,0.8434566447297829,0.00027759147104832946
100,64,0.2,6,0.07738255444803033,0.8254139141123237,0.0002883138132285985
100,64,0.2,7,0.08875355912207702,0.8114611119732758,0.0002963601869592451
100,64,0.2,8,0.10005487572940595,0.8004390058352476,0.00030153479836812
100,64,0.2,9,0.11133661890337847,0.791727067757358,0.0003053000855377759
100,64,0.2,10,0.12261462919274864,0.7847336268335913,0.0003074264147140185
100,64,0.2,11,0.13394261935871268,0.7793025126325102,0.0003092071912338977
100,64,0.2,12,0.1453024588277378,0.7749464470812681,0.0003101753022605001
100,64,0.2,13,0.1567336230768457,0.7716116828398559,0.0003106420148268317
100,64,0.2,14,0.1682501748532314,0.7691436564719152,0.00031064493685025514
100,64,0.2,15,0.17986219463218212,0.7674120304306437,0.000310040048252899
100,64,0.2,16,0.1915718544771741,0.7662874179086964,0.00030934983178744003
100,64,0.2,17,0.20338282892549017,0.7656765324253747,0.00030852564607613056
100,64,0.2,18,0.21533343026022161,0.7656299742585658,0.0003072706398755417
100,64,0.2,19,0.22739339661171623,0.7659567043763074,0.0003058269179841485
100,64,0.2,20,0.23957898128477373,0.7666527401112759,0.00030422132372857625
100,64,0.2,21,0.2519023993031211,0.767702550257131,0.00030224791826750414
100,64,0.2,22,0.26437771662833914,0.7690988120097139,0.00030029463811519013
100,64,0.2,23,0.27697265318456027,0.7707065132092112,0.0002979787946622097
100,64,0.2,24,0.2897420723228225,0.7726455261941935,0.00029516417865379596
100,64,0.2,25,0.30265785006519674,0.7748040961669036,0.000292579765134974
100,64,0.2,26,0.3157593281651205,0.7772537308679889,0.0002898594604178587
100,64,0.2,27,0.329042151973033,0.779951767639782,0.000286810902771764
100,64,0.2,28,0.3424795200841547,0.7828103316209253,0.00028353941539134515
100,64,0.2,29,0.3561091327180154,0.7858960170328616,0.00028018912148043977
100,64,0.2,30,0.3699165213833086,0.7891552456177251,0.0002767116448617914
100,64,0.2,31,0.38393028111039107,0.7926302577762913,0.0002729119757317893
100,64,0.2,32,0.39813757980796943,0.7962751596159389,0.00026898432022825786
100,64,0.2,33,0.41254333749502037,0.8000840484751911,0.00026483052108543454
100,64,0.2,34,0.42716222281567173,0.8040700664765587,0.00026056338760247904
100,64,0.2,35,0.4420160143563399,0.8082578548230217,0.00025605232603193343
100,64,0.2,36,0.4570698210723099,0.8125685707952177,0.0002514031789264425
100,64,0.2,37,0.47234106762305855,0.8170223872398851,0.0002464730344697557
100,64,0.2,38,0.4878627836086061,0.8216636355513366,0.00024131749226869654
100,64,0.2,39,0.5036276495730176,0.8264658864787982,0.00023596102123670944
100,64,0.2,40,0.5196480125935878,0.8314368201497406,0.00023038334771503528
100,64,0.2,41,0.5359151402359058,0.8365504628072677,0.00022460089792215087
100,64,0.2,42,0.5524447192561669,0.8418205245808257,0.00021852696354548952
100,64,0.2,43,0.5692466492081127,0.847250826728354,0.00021218386757248484
100,64,0.2,44,0.5863292718611655,0.8528425772526043,0.0002056297872361497
100,64,0.2,45,0.6037077891893547,0.858606633513749,0.00019893771759180097
100,64,0.2,46,0.6213725798571121,0.8645183719751126,0.00019168626516630327
100,64,0.2,47,0.639333847248118,0.8705822600825436,0.00018436939619715018
100,64,0.2,48,0.6576352866968733,0.8768470489291647,0.00017685816777799162
100,64,0.2,49,0.6762329746963689,0.8832430689911758,0.0001685297706527647
100,64,0.2,50,0.6951133601903885,0.8897451010436973,0.00016026285632155543
100,64,0.2,51,0.7144284240880421,0.8965376302281314,0.00015201731837939403
100,64,0.2,52,0.7340863058960858,0.9034908380259519,0.00014224796024574568
100,64,0.2,53,0.7539395283282824,0.9104175436416995,0.00013269434432808716
100,64,0.2,54,0.7743220037512552,0.917714967408895,0.00012391946587333695
100,64,0.2,55,0.7952849809646027,0.925422523304265,0.00011309332644035607
100,64,0.2,56,0.8162022581406908,0.9328025807322182,0.00010139142988429117
100,64,0.2,57,0.8375565109216512,0.9404143280523805,9.174186566958417e-05
100,64,0.2,58,0.8600429189183113,0.9490128760477918,8.10938654765668e-05
100,64,0.2,59,0.8827716885020863,0.9575828485446363,6.558687630632749e-05
100,64,0.2,60,0.9046683722977152,0.9649795971175629,5.485926351607823e-05
100,64,0.2,61,0.9282554215901819,0.973907327570027,4.315740668735982e-05
100,64,0.2,62,0.9542772402501687,0.9850603770324323,2.783371284313403e-05
100,64,0.2,63,0.98438536840301,1.0000105329808358,7.209160829418587e-06
100,64,0.25,1,0.015625000000000007,1.0000000000000004,0.0
100,64,0.25,2,0.029829592717640494,0.9545469669644958,0.00016159140162441118
100,64,0.25,3,0.04306953126659513,0.918816667020696,0.00021092090291296173
100,64,0.25,4,0.05576453550224204,0.8922325680358726,0.00023765271023196548
100,64,0.25,5,0.06815036641292438,0.8723246900854321,0.0002543624273988689
100,64,0.25,6,0.08033280889503527,0.8568832948803762,0.0002650291869456514
100,64,0.25,7,0.09241684129479404,0.8449539775524026,0.0002735077075594709
100,64,0.25,8,0.1044338081245433,0.8354704649963464,0.000278596213342787
100,64,0.25,9,0.11642914671145231,0.8279405988369942,0.0002821900155675197
100,64,0.25,10,0.1284262509740494,0.8219280062339162,0.0002842901955010705
100,64,0.25,11,0.14047206729691455,0.817292027909321,0.0002857840573760455
100,64,0.25,12,0.15253749012504167,0.8135332806668889,0.00028680364971197137
100,64,0.25,13,0.16467199995534523,0.8106929228570844,0.0002870855851805887
100,64,0.25,14,0.17688454367689152,0.8086150568086468,0.0002869724994970611
100,64,0.25,15,0.18918412711147328,0.8071856090089526,0.0002861755208072838
100,64,0.25,16,0.20157462447140118,0.8062984978856047,0.0002854615244708822
100,64,0.25,17,0.21404633056982372,0.8058214797922775,0.0002843481548461152
100,64,0.25,18,0.2266461156867797,0.8058528557752168,0.0002827931815338697
100,64,0.25,19,0.23933970935021814,0.806196915705998,0.0002811005374060388
100,64,0.25,20,0.252144873483059,0.8068635951457888,0.0002792078635438686
100,64,0.25,21,0.2650750064884689,0.8078476388220003,0.0002769748728779866
100,64,0.25,22,0.2781365505636129,0.8091245107305104,0.00027468569384865886
100,64,0.25,23,0.2913027888648782,0.8105816733631392,0.0002720193352178712
100,64,0.25,24,0.30462251110132327,0.8123266962701954,0.00026900867428311865
100,64,0.25,25,0.3180618073346319,0.8142382267766577,0.0002661315708312365
100,64,0.25,26,0.3316630404180337,0.8164013302597752,0.0002631181458835759
100,64,0.25,27,0.3454176630338661,0.8187677938580531,0.00025989403039983954
100,64,0.25,28,0.35931418365840884,0.8212895626477915,0.00025646203629838834
100,64,0.25,29,0.37337405374312016,0.823997911708955,0.00025282699367407493
100,64,0.25,30,0.387585411786304,0.8268488784774485,0.00024917933445222534
100,64,0.25,31,0.4019712473715749,0.8298761236058323,0.00024526709715427716
100,64,0.25,32,0.416521983806532,0.833043967613064,0.00024121669767180817
100,64,0.25,33,0.4312438730941996,0.8363517538796598,0.000237014010198982
100,64,0.25,34,0.44614292594839833,0.8397984488440439,0.0002326262000621018
100,64,0.25,35,0.46123450905008223,0.8434002451201503,0.00022803589128498787
100,64,0.25,36,0.47649040926636366,0.8470940609179799,0.00022331797010251116
100,64,0.25,37,0.49193202496878136,0.8509094485946489,0.00021836878286752187
100,64,0.25,38,0.5075733410168201,0.8548603638178023,0.00021323601314735582
100,64,0.25,39,0.5234208882182226,0.8589470986145191,0.00020801274212026716
100,64,0.25,40,0.5394784667508006,0.863165546801281,0.00020256893497024318
100,64,0.25,41,0.5557413408501072,0.8674986784001674,0.0001969072156826734
100,64,0.25,42,0.5722175829125802,0.8719506025334555,0.00019102455858827812
100,64,0.25,43,0.5889108350703759,0.8765184521977688,0.00018494270664605637
100,64,0.25,44,0.6058273720520999,0.8812034502576,0.00017871455640876987
100,64,0.25,45,0.622988348231778,0.8860278730407509,0.00017238352514813507
100,64,0.25,46,0.640376869915868,0.8909591233612075,0.0001655500918471384
100,64,0.25,47,0.6579917130999879,0.895988715710622,0.0001587766205958278
100,64,0.25,48,0.675894560656993,0.9011927475426573,0.00015184909924269736
100,64,0.25,49,0.6940260251754341,0.9064829716577097,0.0001441703947927042
100,64,0.25,50,0.7123589935779724,0.9118195117798046,0.00013668607878432817
100,64,0.25,51,0.7310572387441829,0.9174051623456414,0.00012923583487325972
100,64,0.25,52,0.750019628042907,0.9231010806681933,0.00012046027757906732
100,64,0.25,53,0.7691001278739404,0.9287246827157016,0.00011206507971435184
100,64,0.25,54,0.7886279694911899,0.9346701860636326,0.00010425918994227081
100,64,0.25,55,0.8086288250172022,0.9409499054745625,9.466790350894684e-05
100,64,0.25,56,0.8284789048597907,0.946833034125475,8.47514080108837e-05
100,64,0.25,57,0.8487279497536216,0.9529576979689788,7.627802204604483e-05
100,64,0.25,58,0.8699006069879172,0.9598903249521847,6.692591010344223e-05
100,64,0.25,59,0.8910693544955095,0.9665837065714,5.447212796727591e-05
100,64,0.25,60,0.9117653377401721,0.972549693589517,4.500786116219145e-05
100,64,0.25,61,0.9337819874995291,0.9797056918027847,3.525919233000937e-05
100,64,0.25,62,0.9575215764843285,0.9884093692741458,2.2593712096548884e-05
100,64,0.25,63,0.9843808265883423,1.0000059190738717,6.3478352484702706e-06
100,64,0.5,1,0.015625000000000003,1.0000000000000002,1.0758652732578767e-18
100,64,0.5,2,0.030711780247651203,0.9827769679248385,0.00010136701257769085
100,64,0.5,3,0.045321419903175175,0.9668569579344038,0.00013854313727442575
100,64,0.5,4,0.05962704967162299,0.9540327947459678,0.00015998427599917082
100,64,0.5,5,0.07375100810461999,0.9440129037391359,0.00017448764275474645
100,64,0.5,6,0.08774637840984206,0.9359613697049822,0.00018473657180261978
100,64,0.5,7,0.101676703942243,0.9296155789005075,0.00019214053199742134
100,64,0.5,8,0.11556108917807685,0.9244887134246148,0.00019685283767281029
100,64,0.5,9,0.12942661875185094,0.9203670666798288,0.00020045207432028563
100,64,0.5,10,0.14328635170033055,0.9170326508821157,0.0002024750222384834
100,64,0.5,11,0.15717198984329103,0.9144552136336935,0.0002037312152882181
100,64,0.5,12,0.17107267617162042,0.9123876062486425,0.00020428965280199182
100,64,0.5,13,0.185001680032473,0.9107775016983286,0.00020436911347943896
100,64,0.5,14,0.19898192483504637,0.9096316563887835,0.000203907271344796
100,64,0.5,15,0.21300199594453964,0.9088085160300358,0.00020313390912317513
100,64,0.5,16,0.2270770100334097,0.9083080401336387,0.00020209452271823075
100,64,0.5,17,0.24119442279602507,0.9080260622909181,0.00020079394059001267
100,64,0.5,18,0.2553799384411593,0.9080175589018996,0.00019911360080755426
100,64,0.5,19,0.26962249665036325,0.908202093980171,0.0001973672203363088
100,64,0.5,20,0.2839255706258512,0.908561826002724,0.00019530521402871584
100,64,0.5,21,0.29829299284642974,0.9090834067700715,0.0001930837288509675
100,64,0.5,22,0.3127295461812016,0.9097586797998592,0.000190815516834217
100,64,0.5,23,0.3272345331048279,0.9105656573351734,0.00018822576442210605
100,64,0.5,24,0.3418129937086704,0.9115013165564545,0.00018549805592282754
100,64,0.5,25,0.35645523043800453,0.9125253899212916,0.00018262525315418615
100,64,0.5,26,0.3711855364355369,0.9136874743028601,0.00017981865812699167
100,64,0.5,27,0.38599373932703485,0.9149481228492679,0.0001767548540083635
100,64,0.5,28,0.4008806192543869,0.9162985582957417,0.00017360236665382158
100,64,0.5,29,0.4158545585398376,0.9177479912603311,0.0001703716161707502
100,64,0.5,30,0.4309038465101603,0.9192615392216753,0.00016701793783871464
100,64,0.5,31,0.4460350620771038,0.9208465797720853,0.00016342834547960033
100,64,0.5,32,0.46125527454489135,0.9225105490897827,0.00015990608253198732
100,64,0.5,33,0.4765628894953241,0.9242431796272953,0.00015627923390803197
100,64,0.5,34,0.49195150521711495,0.9260263627616282,0.0001524340845650981
100,64,0.5,35,0.5074285979546513,0.927869436259934,0.00014857704694264085
100,64,0.5,36,0.5229913266018611,0.9297623584033085,0.0001446669645066621
100,64,0.5,37,0.538643427217016,0.9317075497807844,0.00014057292907580427
100,64,0.5,38,0.5543868588906411,0.9337041833947639,0.00013646750606984088
100,64,0.5,39,0.5702333339533646,0.9357675223850087,0.00013219632356721876
100,64,0.5,40,0.586166936314484,0.9378670981031744,0.00012790411212142816
100,64,0.5,41,0.6022040015199313,0.9400257584701367,0.00012355872125315977
100,64,0.5,42,0.6183300240627265,0.9422171795241545,0.00011901949395207673
100,64,0.5,43,0.6345595075238619,0.9444606623610968,0.00011459908156672979
100,64,0.5,44,0.6508969577307512,0.9467592112447292,0.00010987090388474983
100,64,0.5,45,0.6673154731163039,0.9490708950987434,0.00010523324878454356
100,64,0.5,46,0.6838701667295157,0.9514715363193262,0.00010054696741989966
100,64,0.5,47,0.7004992454648955,0.9538713129734747,9.552117566084077e-05
100,64,0.5,48,0.7172248864862977,0.956299848648397,9.076436974190917e-05
100,64,0.5,49,0.7341075901054448,0.9588344034030301,8.576277942060336e-05
100,64,0.5,50,0.7510389227003417,0.9613298210564374,8.039426280060858e-05
100,64,0.5,51,0.7680820199877268,0.9638676329257748,7.548991610024527e-05
100,64,0.5,52,0.7853111924903899,0.9665368522958647,7.016886993671158e-05
100,64,0.5,53,0.8025620211400559,0.9691314972257279,6.45531501623336e-05
100,64,0.5,54,0.8199135253621458,0.9717493633921728,5.937459446600374e-05
100,64,0.5,55,0.8375579891170988,0.9746129327908059,5.390453432411402e-05
100,64,0.5,56,0.8551184362067303,0.977278212807692,4.786857605842068e-05
100,64,0.5,57,0.8728135817833909,0.9800012146339826,4.234234986184895e-05
100,64,0.5,58,0.8907712448179909,0.982919994281921,3.6893789251976065e-05
100,64,0.5,59,0.9090378280615992,0.9860749321346161,3.014841211495268e-05
100,64,0.5,60,0.9268074219899074,0.9885945834559013,2.4698664375243947e-05
100,64,0.5,61,0.9453104630834621,0.9918011415957636,1.8483262626884208e-05
100,64,0.5,62,0.964194920292762,0.9952979822376898,1.2430289837470247e-05
100,64,0.5,63,0.9843797669171209,1.000004842582472,4.174152601912353e-06
100,64,1.0,1,0.015625000000000007,1.0000000000000004,0.0
100,64,1.0,2,0.031112208072485135,0.9955906583195243,5.2182100004225315e-05
100,64,1.0,3,0.046431989995392005,0.990549119901696,7.457572984480748e-05
100,64,1.0,4,0.06163314902295971,0.9861303843673553,8.923771303771423e-05
100,64,1.0,5,0.07674932312430084,0.9823913359910509,9.95665353798956e-05
100,64,1.0,6,0.09180920851210125,0.9792982241290801,0.00010690543013994257
100,64,1.0,7,0.10682535923364976,0.9766889987076548,0.00011251300278550266
100,64,1.0,8,0.1218195232461672,0.9745561859693376,0.00011636174253087182
100,64,1.0,9,0.13679441944746576,0.9727603160708677,0.00011940571992243627
100,64,1.0,10,0.15175904111014107,0.9712578631049028,0.00012130972379257308
100,64,1.0,11,0.1667313571669224,0.9700733507893666,0.00012243470207373713
100,64,1.0,12,0.18171132176552032,0.9691270494161084,0.0001233127418108737
100,64,1.0,13,0.19669070835817495,0.9683234873017843,0.00012371852410275575
100,64,1.0,14,0.21169889373776718,0.9677663713726499,0.0001236657407462103
100,64,1.0,15,0.22671845802224425,0.9673320875615754,0.0001233421053306534
100,64,1.0,16,0.2417600725406027,0.9670402901624108,0.00012267000039547574
100,64,1.0,17,0.25681114423379037,0.96681842535074,0.0001218123408718056
100,64,1.0,18,0.2718941281184633,0.9667346777545361,0.00012083879159395424
100,64,1.0,19,0.28699497296633136,0.9667199089392216,0.0001196747455572691
100,64,1.0,20,0.3021214952164808,0.9667887846927387,0.00011836003226381185
100,64,1.0,21,0.31727603521150716,0.9669364882636408,0.00011693518696384212
100,64,1.0,22,0.3324481813051047,0.9671219819784864,0.00011539936693830141
100,64,1.0,23,0.3476501422053706,0.9673743087453791,0.00011371166668434271
100,64,1.0,24,0.362879781303307,0.9676794168088186,0.00011181335589651215
100,64,1.0,25,0.3781323656175988,0.9680188559810529,0.00010990860924485523
100,64,1.0,26,0.39342750561630013,0.9684369369016619,0.0001079401792721822
100,64,1.0,27,0.4087485146979568,0.9688853681729348,0.00010582800035152278
100,64,1.0,28,0.42410052020097716,0.9693726176022334,0.00010370651600261372
100,64,1.0,29,0.43948689272835556,0.9699021080901642,0.00010154012652654359
100,64,1.0,30,0.45490378310997726,0.9704614039679516,9.925869815405877e-05
100,64,1.0,31,0.47035069515122224,0.9710465964412331,9.684465020167547e-05
100,64,1.0,32,0.4858314473492349,0.9716628946984698,9.446615404317314e-05
100,64,1.0,33,0.5013459505695461,0.9723072980742714,9.208797113913764e-05
100,64,1.0,34,0.5168921071461189,0.9729733781574003,8.959139235076451e-05
100,64,1.0,35,0.5324733704064658,0.9736655916003947,8.708740030000426e-05
100,64,1.0,36,0.5480859367732197,0.9743749987079461,8.450958127793705e-05
100,64,1.0,37,0.5637325950222724,0.9751050292277145,8.192024232807281e-05
100,64,1.0,38,0.5794095060673655,0.9758475891660894,7.921257139566172e-05
100,64,1.0,39,0.5951315338308786,0.9766261067993904,7.657337444772662e-05
100,64,1.0,40,0.6108810892262263,0.9774097427619622,7.386079146321573e-05
100,64,1.0,41,0.6266728211200819,0.9782209890654937,7.111997195668988e-05
100,64,1.0,42,0.6424984869199855,0.9790453134018826,6.831010000470803e-05
100,64,1.0,43,0.6583586698116226,0.9798826713475314,6.553118218058624e-05
100,64,1.0,44,0.6742636412305266,0.9807471145171298,6.260091926285428e-05
100,64,1.0,45,0.6901949476749553,0.9816105922488253,5.981087833924804e-05
100,64,1.0,46,0.7061684706211816,0.9824952634729484,5.6865103775629696e-05
100,64,1.0,47,0.7221719845841181,0.983383127944331,5.394243810661705e-05
100,64,1.0,48,0.7382243582953079,0.9842991443937438,5.104200011621943e-05
100,64,1.0,49,0.7543058775279868,0.9852158400365542,4.79527523057205e-05
100,64,1.0,50,0.7704281515929523,0.9861480340389789,4.497358995716402e-05
100,64,1.0,51,0.7866101671331197,0.9871186411082288,4.189222991185099e-05
100,64,1.0,52,0.8027874836063497,0.9880461336693535,3.891112161536255e-05
100,64,1.0,53,0.8190367439534018,0.9890255021324096,3.573528211310657e-05
100,64,1.0,54,0.8353358276207293,0.9900276475504941,3.259932979935385e-05
100,64,1.0,55,0.8516168957399175,0.9909723877700858,2.9457301107200052e-05
100,64,1.0,56,0.8680243707465756,0.9920278522818007,2.6358314165590394e-05
100,64,1.0,57,0.8844215884468275,0.9930347659753853,2.306351948228054e-05
100,64,1.0,58,0.9008705494104703,0.9940640545218985,1.9804451796451852e-05
100,64,1.0,59,0.9173798392114851,0.99512389338195,1.647772301332901e-05
100,64,1.0,60,0.933944147291336,0.9962070904440917,1.3354439853088168e-05
100,64,1.0,61,0.9507081783298582,0.9974643182477202,1.0115256669072327e-05
100,64,1.0,62,0.967632384638558,0.9988463325301247,6.434872762084602e-06
100,64,1.0,63,0.9843770731334268,1.0000021060403066,2.5928464264230024e-06
